19:21:39 rustc --crate-name rustc_mir_dataflow --edition=2024 /mnt/data1/nix/vendor/rust/cargo2nix/submodules/rust-build/compiler/rustc_mir_dataflow/src/lib.rs --error-format=json --json=diagnostic-rendered-ansi,artifacts,future-incompat --crate-type lib --emit=dep-info,metadata,link -C embed-bitcode=no -C debuginfo=2 --check-cfg cfg(docsrs,test) --check-cfg cfg(feature, values()) -C metadata=07deaff6bef59036 -C extra-filename=-d9bd93565b6c46cf --out-dir /mnt/data1/nix/vendor/rust/cargo2nix/submodules/rust-build/compiler/zombie_driver2/target/debug/deps -C incremental=/mnt/data1/nix/vendor/rust/cargo2nix/submodules/rust-build/compiler/zombie_driver2/target/debug/incremental -L dependency=/mnt/data1/nix/vendor/rust/cargo2nix/submodules/rust-build/compiler/zombie_driver2/target/debug/deps --extern polonius_engine=/mnt/data1/nix/vendor/rust/cargo2nix/submodules/rust-build/compiler/zombie_driver2/target/debug/deps/libpolonius_engine-23686739cdbb0d06.rmeta --extern regex=/mnt/data1/nix/vendor/rust/cargo2nix/submodules/rust-build/compiler/zombie_driver2/target/debug/deps/libregex-c94f80ea8f012ba4.rmeta --extern rustc_abi=/mnt/data1/nix/vendor/rust/cargo2nix/submodules/rust-build/compiler/zombie_driver2/target/debug/deps/librustc_abi-adecc4c15d63dbde.rmeta --extern rustc_ast=/mnt/data1/nix/vendor/rust/cargo2nix/submodules/rust-build/compiler/zombie_driver2/target/debug/deps/librustc_ast-892745d5973bca50.rmeta --extern rustc_data_structures=/mnt/data1/nix/vendor/rust/cargo2nix/submodules/rust-build/compiler/zombie_driver2/target/debug/deps/librustc_data_structures-7a05c3f43ea74b8d.rmeta --extern rustc_errors=/mnt/data1/nix/vendor/rust/cargo2nix/submodules/rust-build/compiler/zombie_driver2/target/debug/deps/librustc_errors-042ea83da72fde12.rmeta --extern rustc_fluent_macro=/mnt/data1/nix/vendor/rust/cargo2nix/submodules/rust-build/compiler/zombie_driver2/target/debug/deps/librustc_fluent_macro-d795261342a5a863.so --extern rustc_graphviz=/mnt/data1/nix/vendor/rust/cargo2nix/submodules/rust-build/compiler/zombie_driver2/target/debug/deps/librustc_graphviz-c7812eafe07feea7.rmeta --extern rustc_index=/mnt/data1/nix/vendor/rust/cargo2nix/submodules/rust-build/compiler/zombie_driver2/target/debug/deps/librustc_index-3aa7163ed688dde0.rmeta --extern rustc_macros=/mnt/data1/nix/vendor/rust/cargo2nix/submodules/rust-build/compiler/zombie_driver2/target/debug/deps/librustc_macros-533b3ebf51685542.so --extern rustc_middle=/mnt/data1/nix/vendor/rust/cargo2nix/submodules/rust-build/compiler/zombie_driver2/target/debug/deps/librustc_middle-245c3150683558be.rmeta --extern rustc_span=/mnt/data1/nix/vendor/rust/cargo2nix/submodules/rust-build/compiler/zombie_driver2/target/debug/deps/librustc_span-cca3b45fe3825eda.rmeta --extern smallvec=/mnt/data1/nix/vendor/rust/cargo2nix/submodules/rust-build/compiler/zombie_driver2/target/debug/deps/libsmallvec-3970d95f1529de22.rmeta --extern tracing=/mnt/data1/nix/vendor/rust/cargo2nix/submodules/rust-build/compiler/zombie_driver2/target/debug/deps/libtracing-82b3a1ccd9aeceb8.rmeta -L native=/mnt/data1/nix/vendor/rust/cargo2nix/submodules/rust-build/compiler/zombie_driver2/target/debug/build/psm-51115e95e3afce55/out -L native=/mnt/data1/nix/vendor/rust/cargo2nix/submodules/rust-build/compiler/zombie_driver2/target/debug/build/blake3-b449a45f526127c8/out -L native=/mnt/data1/nix/vendor/rust/cargo2nix/submodules/rust-build/compiler/zombie_driver2/target/debug/build/blake3-b449a45f526127c8/out
19:37:12 rustc --crate-name rustc_mir_dataflow --edition=2024 /mnt/data1/nix/vendor/rust/cargo2nix/submodules/rust-build/compiler/rustc_mir_dataflow/src/lib.rs --error-format=json --json=diagnostic-rendered-ansi,artifacts,future-incompat --crate-type lib --emit=dep-info,metadata,link -C embed-bitcode=no -C debuginfo=2 --check-cfg cfg(docsrs,test) --check-cfg cfg(feature, values()) -C metadata=07deaff6bef59036 -C extra-filename=-d9bd93565b6c46cf --out-dir /mnt/data1/nix/vendor/rust/cargo2nix/submodules/rust-build/compiler/zombie_driver2/target/debug/deps -C incremental=/mnt/data1/nix/vendor/rust/cargo2nix/submodules/rust-build/compiler/zombie_driver2/target/debug/incremental -L dependency=/mnt/data1/nix/vendor/rust/cargo2nix/submodules/rust-build/compiler/zombie_driver2/target/debug/deps --extern polonius_engine=/mnt/data1/nix/vendor/rust/cargo2nix/submodules/rust-build/compiler/zombie_driver2/target/debug/deps/libpolonius_engine-23686739cdbb0d06.rmeta --extern regex=/mnt/data1/nix/vendor/rust/cargo2nix/submodules/rust-build/compiler/zombie_driver2/target/debug/deps/libregex-c94f80ea8f012ba4.rmeta --extern rustc_abi=/mnt/data1/nix/vendor/rust/cargo2nix/submodules/rust-build/compiler/zombie_driver2/target/debug/deps/librustc_abi-adecc4c15d63dbde.rmeta --extern rustc_ast=/mnt/data1/nix/vendor/rust/cargo2nix/submodules/rust-build/compiler/zombie_driver2/target/debug/deps/librustc_ast-892745d5973bca50.rmeta --extern rustc_data_structures=/mnt/data1/nix/vendor/rust/cargo2nix/submodules/rust-build/compiler/zombie_driver2/target/debug/deps/librustc_data_structures-7a05c3f43ea74b8d.rmeta --extern rustc_errors=/mnt/data1/nix/vendor/rust/cargo2nix/submodules/rust-build/compiler/zombie_driver2/target/debug/deps/librustc_errors-042ea83da72fde12.rmeta --extern rustc_fluent_macro=/mnt/data1/nix/vendor/rust/cargo2nix/submodules/rust-build/compiler/zombie_driver2/target/debug/deps/librustc_fluent_macro-d795261342a5a863.so --extern rustc_graphviz=/mnt/data1/nix/vendor/rust/cargo2nix/submodules/rust-build/compiler/zombie_driver2/target/debug/deps/librustc_graphviz-c7812eafe07feea7.rmeta --extern rustc_index=/mnt/data1/nix/vendor/rust/cargo2nix/submodules/rust-build/compiler/zombie_driver2/target/debug/deps/librustc_index-3aa7163ed688dde0.rmeta --extern rustc_macros=/mnt/data1/nix/vendor/rust/cargo2nix/submodules/rust-build/compiler/zombie_driver2/target/debug/deps/librustc_macros-533b3ebf51685542.so --extern rustc_middle=/mnt/data1/nix/vendor/rust/cargo2nix/submodules/rust-build/compiler/zombie_driver2/target/debug/deps/librustc_middle-245c3150683558be.rmeta --extern rustc_span=/mnt/data1/nix/vendor/rust/cargo2nix/submodules/rust-build/compiler/zombie_driver2/target/debug/deps/librustc_span-cca3b45fe3825eda.rmeta --extern smallvec=/mnt/data1/nix/vendor/rust/cargo2nix/submodules/rust-build/compiler/zombie_driver2/target/debug/deps/libsmallvec-3970d95f1529de22.rmeta --extern tracing=/mnt/data1/nix/vendor/rust/cargo2nix/submodules/rust-build/compiler/zombie_driver2/target/debug/deps/libtracing-82b3a1ccd9aeceb8.rmeta -L native=/mnt/data1/nix/vendor/rust/cargo2nix/submodules/rust-build/compiler/zombie_driver2/target/debug/build/psm-51115e95e3afce55/out -L native=/mnt/data1/nix/vendor/rust/cargo2nix/submodules/rust-build/compiler/zombie_driver2/target/debug/build/blake3-b449a45f526127c8/out -L native=/mnt/data1/nix/vendor/rust/cargo2nix/submodules/rust-build/compiler/zombie_driver2/target/debug/build/blake3-b449a45f526127c8/out
19:41:10 STATS_CHANGE: Compile requests                    417
Compile requests executed           297
Cache hits                          264
Cache hits (Rust)                   264
Cache misses                         29
Cache misses (Rust)                  29
Cache hits rate                   90.10 %
Cache hits rate (Rust)            90.10 %
Cache timeouts                        0
Cache read errors                     0
Forced recaches                       0
Cache write errors                    0
Cache errors                          0
Compilations                         29
Compilation failures                  4
Non-cacheable compilations            0
Non-cacheable calls                 119
Non-compilation calls                 1
Unsupported compiler calls            0
Average cache write               0.000 s
Average compiler                  0.538 s
Average cache read hit            0.003 s
Failed distributed compilations       0

Non-cacheable reasons:
crate-type                           72
incremental                          38
missing input                         5
-o                                    3
-                                     1

Cache location                  Local disk: "/home/mdupont/.cache/sccache"
Use direct/preprocessor mode?   yes
Version (client)                0.12.0
Cache size                            1 GiB
Max cache size                       10 GiB -> Compile requests                    441
Compile requests executed           297
Cache hits                          264
Cache hits (Rust)                   264
Cache misses                         29
Cache misses (Rust)                  29
Cache hits rate                   90.10 %
Cache hits rate (Rust)            90.10 %
Cache timeouts                        0
Cache read errors                     0
Forced recaches                       0
Cache write errors                    0
Cache errors                          0
Compilations                         29
Compilation failures                  4
Non-cacheable compilations            0
Non-cacheable calls                 143
Non-compilation calls                 1
Unsupported compiler calls            0
Average cache write               0.000 s
Average compiler                  0.538 s
Average cache read hit            0.003 s
Failed distributed compilations       0

Non-cacheable reasons:
crate-type                           72
incremental                          62
missing input                         5
-o                                    3
-                                     1

Cache location                  Local disk: "/home/mdupont/.cache/sccache"
Use direct/preprocessor mode?   yes
Version (client)                0.12.0
Cache size                            1 GiB
Max cache size                       10 GiB
19:41:10 DUPLICATE #2: rustc --crate-name rustc_mir_dataflow --edition=2024 /mnt/data1/nix/vendor/rust/cargo2nix/submodules/rust-build/compiler/rustc_mir_dataflow/src/lib.rs --error-format=json --json=diagnostic-rendered-ansi,artifacts,future-incompat --crate-type lib --emit=dep-info,metadata,link -C embed-bitcode=no -C debuginfo=2 --check-cfg cfg(docsrs,test) --check-cfg cfg(feature, values()) -C metadata=07deaff6bef59036 -C extra-filename=-d9bd93565b6c46cf --out-dir /mnt/data1/nix/vendor/rust/cargo2nix/submodules/rust-build/compiler/zombie_driver2/target/debug/deps -C incremental=/mnt/data1/nix/vendor/rust/cargo2nix/submodules/rust-build/compiler/zombie_driver2/target/debug/incremental -L dependency=/mnt/data1/nix/vendor/rust/cargo2nix/submodules/rust-build/compiler/zombie_driver2/target/debug/deps --extern polonius_engine=/mnt/data1/nix/vendor/rust/cargo2nix/submodules/rust-build/compiler/zombie_driver2/target/debug/deps/libpolonius_engine-23686739cdbb0d06.rmeta --extern regex=/mnt/data1/nix/vendor/rust/cargo2nix/submodules/rust-build/compiler/zombie_driver2/target/debug/deps/libregex-c94f80ea8f012ba4.rmeta --extern rustc_abi=/mnt/data1/nix/vendor/rust/cargo2nix/submodules/rust-build/compiler/zombie_driver2/target/debug/deps/librustc_abi-adecc4c15d63dbde.rmeta --extern rustc_ast=/mnt/data1/nix/vendor/rust/cargo2nix/submodules/rust-build/compiler/zombie_driver2/target/debug/deps/librustc_ast-892745d5973bca50.rmeta --extern rustc_data_structures=/mnt/data1/nix/vendor/rust/cargo2nix/submodules/rust-build/compiler/zombie_driver2/target/debug/deps/librustc_data_structures-7a05c3f43ea74b8d.rmeta --extern rustc_errors=/mnt/data1/nix/vendor/rust/cargo2nix/submodules/rust-build/compiler/zombie_driver2/target/debug/deps/librustc_errors-042ea83da72fde12.rmeta --extern rustc_fluent_macro=/mnt/data1/nix/vendor/rust/cargo2nix/submodules/rust-build/compiler/zombie_driver2/target/debug/deps/librustc_fluent_macro-d795261342a5a863.so --extern rustc_graphviz=/mnt/data1/nix/vendor/rust/cargo2nix/submodules/rust-build/compiler/zombie_driver2/target/debug/deps/librustc_graphviz-c7812eafe07feea7.rmeta --extern rustc_index=/mnt/data1/nix/vendor/rust/cargo2nix/submodules/rust-build/compiler/zombie_driver2/target/debug/deps/librustc_index-3aa7163ed688dde0.rmeta --extern rustc_macros=/mnt/data1/nix/vendor/rust/cargo2nix/submodules/rust-build/compiler/zombie_driver2/target/debug/deps/librustc_macros-533b3ebf51685542.so --extern rustc_middle=/mnt/data1/nix/vendor/rust/cargo2nix/submodules/rust-build/compiler/zombie_driver2/target/debug/deps/librustc_middle-245c3150683558be.rmeta --extern rustc_span=/mnt/data1/nix/vendor/rust/cargo2nix/submodules/rust-build/compiler/zombie_driver2/target/debug/deps/librustc_span-cca3b45fe3825eda.rmeta --extern smallvec=/mnt/data1/nix/vendor/rust/cargo2nix/submodules/rust-build/compiler/zombie_driver2/target/debug/deps/libsmallvec-3970d95f1529de22.rmeta --extern tracing=/mnt/data1/nix/vendor/rust/cargo2nix/submodules/rust-build/compiler/zombie_driver2/target/debug/deps/libtracing-82b3a1ccd9aeceb8.rmeta -L native=/mnt/data1/nix/vendor/rust/cargo2nix/submodules/rust-build/compiler/zombie_driver2/target/debug/build/psm-51115e95e3afce55/out -L native=/mnt/data1/nix/vendor/rust/cargo2nix/submodules/rust-build/compiler/zombie_driver2/target/debug/build/blake3-b449a45f526127c8/out -L native=/mnt/data1/nix/vendor/rust/cargo2nix/submodules/rust-build/compiler/zombie_driver2/target/debug/build/blake3-b449a45f526127c8/out
19:46:31 rustc --crate-name rustc_mir_dataflow --edition=2024 /mnt/data1/nix/vendor/rust/cargo2nix/submodules/rust-build/compiler/rustc_mir_dataflow/src/lib.rs --error-format=json --json=diagnostic-rendered-ansi,artifacts,future-incompat --crate-type lib --emit=dep-info,metadata,link -C embed-bitcode=no -C debuginfo=2 --check-cfg cfg(docsrs,test) --check-cfg cfg(feature, values()) -C metadata=07deaff6bef59036 -C extra-filename=-d9bd93565b6c46cf --out-dir /mnt/data1/nix/vendor/rust/cargo2nix/submodules/rust-build/compiler/zombie_driver2/target/debug/deps -C incremental=/mnt/data1/nix/vendor/rust/cargo2nix/submodules/rust-build/compiler/zombie_driver2/target/debug/incremental -L dependency=/mnt/data1/nix/vendor/rust/cargo2nix/submodules/rust-build/compiler/zombie_driver2/target/debug/deps --extern polonius_engine=/mnt/data1/nix/vendor/rust/cargo2nix/submodules/rust-build/compiler/zombie_driver2/target/debug/deps/libpolonius_engine-23686739cdbb0d06.rmeta --extern regex=/mnt/data1/nix/vendor/rust/cargo2nix/submodules/rust-build/compiler/zombie_driver2/target/debug/deps/libregex-c94f80ea8f012ba4.rmeta --extern rustc_abi=/mnt/data1/nix/vendor/rust/cargo2nix/submodules/rust-build/compiler/zombie_driver2/target/debug/deps/librustc_abi-adecc4c15d63dbde.rmeta --extern rustc_ast=/mnt/data1/nix/vendor/rust/cargo2nix/submodules/rust-build/compiler/zombie_driver2/target/debug/deps/librustc_ast-892745d5973bca50.rmeta --extern rustc_data_structures=/mnt/data1/nix/vendor/rust/cargo2nix/submodules/rust-build/compiler/zombie_driver2/target/debug/deps/librustc_data_structures-7a05c3f43ea74b8d.rmeta --extern rustc_errors=/mnt/data1/nix/vendor/rust/cargo2nix/submodules/rust-build/compiler/zombie_driver2/target/debug/deps/librustc_errors-042ea83da72fde12.rmeta --extern rustc_fluent_macro=/mnt/data1/nix/vendor/rust/cargo2nix/submodules/rust-build/compiler/zombie_driver2/target/debug/deps/librustc_fluent_macro-d795261342a5a863.so --extern rustc_graphviz=/mnt/data1/nix/vendor/rust/cargo2nix/submodules/rust-build/compiler/zombie_driver2/target/debug/deps/librustc_graphviz-c7812eafe07feea7.rmeta --extern rustc_index=/mnt/data1/nix/vendor/rust/cargo2nix/submodules/rust-build/compiler/zombie_driver2/target/debug/deps/librustc_index-3aa7163ed688dde0.rmeta --extern rustc_macros=/mnt/data1/nix/vendor/rust/cargo2nix/submodules/rust-build/compiler/zombie_driver2/target/debug/deps/librustc_macros-533b3ebf51685542.so --extern rustc_middle=/mnt/data1/nix/vendor/rust/cargo2nix/submodules/rust-build/compiler/zombie_driver2/target/debug/deps/librustc_middle-245c3150683558be.rmeta --extern rustc_span=/mnt/data1/nix/vendor/rust/cargo2nix/submodules/rust-build/compiler/zombie_driver2/target/debug/deps/librustc_span-cca3b45fe3825eda.rmeta --extern smallvec=/mnt/data1/nix/vendor/rust/cargo2nix/submodules/rust-build/compiler/zombie_driver2/target/debug/deps/libsmallvec-3970d95f1529de22.rmeta --extern tracing=/mnt/data1/nix/vendor/rust/cargo2nix/submodules/rust-build/compiler/zombie_driver2/target/debug/deps/libtracing-82b3a1ccd9aeceb8.rmeta -L native=/mnt/data1/nix/vendor/rust/cargo2nix/submodules/rust-build/compiler/zombie_driver2/target/debug/build/psm-51115e95e3afce55/out -L native=/mnt/data1/nix/vendor/rust/cargo2nix/submodules/rust-build/compiler/zombie_driver2/target/debug/build/blake3-b449a45f526127c8/out -L native=/mnt/data1/nix/vendor/rust/cargo2nix/submodules/rust-build/compiler/zombie_driver2/target/debug/build/blake3-b449a45f526127c8/out
19:48:00 STATS_CHANGE: Compile requests                    454
Compile requests executed           297
Cache hits                          264
Cache hits (Rust)                   264
Cache misses                         29
Cache misses (Rust)                  29
Cache hits rate                   90.10 %
Cache hits rate (Rust)            90.10 %
Cache timeouts                        0
Cache read errors                     0
Forced recaches                       0
Cache write errors                    0
Cache errors                          0
Compilations                         29
Compilation failures                  4
Non-cacheable compilations            0
Non-cacheable calls                 156
Non-compilation calls                 1
Unsupported compiler calls            0
Average cache write               0.000 s
Average compiler                  0.538 s
Average cache read hit            0.003 s
Failed distributed compilations       0

Non-cacheable reasons:
crate-type                           72
incremental                          72
missing input                         7
-o                                    3
-                                     2

Cache location                  Local disk: "/home/mdupont/.cache/sccache"
Use direct/preprocessor mode?   yes
Version (client)                0.12.0
Cache size                            1 GiB
Max cache size                       10 GiB -> Compile requests                    462
Compile requests executed           297
Cache hits                          264
Cache hits (Rust)                   264
Cache misses                         29
Cache misses (Rust)                  29
Cache hits rate                   90.10 %
Cache hits rate (Rust)            90.10 %
Cache timeouts                        0
Cache read errors                     0
Forced recaches                       0
Cache write errors                    0
Cache errors                          0
Compilations                         29
Compilation failures                  4
Non-cacheable compilations            0
Non-cacheable calls                 164
Non-compilation calls                 1
Unsupported compiler calls            0
Average cache write               0.000 s
Average compiler                  0.538 s
Average cache read hit            0.003 s
Failed distributed compilations       0

Non-cacheable reasons:
incremental                          80
crate-type                           72
missing input                         7
-o                                    3
-                                     2

Cache location                  Local disk: "/home/mdupont/.cache/sccache"
Use direct/preprocessor mode?   yes
Version (client)                0.12.0
Cache size                            1 GiB
Max cache size                       10 GiB
19:48:01 DUPLICATE #4: rustc --crate-name rustc_mir_dataflow --edition=2024 /mnt/data1/nix/vendor/rust/cargo2nix/submodules/rust-build/compiler/rustc_mir_dataflow/src/lib.rs --error-format=json --json=diagnostic-rendered-ansi,artifacts,future-incompat --crate-type lib --emit=dep-info,metadata,link -C embed-bitcode=no -C debuginfo=2 --check-cfg cfg(docsrs,test) --check-cfg cfg(feature, values()) -C metadata=07deaff6bef59036 -C extra-filename=-d9bd93565b6c46cf --out-dir /mnt/data1/nix/vendor/rust/cargo2nix/submodules/rust-build/compiler/zombie_driver2/target/debug/deps -C incremental=/mnt/data1/nix/vendor/rust/cargo2nix/submodules/rust-build/compiler/zombie_driver2/target/debug/incremental -L dependency=/mnt/data1/nix/vendor/rust/cargo2nix/submodules/rust-build/compiler/zombie_driver2/target/debug/deps --extern polonius_engine=/mnt/data1/nix/vendor/rust/cargo2nix/submodules/rust-build/compiler/zombie_driver2/target/debug/deps/libpolonius_engine-23686739cdbb0d06.rmeta --extern regex=/mnt/data1/nix/vendor/rust/cargo2nix/submodules/rust-build/compiler/zombie_driver2/target/debug/deps/libregex-c94f80ea8f012ba4.rmeta --extern rustc_abi=/mnt/data1/nix/vendor/rust/cargo2nix/submodules/rust-build/compiler/zombie_driver2/target/debug/deps/librustc_abi-adecc4c15d63dbde.rmeta --extern rustc_ast=/mnt/data1/nix/vendor/rust/cargo2nix/submodules/rust-build/compiler/zombie_driver2/target/debug/deps/librustc_ast-892745d5973bca50.rmeta --extern rustc_data_structures=/mnt/data1/nix/vendor/rust/cargo2nix/submodules/rust-build/compiler/zombie_driver2/target/debug/deps/librustc_data_structures-7a05c3f43ea74b8d.rmeta --extern rustc_errors=/mnt/data1/nix/vendor/rust/cargo2nix/submodules/rust-build/compiler/zombie_driver2/target/debug/deps/librustc_errors-042ea83da72fde12.rmeta --extern rustc_fluent_macro=/mnt/data1/nix/vendor/rust/cargo2nix/submodules/rust-build/compiler/zombie_driver2/target/debug/deps/librustc_fluent_macro-d795261342a5a863.so --extern rustc_graphviz=/mnt/data1/nix/vendor/rust/cargo2nix/submodules/rust-build/compiler/zombie_driver2/target/debug/deps/librustc_graphviz-c7812eafe07feea7.rmeta --extern rustc_index=/mnt/data1/nix/vendor/rust/cargo2nix/submodules/rust-build/compiler/zombie_driver2/target/debug/deps/librustc_index-3aa7163ed688dde0.rmeta --extern rustc_macros=/mnt/data1/nix/vendor/rust/cargo2nix/submodules/rust-build/compiler/zombie_driver2/target/debug/deps/librustc_macros-533b3ebf51685542.so --extern rustc_middle=/mnt/data1/nix/vendor/rust/cargo2nix/submodules/rust-build/compiler/zombie_driver2/target/debug/deps/librustc_middle-245c3150683558be.rmeta --extern rustc_span=/mnt/data1/nix/vendor/rust/cargo2nix/submodules/rust-build/compiler/zombie_driver2/target/debug/deps/librustc_span-cca3b45fe3825eda.rmeta --extern smallvec=/mnt/data1/nix/vendor/rust/cargo2nix/submodules/rust-build/compiler/zombie_driver2/target/debug/deps/libsmallvec-3970d95f1529de22.rmeta --extern tracing=/mnt/data1/nix/vendor/rust/cargo2nix/submodules/rust-build/compiler/zombie_driver2/target/debug/deps/libtracing-82b3a1ccd9aeceb8.rmeta -L native=/mnt/data1/nix/vendor/rust/cargo2nix/submodules/rust-build/compiler/zombie_driver2/target/debug/build/psm-51115e95e3afce55/out -L native=/mnt/data1/nix/vendor/rust/cargo2nix/submodules/rust-build/compiler/zombie_driver2/target/debug/build/blake3-b449a45f526127c8/out -L native=/mnt/data1/nix/vendor/rust/cargo2nix/submodules/rust-build/compiler/zombie_driver2/target/debug/build/blake3-b449a45f526127c8/out
19:50:26 rustc --crate-name rustc_mir_dataflow --edition=2024 /mnt/data1/nix/vendor/rust/cargo2nix/submodules/rust-build/compiler/rustc_mir_dataflow/src/lib.rs --error-format=json --json=diagnostic-rendered-ansi,artifacts,future-incompat --crate-type lib --emit=dep-info,metadata,link -C embed-bitcode=no -C debuginfo=2 --check-cfg cfg(docsrs,test) --check-cfg cfg(feature, values()) -C metadata=07deaff6bef59036 -C extra-filename=-d9bd93565b6c46cf --out-dir /mnt/data1/nix/vendor/rust/cargo2nix/submodules/rust-build/compiler/zombie_driver2/target/debug/deps -C incremental=/mnt/data1/nix/vendor/rust/cargo2nix/submodules/rust-build/compiler/zombie_driver2/target/debug/incremental -L dependency=/mnt/data1/nix/vendor/rust/cargo2nix/submodules/rust-build/compiler/zombie_driver2/target/debug/deps --extern polonius_engine=/mnt/data1/nix/vendor/rust/cargo2nix/submodules/rust-build/compiler/zombie_driver2/target/debug/deps/libpolonius_engine-23686739cdbb0d06.rmeta --extern regex=/mnt/data1/nix/vendor/rust/cargo2nix/submodules/rust-build/compiler/zombie_driver2/target/debug/deps/libregex-c94f80ea8f012ba4.rmeta --extern rustc_abi=/mnt/data1/nix/vendor/rust/cargo2nix/submodules/rust-build/compiler/zombie_driver2/target/debug/deps/librustc_abi-adecc4c15d63dbde.rmeta --extern rustc_ast=/mnt/data1/nix/vendor/rust/cargo2nix/submodules/rust-build/compiler/zombie_driver2/target/debug/deps/librustc_ast-892745d5973bca50.rmeta --extern rustc_data_structures=/mnt/data1/nix/vendor/rust/cargo2nix/submodules/rust-build/compiler/zombie_driver2/target/debug/deps/librustc_data_structures-7a05c3f43ea74b8d.rmeta --extern rustc_errors=/mnt/data1/nix/vendor/rust/cargo2nix/submodules/rust-build/compiler/zombie_driver2/target/debug/deps/librustc_errors-042ea83da72fde12.rmeta --extern rustc_fluent_macro=/mnt/data1/nix/vendor/rust/cargo2nix/submodules/rust-build/compiler/zombie_driver2/target/debug/deps/librustc_fluent_macro-d795261342a5a863.so --extern rustc_graphviz=/mnt/data1/nix/vendor/rust/cargo2nix/submodules/rust-build/compiler/zombie_driver2/target/debug/deps/librustc_graphviz-c7812eafe07feea7.rmeta --extern rustc_index=/mnt/data1/nix/vendor/rust/cargo2nix/submodules/rust-build/compiler/zombie_driver2/target/debug/deps/librustc_index-3aa7163ed688dde0.rmeta --extern rustc_macros=/mnt/data1/nix/vendor/rust/cargo2nix/submodules/rust-build/compiler/zombie_driver2/target/debug/deps/librustc_macros-533b3ebf51685542.so --extern rustc_middle=/mnt/data1/nix/vendor/rust/cargo2nix/submodules/rust-build/compiler/zombie_driver2/target/debug/deps/librustc_middle-245c3150683558be.rmeta --extern rustc_span=/mnt/data1/nix/vendor/rust/cargo2nix/submodules/rust-build/compiler/zombie_driver2/target/debug/deps/librustc_span-cca3b45fe3825eda.rmeta --extern smallvec=/mnt/data1/nix/vendor/rust/cargo2nix/submodules/rust-build/compiler/zombie_driver2/target/debug/deps/libsmallvec-3970d95f1529de22.rmeta --extern tracing=/mnt/data1/nix/vendor/rust/cargo2nix/submodules/rust-build/compiler/zombie_driver2/target/debug/deps/libtracing-82b3a1ccd9aeceb8.rmeta -L native=/mnt/data1/nix/vendor/rust/cargo2nix/submodules/rust-build/compiler/zombie_driver2/target/debug/build/psm-51115e95e3afce55/out -L native=/mnt/data1/nix/vendor/rust/cargo2nix/submodules/rust-build/compiler/zombie_driver2/target/debug/build/blake3-b449a45f526127c8/out -L native=/mnt/data1/nix/vendor/rust/cargo2nix/submodules/rust-build/compiler/zombie_driver2/target/debug/build/blake3-b449a45f526127c8/out
19:50:32 STATS_CHANGE: Compile requests                    475
Compile requests executed           297
Cache hits                          264
Cache hits (Rust)                   264
Cache misses                         29
Cache misses (Rust)                  29
Cache hits rate                   90.10 %
Cache hits rate (Rust)            90.10 %
Cache timeouts                        0
Cache read errors                     0
Forced recaches                       0
Cache write errors                    0
Cache errors                          0
Compilations                         29
Compilation failures                  4
Non-cacheable compilations            0
Non-cacheable calls                 177
Non-compilation calls                 1
Unsupported compiler calls            0
Average cache write               0.000 s
Average compiler                  0.538 s
Average cache read hit            0.003 s
Failed distributed compilations       0

Non-cacheable reasons:
incremental                          92
crate-type                           72
missing input                         7
-                                     3
-o                                    3

Cache location                  Local disk: "/home/mdupont/.cache/sccache"
Use direct/preprocessor mode?   yes
Version (client)                0.12.0
Cache size                            1 GiB
Max cache size                       10 GiB -> Compile requests                    493
Compile requests executed           297
Cache hits                          264
Cache hits (Rust)                   264
Cache misses                         29
Cache misses (Rust)                  29
Cache hits rate                   90.10 %
Cache hits rate (Rust)            90.10 %
Cache timeouts                        0
Cache read errors                     0
Forced recaches                       0
Cache write errors                    0
Cache errors                          0
Compilations                         29
Compilation failures                  4
Non-cacheable compilations            0
Non-cacheable calls                 195
Non-compilation calls                 1
Unsupported compiler calls            0
Average cache write               0.000 s
Average compiler                  0.538 s
Average cache read hit            0.003 s
Failed distributed compilations       0

Non-cacheable reasons:
incremental                         110
crate-type                           72
missing input                         7
-                                     3
-o                                    3

Cache location                  Local disk: "/home/mdupont/.cache/sccache"
Use direct/preprocessor mode?   yes
Version (client)                0.12.0
Cache size                            1 GiB
Max cache size                       10 GiB
19:50:32 DUPLICATE #6: rustc --crate-name rustc_mir_dataflow --edition=2024 /mnt/data1/nix/vendor/rust/cargo2nix/submodules/rust-build/compiler/rustc_mir_dataflow/src/lib.rs --error-format=json --json=diagnostic-rendered-ansi,artifacts,future-incompat --crate-type lib --emit=dep-info,metadata,link -C embed-bitcode=no -C debuginfo=2 --check-cfg cfg(docsrs,test) --check-cfg cfg(feature, values()) -C metadata=07deaff6bef59036 -C extra-filename=-d9bd93565b6c46cf --out-dir /mnt/data1/nix/vendor/rust/cargo2nix/submodules/rust-build/compiler/zombie_driver2/target/debug/deps -C incremental=/mnt/data1/nix/vendor/rust/cargo2nix/submodules/rust-build/compiler/zombie_driver2/target/debug/incremental -L dependency=/mnt/data1/nix/vendor/rust/cargo2nix/submodules/rust-build/compiler/zombie_driver2/target/debug/deps --extern polonius_engine=/mnt/data1/nix/vendor/rust/cargo2nix/submodules/rust-build/compiler/zombie_driver2/target/debug/deps/libpolonius_engine-23686739cdbb0d06.rmeta --extern regex=/mnt/data1/nix/vendor/rust/cargo2nix/submodules/rust-build/compiler/zombie_driver2/target/debug/deps/libregex-c94f80ea8f012ba4.rmeta --extern rustc_abi=/mnt/data1/nix/vendor/rust/cargo2nix/submodules/rust-build/compiler/zombie_driver2/target/debug/deps/librustc_abi-adecc4c15d63dbde.rmeta --extern rustc_ast=/mnt/data1/nix/vendor/rust/cargo2nix/submodules/rust-build/compiler/zombie_driver2/target/debug/deps/librustc_ast-892745d5973bca50.rmeta --extern rustc_data_structures=/mnt/data1/nix/vendor/rust/cargo2nix/submodules/rust-build/compiler/zombie_driver2/target/debug/deps/librustc_data_structures-7a05c3f43ea74b8d.rmeta --extern rustc_errors=/mnt/data1/nix/vendor/rust/cargo2nix/submodules/rust-build/compiler/zombie_driver2/target/debug/deps/librustc_errors-042ea83da72fde12.rmeta --extern rustc_fluent_macro=/mnt/data1/nix/vendor/rust/cargo2nix/submodules/rust-build/compiler/zombie_driver2/target/debug/deps/librustc_fluent_macro-d795261342a5a863.so --extern rustc_graphviz=/mnt/data1/nix/vendor/rust/cargo2nix/submodules/rust-build/compiler/zombie_driver2/target/debug/deps/librustc_graphviz-c7812eafe07feea7.rmeta --extern rustc_index=/mnt/data1/nix/vendor/rust/cargo2nix/submodules/rust-build/compiler/zombie_driver2/target/debug/deps/librustc_index-3aa7163ed688dde0.rmeta --extern rustc_macros=/mnt/data1/nix/vendor/rust/cargo2nix/submodules/rust-build/compiler/zombie_driver2/target/debug/deps/librustc_macros-533b3ebf51685542.so --extern rustc_middle=/mnt/data1/nix/vendor/rust/cargo2nix/submodules/rust-build/compiler/zombie_driver2/target/debug/deps/librustc_middle-245c3150683558be.rmeta --extern rustc_span=/mnt/data1/nix/vendor/rust/cargo2nix/submodules/rust-build/compiler/zombie_driver2/target/debug/deps/librustc_span-cca3b45fe3825eda.rmeta --extern smallvec=/mnt/data1/nix/vendor/rust/cargo2nix/submodules/rust-build/compiler/zombie_driver2/target/debug/deps/libsmallvec-3970d95f1529de22.rmeta --extern tracing=/mnt/data1/nix/vendor/rust/cargo2nix/submodules/rust-build/compiler/zombie_driver2/target/debug/deps/libtracing-82b3a1ccd9aeceb8.rmeta -L native=/mnt/data1/nix/vendor/rust/cargo2nix/submodules/rust-build/compiler/zombie_driver2/target/debug/build/psm-51115e95e3afce55/out -L native=/mnt/data1/nix/vendor/rust/cargo2nix/submodules/rust-build/compiler/zombie_driver2/target/debug/build/blake3-b449a45f526127c8/out -L native=/mnt/data1/nix/vendor/rust/cargo2nix/submodules/rust-build/compiler/zombie_driver2/target/debug/build/blake3-b449a45f526127c8/out
20:10:05 SKIPPED: rustc --crate-name rustc_mir_dataflow --edition=2024 /mnt/data1/nix/vendor/rust/cargo2nix/submodules/rust-build/compiler/rustc_mir_dataflow/src/lib.rs --error-format=json --json=diagnostic-rendered-ansi,artifacts,future-incompat --crate-type lib --emit=dep-info,metadata,link -C embed-bitcode=no -C debuginfo=2 --check-cfg cfg(docsrs,test) --check-cfg cfg(feature, values()) -C metadata=07deaff6bef59036 -C extra-filename=-d9bd93565b6c46cf --out-dir /mnt/data1/nix/vendor/rust/cargo2nix/submodules/rust-build/compiler/zombie_driver2/target/debug/deps -C incremental=/mnt/data1/nix/vendor/rust/cargo2nix/submodules/rust-build/compiler/zombie_driver2/target/debug/incremental -L dependency=/mnt/data1/nix/vendor/rust/cargo2nix/submodules/rust-build/compiler/zombie_driver2/target/debug/deps --extern polonius_engine=/mnt/data1/nix/vendor/rust/cargo2nix/submodules/rust-build/compiler/zombie_driver2/target/debug/deps/libpolonius_engine-23686739cdbb0d06.rmeta --extern regex=/mnt/data1/nix/vendor/rust/cargo2nix/submodules/rust-build/compiler/zombie_driver2/target/debug/deps/libregex-c94f80ea8f012ba4.rmeta --extern rustc_abi=/mnt/data1/nix/vendor/rust/cargo2nix/submodules/rust-build/compiler/zombie_driver2/target/debug/deps/librustc_abi-adecc4c15d63dbde.rmeta --extern rustc_ast=/mnt/data1/nix/vendor/rust/cargo2nix/submodules/rust-build/compiler/zombie_driver2/target/debug/deps/librustc_ast-892745d5973bca50.rmeta --extern rustc_data_structures=/mnt/data1/nix/vendor/rust/cargo2nix/submodules/rust-build/compiler/zombie_driver2/target/debug/deps/librustc_data_structures-7a05c3f43ea74b8d.rmeta --extern rustc_errors=/mnt/data1/nix/vendor/rust/cargo2nix/submodules/rust-build/compiler/zombie_driver2/target/debug/deps/librustc_errors-042ea83da72fde12.rmeta --extern rustc_fluent_macro=/mnt/data1/nix/vendor/rust/cargo2nix/submodules/rust-build/compiler/zombie_driver2/target/debug/deps/librustc_fluent_macro-d795261342a5a863.so --extern rustc_graphviz=/mnt/data1/nix/vendor/rust/cargo2nix/submodules/rust-build/compiler/zombie_driver2/target/debug/deps/librustc_graphviz-c7812eafe07feea7.rmeta --extern rustc_index=/mnt/data1/nix/vendor/rust/cargo2nix/submodules/rust-build/compiler/zombie_driver2/target/debug/deps/librustc_index-3aa7163ed688dde0.rmeta --extern rustc_macros=/mnt/data1/nix/vendor/rust/cargo2nix/submodules/rust-build/compiler/zombie_driver2/target/debug/deps/librustc_macros-533b3ebf51685542.so --extern rustc_middle=/mnt/data1/nix/vendor/rust/cargo2nix/submodules/rust-build/compiler/zombie_driver2/target/debug/deps/librustc_middle-245c3150683558be.rmeta --extern rustc_span=/mnt/data1/nix/vendor/rust/cargo2nix/submodules/rust-build/compiler/zombie_driver2/target/debug/deps/librustc_span-cca3b45fe3825eda.rmeta --extern smallvec=/mnt/data1/nix/vendor/rust/cargo2nix/submodules/rust-build/compiler/zombie_driver2/target/debug/deps/libsmallvec-3970d95f1529de22.rmeta --extern tracing=/mnt/data1/nix/vendor/rust/cargo2nix/submodules/rust-build/compiler/zombie_driver2/target/debug/deps/libtracing-82b3a1ccd9aeceb8.rmeta -L native=/mnt/data1/nix/vendor/rust/cargo2nix/submodules/rust-build/compiler/zombie_driver2/target/debug/build/psm-51115e95e3afce55/out -L native=/mnt/data1/nix/vendor/rust/cargo2nix/submodules/rust-build/compiler/zombie_driver2/target/debug/build/blake3-b449a45f526127c8/out -L native=/mnt/data1/nix/vendor/rust/cargo2nix/submodules/rust-build/compiler/zombie_driver2/target/debug/build/blake3-b449a45f526127c8/out
20:10:42 SKIPPED: rustc --crate-name rustc_mir_dataflow --edition=2024 /mnt/data1/nix/vendor/rust/cargo2nix/submodules/rust-build/compiler/rustc_mir_dataflow/src/lib.rs --error-format=json --json=diagnostic-rendered-ansi,artifacts,future-incompat --crate-type lib --emit=dep-info,metadata,link -C embed-bitcode=no -C debuginfo=2 --check-cfg cfg(docsrs,test) --check-cfg cfg(feature, values()) -C metadata=07deaff6bef59036 -C extra-filename=-d9bd93565b6c46cf --out-dir /mnt/data1/nix/vendor/rust/cargo2nix/submodules/rust-build/compiler/zombie_driver2/target/debug/deps -C incremental=/mnt/data1/nix/vendor/rust/cargo2nix/submodules/rust-build/compiler/zombie_driver2/target/debug/incremental -L dependency=/mnt/data1/nix/vendor/rust/cargo2nix/submodules/rust-build/compiler/zombie_driver2/target/debug/deps --extern polonius_engine=/mnt/data1/nix/vendor/rust/cargo2nix/submodules/rust-build/compiler/zombie_driver2/target/debug/deps/libpolonius_engine-23686739cdbb0d06.rmeta --extern regex=/mnt/data1/nix/vendor/rust/cargo2nix/submodules/rust-build/compiler/zombie_driver2/target/debug/deps/libregex-c94f80ea8f012ba4.rmeta --extern rustc_abi=/mnt/data1/nix/vendor/rust/cargo2nix/submodules/rust-build/compiler/zombie_driver2/target/debug/deps/librustc_abi-adecc4c15d63dbde.rmeta --extern rustc_ast=/mnt/data1/nix/vendor/rust/cargo2nix/submodules/rust-build/compiler/zombie_driver2/target/debug/deps/librustc_ast-892745d5973bca50.rmeta --extern rustc_data_structures=/mnt/data1/nix/vendor/rust/cargo2nix/submodules/rust-build/compiler/zombie_driver2/target/debug/deps/librustc_data_structures-7a05c3f43ea74b8d.rmeta --extern rustc_errors=/mnt/data1/nix/vendor/rust/cargo2nix/submodules/rust-build/compiler/zombie_driver2/target/debug/deps/librustc_errors-042ea83da72fde12.rmeta --extern rustc_fluent_macro=/mnt/data1/nix/vendor/rust/cargo2nix/submodules/rust-build/compiler/zombie_driver2/target/debug/deps/librustc_fluent_macro-d795261342a5a863.so --extern rustc_graphviz=/mnt/data1/nix/vendor/rust/cargo2nix/submodules/rust-build/compiler/zombie_driver2/target/debug/deps/librustc_graphviz-c7812eafe07feea7.rmeta --extern rustc_index=/mnt/data1/nix/vendor/rust/cargo2nix/submodules/rust-build/compiler/zombie_driver2/target/debug/deps/librustc_index-3aa7163ed688dde0.rmeta --extern rustc_macros=/mnt/data1/nix/vendor/rust/cargo2nix/submodules/rust-build/compiler/zombie_driver2/target/debug/deps/librustc_macros-533b3ebf51685542.so --extern rustc_middle=/mnt/data1/nix/vendor/rust/cargo2nix/submodules/rust-build/compiler/zombie_driver2/target/debug/deps/librustc_middle-245c3150683558be.rmeta --extern rustc_span=/mnt/data1/nix/vendor/rust/cargo2nix/submodules/rust-build/compiler/zombie_driver2/target/debug/deps/librustc_span-cca3b45fe3825eda.rmeta --extern smallvec=/mnt/data1/nix/vendor/rust/cargo2nix/submodules/rust-build/compiler/zombie_driver2/target/debug/deps/libsmallvec-3970d95f1529de22.rmeta --extern tracing=/mnt/data1/nix/vendor/rust/cargo2nix/submodules/rust-build/compiler/zombie_driver2/target/debug/deps/libtracing-82b3a1ccd9aeceb8.rmeta -L native=/mnt/data1/nix/vendor/rust/cargo2nix/submodules/rust-build/compiler/zombie_driver2/target/debug/build/psm-51115e95e3afce55/out -L native=/mnt/data1/nix/vendor/rust/cargo2nix/submodules/rust-build/compiler/zombie_driver2/target/debug/build/blake3-b449a45f526127c8/out -L native=/mnt/data1/nix/vendor/rust/cargo2nix/submodules/rust-build/compiler/zombie_driver2/target/debug/build/blake3-b449a45f526127c8/out
20:13:26 SKIPPED: rustc --crate-name rustc_mir_dataflow --edition=2024 /mnt/data1/nix/vendor/rust/cargo2nix/submodules/rust-build/compiler/rustc_mir_dataflow/src/lib.rs --error-format=json --json=diagnostic-rendered-ansi,artifacts,future-incompat --crate-type lib --emit=dep-info,metadata,link -C embed-bitcode=no -C debuginfo=2 --check-cfg cfg(docsrs,test) --check-cfg cfg(feature, values()) -C metadata=07deaff6bef59036 -C extra-filename=-d9bd93565b6c46cf --out-dir /mnt/data1/nix/vendor/rust/cargo2nix/submodules/rust-build/compiler/zombie_driver2/target/debug/deps -C incremental=/mnt/data1/nix/vendor/rust/cargo2nix/submodules/rust-build/compiler/zombie_driver2/target/debug/incremental -L dependency=/mnt/data1/nix/vendor/rust/cargo2nix/submodules/rust-build/compiler/zombie_driver2/target/debug/deps --extern polonius_engine=/mnt/data1/nix/vendor/rust/cargo2nix/submodules/rust-build/compiler/zombie_driver2/target/debug/deps/libpolonius_engine-23686739cdbb0d06.rmeta --extern regex=/mnt/data1/nix/vendor/rust/cargo2nix/submodules/rust-build/compiler/zombie_driver2/target/debug/deps/libregex-c94f80ea8f012ba4.rmeta --extern rustc_abi=/mnt/data1/nix/vendor/rust/cargo2nix/submodules/rust-build/compiler/zombie_driver2/target/debug/deps/librustc_abi-adecc4c15d63dbde.rmeta --extern rustc_ast=/mnt/data1/nix/vendor/rust/cargo2nix/submodules/rust-build/compiler/zombie_driver2/target/debug/deps/librustc_ast-892745d5973bca50.rmeta --extern rustc_data_structures=/mnt/data1/nix/vendor/rust/cargo2nix/submodules/rust-build/compiler/zombie_driver2/target/debug/deps/librustc_data_structures-7a05c3f43ea74b8d.rmeta --extern rustc_errors=/mnt/data1/nix/vendor/rust/cargo2nix/submodules/rust-build/compiler/zombie_driver2/target/debug/deps/librustc_errors-042ea83da72fde12.rmeta --extern rustc_fluent_macro=/mnt/data1/nix/vendor/rust/cargo2nix/submodules/rust-build/compiler/zombie_driver2/target/debug/deps/librustc_fluent_macro-d795261342a5a863.so --extern rustc_graphviz=/mnt/data1/nix/vendor/rust/cargo2nix/submodules/rust-build/compiler/zombie_driver2/target/debug/deps/librustc_graphviz-c7812eafe07feea7.rmeta --extern rustc_index=/mnt/data1/nix/vendor/rust/cargo2nix/submodules/rust-build/compiler/zombie_driver2/target/debug/deps/librustc_index-3aa7163ed688dde0.rmeta --extern rustc_macros=/mnt/data1/nix/vendor/rust/cargo2nix/submodules/rust-build/compiler/zombie_driver2/target/debug/deps/librustc_macros-533b3ebf51685542.so --extern rustc_middle=/mnt/data1/nix/vendor/rust/cargo2nix/submodules/rust-build/compiler/zombie_driver2/target/debug/deps/librustc_middle-245c3150683558be.rmeta --extern rustc_span=/mnt/data1/nix/vendor/rust/cargo2nix/submodules/rust-build/compiler/zombie_driver2/target/debug/deps/librustc_span-cca3b45fe3825eda.rmeta --extern smallvec=/mnt/data1/nix/vendor/rust/cargo2nix/submodules/rust-build/compiler/zombie_driver2/target/debug/deps/libsmallvec-3970d95f1529de22.rmeta --extern tracing=/mnt/data1/nix/vendor/rust/cargo2nix/submodules/rust-build/compiler/zombie_driver2/target/debug/deps/libtracing-82b3a1ccd9aeceb8.rmeta -L native=/mnt/data1/nix/vendor/rust/cargo2nix/submodules/rust-build/compiler/zombie_driver2/target/debug/build/psm-51115e95e3afce55/out -L native=/mnt/data1/nix/vendor/rust/cargo2nix/submodules/rust-build/compiler/zombie_driver2/target/debug/build/blake3-b449a45f526127c8/out -L native=/mnt/data1/nix/vendor/rust/cargo2nix/submodules/rust-build/compiler/zombie_driver2/target/debug/build/blake3-b449a45f526127c8/out
20:15:55 SKIPPED: rustc --crate-name rustc_mir_dataflow --edition=2024 /mnt/data1/nix/vendor/rust/cargo2nix/submodules/rust-build/compiler/rustc_mir_dataflow/src/lib.rs --error-format=json --json=diagnostic-rendered-ansi,artifacts,future-incompat --crate-type lib --emit=dep-info,metadata,link -C embed-bitcode=no -C debuginfo=2 --check-cfg cfg(docsrs,test) --check-cfg cfg(feature, values()) -C metadata=07deaff6bef59036 -C extra-filename=-d9bd93565b6c46cf --out-dir /mnt/data1/nix/vendor/rust/cargo2nix/submodules/rust-build/compiler/zombie_driver2/target/debug/deps -C incremental=/mnt/data1/nix/vendor/rust/cargo2nix/submodules/rust-build/compiler/zombie_driver2/target/debug/incremental -L dependency=/mnt/data1/nix/vendor/rust/cargo2nix/submodules/rust-build/compiler/zombie_driver2/target/debug/deps --extern polonius_engine=/mnt/data1/nix/vendor/rust/cargo2nix/submodules/rust-build/compiler/zombie_driver2/target/debug/deps/libpolonius_engine-23686739cdbb0d06.rmeta --extern regex=/mnt/data1/nix/vendor/rust/cargo2nix/submodules/rust-build/compiler/zombie_driver2/target/debug/deps/libregex-c94f80ea8f012ba4.rmeta --extern rustc_abi=/mnt/data1/nix/vendor/rust/cargo2nix/submodules/rust-build/compiler/zombie_driver2/target/debug/deps/librustc_abi-adecc4c15d63dbde.rmeta --extern rustc_ast=/mnt/data1/nix/vendor/rust/cargo2nix/submodules/rust-build/compiler/zombie_driver2/target/debug/deps/librustc_ast-892745d5973bca50.rmeta --extern rustc_data_structures=/mnt/data1/nix/vendor/rust/cargo2nix/submodules/rust-build/compiler/zombie_driver2/target/debug/deps/librustc_data_structures-7a05c3f43ea74b8d.rmeta --extern rustc_errors=/mnt/data1/nix/vendor/rust/cargo2nix/submodules/rust-build/compiler/zombie_driver2/target/debug/deps/librustc_errors-042ea83da72fde12.rmeta --extern rustc_fluent_macro=/mnt/data1/nix/vendor/rust/cargo2nix/submodules/rust-build/compiler/zombie_driver2/target/debug/deps/librustc_fluent_macro-d795261342a5a863.so --extern rustc_graphviz=/mnt/data1/nix/vendor/rust/cargo2nix/submodules/rust-build/compiler/zombie_driver2/target/debug/deps/librustc_graphviz-c7812eafe07feea7.rmeta --extern rustc_index=/mnt/data1/nix/vendor/rust/cargo2nix/submodules/rust-build/compiler/zombie_driver2/target/debug/deps/librustc_index-3aa7163ed688dde0.rmeta --extern rustc_macros=/mnt/data1/nix/vendor/rust/cargo2nix/submodules/rust-build/compiler/zombie_driver2/target/debug/deps/librustc_macros-533b3ebf51685542.so --extern rustc_middle=/mnt/data1/nix/vendor/rust/cargo2nix/submodules/rust-build/compiler/zombie_driver2/target/debug/deps/librustc_middle-245c3150683558be.rmeta --extern rustc_span=/mnt/data1/nix/vendor/rust/cargo2nix/submodules/rust-build/compiler/zombie_driver2/target/debug/deps/librustc_span-cca3b45fe3825eda.rmeta --extern smallvec=/mnt/data1/nix/vendor/rust/cargo2nix/submodules/rust-build/compiler/zombie_driver2/target/debug/deps/libsmallvec-3970d95f1529de22.rmeta --extern tracing=/mnt/data1/nix/vendor/rust/cargo2nix/submodules/rust-build/compiler/zombie_driver2/target/debug/deps/libtracing-82b3a1ccd9aeceb8.rmeta -L native=/mnt/data1/nix/vendor/rust/cargo2nix/submodules/rust-build/compiler/zombie_driver2/target/debug/build/psm-51115e95e3afce55/out -L native=/mnt/data1/nix/vendor/rust/cargo2nix/submodules/rust-build/compiler/zombie_driver2/target/debug/build/blake3-b449a45f526127c8/out -L native=/mnt/data1/nix/vendor/rust/cargo2nix/submodules/rust-build/compiler/zombie_driver2/target/debug/build/blake3-b449a45f526127c8/out
20:16:59 SKIPPED: rustc --crate-name rustc_mir_dataflow --edition=2024 /mnt/data1/nix/vendor/rust/cargo2nix/submodules/rust-build/compiler/rustc_mir_dataflow/src/lib.rs --error-format=json --json=diagnostic-rendered-ansi,artifacts,future-incompat --crate-type lib --emit=dep-info,metadata,link -C embed-bitcode=no -C debuginfo=2 --check-cfg cfg(docsrs,test) --check-cfg cfg(feature, values()) -C metadata=07deaff6bef59036 -C extra-filename=-d9bd93565b6c46cf --out-dir /mnt/data1/nix/vendor/rust/cargo2nix/submodules/rust-build/compiler/zombie_driver2/target/debug/deps -C incremental=/mnt/data1/nix/vendor/rust/cargo2nix/submodules/rust-build/compiler/zombie_driver2/target/debug/incremental -L dependency=/mnt/data1/nix/vendor/rust/cargo2nix/submodules/rust-build/compiler/zombie_driver2/target/debug/deps --extern polonius_engine=/mnt/data1/nix/vendor/rust/cargo2nix/submodules/rust-build/compiler/zombie_driver2/target/debug/deps/libpolonius_engine-23686739cdbb0d06.rmeta --extern regex=/mnt/data1/nix/vendor/rust/cargo2nix/submodules/rust-build/compiler/zombie_driver2/target/debug/deps/libregex-c94f80ea8f012ba4.rmeta --extern rustc_abi=/mnt/data1/nix/vendor/rust/cargo2nix/submodules/rust-build/compiler/zombie_driver2/target/debug/deps/librustc_abi-adecc4c15d63dbde.rmeta --extern rustc_ast=/mnt/data1/nix/vendor/rust/cargo2nix/submodules/rust-build/compiler/zombie_driver2/target/debug/deps/librustc_ast-892745d5973bca50.rmeta --extern rustc_data_structures=/mnt/data1/nix/vendor/rust/cargo2nix/submodules/rust-build/compiler/zombie_driver2/target/debug/deps/librustc_data_structures-7a05c3f43ea74b8d.rmeta --extern rustc_errors=/mnt/data1/nix/vendor/rust/cargo2nix/submodules/rust-build/compiler/zombie_driver2/target/debug/deps/librustc_errors-042ea83da72fde12.rmeta --extern rustc_fluent_macro=/mnt/data1/nix/vendor/rust/cargo2nix/submodules/rust-build/compiler/zombie_driver2/target/debug/deps/librustc_fluent_macro-d795261342a5a863.so --extern rustc_graphviz=/mnt/data1/nix/vendor/rust/cargo2nix/submodules/rust-build/compiler/zombie_driver2/target/debug/deps/librustc_graphviz-c7812eafe07feea7.rmeta --extern rustc_index=/mnt/data1/nix/vendor/rust/cargo2nix/submodules/rust-build/compiler/zombie_driver2/target/debug/deps/librustc_index-3aa7163ed688dde0.rmeta --extern rustc_macros=/mnt/data1/nix/vendor/rust/cargo2nix/submodules/rust-build/compiler/zombie_driver2/target/debug/deps/librustc_macros-533b3ebf51685542.so --extern rustc_middle=/mnt/data1/nix/vendor/rust/cargo2nix/submodules/rust-build/compiler/zombie_driver2/target/debug/deps/librustc_middle-245c3150683558be.rmeta --extern rustc_span=/mnt/data1/nix/vendor/rust/cargo2nix/submodules/rust-build/compiler/zombie_driver2/target/debug/deps/librustc_span-cca3b45fe3825eda.rmeta --extern smallvec=/mnt/data1/nix/vendor/rust/cargo2nix/submodules/rust-build/compiler/zombie_driver2/target/debug/deps/libsmallvec-3970d95f1529de22.rmeta --extern tracing=/mnt/data1/nix/vendor/rust/cargo2nix/submodules/rust-build/compiler/zombie_driver2/target/debug/deps/libtracing-82b3a1ccd9aeceb8.rmeta -L native=/mnt/data1/nix/vendor/rust/cargo2nix/submodules/rust-build/compiler/zombie_driver2/target/debug/build/psm-51115e95e3afce55/out -L native=/mnt/data1/nix/vendor/rust/cargo2nix/submodules/rust-build/compiler/zombie_driver2/target/debug/build/blake3-b449a45f526127c8/out -L native=/mnt/data1/nix/vendor/rust/cargo2nix/submodules/rust-build/compiler/zombie_driver2/target/debug/build/blake3-b449a45f526127c8/out
20:19:03 SKIPPED: rustc --crate-name rustc_mir_dataflow --edition=2024 /mnt/data1/nix/vendor/rust/cargo2nix/submodules/rust-build/compiler/rustc_mir_dataflow/src/lib.rs --error-format=json --json=diagnostic-rendered-ansi,artifacts,future-incompat --crate-type lib --emit=dep-info,metadata,link -C embed-bitcode=no -C debuginfo=2 --check-cfg cfg(docsrs,test) --check-cfg cfg(feature, values()) -C metadata=07deaff6bef59036 -C extra-filename=-d9bd93565b6c46cf --out-dir /mnt/data1/nix/vendor/rust/cargo2nix/submodules/rust-build/compiler/zombie_driver2/target/debug/deps -C incremental=/mnt/data1/nix/vendor/rust/cargo2nix/submodules/rust-build/compiler/zombie_driver2/target/debug/incremental -L dependency=/mnt/data1/nix/vendor/rust/cargo2nix/submodules/rust-build/compiler/zombie_driver2/target/debug/deps --extern polonius_engine=/mnt/data1/nix/vendor/rust/cargo2nix/submodules/rust-build/compiler/zombie_driver2/target/debug/deps/libpolonius_engine-23686739cdbb0d06.rmeta --extern regex=/mnt/data1/nix/vendor/rust/cargo2nix/submodules/rust-build/compiler/zombie_driver2/target/debug/deps/libregex-c94f80ea8f012ba4.rmeta --extern rustc_abi=/mnt/data1/nix/vendor/rust/cargo2nix/submodules/rust-build/compiler/zombie_driver2/target/debug/deps/librustc_abi-adecc4c15d63dbde.rmeta --extern rustc_ast=/mnt/data1/nix/vendor/rust/cargo2nix/submodules/rust-build/compiler/zombie_driver2/target/debug/deps/librustc_ast-892745d5973bca50.rmeta --extern rustc_data_structures=/mnt/data1/nix/vendor/rust/cargo2nix/submodules/rust-build/compiler/zombie_driver2/target/debug/deps/librustc_data_structures-7a05c3f43ea74b8d.rmeta --extern rustc_errors=/mnt/data1/nix/vendor/rust/cargo2nix/submodules/rust-build/compiler/zombie_driver2/target/debug/deps/librustc_errors-042ea83da72fde12.rmeta --extern rustc_fluent_macro=/mnt/data1/nix/vendor/rust/cargo2nix/submodules/rust-build/compiler/zombie_driver2/target/debug/deps/librustc_fluent_macro-d795261342a5a863.so --extern rustc_graphviz=/mnt/data1/nix/vendor/rust/cargo2nix/submodules/rust-build/compiler/zombie_driver2/target/debug/deps/librustc_graphviz-c7812eafe07feea7.rmeta --extern rustc_index=/mnt/data1/nix/vendor/rust/cargo2nix/submodules/rust-build/compiler/zombie_driver2/target/debug/deps/librustc_index-3aa7163ed688dde0.rmeta --extern rustc_macros=/mnt/data1/nix/vendor/rust/cargo2nix/submodules/rust-build/compiler/zombie_driver2/target/debug/deps/librustc_macros-533b3ebf51685542.so --extern rustc_middle=/mnt/data1/nix/vendor/rust/cargo2nix/submodules/rust-build/compiler/zombie_driver2/target/debug/deps/librustc_middle-245c3150683558be.rmeta --extern rustc_span=/mnt/data1/nix/vendor/rust/cargo2nix/submodules/rust-build/compiler/zombie_driver2/target/debug/deps/librustc_span-cca3b45fe3825eda.rmeta --extern smallvec=/mnt/data1/nix/vendor/rust/cargo2nix/submodules/rust-build/compiler/zombie_driver2/target/debug/deps/libsmallvec-3970d95f1529de22.rmeta --extern tracing=/mnt/data1/nix/vendor/rust/cargo2nix/submodules/rust-build/compiler/zombie_driver2/target/debug/deps/libtracing-82b3a1ccd9aeceb8.rmeta -L native=/mnt/data1/nix/vendor/rust/cargo2nix/submodules/rust-build/compiler/zombie_driver2/target/debug/build/psm-51115e95e3afce55/out -L native=/mnt/data1/nix/vendor/rust/cargo2nix/submodules/rust-build/compiler/zombie_driver2/target/debug/build/blake3-b449a45f526127c8/out -L native=/mnt/data1/nix/vendor/rust/cargo2nix/submodules/rust-build/compiler/zombie_driver2/target/debug/build/blake3-b449a45f526127c8/out
20:19:35 SKIPPED: rustc --crate-name rustc_mir_dataflow --edition=2024 /mnt/data1/nix/vendor/rust/cargo2nix/submodules/rust-build/compiler/rustc_mir_dataflow/src/lib.rs --error-format=json --json=diagnostic-rendered-ansi,artifacts,future-incompat --crate-type lib --emit=dep-info,metadata,link -C embed-bitcode=no -C debuginfo=2 --check-cfg cfg(docsrs,test) --check-cfg cfg(feature, values()) -C metadata=07deaff6bef59036 -C extra-filename=-d9bd93565b6c46cf --out-dir /mnt/data1/nix/vendor/rust/cargo2nix/submodules/rust-build/compiler/zombie_driver2/target/debug/deps -C incremental=/mnt/data1/nix/vendor/rust/cargo2nix/submodules/rust-build/compiler/zombie_driver2/target/debug/incremental -L dependency=/mnt/data1/nix/vendor/rust/cargo2nix/submodules/rust-build/compiler/zombie_driver2/target/debug/deps --extern polonius_engine=/mnt/data1/nix/vendor/rust/cargo2nix/submodules/rust-build/compiler/zombie_driver2/target/debug/deps/libpolonius_engine-23686739cdbb0d06.rmeta --extern regex=/mnt/data1/nix/vendor/rust/cargo2nix/submodules/rust-build/compiler/zombie_driver2/target/debug/deps/libregex-c94f80ea8f012ba4.rmeta --extern rustc_abi=/mnt/data1/nix/vendor/rust/cargo2nix/submodules/rust-build/compiler/zombie_driver2/target/debug/deps/librustc_abi-adecc4c15d63dbde.rmeta --extern rustc_ast=/mnt/data1/nix/vendor/rust/cargo2nix/submodules/rust-build/compiler/zombie_driver2/target/debug/deps/librustc_ast-892745d5973bca50.rmeta --extern rustc_data_structures=/mnt/data1/nix/vendor/rust/cargo2nix/submodules/rust-build/compiler/zombie_driver2/target/debug/deps/librustc_data_structures-7a05c3f43ea74b8d.rmeta --extern rustc_errors=/mnt/data1/nix/vendor/rust/cargo2nix/submodules/rust-build/compiler/zombie_driver2/target/debug/deps/librustc_errors-042ea83da72fde12.rmeta --extern rustc_fluent_macro=/mnt/data1/nix/vendor/rust/cargo2nix/submodules/rust-build/compiler/zombie_driver2/target/debug/deps/librustc_fluent_macro-d795261342a5a863.so --extern rustc_graphviz=/mnt/data1/nix/vendor/rust/cargo2nix/submodules/rust-build/compiler/zombie_driver2/target/debug/deps/librustc_graphviz-c7812eafe07feea7.rmeta --extern rustc_index=/mnt/data1/nix/vendor/rust/cargo2nix/submodules/rust-build/compiler/zombie_driver2/target/debug/deps/librustc_index-3aa7163ed688dde0.rmeta --extern rustc_macros=/mnt/data1/nix/vendor/rust/cargo2nix/submodules/rust-build/compiler/zombie_driver2/target/debug/deps/librustc_macros-533b3ebf51685542.so --extern rustc_middle=/mnt/data1/nix/vendor/rust/cargo2nix/submodules/rust-build/compiler/zombie_driver2/target/debug/deps/librustc_middle-245c3150683558be.rmeta --extern rustc_span=/mnt/data1/nix/vendor/rust/cargo2nix/submodules/rust-build/compiler/zombie_driver2/target/debug/deps/librustc_span-cca3b45fe3825eda.rmeta --extern smallvec=/mnt/data1/nix/vendor/rust/cargo2nix/submodules/rust-build/compiler/zombie_driver2/target/debug/deps/libsmallvec-3970d95f1529de22.rmeta --extern tracing=/mnt/data1/nix/vendor/rust/cargo2nix/submodules/rust-build/compiler/zombie_driver2/target/debug/deps/libtracing-82b3a1ccd9aeceb8.rmeta -L native=/mnt/data1/nix/vendor/rust/cargo2nix/submodules/rust-build/compiler/zombie_driver2/target/debug/build/psm-51115e95e3afce55/out -L native=/mnt/data1/nix/vendor/rust/cargo2nix/submodules/rust-build/compiler/zombie_driver2/target/debug/build/blake3-b449a45f526127c8/out -L native=/mnt/data1/nix/vendor/rust/cargo2nix/submodules/rust-build/compiler/zombie_driver2/target/debug/build/blake3-b449a45f526127c8/out
20:24:41 SKIPPED: rustc --crate-name rustc_mir_dataflow --edition=2024 /mnt/data1/nix/vendor/rust/cargo2nix/submodules/rust-build/compiler/rustc_mir_dataflow/src/lib.rs --error-format=json --json=diagnostic-rendered-ansi,artifacts,future-incompat --crate-type lib --emit=dep-info,metadata,link -C embed-bitcode=no -C debuginfo=2 --check-cfg cfg(docsrs,test) --check-cfg cfg(feature, values()) -C metadata=07deaff6bef59036 -C extra-filename=-d9bd93565b6c46cf --out-dir /mnt/data1/nix/vendor/rust/cargo2nix/submodules/rust-build/compiler/zombie_driver2/target/debug/deps -C incremental=/mnt/data1/nix/vendor/rust/cargo2nix/submodules/rust-build/compiler/zombie_driver2/target/debug/incremental -L dependency=/mnt/data1/nix/vendor/rust/cargo2nix/submodules/rust-build/compiler/zombie_driver2/target/debug/deps --extern polonius_engine=/mnt/data1/nix/vendor/rust/cargo2nix/submodules/rust-build/compiler/zombie_driver2/target/debug/deps/libpolonius_engine-23686739cdbb0d06.rmeta --extern regex=/mnt/data1/nix/vendor/rust/cargo2nix/submodules/rust-build/compiler/zombie_driver2/target/debug/deps/libregex-c94f80ea8f012ba4.rmeta --extern rustc_abi=/mnt/data1/nix/vendor/rust/cargo2nix/submodules/rust-build/compiler/zombie_driver2/target/debug/deps/librustc_abi-adecc4c15d63dbde.rmeta --extern rustc_ast=/mnt/data1/nix/vendor/rust/cargo2nix/submodules/rust-build/compiler/zombie_driver2/target/debug/deps/librustc_ast-892745d5973bca50.rmeta --extern rustc_data_structures=/mnt/data1/nix/vendor/rust/cargo2nix/submodules/rust-build/compiler/zombie_driver2/target/debug/deps/librustc_data_structures-7a05c3f43ea74b8d.rmeta --extern rustc_errors=/mnt/data1/nix/vendor/rust/cargo2nix/submodules/rust-build/compiler/zombie_driver2/target/debug/deps/librustc_errors-042ea83da72fde12.rmeta --extern rustc_fluent_macro=/mnt/data1/nix/vendor/rust/cargo2nix/submodules/rust-build/compiler/zombie_driver2/target/debug/deps/librustc_fluent_macro-d795261342a5a863.so --extern rustc_graphviz=/mnt/data1/nix/vendor/rust/cargo2nix/submodules/rust-build/compiler/zombie_driver2/target/debug/deps/librustc_graphviz-c7812eafe07feea7.rmeta --extern rustc_index=/mnt/data1/nix/vendor/rust/cargo2nix/submodules/rust-build/compiler/zombie_driver2/target/debug/deps/librustc_index-3aa7163ed688dde0.rmeta --extern rustc_macros=/mnt/data1/nix/vendor/rust/cargo2nix/submodules/rust-build/compiler/zombie_driver2/target/debug/deps/librustc_macros-533b3ebf51685542.so --extern rustc_middle=/mnt/data1/nix/vendor/rust/cargo2nix/submodules/rust-build/compiler/zombie_driver2/target/debug/deps/librustc_middle-245c3150683558be.rmeta --extern rustc_span=/mnt/data1/nix/vendor/rust/cargo2nix/submodules/rust-build/compiler/zombie_driver2/target/debug/deps/librustc_span-cca3b45fe3825eda.rmeta --extern smallvec=/mnt/data1/nix/vendor/rust/cargo2nix/submodules/rust-build/compiler/zombie_driver2/target/debug/deps/libsmallvec-3970d95f1529de22.rmeta --extern tracing=/mnt/data1/nix/vendor/rust/cargo2nix/submodules/rust-build/compiler/zombie_driver2/target/debug/deps/libtracing-82b3a1ccd9aeceb8.rmeta -L native=/mnt/data1/nix/vendor/rust/cargo2nix/submodules/rust-build/compiler/zombie_driver2/target/debug/build/psm-51115e95e3afce55/out -L native=/mnt/data1/nix/vendor/rust/cargo2nix/submodules/rust-build/compiler/zombie_driver2/target/debug/build/blake3-b449a45f526127c8/out -L native=/mnt/data1/nix/vendor/rust/cargo2nix/submodules/rust-build/compiler/zombie_driver2/target/debug/build/blake3-b449a45f526127c8/out
20:24:56 SKIPPED: rustc --crate-name rustc_mir_dataflow --edition=2024 /mnt/data1/nix/vendor/rust/cargo2nix/submodules/rust-build/compiler/rustc_mir_dataflow/src/lib.rs --error-format=json --json=diagnostic-rendered-ansi,artifacts,future-incompat --crate-type lib --emit=dep-info,metadata,link -C embed-bitcode=no -C debuginfo=2 --check-cfg cfg(docsrs,test) --check-cfg cfg(feature, values()) -C metadata=07deaff6bef59036 -C extra-filename=-d9bd93565b6c46cf --out-dir /mnt/data1/nix/vendor/rust/cargo2nix/submodules/rust-build/compiler/zombie_driver2/target/debug/deps -C incremental=/mnt/data1/nix/vendor/rust/cargo2nix/submodules/rust-build/compiler/zombie_driver2/target/debug/incremental -L dependency=/mnt/data1/nix/vendor/rust/cargo2nix/submodules/rust-build/compiler/zombie_driver2/target/debug/deps --extern polonius_engine=/mnt/data1/nix/vendor/rust/cargo2nix/submodules/rust-build/compiler/zombie_driver2/target/debug/deps/libpolonius_engine-23686739cdbb0d06.rmeta --extern regex=/mnt/data1/nix/vendor/rust/cargo2nix/submodules/rust-build/compiler/zombie_driver2/target/debug/deps/libregex-c94f80ea8f012ba4.rmeta --extern rustc_abi=/mnt/data1/nix/vendor/rust/cargo2nix/submodules/rust-build/compiler/zombie_driver2/target/debug/deps/librustc_abi-adecc4c15d63dbde.rmeta --extern rustc_ast=/mnt/data1/nix/vendor/rust/cargo2nix/submodules/rust-build/compiler/zombie_driver2/target/debug/deps/librustc_ast-892745d5973bca50.rmeta --extern rustc_data_structures=/mnt/data1/nix/vendor/rust/cargo2nix/submodules/rust-build/compiler/zombie_driver2/target/debug/deps/librustc_data_structures-7a05c3f43ea74b8d.rmeta --extern rustc_errors=/mnt/data1/nix/vendor/rust/cargo2nix/submodules/rust-build/compiler/zombie_driver2/target/debug/deps/librustc_errors-042ea83da72fde12.rmeta --extern rustc_fluent_macro=/mnt/data1/nix/vendor/rust/cargo2nix/submodules/rust-build/compiler/zombie_driver2/target/debug/deps/librustc_fluent_macro-d795261342a5a863.so --extern rustc_graphviz=/mnt/data1/nix/vendor/rust/cargo2nix/submodules/rust-build/compiler/zombie_driver2/target/debug/deps/librustc_graphviz-c7812eafe07feea7.rmeta --extern rustc_index=/mnt/data1/nix/vendor/rust/cargo2nix/submodules/rust-build/compiler/zombie_driver2/target/debug/deps/librustc_index-3aa7163ed688dde0.rmeta --extern rustc_macros=/mnt/data1/nix/vendor/rust/cargo2nix/submodules/rust-build/compiler/zombie_driver2/target/debug/deps/librustc_macros-533b3ebf51685542.so --extern rustc_middle=/mnt/data1/nix/vendor/rust/cargo2nix/submodules/rust-build/compiler/zombie_driver2/target/debug/deps/librustc_middle-245c3150683558be.rmeta --extern rustc_span=/mnt/data1/nix/vendor/rust/cargo2nix/submodules/rust-build/compiler/zombie_driver2/target/debug/deps/librustc_span-cca3b45fe3825eda.rmeta --extern smallvec=/mnt/data1/nix/vendor/rust/cargo2nix/submodules/rust-build/compiler/zombie_driver2/target/debug/deps/libsmallvec-3970d95f1529de22.rmeta --extern tracing=/mnt/data1/nix/vendor/rust/cargo2nix/submodules/rust-build/compiler/zombie_driver2/target/debug/deps/libtracing-82b3a1ccd9aeceb8.rmeta -L native=/mnt/data1/nix/vendor/rust/cargo2nix/submodules/rust-build/compiler/zombie_driver2/target/debug/build/psm-51115e95e3afce55/out -L native=/mnt/data1/nix/vendor/rust/cargo2nix/submodules/rust-build/compiler/zombie_driver2/target/debug/build/blake3-b449a45f526127c8/out -L native=/mnt/data1/nix/vendor/rust/cargo2nix/submodules/rust-build/compiler/zombie_driver2/target/debug/build/blake3-b449a45f526127c8/out
20:26:55 SKIPPED: rustc --crate-name rustc_mir_dataflow --edition=2024 /mnt/data1/nix/vendor/rust/cargo2nix/submodules/rust-build/compiler/rustc_mir_dataflow/src/lib.rs --error-format=json --json=diagnostic-rendered-ansi,artifacts,future-incompat --crate-type lib --emit=dep-info,metadata,link -C embed-bitcode=no -C debuginfo=2 --check-cfg cfg(docsrs,test) --check-cfg cfg(feature, values()) -C metadata=07deaff6bef59036 -C extra-filename=-d9bd93565b6c46cf --out-dir /mnt/data1/nix/vendor/rust/cargo2nix/submodules/rust-build/compiler/zombie_driver2/target/debug/deps -C incremental=/mnt/data1/nix/vendor/rust/cargo2nix/submodules/rust-build/compiler/zombie_driver2/target/debug/incremental -L dependency=/mnt/data1/nix/vendor/rust/cargo2nix/submodules/rust-build/compiler/zombie_driver2/target/debug/deps --extern polonius_engine=/mnt/data1/nix/vendor/rust/cargo2nix/submodules/rust-build/compiler/zombie_driver2/target/debug/deps/libpolonius_engine-23686739cdbb0d06.rmeta --extern regex=/mnt/data1/nix/vendor/rust/cargo2nix/submodules/rust-build/compiler/zombie_driver2/target/debug/deps/libregex-c94f80ea8f012ba4.rmeta --extern rustc_abi=/mnt/data1/nix/vendor/rust/cargo2nix/submodules/rust-build/compiler/zombie_driver2/target/debug/deps/librustc_abi-adecc4c15d63dbde.rmeta --extern rustc_ast=/mnt/data1/nix/vendor/rust/cargo2nix/submodules/rust-build/compiler/zombie_driver2/target/debug/deps/librustc_ast-892745d5973bca50.rmeta --extern rustc_data_structures=/mnt/data1/nix/vendor/rust/cargo2nix/submodules/rust-build/compiler/zombie_driver2/target/debug/deps/librustc_data_structures-7a05c3f43ea74b8d.rmeta --extern rustc_errors=/mnt/data1/nix/vendor/rust/cargo2nix/submodules/rust-build/compiler/zombie_driver2/target/debug/deps/librustc_errors-042ea83da72fde12.rmeta --extern rustc_fluent_macro=/mnt/data1/nix/vendor/rust/cargo2nix/submodules/rust-build/compiler/zombie_driver2/target/debug/deps/librustc_fluent_macro-d795261342a5a863.so --extern rustc_graphviz=/mnt/data1/nix/vendor/rust/cargo2nix/submodules/rust-build/compiler/zombie_driver2/target/debug/deps/librustc_graphviz-c7812eafe07feea7.rmeta --extern rustc_index=/mnt/data1/nix/vendor/rust/cargo2nix/submodules/rust-build/compiler/zombie_driver2/target/debug/deps/librustc_index-3aa7163ed688dde0.rmeta --extern rustc_macros=/mnt/data1/nix/vendor/rust/cargo2nix/submodules/rust-build/compiler/zombie_driver2/target/debug/deps/librustc_macros-533b3ebf51685542.so --extern rustc_middle=/mnt/data1/nix/vendor/rust/cargo2nix/submodules/rust-build/compiler/zombie_driver2/target/debug/deps/librustc_middle-245c3150683558be.rmeta --extern rustc_span=/mnt/data1/nix/vendor/rust/cargo2nix/submodules/rust-build/compiler/zombie_driver2/target/debug/deps/librustc_span-cca3b45fe3825eda.rmeta --extern smallvec=/mnt/data1/nix/vendor/rust/cargo2nix/submodules/rust-build/compiler/zombie_driver2/target/debug/deps/libsmallvec-3970d95f1529de22.rmeta --extern tracing=/mnt/data1/nix/vendor/rust/cargo2nix/submodules/rust-build/compiler/zombie_driver2/target/debug/deps/libtracing-82b3a1ccd9aeceb8.rmeta -L native=/mnt/data1/nix/vendor/rust/cargo2nix/submodules/rust-build/compiler/zombie_driver2/target/debug/build/psm-51115e95e3afce55/out -L native=/mnt/data1/nix/vendor/rust/cargo2nix/submodules/rust-build/compiler/zombie_driver2/target/debug/build/blake3-b449a45f526127c8/out -L native=/mnt/data1/nix/vendor/rust/cargo2nix/submodules/rust-build/compiler/zombie_driver2/target/debug/build/blake3-b449a45f526127c8/out
20:28:33 SKIPPED: rustc --crate-name rustc_mir_dataflow --edition=2024 /mnt/data1/nix/vendor/rust/cargo2nix/submodules/rust-build/compiler/rustc_mir_dataflow/src/lib.rs --error-format=json --json=diagnostic-rendered-ansi,artifacts,future-incompat --crate-type lib --emit=dep-info,metadata,link -C embed-bitcode=no -C debuginfo=2 --check-cfg cfg(docsrs,test) --check-cfg cfg(feature, values()) -C metadata=07deaff6bef59036 -C extra-filename=-d9bd93565b6c46cf --out-dir /mnt/data1/nix/vendor/rust/cargo2nix/submodules/rust-build/compiler/zombie_driver2/target/debug/deps -C incremental=/mnt/data1/nix/vendor/rust/cargo2nix/submodules/rust-build/compiler/zombie_driver2/target/debug/incremental -L dependency=/mnt/data1/nix/vendor/rust/cargo2nix/submodules/rust-build/compiler/zombie_driver2/target/debug/deps --extern polonius_engine=/mnt/data1/nix/vendor/rust/cargo2nix/submodules/rust-build/compiler/zombie_driver2/target/debug/deps/libpolonius_engine-23686739cdbb0d06.rmeta --extern regex=/mnt/data1/nix/vendor/rust/cargo2nix/submodules/rust-build/compiler/zombie_driver2/target/debug/deps/libregex-c94f80ea8f012ba4.rmeta --extern rustc_abi=/mnt/data1/nix/vendor/rust/cargo2nix/submodules/rust-build/compiler/zombie_driver2/target/debug/deps/librustc_abi-adecc4c15d63dbde.rmeta --extern rustc_ast=/mnt/data1/nix/vendor/rust/cargo2nix/submodules/rust-build/compiler/zombie_driver2/target/debug/deps/librustc_ast-892745d5973bca50.rmeta --extern rustc_data_structures=/mnt/data1/nix/vendor/rust/cargo2nix/submodules/rust-build/compiler/zombie_driver2/target/debug/deps/librustc_data_structures-7a05c3f43ea74b8d.rmeta --extern rustc_errors=/mnt/data1/nix/vendor/rust/cargo2nix/submodules/rust-build/compiler/zombie_driver2/target/debug/deps/librustc_errors-042ea83da72fde12.rmeta --extern rustc_fluent_macro=/mnt/data1/nix/vendor/rust/cargo2nix/submodules/rust-build/compiler/zombie_driver2/target/debug/deps/librustc_fluent_macro-d795261342a5a863.so --extern rustc_graphviz=/mnt/data1/nix/vendor/rust/cargo2nix/submodules/rust-build/compiler/zombie_driver2/target/debug/deps/librustc_graphviz-c7812eafe07feea7.rmeta --extern rustc_index=/mnt/data1/nix/vendor/rust/cargo2nix/submodules/rust-build/compiler/zombie_driver2/target/debug/deps/librustc_index-3aa7163ed688dde0.rmeta --extern rustc_macros=/mnt/data1/nix/vendor/rust/cargo2nix/submodules/rust-build/compiler/zombie_driver2/target/debug/deps/librustc_macros-533b3ebf51685542.so --extern rustc_middle=/mnt/data1/nix/vendor/rust/cargo2nix/submodules/rust-build/compiler/zombie_driver2/target/debug/deps/librustc_middle-245c3150683558be.rmeta --extern rustc_span=/mnt/data1/nix/vendor/rust/cargo2nix/submodules/rust-build/compiler/zombie_driver2/target/debug/deps/librustc_span-cca3b45fe3825eda.rmeta --extern smallvec=/mnt/data1/nix/vendor/rust/cargo2nix/submodules/rust-build/compiler/zombie_driver2/target/debug/deps/libsmallvec-3970d95f1529de22.rmeta --extern tracing=/mnt/data1/nix/vendor/rust/cargo2nix/submodules/rust-build/compiler/zombie_driver2/target/debug/deps/libtracing-82b3a1ccd9aeceb8.rmeta -L native=/mnt/data1/nix/vendor/rust/cargo2nix/submodules/rust-build/compiler/zombie_driver2/target/debug/build/psm-51115e95e3afce55/out -L native=/mnt/data1/nix/vendor/rust/cargo2nix/submodules/rust-build/compiler/zombie_driver2/target/debug/build/blake3-b449a45f526127c8/out -L native=/mnt/data1/nix/vendor/rust/cargo2nix/submodules/rust-build/compiler/zombie_driver2/target/debug/build/blake3-b449a45f526127c8/out
20:29:09 SKIPPED: rustc --crate-name rustc_mir_dataflow --edition=2024 /mnt/data1/nix/vendor/rust/cargo2nix/submodules/rust-build/compiler/rustc_mir_dataflow/src/lib.rs --error-format=json --json=diagnostic-rendered-ansi,artifacts,future-incompat --crate-type lib --emit=dep-info,metadata,link -C embed-bitcode=no -C debuginfo=2 --check-cfg cfg(docsrs,test) --check-cfg cfg(feature, values()) -C metadata=07deaff6bef59036 -C extra-filename=-d9bd93565b6c46cf --out-dir /mnt/data1/nix/vendor/rust/cargo2nix/submodules/rust-build/compiler/zombie_driver2/target/debug/deps -C incremental=/mnt/data1/nix/vendor/rust/cargo2nix/submodules/rust-build/compiler/zombie_driver2/target/debug/incremental -L dependency=/mnt/data1/nix/vendor/rust/cargo2nix/submodules/rust-build/compiler/zombie_driver2/target/debug/deps --extern polonius_engine=/mnt/data1/nix/vendor/rust/cargo2nix/submodules/rust-build/compiler/zombie_driver2/target/debug/deps/libpolonius_engine-23686739cdbb0d06.rmeta --extern regex=/mnt/data1/nix/vendor/rust/cargo2nix/submodules/rust-build/compiler/zombie_driver2/target/debug/deps/libregex-c94f80ea8f012ba4.rmeta --extern rustc_abi=/mnt/data1/nix/vendor/rust/cargo2nix/submodules/rust-build/compiler/zombie_driver2/target/debug/deps/librustc_abi-adecc4c15d63dbde.rmeta --extern rustc_ast=/mnt/data1/nix/vendor/rust/cargo2nix/submodules/rust-build/compiler/zombie_driver2/target/debug/deps/librustc_ast-892745d5973bca50.rmeta --extern rustc_data_structures=/mnt/data1/nix/vendor/rust/cargo2nix/submodules/rust-build/compiler/zombie_driver2/target/debug/deps/librustc_data_structures-7a05c3f43ea74b8d.rmeta --extern rustc_errors=/mnt/data1/nix/vendor/rust/cargo2nix/submodules/rust-build/compiler/zombie_driver2/target/debug/deps/librustc_errors-042ea83da72fde12.rmeta --extern rustc_fluent_macro=/mnt/data1/nix/vendor/rust/cargo2nix/submodules/rust-build/compiler/zombie_driver2/target/debug/deps/librustc_fluent_macro-d795261342a5a863.so --extern rustc_graphviz=/mnt/data1/nix/vendor/rust/cargo2nix/submodules/rust-build/compiler/zombie_driver2/target/debug/deps/librustc_graphviz-c7812eafe07feea7.rmeta --extern rustc_index=/mnt/data1/nix/vendor/rust/cargo2nix/submodules/rust-build/compiler/zombie_driver2/target/debug/deps/librustc_index-3aa7163ed688dde0.rmeta --extern rustc_macros=/mnt/data1/nix/vendor/rust/cargo2nix/submodules/rust-build/compiler/zombie_driver2/target/debug/deps/librustc_macros-533b3ebf51685542.so --extern rustc_middle=/mnt/data1/nix/vendor/rust/cargo2nix/submodules/rust-build/compiler/zombie_driver2/target/debug/deps/librustc_middle-245c3150683558be.rmeta --extern rustc_span=/mnt/data1/nix/vendor/rust/cargo2nix/submodules/rust-build/compiler/zombie_driver2/target/debug/deps/librustc_span-cca3b45fe3825eda.rmeta --extern smallvec=/mnt/data1/nix/vendor/rust/cargo2nix/submodules/rust-build/compiler/zombie_driver2/target/debug/deps/libsmallvec-3970d95f1529de22.rmeta --extern tracing=/mnt/data1/nix/vendor/rust/cargo2nix/submodules/rust-build/compiler/zombie_driver2/target/debug/deps/libtracing-82b3a1ccd9aeceb8.rmeta -L native=/mnt/data1/nix/vendor/rust/cargo2nix/submodules/rust-build/compiler/zombie_driver2/target/debug/build/psm-51115e95e3afce55/out -L native=/mnt/data1/nix/vendor/rust/cargo2nix/submodules/rust-build/compiler/zombie_driver2/target/debug/build/blake3-b449a45f526127c8/out -L native=/mnt/data1/nix/vendor/rust/cargo2nix/submodules/rust-build/compiler/zombie_driver2/target/debug/build/blake3-b449a45f526127c8/out
20:31:11 SKIPPED: rustc --crate-name rustc_mir_dataflow --edition=2024 /mnt/data1/nix/vendor/rust/cargo2nix/submodules/rust-build/compiler/rustc_mir_dataflow/src/lib.rs --error-format=json --json=diagnostic-rendered-ansi,artifacts,future-incompat --crate-type lib --emit=dep-info,metadata,link -C embed-bitcode=no -C debuginfo=2 --check-cfg cfg(docsrs,test) --check-cfg cfg(feature, values()) -C metadata=07deaff6bef59036 -C extra-filename=-d9bd93565b6c46cf --out-dir /mnt/data1/nix/vendor/rust/cargo2nix/submodules/rust-build/compiler/zombie_driver2/target/debug/deps -C incremental=/mnt/data1/nix/vendor/rust/cargo2nix/submodules/rust-build/compiler/zombie_driver2/target/debug/incremental -L dependency=/mnt/data1/nix/vendor/rust/cargo2nix/submodules/rust-build/compiler/zombie_driver2/target/debug/deps --extern polonius_engine=/mnt/data1/nix/vendor/rust/cargo2nix/submodules/rust-build/compiler/zombie_driver2/target/debug/deps/libpolonius_engine-23686739cdbb0d06.rmeta --extern regex=/mnt/data1/nix/vendor/rust/cargo2nix/submodules/rust-build/compiler/zombie_driver2/target/debug/deps/libregex-c94f80ea8f012ba4.rmeta --extern rustc_abi=/mnt/data1/nix/vendor/rust/cargo2nix/submodules/rust-build/compiler/zombie_driver2/target/debug/deps/librustc_abi-adecc4c15d63dbde.rmeta --extern rustc_ast=/mnt/data1/nix/vendor/rust/cargo2nix/submodules/rust-build/compiler/zombie_driver2/target/debug/deps/librustc_ast-892745d5973bca50.rmeta --extern rustc_data_structures=/mnt/data1/nix/vendor/rust/cargo2nix/submodules/rust-build/compiler/zombie_driver2/target/debug/deps/librustc_data_structures-7a05c3f43ea74b8d.rmeta --extern rustc_errors=/mnt/data1/nix/vendor/rust/cargo2nix/submodules/rust-build/compiler/zombie_driver2/target/debug/deps/librustc_errors-042ea83da72fde12.rmeta --extern rustc_fluent_macro=/mnt/data1/nix/vendor/rust/cargo2nix/submodules/rust-build/compiler/zombie_driver2/target/debug/deps/librustc_fluent_macro-d795261342a5a863.so --extern rustc_graphviz=/mnt/data1/nix/vendor/rust/cargo2nix/submodules/rust-build/compiler/zombie_driver2/target/debug/deps/librustc_graphviz-c7812eafe07feea7.rmeta --extern rustc_index=/mnt/data1/nix/vendor/rust/cargo2nix/submodules/rust-build/compiler/zombie_driver2/target/debug/deps/librustc_index-3aa7163ed688dde0.rmeta --extern rustc_macros=/mnt/data1/nix/vendor/rust/cargo2nix/submodules/rust-build/compiler/zombie_driver2/target/debug/deps/librustc_macros-533b3ebf51685542.so --extern rustc_middle=/mnt/data1/nix/vendor/rust/cargo2nix/submodules/rust-build/compiler/zombie_driver2/target/debug/deps/librustc_middle-245c3150683558be.rmeta --extern rustc_span=/mnt/data1/nix/vendor/rust/cargo2nix/submodules/rust-build/compiler/zombie_driver2/target/debug/deps/librustc_span-cca3b45fe3825eda.rmeta --extern smallvec=/mnt/data1/nix/vendor/rust/cargo2nix/submodules/rust-build/compiler/zombie_driver2/target/debug/deps/libsmallvec-3970d95f1529de22.rmeta --extern tracing=/mnt/data1/nix/vendor/rust/cargo2nix/submodules/rust-build/compiler/zombie_driver2/target/debug/deps/libtracing-82b3a1ccd9aeceb8.rmeta -L native=/mnt/data1/nix/vendor/rust/cargo2nix/submodules/rust-build/compiler/zombie_driver2/target/debug/build/psm-51115e95e3afce55/out -L native=/mnt/data1/nix/vendor/rust/cargo2nix/submodules/rust-build/compiler/zombie_driver2/target/debug/build/blake3-b449a45f526127c8/out -L native=/mnt/data1/nix/vendor/rust/cargo2nix/submodules/rust-build/compiler/zombie_driver2/target/debug/build/blake3-b449a45f526127c8/out
20:31:55 SKIPPED: rustc --crate-name rustc_mir_dataflow --edition=2024 /mnt/data1/nix/vendor/rust/cargo2nix/submodules/rust-build/compiler/rustc_mir_dataflow/src/lib.rs --error-format=json --json=diagnostic-rendered-ansi,artifacts,future-incompat --crate-type lib --emit=dep-info,metadata,link -C embed-bitcode=no -C debuginfo=2 --check-cfg cfg(docsrs,test) --check-cfg cfg(feature, values()) -C metadata=07deaff6bef59036 -C extra-filename=-d9bd93565b6c46cf --out-dir /mnt/data1/nix/vendor/rust/cargo2nix/submodules/rust-build/compiler/zombie_driver2/target/debug/deps -C incremental=/mnt/data1/nix/vendor/rust/cargo2nix/submodules/rust-build/compiler/zombie_driver2/target/debug/incremental -L dependency=/mnt/data1/nix/vendor/rust/cargo2nix/submodules/rust-build/compiler/zombie_driver2/target/debug/deps --extern polonius_engine=/mnt/data1/nix/vendor/rust/cargo2nix/submodules/rust-build/compiler/zombie_driver2/target/debug/deps/libpolonius_engine-23686739cdbb0d06.rmeta --extern regex=/mnt/data1/nix/vendor/rust/cargo2nix/submodules/rust-build/compiler/zombie_driver2/target/debug/deps/libregex-c94f80ea8f012ba4.rmeta --extern rustc_abi=/mnt/data1/nix/vendor/rust/cargo2nix/submodules/rust-build/compiler/zombie_driver2/target/debug/deps/librustc_abi-adecc4c15d63dbde.rmeta --extern rustc_ast=/mnt/data1/nix/vendor/rust/cargo2nix/submodules/rust-build/compiler/zombie_driver2/target/debug/deps/librustc_ast-892745d5973bca50.rmeta --extern rustc_data_structures=/mnt/data1/nix/vendor/rust/cargo2nix/submodules/rust-build/compiler/zombie_driver2/target/debug/deps/librustc_data_structures-7a05c3f43ea74b8d.rmeta --extern rustc_errors=/mnt/data1/nix/vendor/rust/cargo2nix/submodules/rust-build/compiler/zombie_driver2/target/debug/deps/librustc_errors-042ea83da72fde12.rmeta --extern rustc_fluent_macro=/mnt/data1/nix/vendor/rust/cargo2nix/submodules/rust-build/compiler/zombie_driver2/target/debug/deps/librustc_fluent_macro-d795261342a5a863.so --extern rustc_graphviz=/mnt/data1/nix/vendor/rust/cargo2nix/submodules/rust-build/compiler/zombie_driver2/target/debug/deps/librustc_graphviz-c7812eafe07feea7.rmeta --extern rustc_index=/mnt/data1/nix/vendor/rust/cargo2nix/submodules/rust-build/compiler/zombie_driver2/target/debug/deps/librustc_index-3aa7163ed688dde0.rmeta --extern rustc_macros=/mnt/data1/nix/vendor/rust/cargo2nix/submodules/rust-build/compiler/zombie_driver2/target/debug/deps/librustc_macros-533b3ebf51685542.so --extern rustc_middle=/mnt/data1/nix/vendor/rust/cargo2nix/submodules/rust-build/compiler/zombie_driver2/target/debug/deps/librustc_middle-245c3150683558be.rmeta --extern rustc_span=/mnt/data1/nix/vendor/rust/cargo2nix/submodules/rust-build/compiler/zombie_driver2/target/debug/deps/librustc_span-cca3b45fe3825eda.rmeta --extern smallvec=/mnt/data1/nix/vendor/rust/cargo2nix/submodules/rust-build/compiler/zombie_driver2/target/debug/deps/libsmallvec-3970d95f1529de22.rmeta --extern tracing=/mnt/data1/nix/vendor/rust/cargo2nix/submodules/rust-build/compiler/zombie_driver2/target/debug/deps/libtracing-82b3a1ccd9aeceb8.rmeta -L native=/mnt/data1/nix/vendor/rust/cargo2nix/submodules/rust-build/compiler/zombie_driver2/target/debug/build/psm-51115e95e3afce55/out -L native=/mnt/data1/nix/vendor/rust/cargo2nix/submodules/rust-build/compiler/zombie_driver2/target/debug/build/blake3-b449a45f526127c8/out -L native=/mnt/data1/nix/vendor/rust/cargo2nix/submodules/rust-build/compiler/zombie_driver2/target/debug/build/blake3-b449a45f526127c8/out
20:34:40 SKIPPED: rustc --crate-name rustc_mir_dataflow --edition=2024 /mnt/data1/nix/vendor/rust/cargo2nix/submodules/rust-build/compiler/rustc_mir_dataflow/src/lib.rs --error-format=json --json=diagnostic-rendered-ansi,artifacts,future-incompat --crate-type lib --emit=dep-info,metadata,link -C embed-bitcode=no -C debuginfo=2 --check-cfg cfg(docsrs,test) --check-cfg cfg(feature, values()) -C metadata=07deaff6bef59036 -C extra-filename=-d9bd93565b6c46cf --out-dir /mnt/data1/nix/vendor/rust/cargo2nix/submodules/rust-build/compiler/zombie_driver2/target/debug/deps -C incremental=/mnt/data1/nix/vendor/rust/cargo2nix/submodules/rust-build/compiler/zombie_driver2/target/debug/incremental -L dependency=/mnt/data1/nix/vendor/rust/cargo2nix/submodules/rust-build/compiler/zombie_driver2/target/debug/deps --extern polonius_engine=/mnt/data1/nix/vendor/rust/cargo2nix/submodules/rust-build/compiler/zombie_driver2/target/debug/deps/libpolonius_engine-23686739cdbb0d06.rmeta --extern regex=/mnt/data1/nix/vendor/rust/cargo2nix/submodules/rust-build/compiler/zombie_driver2/target/debug/deps/libregex-c94f80ea8f012ba4.rmeta --extern rustc_abi=/mnt/data1/nix/vendor/rust/cargo2nix/submodules/rust-build/compiler/zombie_driver2/target/debug/deps/librustc_abi-adecc4c15d63dbde.rmeta --extern rustc_ast=/mnt/data1/nix/vendor/rust/cargo2nix/submodules/rust-build/compiler/zombie_driver2/target/debug/deps/librustc_ast-892745d5973bca50.rmeta --extern rustc_data_structures=/mnt/data1/nix/vendor/rust/cargo2nix/submodules/rust-build/compiler/zombie_driver2/target/debug/deps/librustc_data_structures-7a05c3f43ea74b8d.rmeta --extern rustc_errors=/mnt/data1/nix/vendor/rust/cargo2nix/submodules/rust-build/compiler/zombie_driver2/target/debug/deps/librustc_errors-042ea83da72fde12.rmeta --extern rustc_fluent_macro=/mnt/data1/nix/vendor/rust/cargo2nix/submodules/rust-build/compiler/zombie_driver2/target/debug/deps/librustc_fluent_macro-d795261342a5a863.so --extern rustc_graphviz=/mnt/data1/nix/vendor/rust/cargo2nix/submodules/rust-build/compiler/zombie_driver2/target/debug/deps/librustc_graphviz-c7812eafe07feea7.rmeta --extern rustc_index=/mnt/data1/nix/vendor/rust/cargo2nix/submodules/rust-build/compiler/zombie_driver2/target/debug/deps/librustc_index-3aa7163ed688dde0.rmeta --extern rustc_macros=/mnt/data1/nix/vendor/rust/cargo2nix/submodules/rust-build/compiler/zombie_driver2/target/debug/deps/librustc_macros-533b3ebf51685542.so --extern rustc_middle=/mnt/data1/nix/vendor/rust/cargo2nix/submodules/rust-build/compiler/zombie_driver2/target/debug/deps/librustc_middle-245c3150683558be.rmeta --extern rustc_span=/mnt/data1/nix/vendor/rust/cargo2nix/submodules/rust-build/compiler/zombie_driver2/target/debug/deps/librustc_span-cca3b45fe3825eda.rmeta --extern smallvec=/mnt/data1/nix/vendor/rust/cargo2nix/submodules/rust-build/compiler/zombie_driver2/target/debug/deps/libsmallvec-3970d95f1529de22.rmeta --extern tracing=/mnt/data1/nix/vendor/rust/cargo2nix/submodules/rust-build/compiler/zombie_driver2/target/debug/deps/libtracing-82b3a1ccd9aeceb8.rmeta -L native=/mnt/data1/nix/vendor/rust/cargo2nix/submodules/rust-build/compiler/zombie_driver2/target/debug/build/psm-51115e95e3afce55/out -L native=/mnt/data1/nix/vendor/rust/cargo2nix/submodules/rust-build/compiler/zombie_driver2/target/debug/build/blake3-b449a45f526127c8/out -L native=/mnt/data1/nix/vendor/rust/cargo2nix/submodules/rust-build/compiler/zombie_driver2/target/debug/build/blake3-b449a45f526127c8/out
20:34:59 SKIPPED: rustc --crate-name rustc_mir_dataflow --edition=2024 /mnt/data1/nix/vendor/rust/cargo2nix/submodules/rust-build/compiler/rustc_mir_dataflow/src/lib.rs --error-format=json --json=diagnostic-rendered-ansi,artifacts,future-incompat --crate-type lib --emit=dep-info,metadata,link -C embed-bitcode=no -C debuginfo=2 --check-cfg cfg(docsrs,test) --check-cfg cfg(feature, values()) -C metadata=07deaff6bef59036 -C extra-filename=-d9bd93565b6c46cf --out-dir /mnt/data1/nix/vendor/rust/cargo2nix/submodules/rust-build/compiler/zombie_driver2/target/debug/deps -C incremental=/mnt/data1/nix/vendor/rust/cargo2nix/submodules/rust-build/compiler/zombie_driver2/target/debug/incremental -L dependency=/mnt/data1/nix/vendor/rust/cargo2nix/submodules/rust-build/compiler/zombie_driver2/target/debug/deps --extern polonius_engine=/mnt/data1/nix/vendor/rust/cargo2nix/submodules/rust-build/compiler/zombie_driver2/target/debug/deps/libpolonius_engine-23686739cdbb0d06.rmeta --extern regex=/mnt/data1/nix/vendor/rust/cargo2nix/submodules/rust-build/compiler/zombie_driver2/target/debug/deps/libregex-c94f80ea8f012ba4.rmeta --extern rustc_abi=/mnt/data1/nix/vendor/rust/cargo2nix/submodules/rust-build/compiler/zombie_driver2/target/debug/deps/librustc_abi-adecc4c15d63dbde.rmeta --extern rustc_ast=/mnt/data1/nix/vendor/rust/cargo2nix/submodules/rust-build/compiler/zombie_driver2/target/debug/deps/librustc_ast-892745d5973bca50.rmeta --extern rustc_data_structures=/mnt/data1/nix/vendor/rust/cargo2nix/submodules/rust-build/compiler/zombie_driver2/target/debug/deps/librustc_data_structures-7a05c3f43ea74b8d.rmeta --extern rustc_errors=/mnt/data1/nix/vendor/rust/cargo2nix/submodules/rust-build/compiler/zombie_driver2/target/debug/deps/librustc_errors-042ea83da72fde12.rmeta --extern rustc_fluent_macro=/mnt/data1/nix/vendor/rust/cargo2nix/submodules/rust-build/compiler/zombie_driver2/target/debug/deps/librustc_fluent_macro-d795261342a5a863.so --extern rustc_graphviz=/mnt/data1/nix/vendor/rust/cargo2nix/submodules/rust-build/compiler/zombie_driver2/target/debug/deps/librustc_graphviz-c7812eafe07feea7.rmeta --extern rustc_index=/mnt/data1/nix/vendor/rust/cargo2nix/submodules/rust-build/compiler/zombie_driver2/target/debug/deps/librustc_index-3aa7163ed688dde0.rmeta --extern rustc_macros=/mnt/data1/nix/vendor/rust/cargo2nix/submodules/rust-build/compiler/zombie_driver2/target/debug/deps/librustc_macros-533b3ebf51685542.so --extern rustc_middle=/mnt/data1/nix/vendor/rust/cargo2nix/submodules/rust-build/compiler/zombie_driver2/target/debug/deps/librustc_middle-245c3150683558be.rmeta --extern rustc_span=/mnt/data1/nix/vendor/rust/cargo2nix/submodules/rust-build/compiler/zombie_driver2/target/debug/deps/librustc_span-cca3b45fe3825eda.rmeta --extern smallvec=/mnt/data1/nix/vendor/rust/cargo2nix/submodules/rust-build/compiler/zombie_driver2/target/debug/deps/libsmallvec-3970d95f1529de22.rmeta --extern tracing=/mnt/data1/nix/vendor/rust/cargo2nix/submodules/rust-build/compiler/zombie_driver2/target/debug/deps/libtracing-82b3a1ccd9aeceb8.rmeta -L native=/mnt/data1/nix/vendor/rust/cargo2nix/submodules/rust-build/compiler/zombie_driver2/target/debug/build/psm-51115e95e3afce55/out -L native=/mnt/data1/nix/vendor/rust/cargo2nix/submodules/rust-build/compiler/zombie_driver2/target/debug/build/blake3-b449a45f526127c8/out -L native=/mnt/data1/nix/vendor/rust/cargo2nix/submodules/rust-build/compiler/zombie_driver2/target/debug/build/blake3-b449a45f526127c8/out
20:35:46 SKIPPED: rustc --crate-name rustc_mir_dataflow --edition=2024 /mnt/data1/nix/vendor/rust/cargo2nix/submodules/rust-build/compiler/rustc_mir_dataflow/src/lib.rs --error-format=json --json=diagnostic-rendered-ansi,artifacts,future-incompat --crate-type lib --emit=dep-info,metadata,link -C embed-bitcode=no -C debuginfo=2 --check-cfg cfg(docsrs,test) --check-cfg cfg(feature, values()) -C metadata=07deaff6bef59036 -C extra-filename=-d9bd93565b6c46cf --out-dir /mnt/data1/nix/vendor/rust/cargo2nix/submodules/rust-build/compiler/zombie_driver2/target/debug/deps -C incremental=/mnt/data1/nix/vendor/rust/cargo2nix/submodules/rust-build/compiler/zombie_driver2/target/debug/incremental -L dependency=/mnt/data1/nix/vendor/rust/cargo2nix/submodules/rust-build/compiler/zombie_driver2/target/debug/deps --extern polonius_engine=/mnt/data1/nix/vendor/rust/cargo2nix/submodules/rust-build/compiler/zombie_driver2/target/debug/deps/libpolonius_engine-23686739cdbb0d06.rmeta --extern regex=/mnt/data1/nix/vendor/rust/cargo2nix/submodules/rust-build/compiler/zombie_driver2/target/debug/deps/libregex-c94f80ea8f012ba4.rmeta --extern rustc_abi=/mnt/data1/nix/vendor/rust/cargo2nix/submodules/rust-build/compiler/zombie_driver2/target/debug/deps/librustc_abi-adecc4c15d63dbde.rmeta --extern rustc_ast=/mnt/data1/nix/vendor/rust/cargo2nix/submodules/rust-build/compiler/zombie_driver2/target/debug/deps/librustc_ast-892745d5973bca50.rmeta --extern rustc_data_structures=/mnt/data1/nix/vendor/rust/cargo2nix/submodules/rust-build/compiler/zombie_driver2/target/debug/deps/librustc_data_structures-7a05c3f43ea74b8d.rmeta --extern rustc_errors=/mnt/data1/nix/vendor/rust/cargo2nix/submodules/rust-build/compiler/zombie_driver2/target/debug/deps/librustc_errors-042ea83da72fde12.rmeta --extern rustc_fluent_macro=/mnt/data1/nix/vendor/rust/cargo2nix/submodules/rust-build/compiler/zombie_driver2/target/debug/deps/librustc_fluent_macro-d795261342a5a863.so --extern rustc_graphviz=/mnt/data1/nix/vendor/rust/cargo2nix/submodules/rust-build/compiler/zombie_driver2/target/debug/deps/librustc_graphviz-c7812eafe07feea7.rmeta --extern rustc_index=/mnt/data1/nix/vendor/rust/cargo2nix/submodules/rust-build/compiler/zombie_driver2/target/debug/deps/librustc_index-3aa7163ed688dde0.rmeta --extern rustc_macros=/mnt/data1/nix/vendor/rust/cargo2nix/submodules/rust-build/compiler/zombie_driver2/target/debug/deps/librustc_macros-533b3ebf51685542.so --extern rustc_middle=/mnt/data1/nix/vendor/rust/cargo2nix/submodules/rust-build/compiler/zombie_driver2/target/debug/deps/librustc_middle-245c3150683558be.rmeta --extern rustc_span=/mnt/data1/nix/vendor/rust/cargo2nix/submodules/rust-build/compiler/zombie_driver2/target/debug/deps/librustc_span-cca3b45fe3825eda.rmeta --extern smallvec=/mnt/data1/nix/vendor/rust/cargo2nix/submodules/rust-build/compiler/zombie_driver2/target/debug/deps/libsmallvec-3970d95f1529de22.rmeta --extern tracing=/mnt/data1/nix/vendor/rust/cargo2nix/submodules/rust-build/compiler/zombie_driver2/target/debug/deps/libtracing-82b3a1ccd9aeceb8.rmeta -L native=/mnt/data1/nix/vendor/rust/cargo2nix/submodules/rust-build/compiler/zombie_driver2/target/debug/build/psm-51115e95e3afce55/out -L native=/mnt/data1/nix/vendor/rust/cargo2nix/submodules/rust-build/compiler/zombie_driver2/target/debug/build/blake3-b449a45f526127c8/out -L native=/mnt/data1/nix/vendor/rust/cargo2nix/submodules/rust-build/compiler/zombie_driver2/target/debug/build/blake3-b449a45f526127c8/out
20:36:03 SKIPPED: rustc --crate-name rustc_mir_dataflow --edition=2024 /mnt/data1/nix/vendor/rust/cargo2nix/submodules/rust-build/compiler/rustc_mir_dataflow/src/lib.rs --error-format=json --json=diagnostic-rendered-ansi,artifacts,future-incompat --crate-type lib --emit=dep-info,metadata,link -C embed-bitcode=no -C debuginfo=2 --check-cfg cfg(docsrs,test) --check-cfg cfg(feature, values()) -C metadata=07deaff6bef59036 -C extra-filename=-d9bd93565b6c46cf --out-dir /mnt/data1/nix/vendor/rust/cargo2nix/submodules/rust-build/compiler/zombie_driver2/target/debug/deps -C incremental=/mnt/data1/nix/vendor/rust/cargo2nix/submodules/rust-build/compiler/zombie_driver2/target/debug/incremental -L dependency=/mnt/data1/nix/vendor/rust/cargo2nix/submodules/rust-build/compiler/zombie_driver2/target/debug/deps --extern polonius_engine=/mnt/data1/nix/vendor/rust/cargo2nix/submodules/rust-build/compiler/zombie_driver2/target/debug/deps/libpolonius_engine-23686739cdbb0d06.rmeta --extern regex=/mnt/data1/nix/vendor/rust/cargo2nix/submodules/rust-build/compiler/zombie_driver2/target/debug/deps/libregex-c94f80ea8f012ba4.rmeta --extern rustc_abi=/mnt/data1/nix/vendor/rust/cargo2nix/submodules/rust-build/compiler/zombie_driver2/target/debug/deps/librustc_abi-adecc4c15d63dbde.rmeta --extern rustc_ast=/mnt/data1/nix/vendor/rust/cargo2nix/submodules/rust-build/compiler/zombie_driver2/target/debug/deps/librustc_ast-892745d5973bca50.rmeta --extern rustc_data_structures=/mnt/data1/nix/vendor/rust/cargo2nix/submodules/rust-build/compiler/zombie_driver2/target/debug/deps/librustc_data_structures-7a05c3f43ea74b8d.rmeta --extern rustc_errors=/mnt/data1/nix/vendor/rust/cargo2nix/submodules/rust-build/compiler/zombie_driver2/target/debug/deps/librustc_errors-042ea83da72fde12.rmeta --extern rustc_fluent_macro=/mnt/data1/nix/vendor/rust/cargo2nix/submodules/rust-build/compiler/zombie_driver2/target/debug/deps/librustc_fluent_macro-d795261342a5a863.so --extern rustc_graphviz=/mnt/data1/nix/vendor/rust/cargo2nix/submodules/rust-build/compiler/zombie_driver2/target/debug/deps/librustc_graphviz-c7812eafe07feea7.rmeta --extern rustc_index=/mnt/data1/nix/vendor/rust/cargo2nix/submodules/rust-build/compiler/zombie_driver2/target/debug/deps/librustc_index-3aa7163ed688dde0.rmeta --extern rustc_macros=/mnt/data1/nix/vendor/rust/cargo2nix/submodules/rust-build/compiler/zombie_driver2/target/debug/deps/librustc_macros-533b3ebf51685542.so --extern rustc_middle=/mnt/data1/nix/vendor/rust/cargo2nix/submodules/rust-build/compiler/zombie_driver2/target/debug/deps/librustc_middle-245c3150683558be.rmeta --extern rustc_span=/mnt/data1/nix/vendor/rust/cargo2nix/submodules/rust-build/compiler/zombie_driver2/target/debug/deps/librustc_span-cca3b45fe3825eda.rmeta --extern smallvec=/mnt/data1/nix/vendor/rust/cargo2nix/submodules/rust-build/compiler/zombie_driver2/target/debug/deps/libsmallvec-3970d95f1529de22.rmeta --extern tracing=/mnt/data1/nix/vendor/rust/cargo2nix/submodules/rust-build/compiler/zombie_driver2/target/debug/deps/libtracing-82b3a1ccd9aeceb8.rmeta -L native=/mnt/data1/nix/vendor/rust/cargo2nix/submodules/rust-build/compiler/zombie_driver2/target/debug/build/psm-51115e95e3afce55/out -L native=/mnt/data1/nix/vendor/rust/cargo2nix/submodules/rust-build/compiler/zombie_driver2/target/debug/build/blake3-b449a45f526127c8/out -L native=/mnt/data1/nix/vendor/rust/cargo2nix/submodules/rust-build/compiler/zombie_driver2/target/debug/build/blake3-b449a45f526127c8/out
20:36:30 SKIPPED: rustc --crate-name rustc_mir_dataflow --edition=2024 /mnt/data1/nix/vendor/rust/cargo2nix/submodules/rust-build/compiler/rustc_mir_dataflow/src/lib.rs --error-format=json --json=diagnostic-rendered-ansi,artifacts,future-incompat --crate-type lib --emit=dep-info,metadata,link -C embed-bitcode=no -C debuginfo=2 --check-cfg cfg(docsrs,test) --check-cfg cfg(feature, values()) -C metadata=07deaff6bef59036 -C extra-filename=-d9bd93565b6c46cf --out-dir /mnt/data1/nix/vendor/rust/cargo2nix/submodules/rust-build/compiler/zombie_driver2/target/debug/deps -C incremental=/mnt/data1/nix/vendor/rust/cargo2nix/submodules/rust-build/compiler/zombie_driver2/target/debug/incremental -L dependency=/mnt/data1/nix/vendor/rust/cargo2nix/submodules/rust-build/compiler/zombie_driver2/target/debug/deps --extern polonius_engine=/mnt/data1/nix/vendor/rust/cargo2nix/submodules/rust-build/compiler/zombie_driver2/target/debug/deps/libpolonius_engine-23686739cdbb0d06.rmeta --extern regex=/mnt/data1/nix/vendor/rust/cargo2nix/submodules/rust-build/compiler/zombie_driver2/target/debug/deps/libregex-c94f80ea8f012ba4.rmeta --extern rustc_abi=/mnt/data1/nix/vendor/rust/cargo2nix/submodules/rust-build/compiler/zombie_driver2/target/debug/deps/librustc_abi-adecc4c15d63dbde.rmeta --extern rustc_ast=/mnt/data1/nix/vendor/rust/cargo2nix/submodules/rust-build/compiler/zombie_driver2/target/debug/deps/librustc_ast-892745d5973bca50.rmeta --extern rustc_data_structures=/mnt/data1/nix/vendor/rust/cargo2nix/submodules/rust-build/compiler/zombie_driver2/target/debug/deps/librustc_data_structures-7a05c3f43ea74b8d.rmeta --extern rustc_errors=/mnt/data1/nix/vendor/rust/cargo2nix/submodules/rust-build/compiler/zombie_driver2/target/debug/deps/librustc_errors-042ea83da72fde12.rmeta --extern rustc_fluent_macro=/mnt/data1/nix/vendor/rust/cargo2nix/submodules/rust-build/compiler/zombie_driver2/target/debug/deps/librustc_fluent_macro-d795261342a5a863.so --extern rustc_graphviz=/mnt/data1/nix/vendor/rust/cargo2nix/submodules/rust-build/compiler/zombie_driver2/target/debug/deps/librustc_graphviz-c7812eafe07feea7.rmeta --extern rustc_index=/mnt/data1/nix/vendor/rust/cargo2nix/submodules/rust-build/compiler/zombie_driver2/target/debug/deps/librustc_index-3aa7163ed688dde0.rmeta --extern rustc_macros=/mnt/data1/nix/vendor/rust/cargo2nix/submodules/rust-build/compiler/zombie_driver2/target/debug/deps/librustc_macros-533b3ebf51685542.so --extern rustc_middle=/mnt/data1/nix/vendor/rust/cargo2nix/submodules/rust-build/compiler/zombie_driver2/target/debug/deps/librustc_middle-245c3150683558be.rmeta --extern rustc_span=/mnt/data1/nix/vendor/rust/cargo2nix/submodules/rust-build/compiler/zombie_driver2/target/debug/deps/librustc_span-cca3b45fe3825eda.rmeta --extern smallvec=/mnt/data1/nix/vendor/rust/cargo2nix/submodules/rust-build/compiler/zombie_driver2/target/debug/deps/libsmallvec-3970d95f1529de22.rmeta --extern tracing=/mnt/data1/nix/vendor/rust/cargo2nix/submodules/rust-build/compiler/zombie_driver2/target/debug/deps/libtracing-82b3a1ccd9aeceb8.rmeta -L native=/mnt/data1/nix/vendor/rust/cargo2nix/submodules/rust-build/compiler/zombie_driver2/target/debug/build/psm-51115e95e3afce55/out -L native=/mnt/data1/nix/vendor/rust/cargo2nix/submodules/rust-build/compiler/zombie_driver2/target/debug/build/blake3-b449a45f526127c8/out -L native=/mnt/data1/nix/vendor/rust/cargo2nix/submodules/rust-build/compiler/zombie_driver2/target/debug/build/blake3-b449a45f526127c8/out
20:58:08 SKIPPED: rustc --crate-name rustc_mir_dataflow --edition=2024 /mnt/data1/nix/vendor/rust/cargo2nix/submodules/rust-build/compiler/rustc_mir_dataflow/src/lib.rs --error-format=json --json=diagnostic-rendered-ansi,artifacts,future-incompat --crate-type lib --emit=dep-info,metadata,link -C embed-bitcode=no -C debuginfo=2 --check-cfg cfg(docsrs,test) --check-cfg cfg(feature, values()) -C metadata=07deaff6bef59036 -C extra-filename=-d9bd93565b6c46cf --out-dir /mnt/data1/nix/vendor/rust/cargo2nix/submodules/rust-build/compiler/zombie_driver2/target/debug/deps -C incremental=/mnt/data1/nix/vendor/rust/cargo2nix/submodules/rust-build/compiler/zombie_driver2/target/debug/incremental -L dependency=/mnt/data1/nix/vendor/rust/cargo2nix/submodules/rust-build/compiler/zombie_driver2/target/debug/deps --extern polonius_engine=/mnt/data1/nix/vendor/rust/cargo2nix/submodules/rust-build/compiler/zombie_driver2/target/debug/deps/libpolonius_engine-23686739cdbb0d06.rmeta --extern regex=/mnt/data1/nix/vendor/rust/cargo2nix/submodules/rust-build/compiler/zombie_driver2/target/debug/deps/libregex-c94f80ea8f012ba4.rmeta --extern rustc_abi=/mnt/data1/nix/vendor/rust/cargo2nix/submodules/rust-build/compiler/zombie_driver2/target/debug/deps/librustc_abi-adecc4c15d63dbde.rmeta --extern rustc_ast=/mnt/data1/nix/vendor/rust/cargo2nix/submodules/rust-build/compiler/zombie_driver2/target/debug/deps/librustc_ast-892745d5973bca50.rmeta --extern rustc_data_structures=/mnt/data1/nix/vendor/rust/cargo2nix/submodules/rust-build/compiler/zombie_driver2/target/debug/deps/librustc_data_structures-7a05c3f43ea74b8d.rmeta --extern rustc_errors=/mnt/data1/nix/vendor/rust/cargo2nix/submodules/rust-build/compiler/zombie_driver2/target/debug/deps/librustc_errors-042ea83da72fde12.rmeta --extern rustc_fluent_macro=/mnt/data1/nix/vendor/rust/cargo2nix/submodules/rust-build/compiler/zombie_driver2/target/debug/deps/librustc_fluent_macro-d795261342a5a863.so --extern rustc_graphviz=/mnt/data1/nix/vendor/rust/cargo2nix/submodules/rust-build/compiler/zombie_driver2/target/debug/deps/librustc_graphviz-c7812eafe07feea7.rmeta --extern rustc_index=/mnt/data1/nix/vendor/rust/cargo2nix/submodules/rust-build/compiler/zombie_driver2/target/debug/deps/librustc_index-3aa7163ed688dde0.rmeta --extern rustc_macros=/mnt/data1/nix/vendor/rust/cargo2nix/submodules/rust-build/compiler/zombie_driver2/target/debug/deps/librustc_macros-533b3ebf51685542.so --extern rustc_middle=/mnt/data1/nix/vendor/rust/cargo2nix/submodules/rust-build/compiler/zombie_driver2/target/debug/deps/librustc_middle-245c3150683558be.rmeta --extern rustc_span=/mnt/data1/nix/vendor/rust/cargo2nix/submodules/rust-build/compiler/zombie_driver2/target/debug/deps/librustc_span-cca3b45fe3825eda.rmeta --extern smallvec=/mnt/data1/nix/vendor/rust/cargo2nix/submodules/rust-build/compiler/zombie_driver2/target/debug/deps/libsmallvec-3970d95f1529de22.rmeta --extern tracing=/mnt/data1/nix/vendor/rust/cargo2nix/submodules/rust-build/compiler/zombie_driver2/target/debug/deps/libtracing-82b3a1ccd9aeceb8.rmeta -L native=/mnt/data1/nix/vendor/rust/cargo2nix/submodules/rust-build/compiler/zombie_driver2/target/debug/build/psm-51115e95e3afce55/out -L native=/mnt/data1/nix/vendor/rust/cargo2nix/submodules/rust-build/compiler/zombie_driver2/target/debug/build/blake3-b449a45f526127c8/out -L native=/mnt/data1/nix/vendor/rust/cargo2nix/submodules/rust-build/compiler/zombie_driver2/target/debug/build/blake3-b449a45f526127c8/out
21:05:35 SKIPPED: rustc --crate-name rustc_mir_dataflow --edition=2024 /mnt/data1/nix/vendor/rust/cargo2nix/submodules/rust-build/compiler/rustc_mir_dataflow/src/lib.rs --error-format=json --json=diagnostic-rendered-ansi,artifacts,future-incompat --crate-type lib --emit=dep-info,metadata,link -C embed-bitcode=no -C debuginfo=2 --check-cfg cfg(docsrs,test) --check-cfg cfg(feature, values()) -C metadata=07deaff6bef59036 -C extra-filename=-d9bd93565b6c46cf --out-dir /mnt/data1/nix/vendor/rust/cargo2nix/submodules/rust-build/compiler/zombie_driver2/target/debug/deps -C incremental=/mnt/data1/nix/vendor/rust/cargo2nix/submodules/rust-build/compiler/zombie_driver2/target/debug/incremental -L dependency=/mnt/data1/nix/vendor/rust/cargo2nix/submodules/rust-build/compiler/zombie_driver2/target/debug/deps --extern polonius_engine=/mnt/data1/nix/vendor/rust/cargo2nix/submodules/rust-build/compiler/zombie_driver2/target/debug/deps/libpolonius_engine-23686739cdbb0d06.rmeta --extern regex=/mnt/data1/nix/vendor/rust/cargo2nix/submodules/rust-build/compiler/zombie_driver2/target/debug/deps/libregex-c94f80ea8f012ba4.rmeta --extern rustc_abi=/mnt/data1/nix/vendor/rust/cargo2nix/submodules/rust-build/compiler/zombie_driver2/target/debug/deps/librustc_abi-adecc4c15d63dbde.rmeta --extern rustc_ast=/mnt/data1/nix/vendor/rust/cargo2nix/submodules/rust-build/compiler/zombie_driver2/target/debug/deps/librustc_ast-892745d5973bca50.rmeta --extern rustc_data_structures=/mnt/data1/nix/vendor/rust/cargo2nix/submodules/rust-build/compiler/zombie_driver2/target/debug/deps/librustc_data_structures-7a05c3f43ea74b8d.rmeta --extern rustc_errors=/mnt/data1/nix/vendor/rust/cargo2nix/submodules/rust-build/compiler/zombie_driver2/target/debug/deps/librustc_errors-042ea83da72fde12.rmeta --extern rustc_fluent_macro=/mnt/data1/nix/vendor/rust/cargo2nix/submodules/rust-build/compiler/zombie_driver2/target/debug/deps/librustc_fluent_macro-d795261342a5a863.so --extern rustc_graphviz=/mnt/data1/nix/vendor/rust/cargo2nix/submodules/rust-build/compiler/zombie_driver2/target/debug/deps/librustc_graphviz-c7812eafe07feea7.rmeta --extern rustc_index=/mnt/data1/nix/vendor/rust/cargo2nix/submodules/rust-build/compiler/zombie_driver2/target/debug/deps/librustc_index-3aa7163ed688dde0.rmeta --extern rustc_macros=/mnt/data1/nix/vendor/rust/cargo2nix/submodules/rust-build/compiler/zombie_driver2/target/debug/deps/librustc_macros-533b3ebf51685542.so --extern rustc_middle=/mnt/data1/nix/vendor/rust/cargo2nix/submodules/rust-build/compiler/zombie_driver2/target/debug/deps/librustc_middle-245c3150683558be.rmeta --extern rustc_span=/mnt/data1/nix/vendor/rust/cargo2nix/submodules/rust-build/compiler/zombie_driver2/target/debug/deps/librustc_span-cca3b45fe3825eda.rmeta --extern smallvec=/mnt/data1/nix/vendor/rust/cargo2nix/submodules/rust-build/compiler/zombie_driver2/target/debug/deps/libsmallvec-3970d95f1529de22.rmeta --extern tracing=/mnt/data1/nix/vendor/rust/cargo2nix/submodules/rust-build/compiler/zombie_driver2/target/debug/deps/libtracing-82b3a1ccd9aeceb8.rmeta -L native=/mnt/data1/nix/vendor/rust/cargo2nix/submodules/rust-build/compiler/zombie_driver2/target/debug/build/psm-51115e95e3afce55/out -L native=/mnt/data1/nix/vendor/rust/cargo2nix/submodules/rust-build/compiler/zombie_driver2/target/debug/build/blake3-b449a45f526127c8/out -L native=/mnt/data1/nix/vendor/rust/cargo2nix/submodules/rust-build/compiler/zombie_driver2/target/debug/build/blake3-b449a45f526127c8/out
21:05:44 SKIPPED: rustc --crate-name rustc_mir_dataflow --edition=2024 /mnt/data1/nix/vendor/rust/cargo2nix/submodules/rust-build/compiler/rustc_mir_dataflow/src/lib.rs --error-format=json --json=diagnostic-rendered-ansi,artifacts,future-incompat --crate-type lib --emit=dep-info,metadata,link -C embed-bitcode=no -C debuginfo=2 --check-cfg cfg(docsrs,test) --check-cfg cfg(feature, values()) -C metadata=07deaff6bef59036 -C extra-filename=-d9bd93565b6c46cf --out-dir /mnt/data1/nix/vendor/rust/cargo2nix/submodules/rust-build/compiler/zombie_driver2/target/debug/deps -C incremental=/mnt/data1/nix/vendor/rust/cargo2nix/submodules/rust-build/compiler/zombie_driver2/target/debug/incremental -L dependency=/mnt/data1/nix/vendor/rust/cargo2nix/submodules/rust-build/compiler/zombie_driver2/target/debug/deps --extern polonius_engine=/mnt/data1/nix/vendor/rust/cargo2nix/submodules/rust-build/compiler/zombie_driver2/target/debug/deps/libpolonius_engine-23686739cdbb0d06.rmeta --extern regex=/mnt/data1/nix/vendor/rust/cargo2nix/submodules/rust-build/compiler/zombie_driver2/target/debug/deps/libregex-c94f80ea8f012ba4.rmeta --extern rustc_abi=/mnt/data1/nix/vendor/rust/cargo2nix/submodules/rust-build/compiler/zombie_driver2/target/debug/deps/librustc_abi-adecc4c15d63dbde.rmeta --extern rustc_ast=/mnt/data1/nix/vendor/rust/cargo2nix/submodules/rust-build/compiler/zombie_driver2/target/debug/deps/librustc_ast-892745d5973bca50.rmeta --extern rustc_data_structures=/mnt/data1/nix/vendor/rust/cargo2nix/submodules/rust-build/compiler/zombie_driver2/target/debug/deps/librustc_data_structures-7a05c3f43ea74b8d.rmeta --extern rustc_errors=/mnt/data1/nix/vendor/rust/cargo2nix/submodules/rust-build/compiler/zombie_driver2/target/debug/deps/librustc_errors-042ea83da72fde12.rmeta --extern rustc_fluent_macro=/mnt/data1/nix/vendor/rust/cargo2nix/submodules/rust-build/compiler/zombie_driver2/target/debug/deps/librustc_fluent_macro-d795261342a5a863.so --extern rustc_graphviz=/mnt/data1/nix/vendor/rust/cargo2nix/submodules/rust-build/compiler/zombie_driver2/target/debug/deps/librustc_graphviz-c7812eafe07feea7.rmeta --extern rustc_index=/mnt/data1/nix/vendor/rust/cargo2nix/submodules/rust-build/compiler/zombie_driver2/target/debug/deps/librustc_index-3aa7163ed688dde0.rmeta --extern rustc_macros=/mnt/data1/nix/vendor/rust/cargo2nix/submodules/rust-build/compiler/zombie_driver2/target/debug/deps/librustc_macros-533b3ebf51685542.so --extern rustc_middle=/mnt/data1/nix/vendor/rust/cargo2nix/submodules/rust-build/compiler/zombie_driver2/target/debug/deps/librustc_middle-245c3150683558be.rmeta --extern rustc_span=/mnt/data1/nix/vendor/rust/cargo2nix/submodules/rust-build/compiler/zombie_driver2/target/debug/deps/librustc_span-cca3b45fe3825eda.rmeta --extern smallvec=/mnt/data1/nix/vendor/rust/cargo2nix/submodules/rust-build/compiler/zombie_driver2/target/debug/deps/libsmallvec-3970d95f1529de22.rmeta --extern tracing=/mnt/data1/nix/vendor/rust/cargo2nix/submodules/rust-build/compiler/zombie_driver2/target/debug/deps/libtracing-82b3a1ccd9aeceb8.rmeta -L native=/mnt/data1/nix/vendor/rust/cargo2nix/submodules/rust-build/compiler/zombie_driver2/target/debug/build/psm-51115e95e3afce55/out -L native=/mnt/data1/nix/vendor/rust/cargo2nix/submodules/rust-build/compiler/zombie_driver2/target/debug/build/blake3-b449a45f526127c8/out -L native=/mnt/data1/nix/vendor/rust/cargo2nix/submodules/rust-build/compiler/zombie_driver2/target/debug/build/blake3-b449a45f526127c8/out
21:09:54 SKIPPED: rustc --crate-name rustc_mir_dataflow --edition=2024 /mnt/data1/nix/vendor/rust/cargo2nix/submodules/rust-build/compiler/rustc_mir_dataflow/src/lib.rs --error-format=json --json=diagnostic-rendered-ansi,artifacts,future-incompat --crate-type lib --emit=dep-info,metadata,link -C embed-bitcode=no -C debuginfo=2 --check-cfg cfg(docsrs,test) --check-cfg cfg(feature, values()) -C metadata=07deaff6bef59036 -C extra-filename=-d9bd93565b6c46cf --out-dir /mnt/data1/nix/vendor/rust/cargo2nix/submodules/rust-build/compiler/zombie_driver2/target/debug/deps -C incremental=/mnt/data1/nix/vendor/rust/cargo2nix/submodules/rust-build/compiler/zombie_driver2/target/debug/incremental -L dependency=/mnt/data1/nix/vendor/rust/cargo2nix/submodules/rust-build/compiler/zombie_driver2/target/debug/deps --extern polonius_engine=/mnt/data1/nix/vendor/rust/cargo2nix/submodules/rust-build/compiler/zombie_driver2/target/debug/deps/libpolonius_engine-23686739cdbb0d06.rmeta --extern regex=/mnt/data1/nix/vendor/rust/cargo2nix/submodules/rust-build/compiler/zombie_driver2/target/debug/deps/libregex-c94f80ea8f012ba4.rmeta --extern rustc_abi=/mnt/data1/nix/vendor/rust/cargo2nix/submodules/rust-build/compiler/zombie_driver2/target/debug/deps/librustc_abi-adecc4c15d63dbde.rmeta --extern rustc_ast=/mnt/data1/nix/vendor/rust/cargo2nix/submodules/rust-build/compiler/zombie_driver2/target/debug/deps/librustc_ast-892745d5973bca50.rmeta --extern rustc_data_structures=/mnt/data1/nix/vendor/rust/cargo2nix/submodules/rust-build/compiler/zombie_driver2/target/debug/deps/librustc_data_structures-7a05c3f43ea74b8d.rmeta --extern rustc_errors=/mnt/data1/nix/vendor/rust/cargo2nix/submodules/rust-build/compiler/zombie_driver2/target/debug/deps/librustc_errors-042ea83da72fde12.rmeta --extern rustc_fluent_macro=/mnt/data1/nix/vendor/rust/cargo2nix/submodules/rust-build/compiler/zombie_driver2/target/debug/deps/librustc_fluent_macro-d795261342a5a863.so --extern rustc_graphviz=/mnt/data1/nix/vendor/rust/cargo2nix/submodules/rust-build/compiler/zombie_driver2/target/debug/deps/librustc_graphviz-c7812eafe07feea7.rmeta --extern rustc_index=/mnt/data1/nix/vendor/rust/cargo2nix/submodules/rust-build/compiler/zombie_driver2/target/debug/deps/librustc_index-3aa7163ed688dde0.rmeta --extern rustc_macros=/mnt/data1/nix/vendor/rust/cargo2nix/submodules/rust-build/compiler/zombie_driver2/target/debug/deps/librustc_macros-533b3ebf51685542.so --extern rustc_middle=/mnt/data1/nix/vendor/rust/cargo2nix/submodules/rust-build/compiler/zombie_driver2/target/debug/deps/librustc_middle-245c3150683558be.rmeta --extern rustc_span=/mnt/data1/nix/vendor/rust/cargo2nix/submodules/rust-build/compiler/zombie_driver2/target/debug/deps/librustc_span-cca3b45fe3825eda.rmeta --extern smallvec=/mnt/data1/nix/vendor/rust/cargo2nix/submodules/rust-build/compiler/zombie_driver2/target/debug/deps/libsmallvec-3970d95f1529de22.rmeta --extern tracing=/mnt/data1/nix/vendor/rust/cargo2nix/submodules/rust-build/compiler/zombie_driver2/target/debug/deps/libtracing-82b3a1ccd9aeceb8.rmeta -L native=/mnt/data1/nix/vendor/rust/cargo2nix/submodules/rust-build/compiler/zombie_driver2/target/debug/build/psm-51115e95e3afce55/out -L native=/mnt/data1/nix/vendor/rust/cargo2nix/submodules/rust-build/compiler/zombie_driver2/target/debug/build/blake3-b449a45f526127c8/out -L native=/mnt/data1/nix/vendor/rust/cargo2nix/submodules/rust-build/compiler/zombie_driver2/target/debug/build/blake3-b449a45f526127c8/out
21:10:29 SKIPPED: rustc --crate-name rustc_mir_dataflow --edition=2024 /mnt/data1/nix/vendor/rust/cargo2nix/submodules/rust-build/compiler/rustc_mir_dataflow/src/lib.rs --error-format=json --json=diagnostic-rendered-ansi,artifacts,future-incompat --crate-type lib --emit=dep-info,metadata,link -C embed-bitcode=no -C debuginfo=2 --check-cfg cfg(docsrs,test) --check-cfg cfg(feature, values()) -C metadata=07deaff6bef59036 -C extra-filename=-d9bd93565b6c46cf --out-dir /mnt/data1/nix/vendor/rust/cargo2nix/submodules/rust-build/compiler/zombie_driver2/target/debug/deps -C incremental=/mnt/data1/nix/vendor/rust/cargo2nix/submodules/rust-build/compiler/zombie_driver2/target/debug/incremental -L dependency=/mnt/data1/nix/vendor/rust/cargo2nix/submodules/rust-build/compiler/zombie_driver2/target/debug/deps --extern polonius_engine=/mnt/data1/nix/vendor/rust/cargo2nix/submodules/rust-build/compiler/zombie_driver2/target/debug/deps/libpolonius_engine-23686739cdbb0d06.rmeta --extern regex=/mnt/data1/nix/vendor/rust/cargo2nix/submodules/rust-build/compiler/zombie_driver2/target/debug/deps/libregex-c94f80ea8f012ba4.rmeta --extern rustc_abi=/mnt/data1/nix/vendor/rust/cargo2nix/submodules/rust-build/compiler/zombie_driver2/target/debug/deps/librustc_abi-adecc4c15d63dbde.rmeta --extern rustc_ast=/mnt/data1/nix/vendor/rust/cargo2nix/submodules/rust-build/compiler/zombie_driver2/target/debug/deps/librustc_ast-892745d5973bca50.rmeta --extern rustc_data_structures=/mnt/data1/nix/vendor/rust/cargo2nix/submodules/rust-build/compiler/zombie_driver2/target/debug/deps/librustc_data_structures-7a05c3f43ea74b8d.rmeta --extern rustc_errors=/mnt/data1/nix/vendor/rust/cargo2nix/submodules/rust-build/compiler/zombie_driver2/target/debug/deps/librustc_errors-042ea83da72fde12.rmeta --extern rustc_fluent_macro=/mnt/data1/nix/vendor/rust/cargo2nix/submodules/rust-build/compiler/zombie_driver2/target/debug/deps/librustc_fluent_macro-d795261342a5a863.so --extern rustc_graphviz=/mnt/data1/nix/vendor/rust/cargo2nix/submodules/rust-build/compiler/zombie_driver2/target/debug/deps/librustc_graphviz-c7812eafe07feea7.rmeta --extern rustc_index=/mnt/data1/nix/vendor/rust/cargo2nix/submodules/rust-build/compiler/zombie_driver2/target/debug/deps/librustc_index-3aa7163ed688dde0.rmeta --extern rustc_macros=/mnt/data1/nix/vendor/rust/cargo2nix/submodules/rust-build/compiler/zombie_driver2/target/debug/deps/librustc_macros-533b3ebf51685542.so --extern rustc_middle=/mnt/data1/nix/vendor/rust/cargo2nix/submodules/rust-build/compiler/zombie_driver2/target/debug/deps/librustc_middle-245c3150683558be.rmeta --extern rustc_span=/mnt/data1/nix/vendor/rust/cargo2nix/submodules/rust-build/compiler/zombie_driver2/target/debug/deps/librustc_span-cca3b45fe3825eda.rmeta --extern smallvec=/mnt/data1/nix/vendor/rust/cargo2nix/submodules/rust-build/compiler/zombie_driver2/target/debug/deps/libsmallvec-3970d95f1529de22.rmeta --extern tracing=/mnt/data1/nix/vendor/rust/cargo2nix/submodules/rust-build/compiler/zombie_driver2/target/debug/deps/libtracing-82b3a1ccd9aeceb8.rmeta -L native=/mnt/data1/nix/vendor/rust/cargo2nix/submodules/rust-build/compiler/zombie_driver2/target/debug/build/psm-51115e95e3afce55/out -L native=/mnt/data1/nix/vendor/rust/cargo2nix/submodules/rust-build/compiler/zombie_driver2/target/debug/build/blake3-b449a45f526127c8/out -L native=/mnt/data1/nix/vendor/rust/cargo2nix/submodules/rust-build/compiler/zombie_driver2/target/debug/build/blake3-b449a45f526127c8/out
21:11:08 SKIPPED: rustc --crate-name rustc_mir_dataflow --edition=2024 /mnt/data1/nix/vendor/rust/cargo2nix/submodules/rust-build/compiler/rustc_mir_dataflow/src/lib.rs --error-format=json --json=diagnostic-rendered-ansi,artifacts,future-incompat --crate-type lib --emit=dep-info,metadata,link -C embed-bitcode=no -C debuginfo=2 --check-cfg cfg(docsrs,test) --check-cfg cfg(feature, values()) -C metadata=07deaff6bef59036 -C extra-filename=-d9bd93565b6c46cf --out-dir /mnt/data1/nix/vendor/rust/cargo2nix/submodules/rust-build/compiler/zombie_driver2/target/debug/deps -C incremental=/mnt/data1/nix/vendor/rust/cargo2nix/submodules/rust-build/compiler/zombie_driver2/target/debug/incremental -L dependency=/mnt/data1/nix/vendor/rust/cargo2nix/submodules/rust-build/compiler/zombie_driver2/target/debug/deps --extern polonius_engine=/mnt/data1/nix/vendor/rust/cargo2nix/submodules/rust-build/compiler/zombie_driver2/target/debug/deps/libpolonius_engine-23686739cdbb0d06.rmeta --extern regex=/mnt/data1/nix/vendor/rust/cargo2nix/submodules/rust-build/compiler/zombie_driver2/target/debug/deps/libregex-c94f80ea8f012ba4.rmeta --extern rustc_abi=/mnt/data1/nix/vendor/rust/cargo2nix/submodules/rust-build/compiler/zombie_driver2/target/debug/deps/librustc_abi-adecc4c15d63dbde.rmeta --extern rustc_ast=/mnt/data1/nix/vendor/rust/cargo2nix/submodules/rust-build/compiler/zombie_driver2/target/debug/deps/librustc_ast-892745d5973bca50.rmeta --extern rustc_data_structures=/mnt/data1/nix/vendor/rust/cargo2nix/submodules/rust-build/compiler/zombie_driver2/target/debug/deps/librustc_data_structures-7a05c3f43ea74b8d.rmeta --extern rustc_errors=/mnt/data1/nix/vendor/rust/cargo2nix/submodules/rust-build/compiler/zombie_driver2/target/debug/deps/librustc_errors-042ea83da72fde12.rmeta --extern rustc_fluent_macro=/mnt/data1/nix/vendor/rust/cargo2nix/submodules/rust-build/compiler/zombie_driver2/target/debug/deps/librustc_fluent_macro-d795261342a5a863.so --extern rustc_graphviz=/mnt/data1/nix/vendor/rust/cargo2nix/submodules/rust-build/compiler/zombie_driver2/target/debug/deps/librustc_graphviz-c7812eafe07feea7.rmeta --extern rustc_index=/mnt/data1/nix/vendor/rust/cargo2nix/submodules/rust-build/compiler/zombie_driver2/target/debug/deps/librustc_index-3aa7163ed688dde0.rmeta --extern rustc_macros=/mnt/data1/nix/vendor/rust/cargo2nix/submodules/rust-build/compiler/zombie_driver2/target/debug/deps/librustc_macros-533b3ebf51685542.so --extern rustc_middle=/mnt/data1/nix/vendor/rust/cargo2nix/submodules/rust-build/compiler/zombie_driver2/target/debug/deps/librustc_middle-245c3150683558be.rmeta --extern rustc_span=/mnt/data1/nix/vendor/rust/cargo2nix/submodules/rust-build/compiler/zombie_driver2/target/debug/deps/librustc_span-cca3b45fe3825eda.rmeta --extern smallvec=/mnt/data1/nix/vendor/rust/cargo2nix/submodules/rust-build/compiler/zombie_driver2/target/debug/deps/libsmallvec-3970d95f1529de22.rmeta --extern tracing=/mnt/data1/nix/vendor/rust/cargo2nix/submodules/rust-build/compiler/zombie_driver2/target/debug/deps/libtracing-82b3a1ccd9aeceb8.rmeta -L native=/mnt/data1/nix/vendor/rust/cargo2nix/submodules/rust-build/compiler/zombie_driver2/target/debug/build/psm-51115e95e3afce55/out -L native=/mnt/data1/nix/vendor/rust/cargo2nix/submodules/rust-build/compiler/zombie_driver2/target/debug/build/blake3-b449a45f526127c8/out -L native=/mnt/data1/nix/vendor/rust/cargo2nix/submodules/rust-build/compiler/zombie_driver2/target/debug/build/blake3-b449a45f526127c8/out
21:13:37 SKIPPED: rustc --crate-name rustc_mir_dataflow --edition=2024 /mnt/data1/nix/vendor/rust/cargo2nix/submodules/rust-build/compiler/rustc_mir_dataflow/src/lib.rs --error-format=json --json=diagnostic-rendered-ansi,artifacts,future-incompat --crate-type lib --emit=dep-info,metadata,link -C embed-bitcode=no -C debuginfo=2 --check-cfg cfg(docsrs,test) --check-cfg cfg(feature, values()) -C metadata=07deaff6bef59036 -C extra-filename=-d9bd93565b6c46cf --out-dir /mnt/data1/nix/vendor/rust/cargo2nix/submodules/rust-build/compiler/zombie_driver2/target/debug/deps -C incremental=/mnt/data1/nix/vendor/rust/cargo2nix/submodules/rust-build/compiler/zombie_driver2/target/debug/incremental -L dependency=/mnt/data1/nix/vendor/rust/cargo2nix/submodules/rust-build/compiler/zombie_driver2/target/debug/deps --extern polonius_engine=/mnt/data1/nix/vendor/rust/cargo2nix/submodules/rust-build/compiler/zombie_driver2/target/debug/deps/libpolonius_engine-23686739cdbb0d06.rmeta --extern regex=/mnt/data1/nix/vendor/rust/cargo2nix/submodules/rust-build/compiler/zombie_driver2/target/debug/deps/libregex-c94f80ea8f012ba4.rmeta --extern rustc_abi=/mnt/data1/nix/vendor/rust/cargo2nix/submodules/rust-build/compiler/zombie_driver2/target/debug/deps/librustc_abi-adecc4c15d63dbde.rmeta --extern rustc_ast=/mnt/data1/nix/vendor/rust/cargo2nix/submodules/rust-build/compiler/zombie_driver2/target/debug/deps/librustc_ast-892745d5973bca50.rmeta --extern rustc_data_structures=/mnt/data1/nix/vendor/rust/cargo2nix/submodules/rust-build/compiler/zombie_driver2/target/debug/deps/librustc_data_structures-7a05c3f43ea74b8d.rmeta --extern rustc_errors=/mnt/data1/nix/vendor/rust/cargo2nix/submodules/rust-build/compiler/zombie_driver2/target/debug/deps/librustc_errors-042ea83da72fde12.rmeta --extern rustc_fluent_macro=/mnt/data1/nix/vendor/rust/cargo2nix/submodules/rust-build/compiler/zombie_driver2/target/debug/deps/librustc_fluent_macro-d795261342a5a863.so --extern rustc_graphviz=/mnt/data1/nix/vendor/rust/cargo2nix/submodules/rust-build/compiler/zombie_driver2/target/debug/deps/librustc_graphviz-c7812eafe07feea7.rmeta --extern rustc_index=/mnt/data1/nix/vendor/rust/cargo2nix/submodules/rust-build/compiler/zombie_driver2/target/debug/deps/librustc_index-3aa7163ed688dde0.rmeta --extern rustc_macros=/mnt/data1/nix/vendor/rust/cargo2nix/submodules/rust-build/compiler/zombie_driver2/target/debug/deps/librustc_macros-533b3ebf51685542.so --extern rustc_middle=/mnt/data1/nix/vendor/rust/cargo2nix/submodules/rust-build/compiler/zombie_driver2/target/debug/deps/librustc_middle-245c3150683558be.rmeta --extern rustc_span=/mnt/data1/nix/vendor/rust/cargo2nix/submodules/rust-build/compiler/zombie_driver2/target/debug/deps/librustc_span-cca3b45fe3825eda.rmeta --extern smallvec=/mnt/data1/nix/vendor/rust/cargo2nix/submodules/rust-build/compiler/zombie_driver2/target/debug/deps/libsmallvec-3970d95f1529de22.rmeta --extern tracing=/mnt/data1/nix/vendor/rust/cargo2nix/submodules/rust-build/compiler/zombie_driver2/target/debug/deps/libtracing-82b3a1ccd9aeceb8.rmeta -L native=/mnt/data1/nix/vendor/rust/cargo2nix/submodules/rust-build/compiler/zombie_driver2/target/debug/build/psm-51115e95e3afce55/out -L native=/mnt/data1/nix/vendor/rust/cargo2nix/submodules/rust-build/compiler/zombie_driver2/target/debug/build/blake3-b449a45f526127c8/out -L native=/mnt/data1/nix/vendor/rust/cargo2nix/submodules/rust-build/compiler/zombie_driver2/target/debug/build/blake3-b449a45f526127c8/out
21:13:48 SKIPPED: rustc --crate-name rustc_mir_dataflow --edition=2024 /mnt/data1/nix/vendor/rust/cargo2nix/submodules/rust-build/compiler/rustc_mir_dataflow/src/lib.rs --error-format=json --json=diagnostic-rendered-ansi,artifacts,future-incompat --crate-type lib --emit=dep-info,metadata,link -C embed-bitcode=no -C debuginfo=2 --check-cfg cfg(docsrs,test) --check-cfg cfg(feature, values()) -C metadata=07deaff6bef59036 -C extra-filename=-d9bd93565b6c46cf --out-dir /mnt/data1/nix/vendor/rust/cargo2nix/submodules/rust-build/compiler/zombie_driver2/target/debug/deps -C incremental=/mnt/data1/nix/vendor/rust/cargo2nix/submodules/rust-build/compiler/zombie_driver2/target/debug/incremental -L dependency=/mnt/data1/nix/vendor/rust/cargo2nix/submodules/rust-build/compiler/zombie_driver2/target/debug/deps --extern polonius_engine=/mnt/data1/nix/vendor/rust/cargo2nix/submodules/rust-build/compiler/zombie_driver2/target/debug/deps/libpolonius_engine-23686739cdbb0d06.rmeta --extern regex=/mnt/data1/nix/vendor/rust/cargo2nix/submodules/rust-build/compiler/zombie_driver2/target/debug/deps/libregex-c94f80ea8f012ba4.rmeta --extern rustc_abi=/mnt/data1/nix/vendor/rust/cargo2nix/submodules/rust-build/compiler/zombie_driver2/target/debug/deps/librustc_abi-adecc4c15d63dbde.rmeta --extern rustc_ast=/mnt/data1/nix/vendor/rust/cargo2nix/submodules/rust-build/compiler/zombie_driver2/target/debug/deps/librustc_ast-892745d5973bca50.rmeta --extern rustc_data_structures=/mnt/data1/nix/vendor/rust/cargo2nix/submodules/rust-build/compiler/zombie_driver2/target/debug/deps/librustc_data_structures-7a05c3f43ea74b8d.rmeta --extern rustc_errors=/mnt/data1/nix/vendor/rust/cargo2nix/submodules/rust-build/compiler/zombie_driver2/target/debug/deps/librustc_errors-042ea83da72fde12.rmeta --extern rustc_fluent_macro=/mnt/data1/nix/vendor/rust/cargo2nix/submodules/rust-build/compiler/zombie_driver2/target/debug/deps/librustc_fluent_macro-d795261342a5a863.so --extern rustc_graphviz=/mnt/data1/nix/vendor/rust/cargo2nix/submodules/rust-build/compiler/zombie_driver2/target/debug/deps/librustc_graphviz-c7812eafe07feea7.rmeta --extern rustc_index=/mnt/data1/nix/vendor/rust/cargo2nix/submodules/rust-build/compiler/zombie_driver2/target/debug/deps/librustc_index-3aa7163ed688dde0.rmeta --extern rustc_macros=/mnt/data1/nix/vendor/rust/cargo2nix/submodules/rust-build/compiler/zombie_driver2/target/debug/deps/librustc_macros-533b3ebf51685542.so --extern rustc_middle=/mnt/data1/nix/vendor/rust/cargo2nix/submodules/rust-build/compiler/zombie_driver2/target/debug/deps/librustc_middle-245c3150683558be.rmeta --extern rustc_span=/mnt/data1/nix/vendor/rust/cargo2nix/submodules/rust-build/compiler/zombie_driver2/target/debug/deps/librustc_span-cca3b45fe3825eda.rmeta --extern smallvec=/mnt/data1/nix/vendor/rust/cargo2nix/submodules/rust-build/compiler/zombie_driver2/target/debug/deps/libsmallvec-3970d95f1529de22.rmeta --extern tracing=/mnt/data1/nix/vendor/rust/cargo2nix/submodules/rust-build/compiler/zombie_driver2/target/debug/deps/libtracing-82b3a1ccd9aeceb8.rmeta -L native=/mnt/data1/nix/vendor/rust/cargo2nix/submodules/rust-build/compiler/zombie_driver2/target/debug/build/psm-51115e95e3afce55/out -L native=/mnt/data1/nix/vendor/rust/cargo2nix/submodules/rust-build/compiler/zombie_driver2/target/debug/build/blake3-b449a45f526127c8/out -L native=/mnt/data1/nix/vendor/rust/cargo2nix/submodules/rust-build/compiler/zombie_driver2/target/debug/build/blake3-b449a45f526127c8/out
21:15:47 SKIPPED: rustc --crate-name rustc_mir_dataflow --edition=2024 /mnt/data1/nix/vendor/rust/cargo2nix/submodules/rust-build/compiler/rustc_mir_dataflow/src/lib.rs --error-format=json --json=diagnostic-rendered-ansi,artifacts,future-incompat --crate-type lib --emit=dep-info,metadata,link -C embed-bitcode=no -C debuginfo=2 --check-cfg cfg(docsrs,test) --check-cfg cfg(feature, values()) -C metadata=07deaff6bef59036 -C extra-filename=-d9bd93565b6c46cf --out-dir /mnt/data1/nix/vendor/rust/cargo2nix/submodules/rust-build/compiler/zombie_driver2/target/debug/deps -C incremental=/mnt/data1/nix/vendor/rust/cargo2nix/submodules/rust-build/compiler/zombie_driver2/target/debug/incremental -L dependency=/mnt/data1/nix/vendor/rust/cargo2nix/submodules/rust-build/compiler/zombie_driver2/target/debug/deps --extern polonius_engine=/mnt/data1/nix/vendor/rust/cargo2nix/submodules/rust-build/compiler/zombie_driver2/target/debug/deps/libpolonius_engine-23686739cdbb0d06.rmeta --extern regex=/mnt/data1/nix/vendor/rust/cargo2nix/submodules/rust-build/compiler/zombie_driver2/target/debug/deps/libregex-c94f80ea8f012ba4.rmeta --extern rustc_abi=/mnt/data1/nix/vendor/rust/cargo2nix/submodules/rust-build/compiler/zombie_driver2/target/debug/deps/librustc_abi-adecc4c15d63dbde.rmeta --extern rustc_ast=/mnt/data1/nix/vendor/rust/cargo2nix/submodules/rust-build/compiler/zombie_driver2/target/debug/deps/librustc_ast-892745d5973bca50.rmeta --extern rustc_data_structures=/mnt/data1/nix/vendor/rust/cargo2nix/submodules/rust-build/compiler/zombie_driver2/target/debug/deps/librustc_data_structures-7a05c3f43ea74b8d.rmeta --extern rustc_errors=/mnt/data1/nix/vendor/rust/cargo2nix/submodules/rust-build/compiler/zombie_driver2/target/debug/deps/librustc_errors-042ea83da72fde12.rmeta --extern rustc_fluent_macro=/mnt/data1/nix/vendor/rust/cargo2nix/submodules/rust-build/compiler/zombie_driver2/target/debug/deps/librustc_fluent_macro-d795261342a5a863.so --extern rustc_graphviz=/mnt/data1/nix/vendor/rust/cargo2nix/submodules/rust-build/compiler/zombie_driver2/target/debug/deps/librustc_graphviz-c7812eafe07feea7.rmeta --extern rustc_index=/mnt/data1/nix/vendor/rust/cargo2nix/submodules/rust-build/compiler/zombie_driver2/target/debug/deps/librustc_index-3aa7163ed688dde0.rmeta --extern rustc_macros=/mnt/data1/nix/vendor/rust/cargo2nix/submodules/rust-build/compiler/zombie_driver2/target/debug/deps/librustc_macros-533b3ebf51685542.so --extern rustc_middle=/mnt/data1/nix/vendor/rust/cargo2nix/submodules/rust-build/compiler/zombie_driver2/target/debug/deps/librustc_middle-245c3150683558be.rmeta --extern rustc_span=/mnt/data1/nix/vendor/rust/cargo2nix/submodules/rust-build/compiler/zombie_driver2/target/debug/deps/librustc_span-cca3b45fe3825eda.rmeta --extern smallvec=/mnt/data1/nix/vendor/rust/cargo2nix/submodules/rust-build/compiler/zombie_driver2/target/debug/deps/libsmallvec-3970d95f1529de22.rmeta --extern tracing=/mnt/data1/nix/vendor/rust/cargo2nix/submodules/rust-build/compiler/zombie_driver2/target/debug/deps/libtracing-82b3a1ccd9aeceb8.rmeta -L native=/mnt/data1/nix/vendor/rust/cargo2nix/submodules/rust-build/compiler/zombie_driver2/target/debug/build/psm-51115e95e3afce55/out -L native=/mnt/data1/nix/vendor/rust/cargo2nix/submodules/rust-build/compiler/zombie_driver2/target/debug/build/blake3-b449a45f526127c8/out -L native=/mnt/data1/nix/vendor/rust/cargo2nix/submodules/rust-build/compiler/zombie_driver2/target/debug/build/blake3-b449a45f526127c8/out
