Building bootstrap
    Updating crates.io index
 Downloading crates ...
  Downloaded serde v1.0.215
  Downloaded opener v0.8.2
  Downloaded serde_derive v1.0.215
  Downloaded cpufeatures v0.2.15
  Downloaded clap_complete v4.5.37
  Downloaded cc v1.2.28
   Compiling proc-macro2 v1.0.89
   Compiling unicode-ident v1.0.13
   Compiling memchr v2.7.4
   Compiling typenum v1.17.0
   Compiling version_check v0.9.5
   Compiling shlex v1.3.0
   Compiling libc v0.2.174
   Compiling crossbeam-utils v0.8.20
   Compiling regex-syntax v0.8.5
   Compiling serde v1.0.215
   Compiling pkg-config v0.3.31
   Compiling heck v0.5.0
   Compiling clap_lex v0.7.2
   Compiling anstyle v1.0.10
   Compiling cfg-if v1.0.0
   Compiling log v0.4.22
   Compiling semver v1.0.23
   Compiling serde_json v1.0.132
   Compiling same-file v1.0.6
   Compiling object v0.37.3
   Compiling ryu v1.0.18
   Compiling bootstrap v0.0.0 (/mnt/data1/nix/vendor/rust/cargo2nix/submodules/rust-build/src/bootstrap)
   Compiling cpufeatures v0.2.15
   Compiling itoa v1.0.11
   Compiling home v0.5.11
   Compiling termcolor v1.4.1
   Compiling cc v1.2.28
   Compiling walkdir v2.5.0
   Compiling clap_builder v4.5.20
   Compiling generic-array v0.14.7
   Compiling aho-corasick v1.1.3
   Compiling quote v1.0.37
   Compiling crossbeam-epoch v0.9.18
   Compiling filetime v0.2.26
   Compiling syn v2.0.87
   Compiling cmake v0.1.54
   Compiling crossbeam-deque v0.8.5
   Compiling tar v0.4.44
   Compiling lzma-sys v0.1.20
   Compiling crypto-common v0.1.6
   Compiling block-buffer v0.10.4
   Compiling digest v0.10.7
   Compiling regex-automata v0.4.9
   Compiling sha2 v0.10.8
   Compiling toml v0.5.11
   Compiling clap_derive v4.5.18
   Compiling serde_derive v1.0.215
   Compiling bstr v1.10.0
   Compiling globset v0.4.15
   Compiling opener v0.8.2
   Compiling clap v4.5.20
   Compiling clap_complete v4.5.37
   Compiling ignore v0.4.23
   Compiling build_helper v0.1.0 (/mnt/data1/nix/vendor/rust/cargo2nix/submodules/rust-build/src/build_helper)
   Compiling xz2 v0.1.7
    Finished `dev` profile [unoptimized] target(s) in 12.50s
WARNING: you have not made a `bootstrap.toml`
HELP: consider running `./x.py setup` or copying `bootstrap.example.toml` by running `cp bootstrap.example.toml bootstrap.toml`
In file included from /nix/store/kzq78n13l8w24jn8bx4djj79k5j717f1-gcc-14.3.0/include/c++/14.3.0/ext/string_conversions.h:43,
                 from /nix/store/kzq78n13l8w24jn8bx4djj79k5j717f1-gcc-14.3.0/include/c++/14.3.0/bits/basic_string.h:4154,
                 from /nix/store/kzq78n13l8w24jn8bx4djj79k5j717f1-gcc-14.3.0/include/c++/14.3.0/string:54,
                 from /nix/store/kzq78n13l8w24jn8bx4djj79k5j717f1-gcc-14.3.0/include/c++/14.3.0/bits/locale_classes.h:40,
                 from /nix/store/kzq78n13l8w24jn8bx4djj79k5j717f1-gcc-14.3.0/include/c++/14.3.0/bits/ios_base.h:41,
                 from /nix/store/kzq78n13l8w24jn8bx4djj79k5j717f1-gcc-14.3.0/include/c++/14.3.0/ios:44,
                 from /nix/store/kzq78n13l8w24jn8bx4djj79k5j717f1-gcc-14.3.0/include/c++/14.3.0/ostream:40,
                 from /nix/store/kzq78n13l8w24jn8bx4djj79k5j717f1-gcc-14.3.0/include/c++/14.3.0/iostream:41,
                 from /mnt/data1/nix/vendor/rust/cargo2nix/submodules/rust-build/src/tools/libcxx-version/main.cpp:8:
/nix/store/kzq78n13l8w24jn8bx4djj79k5j717f1-gcc-14.3.0/include/c++/14.3.0/cstdlib:79:15: fatal error: stdlib.h: No such file or directory
   79 | #include_next <stdlib.h>
      |               ^~~~~~~~~~
compilation terminated.
Command `g++ -o /mnt/data1/nix/vendor/rust/cargo2nix/submodules/rust-build/build/x86_64-unknown-linux-gnu/libcxx-version/libcxx-version /mnt/data1/nix/vendor/rust/cargo2nix/submodules/rust-build/src/tools/libcxx-version/main.cpp` failed with exit code 1
Created at: src/bootstrap/src/core/build_steps/tool.rs:1243:27
Executed at: src/bootstrap/src/core/build_steps/tool.rs:1249:17

Command has failed. Rerun with -v to see more details.
Build completed unsuccessfully in 0:00:13
Building bootstrap
running: /mnt/data1/nix/vendor/rust/cargo2nix/submodules/rust-build/build/x86_64-unknown-linux-gnu/stage0/bin/cargo build --jobs=default --manifest-path /mnt/data1/nix/vendor/rust/cargo2nix/submodules/rust-build/src/bootstrap/Cargo.toml -Zroot-dir=/mnt/data1/nix/vendor/rust/cargo2nix/submodules/rust-build
   Compiling lzma-sys v0.1.20
   Compiling xz2 v0.1.7
   Compiling bootstrap v0.0.0 (/mnt/data1/nix/vendor/rust/cargo2nix/submodules/rust-build/src/bootstrap)
    Finished `dev` profile [unoptimized] target(s) in 6.30s
running: /mnt/data1/nix/vendor/rust/cargo2nix/submodules/rust-build/build/bootstrap/debug/bootstrap build --verbose
running: "git" "rev-parse" "--show-cdup" (failure_mode=Ignore) (created at src/bootstrap/src/core/config/config.rs:1901:23, executed at src/bootstrap/src/core/config/config.rs:1911:42)
ERROR: Failed to parse '/mnt/data1/nix/vendor/rust/cargo2nix/submodules/rust-build/bootstrap.toml': unknown field `llvm-config`, expected one of `build`, `description`, `host`, `target`, `build-dir`, `cargo`, `rustc`, `rustfmt`, `cargo-clippy`, `docs`, `compiler-docs`, `library-docs-private-items`, `docs-minification`, `submodules`, `gdb`, `lldb`, `nodejs`, `npm`, `python`, `windows-rc`, `reuse`, `locked-deps`, `vendor`, `full-bootstrap`, `bootstrap-cache-path`, `extended`, `tools`, `tool`, `verbose`, `sanitizers`, `profiler`, `cargo-native-static`, `low-priority`, `configure-args`, `local-rebuild`, `print-step-timings`, `print-step-rusage`, `check-stage`, `doc-stage`, `build-stage`, `test-stage`, `install-stage`, `dist-stage`, `bench-stage`, `patch-binaries-for-nix`, `metrics`, `android-ndk`, `optimized-compiler-builtins`, `jobs`, `compiletest-diff-tool`, `compiletest-allow-stage0`, `compiletest-use-stage0-libtest`, `tidy-extra-checks`, `ccache`, `exclude` for key `build`
Traceback (most recent call last):
  File "/mnt/data1/nix/vendor/rust/cargo2nix/submodules/rust-build/./x.py", line 53, in <module>
    bootstrap.main()
  File "/mnt/data1/nix/vendor/rust/cargo2nix/submodules/rust-build/src/bootstrap/bootstrap.py", line 1410, in main
    bootstrap(args)
  File "/mnt/data1/nix/vendor/rust/cargo2nix/submodules/rust-build/src/bootstrap/bootstrap.py", line 1370, in bootstrap
    run(args, env=env, verbose=build.verbose, is_bootstrap=True)
  File "/mnt/data1/nix/vendor/rust/cargo2nix/submodules/rust-build/src/bootstrap/bootstrap.py", line 237, in run
    raise RuntimeError(err)
RuntimeError: failed to run: /mnt/data1/nix/vendor/rust/cargo2nix/submodules/rust-build/build/bootstrap/debug/bootstrap build --verbose
Building bootstrap
running: /mnt/data1/nix/vendor/rust/cargo2nix/submodules/rust-build/build/x86_64-unknown-linux-gnu/stage0/bin/cargo build --jobs=default --manifest-path /mnt/data1/nix/vendor/rust/cargo2nix/submodules/rust-build/src/bootstrap/Cargo.toml -Zroot-dir=/mnt/data1/nix/vendor/rust/cargo2nix/submodules/rust-build
    Finished `dev` profile [unoptimized] target(s) in 0.03s
running: /mnt/data1/nix/vendor/rust/cargo2nix/submodules/rust-build/build/bootstrap/debug/bootstrap build --verbose
running: "git" "rev-parse" "--show-cdup" (failure_mode=Ignore) (created at src/bootstrap/src/core/config/config.rs:1901:23, executed at src/bootstrap/src/core/config/config.rs:1911:42)
running: cd "/mnt/data1/nix/vendor/rust/cargo2nix/submodules/rust-build" && env -u GIT_ALTERNATE_OBJECT_DIRECTORIES -u GIT_DIR -u GIT_INDEX_FILE -u GIT_OBJECT_DIRECTORY -u GIT_WORK_TREE "git" "rev-parse" (failure_mode=Ignore) (created at src/bootstrap/src/utils/channel.rs:47:31, executed at src/bootstrap/src/utils/channel.rs:49:50)
running: cd "/mnt/data1/nix/vendor/rust/cargo2nix/submodules/rust-build" && env -u GIT_ALTERNATE_OBJECT_DIRECTORIES -u GIT_DIR -u GIT_INDEX_FILE -u GIT_OBJECT_DIRECTORY -u GIT_WORK_TREE "git" "log" "-1" "--date=short" "--pretty=format:%cd" (failure_mode=Exit) (created at src/bootstrap/src/utils/channel.rs:63:31, executed at src/bootstrap/src/utils/channel.rs:70:14)
running: cd "/mnt/data1/nix/vendor/rust/cargo2nix/submodules/rust-build" && env -u GIT_ALTERNATE_OBJECT_DIRECTORIES -u GIT_DIR -u GIT_INDEX_FILE -u GIT_OBJECT_DIRECTORY -u GIT_WORK_TREE "git" "rev-parse" "HEAD" (failure_mode=Exit) (created at src/bootstrap/src/utils/channel.rs:72:32, executed at src/bootstrap/src/utils/channel.rs:77:14)
running: cd "/mnt/data1/nix/vendor/rust/cargo2nix/submodules/rust-build" && env -u GIT_ALTERNATE_OBJECT_DIRECTORIES -u GIT_DIR -u GIT_INDEX_FILE -u GIT_OBJECT_DIRECTORY -u GIT_WORK_TREE "git" "rev-parse" "--short=9" "HEAD" (failure_mode=Exit) (created at src/bootstrap/src/utils/channel.rs:79:38, executed at src/bootstrap/src/utils/channel.rs:85:14)
downloading stage0 beta artifacts
running: "/mnt/data1/nix/vendor/rust/cargo2nix/submodules/rust-build/build/x86_64-unknown-linux-gnu/stage0/bin/rustc" "--print" "sysroot" (failure_mode=Exit) (created at src/bootstrap/src/core/config/config.rs:739:13, executed at src/bootstrap/src/core/config/config.rs:742:18)
downloading stage0 beta artifacts
Cache hit: cd "/mnt/data1/nix/vendor/rust/cargo2nix/submodules/rust-build" && env -u GIT_ALTERNATE_OBJECT_DIRECTORIES -u GIT_DIR -u GIT_INDEX_FILE -u GIT_OBJECT_DIRECTORY -u GIT_WORK_TREE "git" "rev-parse" (failure_mode=Ignore)
running: cd "/mnt/data1/nix/vendor/rust/cargo2nix/submodules/rust-build/src/tools/cargo" && env -u GIT_ALTERNATE_OBJECT_DIRECTORIES -u GIT_DIR -u GIT_INDEX_FILE -u GIT_OBJECT_DIRECTORY -u GIT_WORK_TREE "git" "rev-parse" (failure_mode=Ignore) (created at src/bootstrap/src/utils/channel.rs:47:31, executed at src/bootstrap/src/utils/channel.rs:49:50)
running: cd "/mnt/data1/nix/vendor/rust/cargo2nix/submodules/rust-build/src/gcc" && env -u GIT_ALTERNATE_OBJECT_DIRECTORIES -u GIT_DIR -u GIT_INDEX_FILE -u GIT_OBJECT_DIRECTORY -u GIT_WORK_TREE "git" "rev-parse" (failure_mode=Ignore) (created at src/bootstrap/src/utils/channel.rs:47:31, executed at src/bootstrap/src/utils/channel.rs:49:50)
running: cd "/mnt/data1/nix/vendor/rust/cargo2nix/submodules/rust-build/src/gcc" && env -u GIT_ALTERNATE_OBJECT_DIRECTORIES -u GIT_DIR -u GIT_INDEX_FILE -u GIT_OBJECT_DIRECTORY -u GIT_WORK_TREE "git" "log" "-1" "--date=short" "--pretty=format:%cd" (failure_mode=Exit) (created at src/bootstrap/src/utils/channel.rs:63:31, executed at src/bootstrap/src/utils/channel.rs:70:14)
running: cd "/mnt/data1/nix/vendor/rust/cargo2nix/submodules/rust-build/src/gcc" && env -u GIT_ALTERNATE_OBJECT_DIRECTORIES -u GIT_DIR -u GIT_INDEX_FILE -u GIT_OBJECT_DIRECTORY -u GIT_WORK_TREE "git" "rev-parse" "HEAD" (failure_mode=Exit) (created at src/bootstrap/src/utils/channel.rs:72:32, executed at src/bootstrap/src/utils/channel.rs:77:14)
running: cd "/mnt/data1/nix/vendor/rust/cargo2nix/submodules/rust-build/src/gcc" && env -u GIT_ALTERNATE_OBJECT_DIRECTORIES -u GIT_DIR -u GIT_INDEX_FILE -u GIT_OBJECT_DIRECTORY -u GIT_WORK_TREE "git" "rev-parse" "--short=9" "HEAD" (failure_mode=Exit) (created at src/bootstrap/src/utils/channel.rs:79:38, executed at src/bootstrap/src/utils/channel.rs:85:14)
running: cd "/mnt/data1/nix/vendor/rust/cargo2nix/submodules/rust-build/src/llvm-project" && env -u GIT_ALTERNATE_OBJECT_DIRECTORIES -u GIT_DIR -u GIT_INDEX_FILE -u GIT_OBJECT_DIRECTORY -u GIT_WORK_TREE "git" "rev-parse" (failure_mode=Ignore) (created at src/bootstrap/src/utils/channel.rs:47:31, executed at src/bootstrap/src/utils/channel.rs:49:50)
running: cd "/mnt/data1/nix/vendor/rust/cargo2nix/submodules/rust-build/src/llvm-project" && env -u GIT_ALTERNATE_OBJECT_DIRECTORIES -u GIT_DIR -u GIT_INDEX_FILE -u GIT_OBJECT_DIRECTORY -u GIT_WORK_TREE "git" "log" "-1" "--date=short" "--pretty=format:%cd" (failure_mode=Exit) (created at src/bootstrap/src/utils/channel.rs:63:31, executed at src/bootstrap/src/utils/channel.rs:70:14)
running: cd "/mnt/data1/nix/vendor/rust/cargo2nix/submodules/rust-build/src/llvm-project" && env -u GIT_ALTERNATE_OBJECT_DIRECTORIES -u GIT_DIR -u GIT_INDEX_FILE -u GIT_OBJECT_DIRECTORY -u GIT_WORK_TREE "git" "rev-parse" "HEAD" (failure_mode=Exit) (created at src/bootstrap/src/utils/channel.rs:72:32, executed at src/bootstrap/src/utils/channel.rs:77:14)
running: cd "/mnt/data1/nix/vendor/rust/cargo2nix/submodules/rust-build/src/llvm-project" && env -u GIT_ALTERNATE_OBJECT_DIRECTORIES -u GIT_DIR -u GIT_INDEX_FILE -u GIT_OBJECT_DIRECTORY -u GIT_WORK_TREE "git" "rev-parse" "--short=9" "HEAD" (failure_mode=Exit) (created at src/bootstrap/src/utils/channel.rs:79:38, executed at src/bootstrap/src/utils/channel.rs:85:14)
running: cd "/mnt/data1/nix/vendor/rust/cargo2nix/submodules/rust-build/src/tools/enzyme" && env -u GIT_ALTERNATE_OBJECT_DIRECTORIES -u GIT_DIR -u GIT_INDEX_FILE -u GIT_OBJECT_DIRECTORY -u GIT_WORK_TREE "git" "rev-parse" (failure_mode=Ignore) (created at src/bootstrap/src/utils/channel.rs:47:31, executed at src/bootstrap/src/utils/channel.rs:49:50)
WARNING: The `change-id` is missing in the `bootstrap.toml`. This means that you will not be able to track the major changes made to the bootstrap configurations.
NOTE: to silence this warning, add `change-id = 147888` or `change-id = "ignore"` at the top of `bootstrap.toml`
running: "/mnt/data1/nix/vendor/rust/cargo2nix/submodules/rust-build/build/x86_64-unknown-linux-gnu/stage0/bin/rustc" "--print" "target-libdir" (failure_mode=Exit) (created at src/bootstrap/src/lib.rs:482:37, executed at src/bootstrap/src/lib.rs:485:14)
running: "/mnt/data1/nix/vendor/rust/cargo2nix/submodules/rust-build/build/x86_64-unknown-linux-gnu/stage0/bin/rustc" "--version" "--verbose" (failure_mode=Exit) (created at src/bootstrap/src/lib.rs:592:37, executed at src/bootstrap/src/lib.rs:595:14)
finding compilers
CC_x86_64-unknown-linux-gnu = "gcc"
CFLAGS_x86_64-unknown-linux-gnu = ["-ffunction-sections", "-fdata-sections", "-fPIC", "-m64", "-g"]
CXX_x86_64-unknown-linux-gnu = "g++"
CXXFLAGS_x86_64-unknown-linux-gnu = ["-ffunction-sections", "-fdata-sections", "-fPIC", "-m64", "-g", "-isystem", "/nix/store/gi4cz4ir3zlwhf1azqfgxqdnczfrwsr7-glibc-2.40-66-dev/include"]
AR_x86_64-unknown-linux-gnu = "ar"
running sanity check
running: "/mnt/data1/nix/vendor/rust/cargo2nix/submodules/rust-build/build/x86_64-unknown-linux-gnu/stage0/bin/rustc" "--print" "target-list" (failure_mode=Exit) (created at src/bootstrap/src/core/sanity.rs:202:57, executed at src/bootstrap/src/core/sanity.rs:205:10)
running: cd "/mnt/data1/nix/vendor/rust/cargo2nix/submodules/rust-build/library/backtrace" && env -u GIT_ALTERNATE_OBJECT_DIRECTORIES -u GIT_DIR -u GIT_INDEX_FILE -u GIT_OBJECT_DIRECTORY -u GIT_WORK_TREE "git" "rev-parse" (failure_mode=Ignore) (created at src/bootstrap/src/utils/channel.rs:47:31, executed at src/bootstrap/src/utils/channel.rs:49:50)
running: cd "/mnt/data1/nix/vendor/rust/cargo2nix/submodules/rust-build/library/backtrace" && env -u GIT_ALTERNATE_OBJECT_DIRECTORIES -u GIT_DIR -u GIT_INDEX_FILE -u GIT_OBJECT_DIRECTORY -u GIT_WORK_TREE "git" "log" "-1" "--date=short" "--pretty=format:%cd" (failure_mode=Exit) (created at src/bootstrap/src/utils/channel.rs:63:31, executed at src/bootstrap/src/utils/channel.rs:70:14)
running: cd "/mnt/data1/nix/vendor/rust/cargo2nix/submodules/rust-build/library/backtrace" && env -u GIT_ALTERNATE_OBJECT_DIRECTORIES -u GIT_DIR -u GIT_INDEX_FILE -u GIT_OBJECT_DIRECTORY -u GIT_WORK_TREE "git" "rev-parse" "HEAD" (failure_mode=Exit) (created at src/bootstrap/src/utils/channel.rs:72:32, executed at src/bootstrap/src/utils/channel.rs:77:14)
running: cd "/mnt/data1/nix/vendor/rust/cargo2nix/submodules/rust-build/library/backtrace" && env -u GIT_ALTERNATE_OBJECT_DIRECTORIES -u GIT_DIR -u GIT_INDEX_FILE -u GIT_OBJECT_DIRECTORY -u GIT_WORK_TREE "git" "rev-parse" "--short=9" "HEAD" (failure_mode=Exit) (created at src/bootstrap/src/utils/channel.rs:79:38, executed at src/bootstrap/src/utils/channel.rs:85:14)
Cache hit: cd "/mnt/data1/nix/vendor/rust/cargo2nix/submodules/rust-build/library/backtrace" && env -u GIT_ALTERNATE_OBJECT_DIRECTORIES -u GIT_DIR -u GIT_INDEX_FILE -u GIT_OBJECT_DIRECTORY -u GIT_WORK_TREE "git" "rev-parse" "HEAD" (failure_mode=Exit)
running: cd "/mnt/data1/nix/vendor/rust/cargo2nix/submodules/rust-build" && env -u GIT_ALTERNATE_OBJECT_DIRECTORIES -u GIT_DIR -u GIT_INDEX_FILE -u GIT_OBJECT_DIRECTORY -u GIT_WORK_TREE "git" "ls-tree" "HEAD" "library/backtrace" (failure_mode=Exit) (created at src/bootstrap/src/core/config/config.rs:2376:20, executed at src/bootstrap/src/core/config/config.rs:2380:10)
running: cd "/mnt/data1/nix/vendor/rust/cargo2nix/submodules/rust-build" && env -u GIT_ALTERNATE_OBJECT_DIRECTORIES -u GIT_DIR -u GIT_INDEX_FILE -u GIT_OBJECT_DIRECTORY -u GIT_WORK_TREE "git" "config" "--file" ".gitmodules" "--get-regexp" "path" (failure_mode=Exit) (created at src/bootstrap/src/lib.rs:712:22, executed at src/bootstrap/src/lib.rs:716:14)
running: cd "src/doc/nomicon" && env -u GIT_ALTERNATE_OBJECT_DIRECTORIES -u GIT_DIR -u GIT_INDEX_FILE -u GIT_OBJECT_DIRECTORY -u GIT_WORK_TREE "git" "rev-parse" (failure_mode=Ignore) (created at src/bootstrap/src/utils/channel.rs:47:31, executed at src/bootstrap/src/utils/channel.rs:49:50)
running: cd "src/tools/cargo" && env -u GIT_ALTERNATE_OBJECT_DIRECTORIES -u GIT_DIR -u GIT_INDEX_FILE -u GIT_OBJECT_DIRECTORY -u GIT_WORK_TREE "git" "rev-parse" (failure_mode=Ignore) (created at src/bootstrap/src/utils/channel.rs:47:31, executed at src/bootstrap/src/utils/channel.rs:49:50)
running: cd "src/doc/reference" && env -u GIT_ALTERNATE_OBJECT_DIRECTORIES -u GIT_DIR -u GIT_INDEX_FILE -u GIT_OBJECT_DIRECTORY -u GIT_WORK_TREE "git" "rev-parse" (failure_mode=Ignore) (created at src/bootstrap/src/utils/channel.rs:47:31, executed at src/bootstrap/src/utils/channel.rs:49:50)
running: cd "src/doc/book" && env -u GIT_ALTERNATE_OBJECT_DIRECTORIES -u GIT_DIR -u GIT_INDEX_FILE -u GIT_OBJECT_DIRECTORY -u GIT_WORK_TREE "git" "rev-parse" (failure_mode=Ignore) (created at src/bootstrap/src/utils/channel.rs:47:31, executed at src/bootstrap/src/utils/channel.rs:49:50)
running: cd "src/doc/rust-by-example" && env -u GIT_ALTERNATE_OBJECT_DIRECTORIES -u GIT_DIR -u GIT_INDEX_FILE -u GIT_OBJECT_DIRECTORY -u GIT_WORK_TREE "git" "rev-parse" (failure_mode=Ignore) (created at src/bootstrap/src/utils/channel.rs:47:31, executed at src/bootstrap/src/utils/channel.rs:49:50)
running: cd "src/doc/edition-guide" && env -u GIT_ALTERNATE_OBJECT_DIRECTORIES -u GIT_DIR -u GIT_INDEX_FILE -u GIT_OBJECT_DIRECTORY -u GIT_WORK_TREE "git" "rev-parse" (failure_mode=Ignore) (created at src/bootstrap/src/utils/channel.rs:47:31, executed at src/bootstrap/src/utils/channel.rs:49:50)
running: cd "src/llvm-project" && env -u GIT_ALTERNATE_OBJECT_DIRECTORIES -u GIT_DIR -u GIT_INDEX_FILE -u GIT_OBJECT_DIRECTORY -u GIT_WORK_TREE "git" "rev-parse" (failure_mode=Ignore) (created at src/bootstrap/src/utils/channel.rs:47:31, executed at src/bootstrap/src/utils/channel.rs:49:50)
running: cd "src/doc/embedded-book" && env -u GIT_ALTERNATE_OBJECT_DIRECTORIES -u GIT_DIR -u GIT_INDEX_FILE -u GIT_OBJECT_DIRECTORY -u GIT_WORK_TREE "git" "rev-parse" (failure_mode=Ignore) (created at src/bootstrap/src/utils/channel.rs:47:31, executed at src/bootstrap/src/utils/channel.rs:49:50)
running: cd "library/backtrace" && env -u GIT_ALTERNATE_OBJECT_DIRECTORIES -u GIT_DIR -u GIT_INDEX_FILE -u GIT_OBJECT_DIRECTORY -u GIT_WORK_TREE "git" "rev-parse" (failure_mode=Ignore) (created at src/bootstrap/src/utils/channel.rs:47:31, executed at src/bootstrap/src/utils/channel.rs:49:50)
running: cd "src/tools/rustc-perf" && env -u GIT_ALTERNATE_OBJECT_DIRECTORIES -u GIT_DIR -u GIT_INDEX_FILE -u GIT_OBJECT_DIRECTORY -u GIT_WORK_TREE "git" "rev-parse" (failure_mode=Ignore) (created at src/bootstrap/src/utils/channel.rs:47:31, executed at src/bootstrap/src/utils/channel.rs:49:50)
running: cd "src/tools/enzyme" && env -u GIT_ALTERNATE_OBJECT_DIRECTORIES -u GIT_DIR -u GIT_INDEX_FILE -u GIT_OBJECT_DIRECTORY -u GIT_WORK_TREE "git" "rev-parse" (failure_mode=Ignore) (created at src/bootstrap/src/utils/channel.rs:47:31, executed at src/bootstrap/src/utils/channel.rs:49:50)
running: cd "src/gcc" && env -u GIT_ALTERNATE_OBJECT_DIRECTORIES -u GIT_DIR -u GIT_INDEX_FILE -u GIT_OBJECT_DIRECTORY -u GIT_WORK_TREE "git" "rev-parse" (failure_mode=Ignore) (created at src/bootstrap/src/utils/channel.rs:47:31, executed at src/bootstrap/src/utils/channel.rs:49:50)
running: cd "src/doc/reference" && env -u GIT_ALTERNATE_OBJECT_DIRECTORIES -u GIT_DIR -u GIT_INDEX_FILE -u GIT_OBJECT_DIRECTORY -u GIT_WORK_TREE "git" "log" "-1" "--date=short" "--pretty=format:%cd" (failure_mode=Exit) (created at src/bootstrap/src/utils/channel.rs:63:31, executed at src/bootstrap/src/utils/channel.rs:70:14)
running: cd "src/doc/book" && env -u GIT_ALTERNATE_OBJECT_DIRECTORIES -u GIT_DIR -u GIT_INDEX_FILE -u GIT_OBJECT_DIRECTORY -u GIT_WORK_TREE "git" "log" "-1" "--date=short" "--pretty=format:%cd" (failure_mode=Exit) (created at src/bootstrap/src/utils/channel.rs:63:31, executed at src/bootstrap/src/utils/channel.rs:70:14)
running: cd "src/doc/nomicon" && env -u GIT_ALTERNATE_OBJECT_DIRECTORIES -u GIT_DIR -u GIT_INDEX_FILE -u GIT_OBJECT_DIRECTORY -u GIT_WORK_TREE "git" "log" "-1" "--date=short" "--pretty=format:%cd" (failure_mode=Exit) (created at src/bootstrap/src/utils/channel.rs:63:31, executed at src/bootstrap/src/utils/channel.rs:70:14)
running: cd "src/doc/rust-by-example" && env -u GIT_ALTERNATE_OBJECT_DIRECTORIES -u GIT_DIR -u GIT_INDEX_FILE -u GIT_OBJECT_DIRECTORY -u GIT_WORK_TREE "git" "log" "-1" "--date=short" "--pretty=format:%cd" (failure_mode=Exit) (created at src/bootstrap/src/utils/channel.rs:63:31, executed at src/bootstrap/src/utils/channel.rs:70:14)
running: cd "src/tools/cargo" && env -u GIT_ALTERNATE_OBJECT_DIRECTORIES -u GIT_DIR -u GIT_INDEX_FILE -u GIT_OBJECT_DIRECTORY -u GIT_WORK_TREE "git" "log" "-1" "--date=short" "--pretty=format:%cd" (failure_mode=Exit) (created at src/bootstrap/src/utils/channel.rs:63:31, executed at src/bootstrap/src/utils/channel.rs:70:14)
running: cd "src/llvm-project" && env -u GIT_ALTERNATE_OBJECT_DIRECTORIES -u GIT_DIR -u GIT_INDEX_FILE -u GIT_OBJECT_DIRECTORY -u GIT_WORK_TREE "git" "log" "-1" "--date=short" "--pretty=format:%cd" (failure_mode=Exit) (created at src/bootstrap/src/utils/channel.rs:63:31, executed at src/bootstrap/src/utils/channel.rs:70:14)
running: cd "src/doc/edition-guide" && env -u GIT_ALTERNATE_OBJECT_DIRECTORIES -u GIT_DIR -u GIT_INDEX_FILE -u GIT_OBJECT_DIRECTORY -u GIT_WORK_TREE "git" "log" "-1" "--date=short" "--pretty=format:%cd" (failure_mode=Exit) (created at src/bootstrap/src/utils/channel.rs:63:31, executed at src/bootstrap/src/utils/channel.rs:70:14)
running: cd "src/doc/reference" && env -u GIT_ALTERNATE_OBJECT_DIRECTORIES -u GIT_DIR -u GIT_INDEX_FILE -u GIT_OBJECT_DIRECTORY -u GIT_WORK_TREE "git" "rev-parse" "HEAD" (failure_mode=Exit) (created at src/bootstrap/src/utils/channel.rs:72:32, executed at src/bootstrap/src/utils/channel.rs:77:14)
running: cd "src/doc/book" && env -u GIT_ALTERNATE_OBJECT_DIRECTORIES -u GIT_DIR -u GIT_INDEX_FILE -u GIT_OBJECT_DIRECTORY -u GIT_WORK_TREE "git" "rev-parse" "HEAD" (failure_mode=Exit) (created at src/bootstrap/src/utils/channel.rs:72:32, executed at src/bootstrap/src/utils/channel.rs:77:14)
running: cd "src/tools/cargo" && env -u GIT_ALTERNATE_OBJECT_DIRECTORIES -u GIT_DIR -u GIT_INDEX_FILE -u GIT_OBJECT_DIRECTORY -u GIT_WORK_TREE "git" "rev-parse" "HEAD" (failure_mode=Exit) (created at src/bootstrap/src/utils/channel.rs:72:32, executed at src/bootstrap/src/utils/channel.rs:77:14)
running: cd "src/doc/nomicon" && env -u GIT_ALTERNATE_OBJECT_DIRECTORIES -u GIT_DIR -u GIT_INDEX_FILE -u GIT_OBJECT_DIRECTORY -u GIT_WORK_TREE "git" "rev-parse" "HEAD" (failure_mode=Exit) (created at src/bootstrap/src/utils/channel.rs:72:32, executed at src/bootstrap/src/utils/channel.rs:77:14)
running: cd "src/doc/rust-by-example" && env -u GIT_ALTERNATE_OBJECT_DIRECTORIES -u GIT_DIR -u GIT_INDEX_FILE -u GIT_OBJECT_DIRECTORY -u GIT_WORK_TREE "git" "rev-parse" "HEAD" (failure_mode=Exit) (created at src/bootstrap/src/utils/channel.rs:72:32, executed at src/bootstrap/src/utils/channel.rs:77:14)
running: cd "src/doc/embedded-book" && env -u GIT_ALTERNATE_OBJECT_DIRECTORIES -u GIT_DIR -u GIT_INDEX_FILE -u GIT_OBJECT_DIRECTORY -u GIT_WORK_TREE "git" "log" "-1" "--date=short" "--pretty=format:%cd" (failure_mode=Exit) (created at src/bootstrap/src/utils/channel.rs:63:31, executed at src/bootstrap/src/utils/channel.rs:70:14)
running: cd "library/backtrace" && env -u GIT_ALTERNATE_OBJECT_DIRECTORIES -u GIT_DIR -u GIT_INDEX_FILE -u GIT_OBJECT_DIRECTORY -u GIT_WORK_TREE "git" "log" "-1" "--date=short" "--pretty=format:%cd" (failure_mode=Exit) (created at src/bootstrap/src/utils/channel.rs:63:31, executed at src/bootstrap/src/utils/channel.rs:70:14)
running: cd "src/doc/edition-guide" && env -u GIT_ALTERNATE_OBJECT_DIRECTORIES -u GIT_DIR -u GIT_INDEX_FILE -u GIT_OBJECT_DIRECTORY -u GIT_WORK_TREE "git" "rev-parse" "HEAD" (failure_mode=Exit) (created at src/bootstrap/src/utils/channel.rs:72:32, executed at src/bootstrap/src/utils/channel.rs:77:14)
running: cd "src/llvm-project" && env -u GIT_ALTERNATE_OBJECT_DIRECTORIES -u GIT_DIR -u GIT_INDEX_FILE -u GIT_OBJECT_DIRECTORY -u GIT_WORK_TREE "git" "rev-parse" "HEAD" (failure_mode=Exit) (created at src/bootstrap/src/utils/channel.rs:72:32, executed at src/bootstrap/src/utils/channel.rs:77:14)
running: cd "src/tools/enzyme" && env -u GIT_ALTERNATE_OBJECT_DIRECTORIES -u GIT_DIR -u GIT_INDEX_FILE -u GIT_OBJECT_DIRECTORY -u GIT_WORK_TREE "git" "log" "-1" "--date=short" "--pretty=format:%cd" (failure_mode=Exit) (created at src/bootstrap/src/utils/channel.rs:63:31, executed at src/bootstrap/src/utils/channel.rs:70:14)
running: cd "src/doc/reference" && env -u GIT_ALTERNATE_OBJECT_DIRECTORIES -u GIT_DIR -u GIT_INDEX_FILE -u GIT_OBJECT_DIRECTORY -u GIT_WORK_TREE "git" "rev-parse" "--short=9" "HEAD" (failure_mode=Exit) (created at src/bootstrap/src/utils/channel.rs:79:38, executed at src/bootstrap/src/utils/channel.rs:85:14)
running: cd "src/doc/book" && env -u GIT_ALTERNATE_OBJECT_DIRECTORIES -u GIT_DIR -u GIT_INDEX_FILE -u GIT_OBJECT_DIRECTORY -u GIT_WORK_TREE "git" "rev-parse" "--short=9" "HEAD" (failure_mode=Exit) (created at src/bootstrap/src/utils/channel.rs:79:38, executed at src/bootstrap/src/utils/channel.rs:85:14)
running: cd "src/doc/rust-by-example" && env -u GIT_ALTERNATE_OBJECT_DIRECTORIES -u GIT_DIR -u GIT_INDEX_FILE -u GIT_OBJECT_DIRECTORY -u GIT_WORK_TREE "git" "rev-parse" "--short=9" "HEAD" (failure_mode=Exit) (created at src/bootstrap/src/utils/channel.rs:79:38, executed at src/bootstrap/src/utils/channel.rs:85:14)
running: cd "src/doc/nomicon" && env -u GIT_ALTERNATE_OBJECT_DIRECTORIES -u GIT_DIR -u GIT_INDEX_FILE -u GIT_OBJECT_DIRECTORY -u GIT_WORK_TREE "git" "rev-parse" "--short=9" "HEAD" (failure_mode=Exit) (created at src/bootstrap/src/utils/channel.rs:79:38, executed at src/bootstrap/src/utils/channel.rs:85:14)
running: cd "src/tools/cargo" && env -u GIT_ALTERNATE_OBJECT_DIRECTORIES -u GIT_DIR -u GIT_INDEX_FILE -u GIT_OBJECT_DIRECTORY -u GIT_WORK_TREE "git" "rev-parse" "--short=9" "HEAD" (failure_mode=Exit) (created at src/bootstrap/src/utils/channel.rs:79:38, executed at src/bootstrap/src/utils/channel.rs:85:14)
running: cd "library/backtrace" && env -u GIT_ALTERNATE_OBJECT_DIRECTORIES -u GIT_DIR -u GIT_INDEX_FILE -u GIT_OBJECT_DIRECTORY -u GIT_WORK_TREE "git" "rev-parse" "HEAD" (failure_mode=Exit) (created at src/bootstrap/src/utils/channel.rs:72:32, executed at src/bootstrap/src/utils/channel.rs:77:14)
running: cd "src/gcc" && env -u GIT_ALTERNATE_OBJECT_DIRECTORIES -u GIT_DIR -u GIT_INDEX_FILE -u GIT_OBJECT_DIRECTORY -u GIT_WORK_TREE "git" "log" "-1" "--date=short" "--pretty=format:%cd" (failure_mode=Exit) (created at src/bootstrap/src/utils/channel.rs:63:31, executed at src/bootstrap/src/utils/channel.rs:70:14)
running: cd "src/doc/embedded-book" && env -u GIT_ALTERNATE_OBJECT_DIRECTORIES -u GIT_DIR -u GIT_INDEX_FILE -u GIT_OBJECT_DIRECTORY -u GIT_WORK_TREE "git" "rev-parse" "HEAD" (failure_mode=Exit) (created at src/bootstrap/src/utils/channel.rs:72:32, executed at src/bootstrap/src/utils/channel.rs:77:14)
running: cd "src/tools/rustc-perf" && env -u GIT_ALTERNATE_OBJECT_DIRECTORIES -u GIT_DIR -u GIT_INDEX_FILE -u GIT_OBJECT_DIRECTORY -u GIT_WORK_TREE "git" "log" "-1" "--date=short" "--pretty=format:%cd" (failure_mode=Exit) (created at src/bootstrap/src/utils/channel.rs:63:31, executed at src/bootstrap/src/utils/channel.rs:70:14)
running: cd "src/doc/edition-guide" && env -u GIT_ALTERNATE_OBJECT_DIRECTORIES -u GIT_DIR -u GIT_INDEX_FILE -u GIT_OBJECT_DIRECTORY -u GIT_WORK_TREE "git" "rev-parse" "--short=9" "HEAD" (failure_mode=Exit) (created at src/bootstrap/src/utils/channel.rs:79:38, executed at src/bootstrap/src/utils/channel.rs:85:14)
running: cd "src/gcc" && env -u GIT_ALTERNATE_OBJECT_DIRECTORIES -u GIT_DIR -u GIT_INDEX_FILE -u GIT_OBJECT_DIRECTORY -u GIT_WORK_TREE "git" "rev-parse" "HEAD" (failure_mode=Exit) (created at src/bootstrap/src/utils/channel.rs:72:32, executed at src/bootstrap/src/utils/channel.rs:77:14)
running: cd "src/doc/embedded-book" && env -u GIT_ALTERNATE_OBJECT_DIRECTORIES -u GIT_DIR -u GIT_INDEX_FILE -u GIT_OBJECT_DIRECTORY -u GIT_WORK_TREE "git" "rev-parse" "--short=9" "HEAD" (failure_mode=Exit) (created at src/bootstrap/src/utils/channel.rs:79:38, executed at src/bootstrap/src/utils/channel.rs:85:14)
running: cd "src/tools/rustc-perf" && env -u GIT_ALTERNATE_OBJECT_DIRECTORIES -u GIT_DIR -u GIT_INDEX_FILE -u GIT_OBJECT_DIRECTORY -u GIT_WORK_TREE "git" "rev-parse" "HEAD" (failure_mode=Exit) (created at src/bootstrap/src/utils/channel.rs:72:32, executed at src/bootstrap/src/utils/channel.rs:77:14)
running: cd "src/gcc" && env -u GIT_ALTERNATE_OBJECT_DIRECTORIES -u GIT_DIR -u GIT_INDEX_FILE -u GIT_OBJECT_DIRECTORY -u GIT_WORK_TREE "git" "rev-parse" "--short=9" "HEAD" (failure_mode=Exit) (created at src/bootstrap/src/utils/channel.rs:79:38, executed at src/bootstrap/src/utils/channel.rs:85:14)
running: cd "src/llvm-project" && env -u GIT_ALTERNATE_OBJECT_DIRECTORIES -u GIT_DIR -u GIT_INDEX_FILE -u GIT_OBJECT_DIRECTORY -u GIT_WORK_TREE "git" "rev-parse" "--short=9" "HEAD" (failure_mode=Exit) (created at src/bootstrap/src/utils/channel.rs:79:38, executed at src/bootstrap/src/utils/channel.rs:85:14)
running: cd "src/tools/enzyme" && env -u GIT_ALTERNATE_OBJECT_DIRECTORIES -u GIT_DIR -u GIT_INDEX_FILE -u GIT_OBJECT_DIRECTORY -u GIT_WORK_TREE "git" "rev-parse" "HEAD" (failure_mode=Exit) (created at src/bootstrap/src/utils/channel.rs:72:32, executed at src/bootstrap/src/utils/channel.rs:77:14)
running: cd "src/tools/rustc-perf" && env -u GIT_ALTERNATE_OBJECT_DIRECTORIES -u GIT_DIR -u GIT_INDEX_FILE -u GIT_OBJECT_DIRECTORY -u GIT_WORK_TREE "git" "rev-parse" "--short=9" "HEAD" (failure_mode=Exit) (created at src/bootstrap/src/utils/channel.rs:79:38, executed at src/bootstrap/src/utils/channel.rs:85:14)
running: cd "library/backtrace" && env -u GIT_ALTERNATE_OBJECT_DIRECTORIES -u GIT_DIR -u GIT_INDEX_FILE -u GIT_OBJECT_DIRECTORY -u GIT_WORK_TREE "git" "rev-parse" "--short=9" "HEAD" (failure_mode=Exit) (created at src/bootstrap/src/utils/channel.rs:79:38, executed at src/bootstrap/src/utils/channel.rs:85:14)
running: cd "src/tools/enzyme" && env -u GIT_ALTERNATE_OBJECT_DIRECTORIES -u GIT_DIR -u GIT_INDEX_FILE -u GIT_OBJECT_DIRECTORY -u GIT_WORK_TREE "git" "rev-parse" "--short=9" "HEAD" (failure_mode=Exit) (created at src/bootstrap/src/utils/channel.rs:79:38, executed at src/bootstrap/src/utils/channel.rs:85:14)
running: cd "/mnt/data1/nix/vendor/rust/cargo2nix/submodules/rust-build/src/doc/embedded-book" && env -u GIT_ALTERNATE_OBJECT_DIRECTORIES -u GIT_DIR -u GIT_INDEX_FILE -u GIT_OBJECT_DIRECTORY -u GIT_WORK_TREE "git" "rev-parse" (failure_mode=Ignore) (created at src/bootstrap/src/utils/channel.rs:47:31, executed at src/bootstrap/src/utils/channel.rs:49:50)
Cache hit: cd "/mnt/data1/nix/vendor/rust/cargo2nix/submodules/rust-build/src/gcc" && env -u GIT_ALTERNATE_OBJECT_DIRECTORIES -u GIT_DIR -u GIT_INDEX_FILE -u GIT_OBJECT_DIRECTORY -u GIT_WORK_TREE "git" "rev-parse" (failure_mode=Ignore)
Cache hit: cd "/mnt/data1/nix/vendor/rust/cargo2nix/submodules/rust-build/src/gcc" && env -u GIT_ALTERNATE_OBJECT_DIRECTORIES -u GIT_DIR -u GIT_INDEX_FILE -u GIT_OBJECT_DIRECTORY -u GIT_WORK_TREE "git" "log" "-1" "--date=short" "--pretty=format:%cd" (failure_mode=Exit)
Cache hit: cd "/mnt/data1/nix/vendor/rust/cargo2nix/submodules/rust-build/src/gcc" && env -u GIT_ALTERNATE_OBJECT_DIRECTORIES -u GIT_DIR -u GIT_INDEX_FILE -u GIT_OBJECT_DIRECTORY -u GIT_WORK_TREE "git" "rev-parse" "HEAD" (failure_mode=Exit)
Cache hit: cd "/mnt/data1/nix/vendor/rust/cargo2nix/submodules/rust-build/src/gcc" && env -u GIT_ALTERNATE_OBJECT_DIRECTORIES -u GIT_DIR -u GIT_INDEX_FILE -u GIT_OBJECT_DIRECTORY -u GIT_WORK_TREE "git" "rev-parse" "--short=9" "HEAD" (failure_mode=Exit)
Cache hit: cd "/mnt/data1/nix/vendor/rust/cargo2nix/submodules/rust-build/src/gcc" && env -u GIT_ALTERNATE_OBJECT_DIRECTORIES -u GIT_DIR -u GIT_INDEX_FILE -u GIT_OBJECT_DIRECTORY -u GIT_WORK_TREE "git" "rev-parse" "HEAD" (failure_mode=Exit)
running: cd "/mnt/data1/nix/vendor/rust/cargo2nix/submodules/rust-build" && env -u GIT_ALTERNATE_OBJECT_DIRECTORIES -u GIT_DIR -u GIT_INDEX_FILE -u GIT_OBJECT_DIRECTORY -u GIT_WORK_TREE "git" "ls-tree" "HEAD" "src/gcc" (failure_mode=Exit) (created at src/bootstrap/src/core/config/config.rs:2376:20, executed at src/bootstrap/src/core/config/config.rs:2380:10)
Cache hit: cd "/mnt/data1/nix/vendor/rust/cargo2nix/submodules/rust-build/src/tools/cargo" && env -u GIT_ALTERNATE_OBJECT_DIRECTORIES -u GIT_DIR -u GIT_INDEX_FILE -u GIT_OBJECT_DIRECTORY -u GIT_WORK_TREE "git" "rev-parse" (failure_mode=Ignore)
Cache hit: cd "/mnt/data1/nix/vendor/rust/cargo2nix/submodules/rust-build/src/llvm-project" && env -u GIT_ALTERNATE_OBJECT_DIRECTORIES -u GIT_DIR -u GIT_INDEX_FILE -u GIT_OBJECT_DIRECTORY -u GIT_WORK_TREE "git" "rev-parse" (failure_mode=Ignore)
running: cd "/mnt/data1/nix/vendor/rust/cargo2nix/submodules/rust-build/src/tools/cargo" && env -u GIT_ALTERNATE_OBJECT_DIRECTORIES -u GIT_DIR -u GIT_INDEX_FILE -u GIT_OBJECT_DIRECTORY -u GIT_WORK_TREE "git" "log" "-1" "--date=short" "--pretty=format:%cd" (failure_mode=Exit) (created at src/bootstrap/src/utils/channel.rs:63:31, executed at src/bootstrap/src/utils/channel.rs:70:14)
Cache hit: cd "/mnt/data1/nix/vendor/rust/cargo2nix/submodules/rust-build/src/llvm-project" && env -u GIT_ALTERNATE_OBJECT_DIRECTORIES -u GIT_DIR -u GIT_INDEX_FILE -u GIT_OBJECT_DIRECTORY -u GIT_WORK_TREE "git" "log" "-1" "--date=short" "--pretty=format:%cd" (failure_mode=Exit)
Cache hit: cd "/mnt/data1/nix/vendor/rust/cargo2nix/submodules/rust-build/src/llvm-project" && env -u GIT_ALTERNATE_OBJECT_DIRECTORIES -u GIT_DIR -u GIT_INDEX_FILE -u GIT_OBJECT_DIRECTORY -u GIT_WORK_TREE "git" "rev-parse" "HEAD" (failure_mode=Exit)
Cache hit: cd "/mnt/data1/nix/vendor/rust/cargo2nix/submodules/rust-build/src/llvm-project" && env -u GIT_ALTERNATE_OBJECT_DIRECTORIES -u GIT_DIR -u GIT_INDEX_FILE -u GIT_OBJECT_DIRECTORY -u GIT_WORK_TREE "git" "rev-parse" "--short=9" "HEAD" (failure_mode=Exit)
Cache hit: cd "/mnt/data1/nix/vendor/rust/cargo2nix/submodules/rust-build/src/llvm-project" && env -u GIT_ALTERNATE_OBJECT_DIRECTORIES -u GIT_DIR -u GIT_INDEX_FILE -u GIT_OBJECT_DIRECTORY -u GIT_WORK_TREE "git" "rev-parse" "HEAD" (failure_mode=Exit)
running: cd "/mnt/data1/nix/vendor/rust/cargo2nix/submodules/rust-build" && env -u GIT_ALTERNATE_OBJECT_DIRECTORIES -u GIT_DIR -u GIT_INDEX_FILE -u GIT_OBJECT_DIRECTORY -u GIT_WORK_TREE "git" "ls-tree" "HEAD" "src/llvm-project" (failure_mode=Exit) (created at src/bootstrap/src/core/config/config.rs:2376:20, executed at src/bootstrap/src/core/config/config.rs:2380:10)
Cache hit: cd "/mnt/data1/nix/vendor/rust/cargo2nix/submodules/rust-build/library/backtrace" && env -u GIT_ALTERNATE_OBJECT_DIRECTORIES -u GIT_DIR -u GIT_INDEX_FILE -u GIT_OBJECT_DIRECTORY -u GIT_WORK_TREE "git" "rev-parse" (failure_mode=Ignore)
Cache hit: cd "/mnt/data1/nix/vendor/rust/cargo2nix/submodules/rust-build/library/backtrace" && env -u GIT_ALTERNATE_OBJECT_DIRECTORIES -u GIT_DIR -u GIT_INDEX_FILE -u GIT_OBJECT_DIRECTORY -u GIT_WORK_TREE "git" "log" "-1" "--date=short" "--pretty=format:%cd" (failure_mode=Exit)
Cache hit: cd "/mnt/data1/nix/vendor/rust/cargo2nix/submodules/rust-build/library/backtrace" && env -u GIT_ALTERNATE_OBJECT_DIRECTORIES -u GIT_DIR -u GIT_INDEX_FILE -u GIT_OBJECT_DIRECTORY -u GIT_WORK_TREE "git" "rev-parse" "HEAD" (failure_mode=Exit)
Cache hit: cd "/mnt/data1/nix/vendor/rust/cargo2nix/submodules/rust-build/library/backtrace" && env -u GIT_ALTERNATE_OBJECT_DIRECTORIES -u GIT_DIR -u GIT_INDEX_FILE -u GIT_OBJECT_DIRECTORY -u GIT_WORK_TREE "git" "rev-parse" "--short=9" "HEAD" (failure_mode=Exit)
Cache hit: cd "/mnt/data1/nix/vendor/rust/cargo2nix/submodules/rust-build/library/backtrace" && env -u GIT_ALTERNATE_OBJECT_DIRECTORIES -u GIT_DIR -u GIT_INDEX_FILE -u GIT_OBJECT_DIRECTORY -u GIT_WORK_TREE "git" "rev-parse" "HEAD" (failure_mode=Exit)
Cache hit: cd "/mnt/data1/nix/vendor/rust/cargo2nix/submodules/rust-build" && env -u GIT_ALTERNATE_OBJECT_DIRECTORIES -u GIT_DIR -u GIT_INDEX_FILE -u GIT_OBJECT_DIRECTORY -u GIT_WORK_TREE "git" "ls-tree" "HEAD" "library/backtrace" (failure_mode=Exit)
running: cd "/mnt/data1/nix/vendor/rust/cargo2nix/submodules/rust-build/src/tools/cargo" && env -u GIT_ALTERNATE_OBJECT_DIRECTORIES -u GIT_DIR -u GIT_INDEX_FILE -u GIT_OBJECT_DIRECTORY -u GIT_WORK_TREE "git" "rev-parse" "HEAD" (failure_mode=Exit) (created at src/bootstrap/src/utils/channel.rs:72:32, executed at src/bootstrap/src/utils/channel.rs:77:14)
running: cd "/mnt/data1/nix/vendor/rust/cargo2nix/submodules/rust-build/src/doc/embedded-book" && env -u GIT_ALTERNATE_OBJECT_DIRECTORIES -u GIT_DIR -u GIT_INDEX_FILE -u GIT_OBJECT_DIRECTORY -u GIT_WORK_TREE "git" "log" "-1" "--date=short" "--pretty=format:%cd" (failure_mode=Exit) (created at src/bootstrap/src/utils/channel.rs:63:31, executed at src/bootstrap/src/utils/channel.rs:70:14)
running: cd "/mnt/data1/nix/vendor/rust/cargo2nix/submodules/rust-build/src/tools/rustc-perf" && env -u GIT_ALTERNATE_OBJECT_DIRECTORIES -u GIT_DIR -u GIT_INDEX_FILE -u GIT_OBJECT_DIRECTORY -u GIT_WORK_TREE "git" "rev-parse" (failure_mode=Ignore) (created at src/bootstrap/src/utils/channel.rs:47:31, executed at src/bootstrap/src/utils/channel.rs:49:50)
running: cd "/mnt/data1/nix/vendor/rust/cargo2nix/submodules/rust-build/src/tools/cargo" && env -u GIT_ALTERNATE_OBJECT_DIRECTORIES -u GIT_DIR -u GIT_INDEX_FILE -u GIT_OBJECT_DIRECTORY -u GIT_WORK_TREE "git" "rev-parse" "--short=9" "HEAD" (failure_mode=Exit) (created at src/bootstrap/src/utils/channel.rs:79:38, executed at src/bootstrap/src/utils/channel.rs:85:14)
running: cd "/mnt/data1/nix/vendor/rust/cargo2nix/submodules/rust-build/src/doc/embedded-book" && env -u GIT_ALTERNATE_OBJECT_DIRECTORIES -u GIT_DIR -u GIT_INDEX_FILE -u GIT_OBJECT_DIRECTORY -u GIT_WORK_TREE "git" "rev-parse" "HEAD" (failure_mode=Exit) (created at src/bootstrap/src/utils/channel.rs:72:32, executed at src/bootstrap/src/utils/channel.rs:77:14)
Cache hit: cd "/mnt/data1/nix/vendor/rust/cargo2nix/submodules/rust-build/src/tools/enzyme" && env -u GIT_ALTERNATE_OBJECT_DIRECTORIES -u GIT_DIR -u GIT_INDEX_FILE -u GIT_OBJECT_DIRECTORY -u GIT_WORK_TREE "git" "rev-parse" (failure_mode=Ignore)
running: cd "/mnt/data1/nix/vendor/rust/cargo2nix/submodules/rust-build/src/tools/enzyme" && env -u GIT_ALTERNATE_OBJECT_DIRECTORIES -u GIT_DIR -u GIT_INDEX_FILE -u GIT_OBJECT_DIRECTORY -u GIT_WORK_TREE "git" "log" "-1" "--date=short" "--pretty=format:%cd" (failure_mode=Exit) (created at src/bootstrap/src/utils/channel.rs:63:31, executed at src/bootstrap/src/utils/channel.rs:70:14)
running: cd "/mnt/data1/nix/vendor/rust/cargo2nix/submodules/rust-build/src/doc/embedded-book" && env -u GIT_ALTERNATE_OBJECT_DIRECTORIES -u GIT_DIR -u GIT_INDEX_FILE -u GIT_OBJECT_DIRECTORY -u GIT_WORK_TREE "git" "rev-parse" "--short=9" "HEAD" (failure_mode=Exit) (created at src/bootstrap/src/utils/channel.rs:79:38, executed at src/bootstrap/src/utils/channel.rs:85:14)
running: cd "/mnt/data1/nix/vendor/rust/cargo2nix/submodules/rust-build/src/tools/enzyme" && env -u GIT_ALTERNATE_OBJECT_DIRECTORIES -u GIT_DIR -u GIT_INDEX_FILE -u GIT_OBJECT_DIRECTORY -u GIT_WORK_TREE "git" "rev-parse" "HEAD" (failure_mode=Exit) (created at src/bootstrap/src/utils/channel.rs:72:32, executed at src/bootstrap/src/utils/channel.rs:77:14)
running: cd "/mnt/data1/nix/vendor/rust/cargo2nix/submodules/rust-build/src/tools/rustc-perf" && env -u GIT_ALTERNATE_OBJECT_DIRECTORIES -u GIT_DIR -u GIT_INDEX_FILE -u GIT_OBJECT_DIRECTORY -u GIT_WORK_TREE "git" "log" "-1" "--date=short" "--pretty=format:%cd" (failure_mode=Exit) (created at src/bootstrap/src/utils/channel.rs:63:31, executed at src/bootstrap/src/utils/channel.rs:70:14)
running: cd "/mnt/data1/nix/vendor/rust/cargo2nix/submodules/rust-build/src/tools/enzyme" && env -u GIT_ALTERNATE_OBJECT_DIRECTORIES -u GIT_DIR -u GIT_INDEX_FILE -u GIT_OBJECT_DIRECTORY -u GIT_WORK_TREE "git" "rev-parse" "--short=9" "HEAD" (failure_mode=Exit) (created at src/bootstrap/src/utils/channel.rs:79:38, executed at src/bootstrap/src/utils/channel.rs:85:14)
Cache hit: cd "/mnt/data1/nix/vendor/rust/cargo2nix/submodules/rust-build/src/tools/cargo" && env -u GIT_ALTERNATE_OBJECT_DIRECTORIES -u GIT_DIR -u GIT_INDEX_FILE -u GIT_OBJECT_DIRECTORY -u GIT_WORK_TREE "git" "rev-parse" "HEAD" (failure_mode=Exit)
running: cd "/mnt/data1/nix/vendor/rust/cargo2nix/submodules/rust-build" && env -u GIT_ALTERNATE_OBJECT_DIRECTORIES -u GIT_DIR -u GIT_INDEX_FILE -u GIT_OBJECT_DIRECTORY -u GIT_WORK_TREE "git" "ls-tree" "HEAD" "src/tools/cargo" (failure_mode=Exit) (created at src/bootstrap/src/core/config/config.rs:2376:20, executed at src/bootstrap/src/core/config/config.rs:2380:10)
running: cd "/mnt/data1/nix/vendor/rust/cargo2nix/submodules/rust-build/src/tools/rustc-perf" && env -u GIT_ALTERNATE_OBJECT_DIRECTORIES -u GIT_DIR -u GIT_INDEX_FILE -u GIT_OBJECT_DIRECTORY -u GIT_WORK_TREE "git" "rev-parse" "HEAD" (failure_mode=Exit) (created at src/bootstrap/src/utils/channel.rs:72:32, executed at src/bootstrap/src/utils/channel.rs:77:14)
running: cd "/mnt/data1/nix/vendor/rust/cargo2nix/submodules/rust-build/src/tools/rustc-perf" && env -u GIT_ALTERNATE_OBJECT_DIRECTORIES -u GIT_DIR -u GIT_INDEX_FILE -u GIT_OBJECT_DIRECTORY -u GIT_WORK_TREE "git" "rev-parse" "--short=9" "HEAD" (failure_mode=Exit) (created at src/bootstrap/src/utils/channel.rs:79:38, executed at src/bootstrap/src/utils/channel.rs:85:14)
Cache hit: cd "/mnt/data1/nix/vendor/rust/cargo2nix/submodules/rust-build/src/doc/embedded-book" && env -u GIT_ALTERNATE_OBJECT_DIRECTORIES -u GIT_DIR -u GIT_INDEX_FILE -u GIT_OBJECT_DIRECTORY -u GIT_WORK_TREE "git" "rev-parse" "HEAD" (failure_mode=Exit)
running: cd "/mnt/data1/nix/vendor/rust/cargo2nix/submodules/rust-build" && env -u GIT_ALTERNATE_OBJECT_DIRECTORIES -u GIT_DIR -u GIT_INDEX_FILE -u GIT_OBJECT_DIRECTORY -u GIT_WORK_TREE "git" "ls-tree" "HEAD" "src/doc/embedded-book" (failure_mode=Exit) (created at src/bootstrap/src/core/config/config.rs:2376:20, executed at src/bootstrap/src/core/config/config.rs:2380:10)
Cache hit: cd "/mnt/data1/nix/vendor/rust/cargo2nix/submodules/rust-build/src/tools/enzyme" && env -u GIT_ALTERNATE_OBJECT_DIRECTORIES -u GIT_DIR -u GIT_INDEX_FILE -u GIT_OBJECT_DIRECTORY -u GIT_WORK_TREE "git" "rev-parse" "HEAD" (failure_mode=Exit)
running: cd "/mnt/data1/nix/vendor/rust/cargo2nix/submodules/rust-build" && env -u GIT_ALTERNATE_OBJECT_DIRECTORIES -u GIT_DIR -u GIT_INDEX_FILE -u GIT_OBJECT_DIRECTORY -u GIT_WORK_TREE "git" "ls-tree" "HEAD" "src/tools/enzyme" (failure_mode=Exit) (created at src/bootstrap/src/core/config/config.rs:2376:20, executed at src/bootstrap/src/core/config/config.rs:2380:10)
Cache hit: cd "/mnt/data1/nix/vendor/rust/cargo2nix/submodules/rust-build/src/tools/rustc-perf" && env -u GIT_ALTERNATE_OBJECT_DIRECTORIES -u GIT_DIR -u GIT_INDEX_FILE -u GIT_OBJECT_DIRECTORY -u GIT_WORK_TREE "git" "rev-parse" "HEAD" (failure_mode=Exit)
running: cd "/mnt/data1/nix/vendor/rust/cargo2nix/submodules/rust-build" && env -u GIT_ALTERNATE_OBJECT_DIRECTORIES -u GIT_DIR -u GIT_INDEX_FILE -u GIT_OBJECT_DIRECTORY -u GIT_WORK_TREE "git" "ls-tree" "HEAD" "src/tools/rustc-perf" (failure_mode=Exit) (created at src/bootstrap/src/core/config/config.rs:2376:20, executed at src/bootstrap/src/core/config/config.rs:2380:10)
running: cd "/mnt/data1/nix/vendor/rust/cargo2nix/submodules/rust-build/src/doc/reference" && env -u GIT_ALTERNATE_OBJECT_DIRECTORIES -u GIT_DIR -u GIT_INDEX_FILE -u GIT_OBJECT_DIRECTORY -u GIT_WORK_TREE "git" "rev-parse" (failure_mode=Ignore) (created at src/bootstrap/src/utils/channel.rs:47:31, executed at src/bootstrap/src/utils/channel.rs:49:50)
running: cd "/mnt/data1/nix/vendor/rust/cargo2nix/submodules/rust-build/src/doc/reference" && env -u GIT_ALTERNATE_OBJECT_DIRECTORIES -u GIT_DIR -u GIT_INDEX_FILE -u GIT_OBJECT_DIRECTORY -u GIT_WORK_TREE "git" "log" "-1" "--date=short" "--pretty=format:%cd" (failure_mode=Exit) (created at src/bootstrap/src/utils/channel.rs:63:31, executed at src/bootstrap/src/utils/channel.rs:70:14)
running: cd "/mnt/data1/nix/vendor/rust/cargo2nix/submodules/rust-build/src/doc/reference" && env -u GIT_ALTERNATE_OBJECT_DIRECTORIES -u GIT_DIR -u GIT_INDEX_FILE -u GIT_OBJECT_DIRECTORY -u GIT_WORK_TREE "git" "rev-parse" "HEAD" (failure_mode=Exit) (created at src/bootstrap/src/utils/channel.rs:72:32, executed at src/bootstrap/src/utils/channel.rs:77:14)
running: cd "/mnt/data1/nix/vendor/rust/cargo2nix/submodules/rust-build/src/doc/book" && env -u GIT_ALTERNATE_OBJECT_DIRECTORIES -u GIT_DIR -u GIT_INDEX_FILE -u GIT_OBJECT_DIRECTORY -u GIT_WORK_TREE "git" "rev-parse" (failure_mode=Ignore) (created at src/bootstrap/src/utils/channel.rs:47:31, executed at src/bootstrap/src/utils/channel.rs:49:50)
running: cd "/mnt/data1/nix/vendor/rust/cargo2nix/submodules/rust-build/src/doc/reference" && env -u GIT_ALTERNATE_OBJECT_DIRECTORIES -u GIT_DIR -u GIT_INDEX_FILE -u GIT_OBJECT_DIRECTORY -u GIT_WORK_TREE "git" "rev-parse" "--short=9" "HEAD" (failure_mode=Exit) (created at src/bootstrap/src/utils/channel.rs:79:38, executed at src/bootstrap/src/utils/channel.rs:85:14)
running: cd "/mnt/data1/nix/vendor/rust/cargo2nix/submodules/rust-build/src/doc/book" && env -u GIT_ALTERNATE_OBJECT_DIRECTORIES -u GIT_DIR -u GIT_INDEX_FILE -u GIT_OBJECT_DIRECTORY -u GIT_WORK_TREE "git" "log" "-1" "--date=short" "--pretty=format:%cd" (failure_mode=Exit) (created at src/bootstrap/src/utils/channel.rs:63:31, executed at src/bootstrap/src/utils/channel.rs:70:14)
Cache hit: cd "/mnt/data1/nix/vendor/rust/cargo2nix/submodules/rust-build/src/doc/reference" && env -u GIT_ALTERNATE_OBJECT_DIRECTORIES -u GIT_DIR -u GIT_INDEX_FILE -u GIT_OBJECT_DIRECTORY -u GIT_WORK_TREE "git" "rev-parse" "HEAD" (failure_mode=Exit)
running: cd "/mnt/data1/nix/vendor/rust/cargo2nix/submodules/rust-build" && env -u GIT_ALTERNATE_OBJECT_DIRECTORIES -u GIT_DIR -u GIT_INDEX_FILE -u GIT_OBJECT_DIRECTORY -u GIT_WORK_TREE "git" "ls-tree" "HEAD" "src/doc/reference" (failure_mode=Exit) (created at src/bootstrap/src/core/config/config.rs:2376:20, executed at src/bootstrap/src/core/config/config.rs:2380:10)
running: cd "/mnt/data1/nix/vendor/rust/cargo2nix/submodules/rust-build/src/doc/book" && env -u GIT_ALTERNATE_OBJECT_DIRECTORIES -u GIT_DIR -u GIT_INDEX_FILE -u GIT_OBJECT_DIRECTORY -u GIT_WORK_TREE "git" "rev-parse" "HEAD" (failure_mode=Exit) (created at src/bootstrap/src/utils/channel.rs:72:32, executed at src/bootstrap/src/utils/channel.rs:77:14)
running: cd "/mnt/data1/nix/vendor/rust/cargo2nix/submodules/rust-build/src/doc/book" && env -u GIT_ALTERNATE_OBJECT_DIRECTORIES -u GIT_DIR -u GIT_INDEX_FILE -u GIT_OBJECT_DIRECTORY -u GIT_WORK_TREE "git" "rev-parse" "--short=9" "HEAD" (failure_mode=Exit) (created at src/bootstrap/src/utils/channel.rs:79:38, executed at src/bootstrap/src/utils/channel.rs:85:14)
Cache hit: cd "/mnt/data1/nix/vendor/rust/cargo2nix/submodules/rust-build/src/doc/book" && env -u GIT_ALTERNATE_OBJECT_DIRECTORIES -u GIT_DIR -u GIT_INDEX_FILE -u GIT_OBJECT_DIRECTORY -u GIT_WORK_TREE "git" "rev-parse" "HEAD" (failure_mode=Exit)
running: cd "/mnt/data1/nix/vendor/rust/cargo2nix/submodules/rust-build" && env -u GIT_ALTERNATE_OBJECT_DIRECTORIES -u GIT_DIR -u GIT_INDEX_FILE -u GIT_OBJECT_DIRECTORY -u GIT_WORK_TREE "git" "ls-tree" "HEAD" "src/doc/book" (failure_mode=Exit) (created at src/bootstrap/src/core/config/config.rs:2376:20, executed at src/bootstrap/src/core/config/config.rs:2380:10)
running: cd "/mnt/data1/nix/vendor/rust/cargo2nix/submodules/rust-build/src/doc/edition-guide" && env -u GIT_ALTERNATE_OBJECT_DIRECTORIES -u GIT_DIR -u GIT_INDEX_FILE -u GIT_OBJECT_DIRECTORY -u GIT_WORK_TREE "git" "rev-parse" (failure_mode=Ignore) (created at src/bootstrap/src/utils/channel.rs:47:31, executed at src/bootstrap/src/utils/channel.rs:49:50)
running: cd "/mnt/data1/nix/vendor/rust/cargo2nix/submodules/rust-build/src/doc/nomicon" && env -u GIT_ALTERNATE_OBJECT_DIRECTORIES -u GIT_DIR -u GIT_INDEX_FILE -u GIT_OBJECT_DIRECTORY -u GIT_WORK_TREE "git" "rev-parse" (failure_mode=Ignore) (created at src/bootstrap/src/utils/channel.rs:47:31, executed at src/bootstrap/src/utils/channel.rs:49:50)
running: cd "/mnt/data1/nix/vendor/rust/cargo2nix/submodules/rust-build/src/doc/edition-guide" && env -u GIT_ALTERNATE_OBJECT_DIRECTORIES -u GIT_DIR -u GIT_INDEX_FILE -u GIT_OBJECT_DIRECTORY -u GIT_WORK_TREE "git" "log" "-1" "--date=short" "--pretty=format:%cd" (failure_mode=Exit) (created at src/bootstrap/src/utils/channel.rs:63:31, executed at src/bootstrap/src/utils/channel.rs:70:14)
running: cd "/mnt/data1/nix/vendor/rust/cargo2nix/submodules/rust-build/src/doc/nomicon" && env -u GIT_ALTERNATE_OBJECT_DIRECTORIES -u GIT_DIR -u GIT_INDEX_FILE -u GIT_OBJECT_DIRECTORY -u GIT_WORK_TREE "git" "log" "-1" "--date=short" "--pretty=format:%cd" (failure_mode=Exit) (created at src/bootstrap/src/utils/channel.rs:63:31, executed at src/bootstrap/src/utils/channel.rs:70:14)
running: cd "/mnt/data1/nix/vendor/rust/cargo2nix/submodules/rust-build/src/doc/edition-guide" && env -u GIT_ALTERNATE_OBJECT_DIRECTORIES -u GIT_DIR -u GIT_INDEX_FILE -u GIT_OBJECT_DIRECTORY -u GIT_WORK_TREE "git" "rev-parse" "HEAD" (failure_mode=Exit) (created at src/bootstrap/src/utils/channel.rs:72:32, executed at src/bootstrap/src/utils/channel.rs:77:14)
running: cd "/mnt/data1/nix/vendor/rust/cargo2nix/submodules/rust-build/src/doc/nomicon" && env -u GIT_ALTERNATE_OBJECT_DIRECTORIES -u GIT_DIR -u GIT_INDEX_FILE -u GIT_OBJECT_DIRECTORY -u GIT_WORK_TREE "git" "rev-parse" "HEAD" (failure_mode=Exit) (created at src/bootstrap/src/utils/channel.rs:72:32, executed at src/bootstrap/src/utils/channel.rs:77:14)
running: cd "/mnt/data1/nix/vendor/rust/cargo2nix/submodules/rust-build/src/doc/edition-guide" && env -u GIT_ALTERNATE_OBJECT_DIRECTORIES -u GIT_DIR -u GIT_INDEX_FILE -u GIT_OBJECT_DIRECTORY -u GIT_WORK_TREE "git" "rev-parse" "--short=9" "HEAD" (failure_mode=Exit) (created at src/bootstrap/src/utils/channel.rs:79:38, executed at src/bootstrap/src/utils/channel.rs:85:14)
running: cd "/mnt/data1/nix/vendor/rust/cargo2nix/submodules/rust-build/src/doc/nomicon" && env -u GIT_ALTERNATE_OBJECT_DIRECTORIES -u GIT_DIR -u GIT_INDEX_FILE -u GIT_OBJECT_DIRECTORY -u GIT_WORK_TREE "git" "rev-parse" "--short=9" "HEAD" (failure_mode=Exit) (created at src/bootstrap/src/utils/channel.rs:79:38, executed at src/bootstrap/src/utils/channel.rs:85:14)
Cache hit: cd "/mnt/data1/nix/vendor/rust/cargo2nix/submodules/rust-build/src/doc/edition-guide" && env -u GIT_ALTERNATE_OBJECT_DIRECTORIES -u GIT_DIR -u GIT_INDEX_FILE -u GIT_OBJECT_DIRECTORY -u GIT_WORK_TREE "git" "rev-parse" "HEAD" (failure_mode=Exit)
running: cd "/mnt/data1/nix/vendor/rust/cargo2nix/submodules/rust-build" && env -u GIT_ALTERNATE_OBJECT_DIRECTORIES -u GIT_DIR -u GIT_INDEX_FILE -u GIT_OBJECT_DIRECTORY -u GIT_WORK_TREE "git" "ls-tree" "HEAD" "src/doc/edition-guide" (failure_mode=Exit) (created at src/bootstrap/src/core/config/config.rs:2376:20, executed at src/bootstrap/src/core/config/config.rs:2380:10)
running: cd "/mnt/data1/nix/vendor/rust/cargo2nix/submodules/rust-build/src/doc/rust-by-example" && env -u GIT_ALTERNATE_OBJECT_DIRECTORIES -u GIT_DIR -u GIT_INDEX_FILE -u GIT_OBJECT_DIRECTORY -u GIT_WORK_TREE "git" "rev-parse" (failure_mode=Ignore) (created at src/bootstrap/src/utils/channel.rs:47:31, executed at src/bootstrap/src/utils/channel.rs:49:50)
Cache hit: cd "/mnt/data1/nix/vendor/rust/cargo2nix/submodules/rust-build/src/doc/nomicon" && env -u GIT_ALTERNATE_OBJECT_DIRECTORIES -u GIT_DIR -u GIT_INDEX_FILE -u GIT_OBJECT_DIRECTORY -u GIT_WORK_TREE "git" "rev-parse" "HEAD" (failure_mode=Exit)
running: cd "/mnt/data1/nix/vendor/rust/cargo2nix/submodules/rust-build" && env -u GIT_ALTERNATE_OBJECT_DIRECTORIES -u GIT_DIR -u GIT_INDEX_FILE -u GIT_OBJECT_DIRECTORY -u GIT_WORK_TREE "git" "ls-tree" "HEAD" "src/doc/nomicon" (failure_mode=Exit) (created at src/bootstrap/src/core/config/config.rs:2376:20, executed at src/bootstrap/src/core/config/config.rs:2380:10)
running: cd "/mnt/data1/nix/vendor/rust/cargo2nix/submodules/rust-build/src/doc/rust-by-example" && env -u GIT_ALTERNATE_OBJECT_DIRECTORIES -u GIT_DIR -u GIT_INDEX_FILE -u GIT_OBJECT_DIRECTORY -u GIT_WORK_TREE "git" "log" "-1" "--date=short" "--pretty=format:%cd" (failure_mode=Exit) (created at src/bootstrap/src/utils/channel.rs:63:31, executed at src/bootstrap/src/utils/channel.rs:70:14)
running: cd "/mnt/data1/nix/vendor/rust/cargo2nix/submodules/rust-build/src/doc/rust-by-example" && env -u GIT_ALTERNATE_OBJECT_DIRECTORIES -u GIT_DIR -u GIT_INDEX_FILE -u GIT_OBJECT_DIRECTORY -u GIT_WORK_TREE "git" "rev-parse" "HEAD" (failure_mode=Exit) (created at src/bootstrap/src/utils/channel.rs:72:32, executed at src/bootstrap/src/utils/channel.rs:77:14)
running: cd "/mnt/data1/nix/vendor/rust/cargo2nix/submodules/rust-build/src/doc/rust-by-example" && env -u GIT_ALTERNATE_OBJECT_DIRECTORIES -u GIT_DIR -u GIT_INDEX_FILE -u GIT_OBJECT_DIRECTORY -u GIT_WORK_TREE "git" "rev-parse" "--short=9" "HEAD" (failure_mode=Exit) (created at src/bootstrap/src/utils/channel.rs:79:38, executed at src/bootstrap/src/utils/channel.rs:85:14)
Cache hit: cd "/mnt/data1/nix/vendor/rust/cargo2nix/submodules/rust-build/src/doc/rust-by-example" && env -u GIT_ALTERNATE_OBJECT_DIRECTORIES -u GIT_DIR -u GIT_INDEX_FILE -u GIT_OBJECT_DIRECTORY -u GIT_WORK_TREE "git" "rev-parse" "HEAD" (failure_mode=Exit)
running: cd "/mnt/data1/nix/vendor/rust/cargo2nix/submodules/rust-build" && env -u GIT_ALTERNATE_OBJECT_DIRECTORIES -u GIT_DIR -u GIT_INDEX_FILE -u GIT_OBJECT_DIRECTORY -u GIT_WORK_TREE "git" "ls-tree" "HEAD" "src/doc/rust-by-example" (failure_mode=Exit) (created at src/bootstrap/src/core/config/config.rs:2376:20, executed at src/bootstrap/src/core/config/config.rs:2380:10)
learning about cargo
running: RUSTC_BOOTSTRAP="1" "/mnt/data1/nix/vendor/rust/cargo2nix/submodules/rust-build/build/x86_64-unknown-linux-gnu/stage0/bin/cargo" "metadata" "--format-version" "1" "--no-deps" "--manifest-path" "/mnt/data1/nix/vendor/rust/cargo2nix/submodules/rust-build/Cargo.toml" (failure_mode=Exit) (created at src/bootstrap/src/core/metadata.rs:80:25, executed at src/bootstrap/src/core/metadata.rs:91:54)
running: RUSTC_BOOTSTRAP="1" "/mnt/data1/nix/vendor/rust/cargo2nix/submodules/rust-build/build/x86_64-unknown-linux-gnu/stage0/bin/cargo" "metadata" "--format-version" "1" "--no-deps" "--manifest-path" "/mnt/data1/nix/vendor/rust/cargo2nix/submodules/rust-build/library/Cargo.toml" (failure_mode=Exit) (created at src/bootstrap/src/core/metadata.rs:80:25, executed at src/bootstrap/src/core/metadata.rs:91:54)
Removing sysroot /mnt/data1/nix/vendor/rust/cargo2nix/submodules/rust-build/build/x86_64-unknown-linux-gnu/stage1 to avoid caching bugs
Cache hit: cd "/mnt/data1/nix/vendor/rust/cargo2nix/submodules/rust-build/src/llvm-project" && env -u GIT_ALTERNATE_OBJECT_DIRECTORIES -u GIT_DIR -u GIT_INDEX_FILE -u GIT_OBJECT_DIRECTORY -u GIT_WORK_TREE "git" "rev-parse" (failure_mode=Ignore)
Cache hit: cd "/mnt/data1/nix/vendor/rust/cargo2nix/submodules/rust-build/src/llvm-project" && env -u GIT_ALTERNATE_OBJECT_DIRECTORIES -u GIT_DIR -u GIT_INDEX_FILE -u GIT_OBJECT_DIRECTORY -u GIT_WORK_TREE "git" "log" "-1" "--date=short" "--pretty=format:%cd" (failure_mode=Exit)
Cache hit: cd "/mnt/data1/nix/vendor/rust/cargo2nix/submodules/rust-build/src/llvm-project" && env -u GIT_ALTERNATE_OBJECT_DIRECTORIES -u GIT_DIR -u GIT_INDEX_FILE -u GIT_OBJECT_DIRECTORY -u GIT_WORK_TREE "git" "rev-parse" "HEAD" (failure_mode=Exit)
Cache hit: cd "/mnt/data1/nix/vendor/rust/cargo2nix/submodules/rust-build/src/llvm-project" && env -u GIT_ALTERNATE_OBJECT_DIRECTORIES -u GIT_DIR -u GIT_INDEX_FILE -u GIT_OBJECT_DIRECTORY -u GIT_WORK_TREE "git" "rev-parse" "--short=9" "HEAD" (failure_mode=Exit)
Cache hit: cd "/mnt/data1/nix/vendor/rust/cargo2nix/submodules/rust-build/src/llvm-project" && env -u GIT_ALTERNATE_OBJECT_DIRECTORIES -u GIT_DIR -u GIT_INDEX_FILE -u GIT_OBJECT_DIRECTORY -u GIT_WORK_TREE "git" "rev-parse" "HEAD" (failure_mode=Exit)
Cache hit: cd "/mnt/data1/nix/vendor/rust/cargo2nix/submodules/rust-build" && env -u GIT_ALTERNATE_OBJECT_DIRECTORIES -u GIT_DIR -u GIT_INDEX_FILE -u GIT_OBJECT_DIRECTORY -u GIT_WORK_TREE "git" "ls-tree" "HEAD" "src/llvm-project" (failure_mode=Exit)
Removing sysroot /mnt/data1/nix/vendor/rust/cargo2nix/submodules/rust-build/build/x86_64-unknown-linux-gnu/stage0-sysroot to avoid caching bugs
Cache hit: cd "/mnt/data1/nix/vendor/rust/cargo2nix/submodules/rust-build/src/llvm-project" && env -u GIT_ALTERNATE_OBJECT_DIRECTORIES -u GIT_DIR -u GIT_INDEX_FILE -u GIT_OBJECT_DIRECTORY -u GIT_WORK_TREE "git" "rev-parse" (failure_mode=Ignore)
Cache hit: cd "/mnt/data1/nix/vendor/rust/cargo2nix/submodules/rust-build/src/llvm-project" && env -u GIT_ALTERNATE_OBJECT_DIRECTORIES -u GIT_DIR -u GIT_INDEX_FILE -u GIT_OBJECT_DIRECTORY -u GIT_WORK_TREE "git" "log" "-1" "--date=short" "--pretty=format:%cd" (failure_mode=Exit)
Cache hit: cd "/mnt/data1/nix/vendor/rust/cargo2nix/submodules/rust-build/src/llvm-project" && env -u GIT_ALTERNATE_OBJECT_DIRECTORIES -u GIT_DIR -u GIT_INDEX_FILE -u GIT_OBJECT_DIRECTORY -u GIT_WORK_TREE "git" "rev-parse" "HEAD" (failure_mode=Exit)
Cache hit: cd "/mnt/data1/nix/vendor/rust/cargo2nix/submodules/rust-build/src/llvm-project" && env -u GIT_ALTERNATE_OBJECT_DIRECTORIES -u GIT_DIR -u GIT_INDEX_FILE -u GIT_OBJECT_DIRECTORY -u GIT_WORK_TREE "git" "rev-parse" "--short=9" "HEAD" (failure_mode=Exit)
Cache hit: cd "/mnt/data1/nix/vendor/rust/cargo2nix/submodules/rust-build/src/llvm-project" && env -u GIT_ALTERNATE_OBJECT_DIRECTORIES -u GIT_DIR -u GIT_INDEX_FILE -u GIT_OBJECT_DIRECTORY -u GIT_WORK_TREE "git" "rev-parse" "HEAD" (failure_mode=Exit)
Cache hit: cd "/mnt/data1/nix/vendor/rust/cargo2nix/submodules/rust-build" && env -u GIT_ALTERNATE_OBJECT_DIRECTORIES -u GIT_DIR -u GIT_INDEX_FILE -u GIT_OBJECT_DIRECTORY -u GIT_WORK_TREE "git" "ls-tree" "HEAD" "src/llvm-project" (failure_mode=Exit)
running: "/mnt/data1/nix/vendor/rust/cargo2nix/submodules/rust-build/build/x86_64-unknown-linux-gnu/stage0/bin/rustc" "--print" "sysroot" (failure_mode=Exit) (created at src/bootstrap/src/lib.rs:1079:13, executed at src/bootstrap/src/lib.rs:1082:18)
running: cd "/mnt/data1/nix/vendor/rust/cargo2nix/submodules/rust-build" && env -u MAKEFLAGS -u MFLAGS CARGO_BUILD_BUILD_DIR="/mnt/data1/nix/vendor/rust/cargo2nix/submodules/rust-build/build/x86_64-unknown-linux-gnu/stage1-rustc" CARGO_INCREMENTAL="0" CARGO_PROFILE_RELEASE_DEBUG="1" CARGO_PROFILE_RELEASE_DEBUG_ASSERTIONS="true" CARGO_PROFILE_RELEASE_OVERFLOW_CHECKS="true" CARGO_PROFILE_RELEASE_STRIP="false" CARGO_TARGET_DIR="/mnt/data1/nix/vendor/rust/cargo2nix/submodules/rust-build/build/x86_64-unknown-linux-gnu/stage1-rustc" CARGO_TARGET_X86_64_UNKNOWN_LINUX_GNU_LINKER="" CC_x86_64_unknown_linux_gnu="" CFG_COMPILER_BUILD_TRIPLE="x86_64-unknown-linux-gnu" CFG_COMPILER_HOST_TRIPLE="x86_64-unknown-linux-gnu" CFG_DEFAULT_CODEGEN_BACKEND="llvm" CFG_DEFAULT_LINKER_SELF_CONTAINED_LLD_CC="1" CFG_LIBDIR_RELATIVE="lib" CFG_OMIT_GIT_HASH="1" CFG_RELEASE="1.92.0-dev" CFG_RELEASE_CHANNEL="dev" CFG_VERSION="1.92.0-dev" CFLAGS_x86_64_unknown_linux_gnu="" CXXFLAGS_x86_64_unknown_linux_gnu="" CXX_x86_64_unknown_linux_gnu="" LIBC_CHECK_CFG="1" LLVM_CONFIG="/mnt/data1/nix/vendor/rust/cargo2nix/submodules/rust-build/build/x86_64-unknown-linux-gnu/llvm/bin/llvm-config" LLVM_LINK_SHARED="1" LLVM_RUSTLLVM="1" REAL_LIBRARY_PATH_VAR="LD_LIBRARY_PATH" RUSTBUILD_NATIVE_DIR="/mnt/data1/nix/vendor/rust/cargo2nix/submodules/rust-build/build/x86_64-unknown-linux-gnu/native" RUSTC="/mnt/data1/nix/vendor/rust/cargo2nix/submodules/rust-build/build/bootstrap/debug/rustc" RUSTC_BOOTSTRAP="1" RUSTC_BREAK_ON_ICE="1" RUSTC_ERROR_METADATA_DST="/mnt/data1/nix/vendor/rust/cargo2nix/submodules/rust-build/build/tmp/extended-error-metadata" RUSTC_FORCE_UNSTABLE="1" RUSTC_HOST_FLAGS="--check-cfg=cfg(bootstrap) --cfg=bootstrap -Clinker=" RUSTC_INSTALL_BINDIR="bin" RUSTC_LIBDIR="/mnt/data1/nix/vendor/rust/cargo2nix/submodules/rust-build/build/x86_64-unknown-linux-gnu/stage0/lib" RUSTC_LINK_STD_INTO_RUSTC_DRIVER="1" RUSTC_LINT_FLAGS="-Wrust_2018_idioms -Wunused_lifetimes -Dwarnings -Wrustc::internal -Drustc::symbol_intern_string_literal -Wkeyword_idents_2024 -Wunreachable_pub -Wunsafe_op_in_unsafe_fn -Wunused_crate_dependencies" RUSTC_REAL="/mnt/data1/nix/vendor/rust/cargo2nix/submodules/rust-build/build/x86_64-unknown-linux-gnu/stage0/bin/rustc" RUSTC_SNAPSHOT="/mnt/data1/nix/vendor/rust/cargo2nix/submodules/rust-build/build/x86_64-unknown-linux-gnu/stage0/bin/rustc" RUSTC_SNAPSHOT_LIBDIR="/mnt/data1/nix/vendor/rust/cargo2nix/submodules/rust-build/build/x86_64-unknown-linux-gnu/stage0/lib" RUSTC_STAGE="0" RUSTC_SYSROOT="/mnt/data1/nix/vendor/rust/cargo2nix/submodules/rust-build/build/x86_64-unknown-linux-gnu/stage0-sysroot" RUSTC_TLS_MODEL_INITIAL_EXEC="1" RUSTC_VERBOSE="1" RUSTC_WRAPPER="/mnt/data1/nix/vendor/rust/cargo2nix/submodules/rust-build/build/bootstrap/debug/rustc" RUSTDOC="/mnt/data1/nix/vendor/rust/cargo2nix/submodules/rust-build/build/bootstrap/debug/rustdoc" RUSTDOCFLAGS="--cfg=bootstrap --cfg=windows_raw_dylib -Csymbol-mangling-version=v0 -Zunstable-options --check-cfg=cfg(bootstrap) -Dwarnings -Wrustdoc::invalid_codeblock_attributes --crate-version 1.92.0-dev -Clinker= -Zcrate-attr=warn(rust_2018_idioms)" RUSTDOC_LIBDIR="/mnt/data1/nix/vendor/rust/cargo2nix/submodules/rust-build/build/x86_64-unknown-linux-gnu/stage0/lib" RUSTDOC_REAL="/path/to/nowhere/rustdoc/not/required" RUSTFLAGS="--cfg=bootstrap --cfg=windows_raw_dylib -Csymbol-mangling-version=v0 -Zunstable-options --check-cfg=cfg(bootstrap) -Zmacro-backtrace -Csplit-debuginfo=off -Clink-args=-Wl,-z,origin -Clink-args=-Wl,-rpath,$ORIGIN/../lib -Alinker-messages -Zon-broken-pipe=kill" RUST_TEST_THREADS="24" WINAPI_NO_BUNDLED_LIBRARIES="1" __CARGO_DEFAULT_LIB_METADATA="bootstrap1.92.0" "/mnt/data1/nix/vendor/rust/cargo2nix/submodules/rust-build/build/x86_64-unknown-linux-gnu/stage0/bin/cargo" "build" "--target" "x86_64-unknown-linux-gnu" "-Zbinary-dep-depinfo" "-j" "24" "-Zroot-dir=/mnt/data1/nix/vendor/rust/cargo2nix/submodules/rust-build" "--release" "--features" "llvm" "--manifest-path" "/mnt/data1/nix/vendor/rust/cargo2nix/submodules/rust-build/compiler/rustc/Cargo.toml" "--message-format" "json-render-diagnostics" (failure_mode=Exit)
running: cd "/mnt/data1/nix/vendor/rust/cargo2nix/submodules/rust-build" && env -u MAKEFLAGS -u MFLAGS CARGO_BUILD_BUILD_DIR="/mnt/data1/nix/vendor/rust/cargo2nix/submodules/rust-build/build/x86_64-unknown-linux-gnu/bootstrap-tools" CARGO_INCREMENTAL="0" CARGO_PROFILE_RELEASE_DEBUG="1" CARGO_PROFILE_RELEASE_DEBUG_ASSERTIONS="true" CARGO_PROFILE_RELEASE_OVERFLOW_CHECKS="true" CARGO_PROFILE_RELEASE_STRIP="false" CARGO_TARGET_DIR="/mnt/data1/nix/vendor/rust/cargo2nix/submodules/rust-build/build/x86_64-unknown-linux-gnu/bootstrap-tools" CARGO_TARGET_X86_64_UNKNOWN_LINUX_GNU_LINKER="" CC_x86_64_unknown_linux_gnu="" CFG_COMPILER_BUILD_TRIPLE="x86_64-unknown-linux-gnu" CFG_COMPILER_HOST_TRIPLE="x86_64-unknown-linux-gnu" CFG_RELEASE="1.92.0-dev" CFG_RELEASE_CHANNEL="dev" CFG_RELEASE_NUM="1.92.0" CFG_VERSION="1.92.0-dev" CFLAGS_x86_64_unknown_linux_gnu="" CXXFLAGS_x86_64_unknown_linux_gnu="" CXX_x86_64_unknown_linux_gnu="" DOC_RUST_LANG_ORG_CHANNEL="https://doc.rust-lang.org/nightly" FORCE_ON_BROKEN_PIPE_KILL="-Zon-broken-pipe=kill" LIBC_CHECK_CFG="1" LZMA_API_STATIC="1" REAL_LIBRARY_PATH_VAR="LD_LIBRARY_PATH" RUSTBUILD_NATIVE_DIR="/mnt/data1/nix/vendor/rust/cargo2nix/submodules/rust-build/build/x86_64-unknown-linux-gnu/native" RUSTC="/mnt/data1/nix/vendor/rust/cargo2nix/submodules/rust-build/build/bootstrap/debug/rustc" RUSTC_ALLOW_FEATURES="binary-dep-depinfo,proc_macro_span,proc_macro_span_shrink,proc_macro_diagnostic" RUSTC_BOOTSTRAP="1" RUSTC_BREAK_ON_ICE="1" RUSTC_ERROR_METADATA_DST="/mnt/data1/nix/vendor/rust/cargo2nix/submodules/rust-build/build/tmp/extended-error-metadata" RUSTC_HOST_FLAGS="--cfg=bootstrap -Clinker=" RUSTC_INSTALL_BINDIR="bin" RUSTC_LIBDIR="/mnt/data1/nix/vendor/rust/cargo2nix/submodules/rust-build/build/x86_64-unknown-linux-gnu/stage0/lib" RUSTC_LINK_STD_INTO_RUSTC_DRIVER="1" RUSTC_LINT_FLAGS="-Wrust_2018_idioms -Wunused_lifetimes -Dwarnings" RUSTC_REAL="/mnt/data1/nix/vendor/rust/cargo2nix/submodules/rust-build/build/x86_64-unknown-linux-gnu/stage0/bin/rustc" RUSTC_SNAPSHOT="/mnt/data1/nix/vendor/rust/cargo2nix/submodules/rust-build/build/x86_64-unknown-linux-gnu/stage0/bin/rustc" RUSTC_SNAPSHOT_LIBDIR="/mnt/data1/nix/vendor/rust/cargo2nix/submodules/rust-build/build/x86_64-unknown-linux-gnu/stage0/lib" RUSTC_STAGE="0" RUSTC_SYSROOT="/mnt/data1/nix/vendor/rust/cargo2nix/submodules/rust-build/build/x86_64-unknown-linux-gnu/stage0" RUSTC_TLS_MODEL_INITIAL_EXEC="1" RUSTC_VERBOSE="1" RUSTC_WRAPPER="/mnt/data1/nix/vendor/rust/cargo2nix/submodules/rust-build/build/bootstrap/debug/rustc" RUSTDOC="/mnt/data1/nix/vendor/rust/cargo2nix/submodules/rust-build/build/bootstrap/debug/rustdoc" RUSTDOCFLAGS="--cfg=bootstrap --cfg=windows_raw_dylib -Csymbol-mangling-version=v0 -Zunstable-options -Dwarnings -Wrustdoc::invalid_codeblock_attributes --crate-version 1.92.0-dev -Clinker=" RUSTDOC_LIBDIR="/mnt/data1/nix/vendor/rust/cargo2nix/submodules/rust-build/build/x86_64-unknown-linux-gnu/stage0/lib" RUSTDOC_REAL="/path/to/nowhere/rustdoc/not/required" RUSTFLAGS="--cfg=bootstrap --cfg=windows_raw_dylib -Csymbol-mangling-version=v0 -Zunstable-options -Zmacro-backtrace -Csplit-debuginfo=off -Clink-args=-Wl,-z,origin -Clink-args=-Wl,-rpath,$ORIGIN/../lib -Alinker-messages -Zunstable-options" RUST_TEST_THREADS="24" SYSROOT="/mnt/data1/nix/vendor/rust/cargo2nix/submodules/rust-build/build/x86_64-unknown-linux-gnu/stage0-sysroot" __CARGO_DEFAULT_LIB_METADATA="bootstrap1.92.0" "/mnt/data1/nix/vendor/rust/cargo2nix/submodules/rust-build/build/x86_64-unknown-linux-gnu/stage0/bin/cargo" "build" "--target" "x86_64-unknown-linux-gnu" "-Zbinary-dep-depinfo" "-j" "24" "-Zroot-dir=/mnt/data1/nix/vendor/rust/cargo2nix/submodules/rust-build" "--release" "--manifest-path" "/mnt/data1/nix/vendor/rust/cargo2nix/submodules/rust-build/src/tools/lld-wrapper/Cargo.toml" "--message-format" "json-render-diagnostics" (failure_mode=Exit)
Cache hit: cd "/mnt/data1/nix/vendor/rust/cargo2nix/submodules/rust-build/src/llvm-project" && env -u GIT_ALTERNATE_OBJECT_DIRECTORIES -u GIT_DIR -u GIT_INDEX_FILE -u GIT_OBJECT_DIRECTORY -u GIT_WORK_TREE "git" "rev-parse" (failure_mode=Ignore)
Cache hit: cd "/mnt/data1/nix/vendor/rust/cargo2nix/submodules/rust-build/src/llvm-project" && env -u GIT_ALTERNATE_OBJECT_DIRECTORIES -u GIT_DIR -u GIT_INDEX_FILE -u GIT_OBJECT_DIRECTORY -u GIT_WORK_TREE "git" "log" "-1" "--date=short" "--pretty=format:%cd" (failure_mode=Exit)
Cache hit: cd "/mnt/data1/nix/vendor/rust/cargo2nix/submodules/rust-build/src/llvm-project" && env -u GIT_ALTERNATE_OBJECT_DIRECTORIES -u GIT_DIR -u GIT_INDEX_FILE -u GIT_OBJECT_DIRECTORY -u GIT_WORK_TREE "git" "rev-parse" "HEAD" (failure_mode=Exit)
Cache hit: cd "/mnt/data1/nix/vendor/rust/cargo2nix/submodules/rust-build/src/llvm-project" && env -u GIT_ALTERNATE_OBJECT_DIRECTORIES -u GIT_DIR -u GIT_INDEX_FILE -u GIT_OBJECT_DIRECTORY -u GIT_WORK_TREE "git" "rev-parse" "--short=9" "HEAD" (failure_mode=Exit)
Cache hit: cd "/mnt/data1/nix/vendor/rust/cargo2nix/submodules/rust-build/src/llvm-project" && env -u GIT_ALTERNATE_OBJECT_DIRECTORIES -u GIT_DIR -u GIT_INDEX_FILE -u GIT_OBJECT_DIRECTORY -u GIT_WORK_TREE "git" "rev-parse" "HEAD" (failure_mode=Exit)
Cache hit: cd "/mnt/data1/nix/vendor/rust/cargo2nix/submodules/rust-build" && env -u GIT_ALTERNATE_OBJECT_DIRECTORIES -u GIT_DIR -u GIT_INDEX_FILE -u GIT_OBJECT_DIRECTORY -u GIT_WORK_TREE "git" "ls-tree" "HEAD" "src/llvm-project" (failure_mode=Exit)
Cache hit: cd "/mnt/data1/nix/vendor/rust/cargo2nix/submodules/rust-build/src/llvm-project" && env -u GIT_ALTERNATE_OBJECT_DIRECTORIES -u GIT_DIR -u GIT_INDEX_FILE -u GIT_OBJECT_DIRECTORY -u GIT_WORK_TREE "git" "rev-parse" (failure_mode=Ignore)
Cache hit: cd "/mnt/data1/nix/vendor/rust/cargo2nix/submodules/rust-build/src/llvm-project" && env -u GIT_ALTERNATE_OBJECT_DIRECTORIES -u GIT_DIR -u GIT_INDEX_FILE -u GIT_OBJECT_DIRECTORY -u GIT_WORK_TREE "git" "log" "-1" "--date=short" "--pretty=format:%cd" (failure_mode=Exit)
Cache hit: cd "/mnt/data1/nix/vendor/rust/cargo2nix/submodules/rust-build/src/llvm-project" && env -u GIT_ALTERNATE_OBJECT_DIRECTORIES -u GIT_DIR -u GIT_INDEX_FILE -u GIT_OBJECT_DIRECTORY -u GIT_WORK_TREE "git" "rev-parse" "HEAD" (failure_mode=Exit)
Cache hit: cd "/mnt/data1/nix/vendor/rust/cargo2nix/submodules/rust-build/src/llvm-project" && env -u GIT_ALTERNATE_OBJECT_DIRECTORIES -u GIT_DIR -u GIT_INDEX_FILE -u GIT_OBJECT_DIRECTORY -u GIT_WORK_TREE "git" "rev-parse" "--short=9" "HEAD" (failure_mode=Exit)
Cache hit: cd "/mnt/data1/nix/vendor/rust/cargo2nix/submodules/rust-build/src/llvm-project" && env -u GIT_ALTERNATE_OBJECT_DIRECTORIES -u GIT_DIR -u GIT_INDEX_FILE -u GIT_OBJECT_DIRECTORY -u GIT_WORK_TREE "git" "rev-parse" "HEAD" (failure_mode=Exit)
Cache hit: cd "/mnt/data1/nix/vendor/rust/cargo2nix/submodules/rust-build" && env -u GIT_ALTERNATE_OBJECT_DIRECTORIES -u GIT_DIR -u GIT_INDEX_FILE -u GIT_OBJECT_DIRECTORY -u GIT_WORK_TREE "git" "ls-tree" "HEAD" "src/llvm-project" (failure_mode=Exit)
running: cd "/mnt/data1/nix/vendor/rust/cargo2nix/submodules/rust-build" && env -u MAKEFLAGS -u MFLAGS CARGO_BUILD_BUILD_DIR="/mnt/data1/nix/vendor/rust/cargo2nix/submodules/rust-build/build/x86_64-unknown-linux-gnu/stage1-std" CARGO_INCREMENTAL="0" CARGO_PROFILE_RELEASE_DEBUG="1" CARGO_PROFILE_RELEASE_DEBUG_ASSERTIONS="true" CARGO_PROFILE_RELEASE_OVERFLOW_CHECKS="true" CARGO_PROFILE_RELEASE_STRIP="false" CARGO_TARGET_DIR="/mnt/data1/nix/vendor/rust/cargo2nix/submodules/rust-build/build/x86_64-unknown-linux-gnu/stage1-std" CARGO_TARGET_X86_64_UNKNOWN_LINUX_GNU_LINKER="" CC_x86_64_unknown_linux_gnu="" CFG_COMPILER_BUILD_TRIPLE="x86_64-unknown-linux-gnu" CFG_COMPILER_HOST_TRIPLE="x86_64-unknown-linux-gnu" CFG_RELEASE_CHANNEL="dev" CFLAGS_x86_64_unknown_linux_gnu="" CXXFLAGS_x86_64_unknown_linux_gnu="" CXX_x86_64_unknown_linux_gnu="" LIBC_CHECK_CFG="1" REAL_LIBRARY_PATH_VAR="LD_LIBRARY_PATH" RUSTBUILD_NATIVE_DIR="/mnt/data1/nix/vendor/rust/cargo2nix/submodules/rust-build/build/x86_64-unknown-linux-gnu/native" RUSTC="/mnt/data1/nix/vendor/rust/cargo2nix/submodules/rust-build/build/bootstrap/debug/rustc" RUSTC_BOOTSTRAP="1" RUSTC_BREAK_ON_ICE="1" RUSTC_ERROR_METADATA_DST="/mnt/data1/nix/vendor/rust/cargo2nix/submodules/rust-build/build/tmp/extended-error-metadata" RUSTC_FORCE_UNSTABLE="1" RUSTC_HOST_FLAGS="-Clinker=" RUSTC_INSTALL_BINDIR="bin" RUSTC_LIBDIR="/mnt/data1/nix/vendor/rust/cargo2nix/submodules/rust-build/build/x86_64-unknown-linux-gnu/stage1/lib" RUSTC_LINK_STD_INTO_RUSTC_DRIVER="1" RUSTC_LINT_FLAGS="-Wrust_2018_idioms -Wunused_lifetimes -Dwarnings" RUSTC_REAL="/mnt/data1/nix/vendor/rust/cargo2nix/submodules/rust-build/build/x86_64-unknown-linux-gnu/stage1/bin/rustc" RUSTC_SNAPSHOT="/mnt/data1/nix/vendor/rust/cargo2nix/submodules/rust-build/build/x86_64-unknown-linux-gnu/stage0/bin/rustc" RUSTC_SNAPSHOT_LIBDIR="/mnt/data1/nix/vendor/rust/cargo2nix/submodules/rust-build/build/x86_64-unknown-linux-gnu/stage0/lib" RUSTC_STAGE="1" RUSTC_SYSROOT="/mnt/data1/nix/vendor/rust/cargo2nix/submodules/rust-build/build/x86_64-unknown-linux-gnu/stage1" RUSTC_VERBOSE="1" RUSTC_WRAPPER="/mnt/data1/nix/vendor/rust/cargo2nix/submodules/rust-build/build/bootstrap/debug/rustc" RUSTDOC="/mnt/data1/nix/vendor/rust/cargo2nix/submodules/rust-build/build/bootstrap/debug/rustdoc" RUSTDOCFLAGS="-Csymbol-mangling-version=legacy --check-cfg=cfg(feature,values(any())) -Zunstable-options -Dwarnings -Wrustdoc::invalid_codeblock_attributes --crate-version 1.92.0-dev -Clinker= -Zcrate-attr=doc(html_root_url=\"https://doc.rust-lang.org/nightly/\") -Zcrate-attr=warn(rust_2018_idioms)" RUSTDOC_LIBDIR="/mnt/data1/nix/vendor/rust/cargo2nix/submodules/rust-build/build/x86_64-unknown-linux-gnu/stage1/lib" RUSTDOC_REAL="/path/to/nowhere/rustdoc/not/required" RUSTFLAGS="-Csymbol-mangling-version=legacy --check-cfg=cfg(feature,values(any())) -Zunstable-options -Zmacro-backtrace -Csplit-debuginfo=off -Cprefer-dynamic -Zinline-mir -Zinline-mir-preserve-debug -Zmir_strip_debuginfo=locals-in-tiny-functions -Clink-args=-Wl,-z,origin -Clink-args=-Wl,-rpath,$ORIGIN/../lib -Alinker-messages -Cembed-bitcode=yes -Zunstable-options -Cforce-frame-pointers=non-leaf -Zcrate-attr=doc(html_root_url=\"https://doc.rust-lang.org/nightly/\")" RUST_TEST_THREADS="24" WINAPI_NO_BUNDLED_LIBRARIES="1" __CARGO_DEFAULT_LIB_METADATA="devstd1.92.0" "/mnt/data1/nix/vendor/rust/cargo2nix/submodules/rust-build/build/x86_64-unknown-linux-gnu/stage0/bin/cargo" "build" "--target" "x86_64-unknown-linux-gnu" "-Zbinary-dep-depinfo" "-j" "24" "-Zroot-dir=/mnt/data1/nix/vendor/rust/cargo2nix/submodules/rust-build" "--release" "-p" "alloc" "-p" "compiler_builtins" "-p" "core" "-p" "panic_abort" "-p" "panic_unwind" "-p" "proc_macro" "-p" "rustc-std-workspace-core" "-p" "std" "-p" "std_detect" "-p" "sysroot" "-p" "test" "-p" "unwind" "--features" "backtrace panic-unwind" "--manifest-path" "/mnt/data1/nix/vendor/rust/cargo2nix/submodules/rust-build/library/sysroot/Cargo.toml" "--message-format" "json-render-diagnostics" (failure_mode=Exit)
running: cd "/mnt/data1/nix/vendor/rust/cargo2nix/submodules/rust-build" && env -u MAKEFLAGS -u MFLAGS CARGO_BUILD_BUILD_DIR="/mnt/data1/nix/vendor/rust/cargo2nix/submodules/rust-build/build/x86_64-unknown-linux-gnu/stage1-tools" CARGO_INCREMENTAL="0" CARGO_PROFILE_RELEASE_DEBUG="1" CARGO_PROFILE_RELEASE_DEBUG_ASSERTIONS="true" CARGO_PROFILE_RELEASE_OVERFLOW_CHECKS="true" CARGO_PROFILE_RELEASE_STRIP="false" CARGO_TARGET_DIR="/mnt/data1/nix/vendor/rust/cargo2nix/submodules/rust-build/build/x86_64-unknown-linux-gnu/stage1-tools" CARGO_TARGET_X86_64_UNKNOWN_LINUX_GNU_LINKER="" CC_x86_64_unknown_linux_gnu="" CFG_COMPILER_BUILD_TRIPLE="x86_64-unknown-linux-gnu" CFG_COMPILER_HOST_TRIPLE="x86_64-unknown-linux-gnu" CFG_RELEASE="1.92.0-dev" CFG_RELEASE_CHANNEL="dev" CFG_RELEASE_NUM="1.92.0" CFG_VERSION="1.92.0-dev" CFLAGS_x86_64_unknown_linux_gnu="" CXXFLAGS_x86_64_unknown_linux_gnu="" CXX_x86_64_unknown_linux_gnu="" DOC_RUST_LANG_ORG_CHANNEL="https://doc.rust-lang.org/nightly" FORCE_ON_BROKEN_PIPE_KILL="-Zon-broken-pipe=kill" LIBC_CHECK_CFG="1" LZMA_API_STATIC="1" REAL_LIBRARY_PATH_VAR="LD_LIBRARY_PATH" RUSTBUILD_NATIVE_DIR="/mnt/data1/nix/vendor/rust/cargo2nix/submodules/rust-build/build/x86_64-unknown-linux-gnu/native" RUSTC="/mnt/data1/nix/vendor/rust/cargo2nix/submodules/rust-build/build/bootstrap/debug/rustc" RUSTC_BOOTSTRAP="1" RUSTC_BREAK_ON_ICE="1" RUSTC_ERROR_METADATA_DST="/mnt/data1/nix/vendor/rust/cargo2nix/submodules/rust-build/build/tmp/extended-error-metadata" RUSTC_HOST_FLAGS="--check-cfg=cfg(bootstrap) --cfg=bootstrap -Clinker=" RUSTC_INSTALL_BINDIR="bin" RUSTC_LIBDIR="/mnt/data1/nix/vendor/rust/cargo2nix/submodules/rust-build/build/x86_64-unknown-linux-gnu/stage0/lib" RUSTC_LINK_STD_INTO_RUSTC_DRIVER="1" RUSTC_LINT_FLAGS="-Wrust_2018_idioms -Wunused_lifetimes -Dwarnings" RUSTC_REAL="/mnt/data1/nix/vendor/rust/cargo2nix/submodules/rust-build/build/x86_64-unknown-linux-gnu/stage0/bin/rustc" RUSTC_SNAPSHOT="/mnt/data1/nix/vendor/rust/cargo2nix/submodules/rust-build/build/x86_64-unknown-linux-gnu/stage0/bin/rustc" RUSTC_SNAPSHOT_LIBDIR="/mnt/data1/nix/vendor/rust/cargo2nix/submodules/rust-build/build/x86_64-unknown-linux-gnu/stage0/lib" RUSTC_STAGE="0" RUSTC_SYSROOT="/mnt/data1/nix/vendor/rust/cargo2nix/submodules/rust-build/build/x86_64-unknown-linux-gnu/stage0-sysroot" RUSTC_TLS_MODEL_INITIAL_EXEC="1" RUSTC_VERBOSE="1" RUSTC_WRAPPER="/mnt/data1/nix/vendor/rust/cargo2nix/submodules/rust-build/build/bootstrap/debug/rustc" RUSTDOC="/mnt/data1/nix/vendor/rust/cargo2nix/submodules/rust-build/build/bootstrap/debug/rustdoc" RUSTDOCFLAGS="--cfg=bootstrap --cfg=windows_raw_dylib -Csymbol-mangling-version=v0 -Zunstable-options --check-cfg=cfg(bootstrap) --check-cfg=cfg(rust_analyzer) -Dwarnings -Wrustdoc::invalid_codeblock_attributes --crate-version 1.92.0-dev -Clinker=" RUSTDOC_LIBDIR="/mnt/data1/nix/vendor/rust/cargo2nix/submodules/rust-build/build/x86_64-unknown-linux-gnu/stage0/lib" RUSTDOC_REAL="/path/to/nowhere/rustdoc/not/required" RUSTFLAGS="--cfg=bootstrap --cfg=windows_raw_dylib -Csymbol-mangling-version=v0 -Zunstable-options --check-cfg=cfg(bootstrap) --check-cfg=cfg(rust_analyzer) -Zmacro-backtrace -Csplit-debuginfo=off -Clink-args=-Wl,-z,origin -Clink-args=-Wl,-rpath,$ORIGIN/../lib -Alinker-messages -Zunstable-options" RUST_TEST_THREADS="24" SYSROOT="/mnt/data1/nix/vendor/rust/cargo2nix/submodules/rust-build/build/x86_64-unknown-linux-gnu/stage0-sysroot" __CARGO_DEFAULT_LIB_METADATA="bootstraptool-rustc1.92.0" "/mnt/data1/nix/vendor/rust/cargo2nix/submodules/rust-build/build/x86_64-unknown-linux-gnu/stage0/bin/cargo" "build" "--target" "x86_64-unknown-linux-gnu" "-Zbinary-dep-depinfo" "-j" "24" "-Zroot-dir=/mnt/data1/nix/vendor/rust/cargo2nix/submodules/rust-build" "--release" "--manifest-path" "/mnt/data1/nix/vendor/rust/cargo2nix/submodules/rust-build/src/tools/rustdoc/Cargo.toml" "--message-format" "json-render-diagnostics" (failure_mode=Exit)
Removing sysroot /mnt/data1/nix/vendor/rust/cargo2nix/submodules/rust-build/build/x86_64-unknown-linux-gnu/stage1 to avoid caching bugs
Removing sysroot /mnt/data1/nix/vendor/rust/cargo2nix/submodules/rust-build/build/x86_64-unknown-linux-gnu/stage1/lib/rustlib/x86_64-unknown-linux-gnu/lib to avoid caching bugs
Cache hit: cd "/mnt/data1/nix/vendor/rust/cargo2nix/submodules/rust-build/src/llvm-project" && env -u GIT_ALTERNATE_OBJECT_DIRECTORIES -u GIT_DIR -u GIT_INDEX_FILE -u GIT_OBJECT_DIRECTORY -u GIT_WORK_TREE "git" "rev-parse" (failure_mode=Ignore)
Cache hit: cd "/mnt/data1/nix/vendor/rust/cargo2nix/submodules/rust-build/src/llvm-project" && env -u GIT_ALTERNATE_OBJECT_DIRECTORIES -u GIT_DIR -u GIT_INDEX_FILE -u GIT_OBJECT_DIRECTORY -u GIT_WORK_TREE "git" "log" "-1" "--date=short" "--pretty=format:%cd" (failure_mode=Exit)
Cache hit: cd "/mnt/data1/nix/vendor/rust/cargo2nix/submodules/rust-build/src/llvm-project" && env -u GIT_ALTERNATE_OBJECT_DIRECTORIES -u GIT_DIR -u GIT_INDEX_FILE -u GIT_OBJECT_DIRECTORY -u GIT_WORK_TREE "git" "rev-parse" "HEAD" (failure_mode=Exit)
Cache hit: cd "/mnt/data1/nix/vendor/rust/cargo2nix/submodules/rust-build/src/llvm-project" && env -u GIT_ALTERNATE_OBJECT_DIRECTORIES -u GIT_DIR -u GIT_INDEX_FILE -u GIT_OBJECT_DIRECTORY -u GIT_WORK_TREE "git" "rev-parse" "--short=9" "HEAD" (failure_mode=Exit)
Cache hit: cd "/mnt/data1/nix/vendor/rust/cargo2nix/submodules/rust-build/src/llvm-project" && env -u GIT_ALTERNATE_OBJECT_DIRECTORIES -u GIT_DIR -u GIT_INDEX_FILE -u GIT_OBJECT_DIRECTORY -u GIT_WORK_TREE "git" "rev-parse" "HEAD" (failure_mode=Exit)
Cache hit: cd "/mnt/data1/nix/vendor/rust/cargo2nix/submodules/rust-build" && env -u GIT_ALTERNATE_OBJECT_DIRECTORIES -u GIT_DIR -u GIT_INDEX_FILE -u GIT_OBJECT_DIRECTORY -u GIT_WORK_TREE "git" "ls-tree" "HEAD" "src/llvm-project" (failure_mode=Exit)
Building LLVM for x86_64-unknown-linux-gnu
CMAKE_TOOLCHAIN_FILE_x86_64-unknown-linux-gnu = None
CMAKE_TOOLCHAIN_FILE_x86_64_unknown_linux_gnu = None
HOST_CMAKE_TOOLCHAIN_FILE = None
CMAKE_TOOLCHAIN_FILE = None
CMAKE_PREFIX_PATH_x86_64-unknown-linux-gnu = None
CMAKE_PREFIX_PATH_x86_64_unknown_linux_gnu = None
HOST_CMAKE_PREFIX_PATH = None
CMAKE_PREFIX_PATH = None
CMAKE_x86_64-unknown-linux-gnu = None
CMAKE_x86_64_unknown_linux_gnu = None
HOST_CMAKE = None
CMAKE = None
running: cd "/mnt/data1/nix/vendor/rust/cargo2nix/submodules/rust-build/build/x86_64-unknown-linux-gnu/llvm/build" && CMAKE_PREFIX_PATH="" DESTDIR="" LC_ALL="C" "cmake" "/mnt/data1/nix/vendor/rust/cargo2nix/submodules/rust-build/src/llvm-project/llvm" "-G" "Ninja" "-DLLVM_ENABLE_ASSERTIONS=OFF" "-DLLVM_UNREACHABLE_OPTIMIZE=OFF" "-DLLVM_ENABLE_PLUGINS=OFF" "-DLLVM_TARGETS_TO_BUILD=AArch64;AMDGPU;ARM;BPF;Hexagon;LoongArch;MSP430;Mips;NVPTX;PowerPC;RISCV;Sparc;SystemZ;WebAssembly;X86" "-DLLVM_EXPERIMENTAL_TARGETS_TO_BUILD=AVR;M68k;CSKY;Xtensa" "-DLLVM_INCLUDE_EXAMPLES=OFF" "-DLLVM_INCLUDE_DOCS=OFF" "-DLLVM_INCLUDE_BENCHMARKS=OFF" "-DLLVM_INCLUDE_TESTS=OFF" "-DLLVM_ENABLE_LIBEDIT=OFF" "-DLLVM_ENABLE_BINDINGS=OFF" "-DLLVM_ENABLE_Z3_SOLVER=OFF" "-DLLVM_PARALLEL_COMPILE_JOBS=24" "-DLLVM_TARGET_ARCH=x86_64" "-DLLVM_DEFAULT_TARGET_TRIPLE=x86_64-unknown-linux-gnu" "-DLLVM_ENABLE_WARNINGS=OFF" "-DLLVM_INSTALL_UTILS=ON" "-DLLVM_ENABLE_ZLIB=ON" "-DLLVM_LINK_LLVM_DYLIB=ON" "-DLLVM_ENABLE_LIBXML2=OFF" "-DLLVM_VERSION_SUFFIX=-rust-dev" "-DCMAKE_INSTALL_MESSAGE=LAZY" "-DCMAKE_C_COMPILER=gcc" "-DCMAKE_CXX_COMPILER=g++" "-DCMAKE_ASM_COMPILER=gcc" "-DCMAKE_C_FLAGS=-ffunction-sections -fdata-sections -fPIC -m64 -g" "-DCMAKE_CXX_FLAGS=-ffunction-sections -fdata-sections -fPIC -m64 -g -isystem /nix/store/gi4cz4ir3zlwhf1azqfgxqdnczfrwsr7-glibc-2.40-66-dev/include" "-DCMAKE_SHARED_LINKER_FLAGS=" "-DCMAKE_MODULE_LINKER_FLAGS=" "-DCMAKE_EXE_LINKER_FLAGS=" "-DLLVM_ENABLE_ZSTD=OFF" "-DCMAKE_INSTALL_PREFIX=/mnt/data1/nix/vendor/rust/cargo2nix/submodules/rust-build/build/x86_64-unknown-linux-gnu/llvm" "-DCMAKE_ASM_FLAGS= -ffunction-sections -fdata-sections -fPIC -m64" "-DCMAKE_BUILD_TYPE=Release"
CMake Error at CMakeLists.txt:46 (project):
  Running

   '/home/mdupont/.local/bin/ninja' '--version'

  failed with:

   Traceback (most recent call last):
    File "/home/mdupont/.local/bin/ninja", line 5, in <module>
      from ninja import ninja

  ModuleNotFoundError: No module named 'ninja'



-- Configuring incomplete, errors occurred!
See also "/mnt/data1/nix/vendor/rust/cargo2nix/submodules/rust-build/build/x86_64-unknown-linux-gnu/llvm/build/CMakeFiles/CMakeOutput.log".

thread 'main' (2023610) panicked at /home/mdupont/.cargo/registry/src/index.crates.io-1949cf8c6b5b557f/cmake-0.1.54/src/lib.rs:1119:5:

command did not execute successfully, got: exit status: 1

build script failed, must exit now
note: run with `RUST_BACKTRACE=1` environment variable to display a backtrace
	finished in 0.380 seconds
Traceback (most recent call last):
  File "/mnt/data1/nix/vendor/rust/cargo2nix/submodules/rust-build/./x.py", line 53, in <module>
    bootstrap.main()
  File "/mnt/data1/nix/vendor/rust/cargo2nix/submodules/rust-build/src/bootstrap/bootstrap.py", line 1410, in main
    bootstrap(args)
  File "/mnt/data1/nix/vendor/rust/cargo2nix/submodules/rust-build/src/bootstrap/bootstrap.py", line 1370, in bootstrap
    run(args, env=env, verbose=build.verbose, is_bootstrap=True)
  File "/mnt/data1/nix/vendor/rust/cargo2nix/submodules/rust-build/src/bootstrap/bootstrap.py", line 237, in run
    raise RuntimeError(err)
RuntimeError: failed to run: /mnt/data1/nix/vendor/rust/cargo2nix/submodules/rust-build/build/bootstrap/debug/bootstrap build --verbose
Building bootstrap
running: /mnt/data1/nix/vendor/rust/cargo2nix/submodules/rust-build/build/x86_64-unknown-linux-gnu/stage0/bin/cargo build --jobs=default --manifest-path /mnt/data1/nix/vendor/rust/cargo2nix/submodules/rust-build/src/bootstrap/Cargo.toml -Zroot-dir=/mnt/data1/nix/vendor/rust/cargo2nix/submodules/rust-build
    Finished `dev` profile [unoptimized] target(s) in 0.03s
running: /mnt/data1/nix/vendor/rust/cargo2nix/submodules/rust-build/build/bootstrap/debug/bootstrap build --verbose
running: "git" "rev-parse" "--show-cdup" (failure_mode=Ignore) (created at src/bootstrap/src/core/config/config.rs:1901:23, executed at src/bootstrap/src/core/config/config.rs:1911:42)
running: cd "/mnt/data1/nix/vendor/rust/cargo2nix/submodules/rust-build" && env -u GIT_ALTERNATE_OBJECT_DIRECTORIES -u GIT_DIR -u GIT_INDEX_FILE -u GIT_OBJECT_DIRECTORY -u GIT_WORK_TREE "git" "rev-parse" (failure_mode=Ignore) (created at src/bootstrap/src/utils/channel.rs:47:31, executed at src/bootstrap/src/utils/channel.rs:49:50)
running: cd "/mnt/data1/nix/vendor/rust/cargo2nix/submodules/rust-build" && env -u GIT_ALTERNATE_OBJECT_DIRECTORIES -u GIT_DIR -u GIT_INDEX_FILE -u GIT_OBJECT_DIRECTORY -u GIT_WORK_TREE "git" "log" "-1" "--date=short" "--pretty=format:%cd" (failure_mode=Exit) (created at src/bootstrap/src/utils/channel.rs:63:31, executed at src/bootstrap/src/utils/channel.rs:70:14)
running: cd "/mnt/data1/nix/vendor/rust/cargo2nix/submodules/rust-build" && env -u GIT_ALTERNATE_OBJECT_DIRECTORIES -u GIT_DIR -u GIT_INDEX_FILE -u GIT_OBJECT_DIRECTORY -u GIT_WORK_TREE "git" "rev-parse" "HEAD" (failure_mode=Exit) (created at src/bootstrap/src/utils/channel.rs:72:32, executed at src/bootstrap/src/utils/channel.rs:77:14)
running: cd "/mnt/data1/nix/vendor/rust/cargo2nix/submodules/rust-build" && env -u GIT_ALTERNATE_OBJECT_DIRECTORIES -u GIT_DIR -u GIT_INDEX_FILE -u GIT_OBJECT_DIRECTORY -u GIT_WORK_TREE "git" "rev-parse" "--short=9" "HEAD" (failure_mode=Exit) (created at src/bootstrap/src/utils/channel.rs:79:38, executed at src/bootstrap/src/utils/channel.rs:85:14)
downloading stage0 beta artifacts
running: "/mnt/data1/nix/vendor/rust/cargo2nix/submodules/rust-build/build/x86_64-unknown-linux-gnu/stage0/bin/rustc" "--print" "sysroot" (failure_mode=Exit) (created at src/bootstrap/src/core/config/config.rs:739:13, executed at src/bootstrap/src/core/config/config.rs:742:18)
downloading stage0 beta artifacts
Cache hit: cd "/mnt/data1/nix/vendor/rust/cargo2nix/submodules/rust-build" && env -u GIT_ALTERNATE_OBJECT_DIRECTORIES -u GIT_DIR -u GIT_INDEX_FILE -u GIT_OBJECT_DIRECTORY -u GIT_WORK_TREE "git" "rev-parse" (failure_mode=Ignore)
running: cd "/mnt/data1/nix/vendor/rust/cargo2nix/submodules/rust-build/src/tools/cargo" && env -u GIT_ALTERNATE_OBJECT_DIRECTORIES -u GIT_DIR -u GIT_INDEX_FILE -u GIT_OBJECT_DIRECTORY -u GIT_WORK_TREE "git" "rev-parse" (failure_mode=Ignore) (created at src/bootstrap/src/utils/channel.rs:47:31, executed at src/bootstrap/src/utils/channel.rs:49:50)
running: cd "/mnt/data1/nix/vendor/rust/cargo2nix/submodules/rust-build/src/gcc" && env -u GIT_ALTERNATE_OBJECT_DIRECTORIES -u GIT_DIR -u GIT_INDEX_FILE -u GIT_OBJECT_DIRECTORY -u GIT_WORK_TREE "git" "rev-parse" (failure_mode=Ignore) (created at src/bootstrap/src/utils/channel.rs:47:31, executed at src/bootstrap/src/utils/channel.rs:49:50)
running: cd "/mnt/data1/nix/vendor/rust/cargo2nix/submodules/rust-build/src/gcc" && env -u GIT_ALTERNATE_OBJECT_DIRECTORIES -u GIT_DIR -u GIT_INDEX_FILE -u GIT_OBJECT_DIRECTORY -u GIT_WORK_TREE "git" "log" "-1" "--date=short" "--pretty=format:%cd" (failure_mode=Exit) (created at src/bootstrap/src/utils/channel.rs:63:31, executed at src/bootstrap/src/utils/channel.rs:70:14)
running: cd "/mnt/data1/nix/vendor/rust/cargo2nix/submodules/rust-build/src/gcc" && env -u GIT_ALTERNATE_OBJECT_DIRECTORIES -u GIT_DIR -u GIT_INDEX_FILE -u GIT_OBJECT_DIRECTORY -u GIT_WORK_TREE "git" "rev-parse" "HEAD" (failure_mode=Exit) (created at src/bootstrap/src/utils/channel.rs:72:32, executed at src/bootstrap/src/utils/channel.rs:77:14)
running: cd "/mnt/data1/nix/vendor/rust/cargo2nix/submodules/rust-build/src/gcc" && env -u GIT_ALTERNATE_OBJECT_DIRECTORIES -u GIT_DIR -u GIT_INDEX_FILE -u GIT_OBJECT_DIRECTORY -u GIT_WORK_TREE "git" "rev-parse" "--short=9" "HEAD" (failure_mode=Exit) (created at src/bootstrap/src/utils/channel.rs:79:38, executed at src/bootstrap/src/utils/channel.rs:85:14)
running: cd "/mnt/data1/nix/vendor/rust/cargo2nix/submodules/rust-build/src/llvm-project" && env -u GIT_ALTERNATE_OBJECT_DIRECTORIES -u GIT_DIR -u GIT_INDEX_FILE -u GIT_OBJECT_DIRECTORY -u GIT_WORK_TREE "git" "rev-parse" (failure_mode=Ignore) (created at src/bootstrap/src/utils/channel.rs:47:31, executed at src/bootstrap/src/utils/channel.rs:49:50)
running: cd "/mnt/data1/nix/vendor/rust/cargo2nix/submodules/rust-build/src/llvm-project" && env -u GIT_ALTERNATE_OBJECT_DIRECTORIES -u GIT_DIR -u GIT_INDEX_FILE -u GIT_OBJECT_DIRECTORY -u GIT_WORK_TREE "git" "log" "-1" "--date=short" "--pretty=format:%cd" (failure_mode=Exit) (created at src/bootstrap/src/utils/channel.rs:63:31, executed at src/bootstrap/src/utils/channel.rs:70:14)
running: cd "/mnt/data1/nix/vendor/rust/cargo2nix/submodules/rust-build/src/llvm-project" && env -u GIT_ALTERNATE_OBJECT_DIRECTORIES -u GIT_DIR -u GIT_INDEX_FILE -u GIT_OBJECT_DIRECTORY -u GIT_WORK_TREE "git" "rev-parse" "HEAD" (failure_mode=Exit) (created at src/bootstrap/src/utils/channel.rs:72:32, executed at src/bootstrap/src/utils/channel.rs:77:14)
running: cd "/mnt/data1/nix/vendor/rust/cargo2nix/submodules/rust-build/src/llvm-project" && env -u GIT_ALTERNATE_OBJECT_DIRECTORIES -u GIT_DIR -u GIT_INDEX_FILE -u GIT_OBJECT_DIRECTORY -u GIT_WORK_TREE "git" "rev-parse" "--short=9" "HEAD" (failure_mode=Exit) (created at src/bootstrap/src/utils/channel.rs:79:38, executed at src/bootstrap/src/utils/channel.rs:85:14)
running: cd "/mnt/data1/nix/vendor/rust/cargo2nix/submodules/rust-build/src/tools/enzyme" && env -u GIT_ALTERNATE_OBJECT_DIRECTORIES -u GIT_DIR -u GIT_INDEX_FILE -u GIT_OBJECT_DIRECTORY -u GIT_WORK_TREE "git" "rev-parse" (failure_mode=Ignore) (created at src/bootstrap/src/utils/channel.rs:47:31, executed at src/bootstrap/src/utils/channel.rs:49:50)
WARNING: The `change-id` is missing in the `bootstrap.toml`. This means that you will not be able to track the major changes made to the bootstrap configurations.
NOTE: to silence this warning, add `change-id = 147888` or `change-id = "ignore"` at the top of `bootstrap.toml`
running: "/mnt/data1/nix/vendor/rust/cargo2nix/submodules/rust-build/build/x86_64-unknown-linux-gnu/stage0/bin/rustc" "--print" "target-libdir" (failure_mode=Exit) (created at src/bootstrap/src/lib.rs:482:37, executed at src/bootstrap/src/lib.rs:485:14)
running: "/mnt/data1/nix/vendor/rust/cargo2nix/submodules/rust-build/build/x86_64-unknown-linux-gnu/stage0/bin/rustc" "--version" "--verbose" (failure_mode=Exit) (created at src/bootstrap/src/lib.rs:592:37, executed at src/bootstrap/src/lib.rs:595:14)
finding compilers
CC_x86_64-unknown-linux-gnu = "gcc"
CFLAGS_x86_64-unknown-linux-gnu = ["-ffunction-sections", "-fdata-sections", "-fPIC", "-m64", "-g"]
CXX_x86_64-unknown-linux-gnu = "g++"
CXXFLAGS_x86_64-unknown-linux-gnu = ["-ffunction-sections", "-fdata-sections", "-fPIC", "-m64", "-g", "-isystem", "/nix/store/gi4cz4ir3zlwhf1azqfgxqdnczfrwsr7-glibc-2.40-66-dev/include"]
AR_x86_64-unknown-linux-gnu = "ar"
running sanity check
running: "/mnt/data1/nix/vendor/rust/cargo2nix/submodules/rust-build/build/x86_64-unknown-linux-gnu/stage0/bin/rustc" "--print" "target-list" (failure_mode=Exit) (created at src/bootstrap/src/core/sanity.rs:202:57, executed at src/bootstrap/src/core/sanity.rs:205:10)
running: "/nix/store/v9cr3iv7wnrkjy1s3z1fi7wpkl7sy4hx-llvm-21.1.2-dev/bin/llvm-config" "--bindir" (failure_mode=Exit) (created at src/bootstrap/src/lib.rs:1014:31, executed at src/bootstrap/src/lib.rs:1014:58)
running: cd "/mnt/data1/nix/vendor/rust/cargo2nix/submodules/rust-build/library/backtrace" && env -u GIT_ALTERNATE_OBJECT_DIRECTORIES -u GIT_DIR -u GIT_INDEX_FILE -u GIT_OBJECT_DIRECTORY -u GIT_WORK_TREE "git" "rev-parse" (failure_mode=Ignore) (created at src/bootstrap/src/utils/channel.rs:47:31, executed at src/bootstrap/src/utils/channel.rs:49:50)
running: cd "/mnt/data1/nix/vendor/rust/cargo2nix/submodules/rust-build/library/backtrace" && env -u GIT_ALTERNATE_OBJECT_DIRECTORIES -u GIT_DIR -u GIT_INDEX_FILE -u GIT_OBJECT_DIRECTORY -u GIT_WORK_TREE "git" "log" "-1" "--date=short" "--pretty=format:%cd" (failure_mode=Exit) (created at src/bootstrap/src/utils/channel.rs:63:31, executed at src/bootstrap/src/utils/channel.rs:70:14)
running: cd "/mnt/data1/nix/vendor/rust/cargo2nix/submodules/rust-build/library/backtrace" && env -u GIT_ALTERNATE_OBJECT_DIRECTORIES -u GIT_DIR -u GIT_INDEX_FILE -u GIT_OBJECT_DIRECTORY -u GIT_WORK_TREE "git" "rev-parse" "HEAD" (failure_mode=Exit) (created at src/bootstrap/src/utils/channel.rs:72:32, executed at src/bootstrap/src/utils/channel.rs:77:14)
running: cd "/mnt/data1/nix/vendor/rust/cargo2nix/submodules/rust-build/library/backtrace" && env -u GIT_ALTERNATE_OBJECT_DIRECTORIES -u GIT_DIR -u GIT_INDEX_FILE -u GIT_OBJECT_DIRECTORY -u GIT_WORK_TREE "git" "rev-parse" "--short=9" "HEAD" (failure_mode=Exit) (created at src/bootstrap/src/utils/channel.rs:79:38, executed at src/bootstrap/src/utils/channel.rs:85:14)
Cache hit: cd "/mnt/data1/nix/vendor/rust/cargo2nix/submodules/rust-build/library/backtrace" && env -u GIT_ALTERNATE_OBJECT_DIRECTORIES -u GIT_DIR -u GIT_INDEX_FILE -u GIT_OBJECT_DIRECTORY -u GIT_WORK_TREE "git" "rev-parse" "HEAD" (failure_mode=Exit)
running: cd "/mnt/data1/nix/vendor/rust/cargo2nix/submodules/rust-build" && env -u GIT_ALTERNATE_OBJECT_DIRECTORIES -u GIT_DIR -u GIT_INDEX_FILE -u GIT_OBJECT_DIRECTORY -u GIT_WORK_TREE "git" "ls-tree" "HEAD" "library/backtrace" (failure_mode=Exit) (created at src/bootstrap/src/core/config/config.rs:2376:20, executed at src/bootstrap/src/core/config/config.rs:2380:10)
running: cd "/mnt/data1/nix/vendor/rust/cargo2nix/submodules/rust-build" && env -u GIT_ALTERNATE_OBJECT_DIRECTORIES -u GIT_DIR -u GIT_INDEX_FILE -u GIT_OBJECT_DIRECTORY -u GIT_WORK_TREE "git" "config" "--file" ".gitmodules" "--get-regexp" "path" (failure_mode=Exit) (created at src/bootstrap/src/lib.rs:712:22, executed at src/bootstrap/src/lib.rs:716:14)
running: cd "src/doc/nomicon" && env -u GIT_ALTERNATE_OBJECT_DIRECTORIES -u GIT_DIR -u GIT_INDEX_FILE -u GIT_OBJECT_DIRECTORY -u GIT_WORK_TREE "git" "rev-parse" (failure_mode=Ignore) (created at src/bootstrap/src/utils/channel.rs:47:31, executed at src/bootstrap/src/utils/channel.rs:49:50)
running: cd "src/tools/cargo" && env -u GIT_ALTERNATE_OBJECT_DIRECTORIES -u GIT_DIR -u GIT_INDEX_FILE -u GIT_OBJECT_DIRECTORY -u GIT_WORK_TREE "git" "rev-parse" (failure_mode=Ignore) (created at src/bootstrap/src/utils/channel.rs:47:31, executed at src/bootstrap/src/utils/channel.rs:49:50)
running: cd "src/doc/reference" && env -u GIT_ALTERNATE_OBJECT_DIRECTORIES -u GIT_DIR -u GIT_INDEX_FILE -u GIT_OBJECT_DIRECTORY -u GIT_WORK_TREE "git" "rev-parse" (failure_mode=Ignore) (created at src/bootstrap/src/utils/channel.rs:47:31, executed at src/bootstrap/src/utils/channel.rs:49:50)
running: cd "src/doc/book" && env -u GIT_ALTERNATE_OBJECT_DIRECTORIES -u GIT_DIR -u GIT_INDEX_FILE -u GIT_OBJECT_DIRECTORY -u GIT_WORK_TREE "git" "rev-parse" (failure_mode=Ignore) (created at src/bootstrap/src/utils/channel.rs:47:31, executed at src/bootstrap/src/utils/channel.rs:49:50)
running: cd "src/doc/rust-by-example" && env -u GIT_ALTERNATE_OBJECT_DIRECTORIES -u GIT_DIR -u GIT_INDEX_FILE -u GIT_OBJECT_DIRECTORY -u GIT_WORK_TREE "git" "rev-parse" (failure_mode=Ignore) (created at src/bootstrap/src/utils/channel.rs:47:31, executed at src/bootstrap/src/utils/channel.rs:49:50)
running: cd "src/doc/edition-guide" && env -u GIT_ALTERNATE_OBJECT_DIRECTORIES -u GIT_DIR -u GIT_INDEX_FILE -u GIT_OBJECT_DIRECTORY -u GIT_WORK_TREE "git" "rev-parse" (failure_mode=Ignore) (created at src/bootstrap/src/utils/channel.rs:47:31, executed at src/bootstrap/src/utils/channel.rs:49:50)
running: cd "src/llvm-project" && env -u GIT_ALTERNATE_OBJECT_DIRECTORIES -u GIT_DIR -u GIT_INDEX_FILE -u GIT_OBJECT_DIRECTORY -u GIT_WORK_TREE "git" "rev-parse" (failure_mode=Ignore) (created at src/bootstrap/src/utils/channel.rs:47:31, executed at src/bootstrap/src/utils/channel.rs:49:50)
running: cd "src/doc/embedded-book" && env -u GIT_ALTERNATE_OBJECT_DIRECTORIES -u GIT_DIR -u GIT_INDEX_FILE -u GIT_OBJECT_DIRECTORY -u GIT_WORK_TREE "git" "rev-parse" (failure_mode=Ignore) (created at src/bootstrap/src/utils/channel.rs:47:31, executed at src/bootstrap/src/utils/channel.rs:49:50)
running: cd "library/backtrace" && env -u GIT_ALTERNATE_OBJECT_DIRECTORIES -u GIT_DIR -u GIT_INDEX_FILE -u GIT_OBJECT_DIRECTORY -u GIT_WORK_TREE "git" "rev-parse" (failure_mode=Ignore) (created at src/bootstrap/src/utils/channel.rs:47:31, executed at src/bootstrap/src/utils/channel.rs:49:50)
running: cd "src/tools/rustc-perf" && env -u GIT_ALTERNATE_OBJECT_DIRECTORIES -u GIT_DIR -u GIT_INDEX_FILE -u GIT_OBJECT_DIRECTORY -u GIT_WORK_TREE "git" "rev-parse" (failure_mode=Ignore) (created at src/bootstrap/src/utils/channel.rs:47:31, executed at src/bootstrap/src/utils/channel.rs:49:50)
running: cd "src/tools/enzyme" && env -u GIT_ALTERNATE_OBJECT_DIRECTORIES -u GIT_DIR -u GIT_INDEX_FILE -u GIT_OBJECT_DIRECTORY -u GIT_WORK_TREE "git" "rev-parse" (failure_mode=Ignore) (created at src/bootstrap/src/utils/channel.rs:47:31, executed at src/bootstrap/src/utils/channel.rs:49:50)
running: cd "src/gcc" && env -u GIT_ALTERNATE_OBJECT_DIRECTORIES -u GIT_DIR -u GIT_INDEX_FILE -u GIT_OBJECT_DIRECTORY -u GIT_WORK_TREE "git" "rev-parse" (failure_mode=Ignore) (created at src/bootstrap/src/utils/channel.rs:47:31, executed at src/bootstrap/src/utils/channel.rs:49:50)
running: cd "src/doc/nomicon" && env -u GIT_ALTERNATE_OBJECT_DIRECTORIES -u GIT_DIR -u GIT_INDEX_FILE -u GIT_OBJECT_DIRECTORY -u GIT_WORK_TREE "git" "log" "-1" "--date=short" "--pretty=format:%cd" (failure_mode=Exit) (created at src/bootstrap/src/utils/channel.rs:63:31, executed at src/bootstrap/src/utils/channel.rs:70:14)
running: cd "src/doc/reference" && env -u GIT_ALTERNATE_OBJECT_DIRECTORIES -u GIT_DIR -u GIT_INDEX_FILE -u GIT_OBJECT_DIRECTORY -u GIT_WORK_TREE "git" "log" "-1" "--date=short" "--pretty=format:%cd" (failure_mode=Exit) (created at src/bootstrap/src/utils/channel.rs:63:31, executed at src/bootstrap/src/utils/channel.rs:70:14)
running: cd "src/tools/cargo" && env -u GIT_ALTERNATE_OBJECT_DIRECTORIES -u GIT_DIR -u GIT_INDEX_FILE -u GIT_OBJECT_DIRECTORY -u GIT_WORK_TREE "git" "log" "-1" "--date=short" "--pretty=format:%cd" (failure_mode=Exit) (created at src/bootstrap/src/utils/channel.rs:63:31, executed at src/bootstrap/src/utils/channel.rs:70:14)
running: cd "src/llvm-project" && env -u GIT_ALTERNATE_OBJECT_DIRECTORIES -u GIT_DIR -u GIT_INDEX_FILE -u GIT_OBJECT_DIRECTORY -u GIT_WORK_TREE "git" "log" "-1" "--date=short" "--pretty=format:%cd" (failure_mode=Exit) (created at src/bootstrap/src/utils/channel.rs:63:31, executed at src/bootstrap/src/utils/channel.rs:70:14)
running: cd "src/doc/nomicon" && env -u GIT_ALTERNATE_OBJECT_DIRECTORIES -u GIT_DIR -u GIT_INDEX_FILE -u GIT_OBJECT_DIRECTORY -u GIT_WORK_TREE "git" "rev-parse" "HEAD" (failure_mode=Exit) (created at src/bootstrap/src/utils/channel.rs:72:32, executed at src/bootstrap/src/utils/channel.rs:77:14)
running: cd "src/doc/rust-by-example" && env -u GIT_ALTERNATE_OBJECT_DIRECTORIES -u GIT_DIR -u GIT_INDEX_FILE -u GIT_OBJECT_DIRECTORY -u GIT_WORK_TREE "git" "log" "-1" "--date=short" "--pretty=format:%cd" (failure_mode=Exit) (created at src/bootstrap/src/utils/channel.rs:63:31, executed at src/bootstrap/src/utils/channel.rs:70:14)
running: cd "src/doc/reference" && env -u GIT_ALTERNATE_OBJECT_DIRECTORIES -u GIT_DIR -u GIT_INDEX_FILE -u GIT_OBJECT_DIRECTORY -u GIT_WORK_TREE "git" "rev-parse" "HEAD" (failure_mode=Exit) (created at src/bootstrap/src/utils/channel.rs:72:32, executed at src/bootstrap/src/utils/channel.rs:77:14)
running: cd "src/doc/book" && env -u GIT_ALTERNATE_OBJECT_DIRECTORIES -u GIT_DIR -u GIT_INDEX_FILE -u GIT_OBJECT_DIRECTORY -u GIT_WORK_TREE "git" "log" "-1" "--date=short" "--pretty=format:%cd" (failure_mode=Exit) (created at src/bootstrap/src/utils/channel.rs:63:31, executed at src/bootstrap/src/utils/channel.rs:70:14)
running: cd "src/tools/cargo" && env -u GIT_ALTERNATE_OBJECT_DIRECTORIES -u GIT_DIR -u GIT_INDEX_FILE -u GIT_OBJECT_DIRECTORY -u GIT_WORK_TREE "git" "rev-parse" "HEAD" (failure_mode=Exit) (created at src/bootstrap/src/utils/channel.rs:72:32, executed at src/bootstrap/src/utils/channel.rs:77:14)
running: cd "src/doc/embedded-book" && env -u GIT_ALTERNATE_OBJECT_DIRECTORIES -u GIT_DIR -u GIT_INDEX_FILE -u GIT_OBJECT_DIRECTORY -u GIT_WORK_TREE "git" "log" "-1" "--date=short" "--pretty=format:%cd" (failure_mode=Exit) (created at src/bootstrap/src/utils/channel.rs:63:31, executed at src/bootstrap/src/utils/channel.rs:70:14)
running: cd "src/doc/nomicon" && env -u GIT_ALTERNATE_OBJECT_DIRECTORIES -u GIT_DIR -u GIT_INDEX_FILE -u GIT_OBJECT_DIRECTORY -u GIT_WORK_TREE "git" "rev-parse" "--short=9" "HEAD" (failure_mode=Exit) (created at src/bootstrap/src/utils/channel.rs:79:38, executed at src/bootstrap/src/utils/channel.rs:85:14)
running: cd "src/doc/edition-guide" && env -u GIT_ALTERNATE_OBJECT_DIRECTORIES -u GIT_DIR -u GIT_INDEX_FILE -u GIT_OBJECT_DIRECTORY -u GIT_WORK_TREE "git" "log" "-1" "--date=short" "--pretty=format:%cd" (failure_mode=Exit) (created at src/bootstrap/src/utils/channel.rs:63:31, executed at src/bootstrap/src/utils/channel.rs:70:14)
running: cd "src/llvm-project" && env -u GIT_ALTERNATE_OBJECT_DIRECTORIES -u GIT_DIR -u GIT_INDEX_FILE -u GIT_OBJECT_DIRECTORY -u GIT_WORK_TREE "git" "rev-parse" "HEAD" (failure_mode=Exit) (created at src/bootstrap/src/utils/channel.rs:72:32, executed at src/bootstrap/src/utils/channel.rs:77:14)
running: cd "src/doc/rust-by-example" && env -u GIT_ALTERNATE_OBJECT_DIRECTORIES -u GIT_DIR -u GIT_INDEX_FILE -u GIT_OBJECT_DIRECTORY -u GIT_WORK_TREE "git" "rev-parse" "HEAD" (failure_mode=Exit) (created at src/bootstrap/src/utils/channel.rs:72:32, executed at src/bootstrap/src/utils/channel.rs:77:14)
running: cd "src/tools/enzyme" && env -u GIT_ALTERNATE_OBJECT_DIRECTORIES -u GIT_DIR -u GIT_INDEX_FILE -u GIT_OBJECT_DIRECTORY -u GIT_WORK_TREE "git" "log" "-1" "--date=short" "--pretty=format:%cd" (failure_mode=Exit) (created at src/bootstrap/src/utils/channel.rs:63:31, executed at src/bootstrap/src/utils/channel.rs:70:14)
running: cd "src/doc/embedded-book" && env -u GIT_ALTERNATE_OBJECT_DIRECTORIES -u GIT_DIR -u GIT_INDEX_FILE -u GIT_OBJECT_DIRECTORY -u GIT_WORK_TREE "git" "rev-parse" "HEAD" (failure_mode=Exit) (created at src/bootstrap/src/utils/channel.rs:72:32, executed at src/bootstrap/src/utils/channel.rs:77:14)
running: cd "library/backtrace" && env -u GIT_ALTERNATE_OBJECT_DIRECTORIES -u GIT_DIR -u GIT_INDEX_FILE -u GIT_OBJECT_DIRECTORY -u GIT_WORK_TREE "git" "log" "-1" "--date=short" "--pretty=format:%cd" (failure_mode=Exit) (created at src/bootstrap/src/utils/channel.rs:63:31, executed at src/bootstrap/src/utils/channel.rs:70:14)
running: cd "src/doc/reference" && env -u GIT_ALTERNATE_OBJECT_DIRECTORIES -u GIT_DIR -u GIT_INDEX_FILE -u GIT_OBJECT_DIRECTORY -u GIT_WORK_TREE "git" "rev-parse" "--short=9" "HEAD" (failure_mode=Exit) (created at src/bootstrap/src/utils/channel.rs:79:38, executed at src/bootstrap/src/utils/channel.rs:85:14)
running: cd "src/doc/book" && env -u GIT_ALTERNATE_OBJECT_DIRECTORIES -u GIT_DIR -u GIT_INDEX_FILE -u GIT_OBJECT_DIRECTORY -u GIT_WORK_TREE "git" "rev-parse" "HEAD" (failure_mode=Exit) (created at src/bootstrap/src/utils/channel.rs:72:32, executed at src/bootstrap/src/utils/channel.rs:77:14)
running: cd "src/tools/rustc-perf" && env -u GIT_ALTERNATE_OBJECT_DIRECTORIES -u GIT_DIR -u GIT_INDEX_FILE -u GIT_OBJECT_DIRECTORY -u GIT_WORK_TREE "git" "log" "-1" "--date=short" "--pretty=format:%cd" (failure_mode=Exit) (created at src/bootstrap/src/utils/channel.rs:63:31, executed at src/bootstrap/src/utils/channel.rs:70:14)
running: cd "src/gcc" && env -u GIT_ALTERNATE_OBJECT_DIRECTORIES -u GIT_DIR -u GIT_INDEX_FILE -u GIT_OBJECT_DIRECTORY -u GIT_WORK_TREE "git" "log" "-1" "--date=short" "--pretty=format:%cd" (failure_mode=Exit) (created at src/bootstrap/src/utils/channel.rs:63:31, executed at src/bootstrap/src/utils/channel.rs:70:14)
running: cd "src/tools/cargo" && env -u GIT_ALTERNATE_OBJECT_DIRECTORIES -u GIT_DIR -u GIT_INDEX_FILE -u GIT_OBJECT_DIRECTORY -u GIT_WORK_TREE "git" "rev-parse" "--short=9" "HEAD" (failure_mode=Exit) (created at src/bootstrap/src/utils/channel.rs:79:38, executed at src/bootstrap/src/utils/channel.rs:85:14)
running: cd "src/tools/enzyme" && env -u GIT_ALTERNATE_OBJECT_DIRECTORIES -u GIT_DIR -u GIT_INDEX_FILE -u GIT_OBJECT_DIRECTORY -u GIT_WORK_TREE "git" "rev-parse" "HEAD" (failure_mode=Exit) (created at src/bootstrap/src/utils/channel.rs:72:32, executed at src/bootstrap/src/utils/channel.rs:77:14)
running: cd "src/doc/edition-guide" && env -u GIT_ALTERNATE_OBJECT_DIRECTORIES -u GIT_DIR -u GIT_INDEX_FILE -u GIT_OBJECT_DIRECTORY -u GIT_WORK_TREE "git" "rev-parse" "HEAD" (failure_mode=Exit) (created at src/bootstrap/src/utils/channel.rs:72:32, executed at src/bootstrap/src/utils/channel.rs:77:14)
running: cd "library/backtrace" && env -u GIT_ALTERNATE_OBJECT_DIRECTORIES -u GIT_DIR -u GIT_INDEX_FILE -u GIT_OBJECT_DIRECTORY -u GIT_WORK_TREE "git" "rev-parse" "HEAD" (failure_mode=Exit) (created at src/bootstrap/src/utils/channel.rs:72:32, executed at src/bootstrap/src/utils/channel.rs:77:14)
running: cd "src/doc/book" && env -u GIT_ALTERNATE_OBJECT_DIRECTORIES -u GIT_DIR -u GIT_INDEX_FILE -u GIT_OBJECT_DIRECTORY -u GIT_WORK_TREE "git" "rev-parse" "--short=9" "HEAD" (failure_mode=Exit) (created at src/bootstrap/src/utils/channel.rs:79:38, executed at src/bootstrap/src/utils/channel.rs:85:14)
running: cd "src/gcc" && env -u GIT_ALTERNATE_OBJECT_DIRECTORIES -u GIT_DIR -u GIT_INDEX_FILE -u GIT_OBJECT_DIRECTORY -u GIT_WORK_TREE "git" "rev-parse" "HEAD" (failure_mode=Exit) (created at src/bootstrap/src/utils/channel.rs:72:32, executed at src/bootstrap/src/utils/channel.rs:77:14)
running: cd "src/llvm-project" && env -u GIT_ALTERNATE_OBJECT_DIRECTORIES -u GIT_DIR -u GIT_INDEX_FILE -u GIT_OBJECT_DIRECTORY -u GIT_WORK_TREE "git" "rev-parse" "--short=9" "HEAD" (failure_mode=Exit) (created at src/bootstrap/src/utils/channel.rs:79:38, executed at src/bootstrap/src/utils/channel.rs:85:14)
running: cd "src/doc/edition-guide" && env -u GIT_ALTERNATE_OBJECT_DIRECTORIES -u GIT_DIR -u GIT_INDEX_FILE -u GIT_OBJECT_DIRECTORY -u GIT_WORK_TREE "git" "rev-parse" "--short=9" "HEAD" (failure_mode=Exit) (created at src/bootstrap/src/utils/channel.rs:79:38, executed at src/bootstrap/src/utils/channel.rs:85:14)
running: cd "src/doc/rust-by-example" && env -u GIT_ALTERNATE_OBJECT_DIRECTORIES -u GIT_DIR -u GIT_INDEX_FILE -u GIT_OBJECT_DIRECTORY -u GIT_WORK_TREE "git" "rev-parse" "--short=9" "HEAD" (failure_mode=Exit) (created at src/bootstrap/src/utils/channel.rs:79:38, executed at src/bootstrap/src/utils/channel.rs:85:14)
running: cd "src/tools/enzyme" && env -u GIT_ALTERNATE_OBJECT_DIRECTORIES -u GIT_DIR -u GIT_INDEX_FILE -u GIT_OBJECT_DIRECTORY -u GIT_WORK_TREE "git" "rev-parse" "--short=9" "HEAD" (failure_mode=Exit) (created at src/bootstrap/src/utils/channel.rs:79:38, executed at src/bootstrap/src/utils/channel.rs:85:14)
running: cd "src/tools/rustc-perf" && env -u GIT_ALTERNATE_OBJECT_DIRECTORIES -u GIT_DIR -u GIT_INDEX_FILE -u GIT_OBJECT_DIRECTORY -u GIT_WORK_TREE "git" "rev-parse" "HEAD" (failure_mode=Exit) (created at src/bootstrap/src/utils/channel.rs:72:32, executed at src/bootstrap/src/utils/channel.rs:77:14)
running: cd "src/doc/embedded-book" && env -u GIT_ALTERNATE_OBJECT_DIRECTORIES -u GIT_DIR -u GIT_INDEX_FILE -u GIT_OBJECT_DIRECTORY -u GIT_WORK_TREE "git" "rev-parse" "--short=9" "HEAD" (failure_mode=Exit) (created at src/bootstrap/src/utils/channel.rs:79:38, executed at src/bootstrap/src/utils/channel.rs:85:14)
running: cd "/mnt/data1/nix/vendor/rust/cargo2nix/submodules/rust-build/src/doc/nomicon" && env -u GIT_ALTERNATE_OBJECT_DIRECTORIES -u GIT_DIR -u GIT_INDEX_FILE -u GIT_OBJECT_DIRECTORY -u GIT_WORK_TREE "git" "rev-parse" (failure_mode=Ignore) (created at src/bootstrap/src/utils/channel.rs:47:31, executed at src/bootstrap/src/utils/channel.rs:49:50)
running: cd "/mnt/data1/nix/vendor/rust/cargo2nix/submodules/rust-build/src/doc/reference" && env -u GIT_ALTERNATE_OBJECT_DIRECTORIES -u GIT_DIR -u GIT_INDEX_FILE -u GIT_OBJECT_DIRECTORY -u GIT_WORK_TREE "git" "rev-parse" (failure_mode=Ignore) (created at src/bootstrap/src/utils/channel.rs:47:31, executed at src/bootstrap/src/utils/channel.rs:49:50)
running: cd "library/backtrace" && env -u GIT_ALTERNATE_OBJECT_DIRECTORIES -u GIT_DIR -u GIT_INDEX_FILE -u GIT_OBJECT_DIRECTORY -u GIT_WORK_TREE "git" "rev-parse" "--short=9" "HEAD" (failure_mode=Exit) (created at src/bootstrap/src/utils/channel.rs:79:38, executed at src/bootstrap/src/utils/channel.rs:85:14)
running: cd "src/gcc" && env -u GIT_ALTERNATE_OBJECT_DIRECTORIES -u GIT_DIR -u GIT_INDEX_FILE -u GIT_OBJECT_DIRECTORY -u GIT_WORK_TREE "git" "rev-parse" "--short=9" "HEAD" (failure_mode=Exit) (created at src/bootstrap/src/utils/channel.rs:79:38, executed at src/bootstrap/src/utils/channel.rs:85:14)
running: cd "src/tools/rustc-perf" && env -u GIT_ALTERNATE_OBJECT_DIRECTORIES -u GIT_DIR -u GIT_INDEX_FILE -u GIT_OBJECT_DIRECTORY -u GIT_WORK_TREE "git" "rev-parse" "--short=9" "HEAD" (failure_mode=Exit) (created at src/bootstrap/src/utils/channel.rs:79:38, executed at src/bootstrap/src/utils/channel.rs:85:14)
Cache hit: cd "/mnt/data1/nix/vendor/rust/cargo2nix/submodules/rust-build/src/tools/cargo" && env -u GIT_ALTERNATE_OBJECT_DIRECTORIES -u GIT_DIR -u GIT_INDEX_FILE -u GIT_OBJECT_DIRECTORY -u GIT_WORK_TREE "git" "rev-parse" (failure_mode=Ignore)
running: cd "/mnt/data1/nix/vendor/rust/cargo2nix/submodules/rust-build/src/tools/cargo" && env -u GIT_ALTERNATE_OBJECT_DIRECTORIES -u GIT_DIR -u GIT_INDEX_FILE -u GIT_OBJECT_DIRECTORY -u GIT_WORK_TREE "git" "log" "-1" "--date=short" "--pretty=format:%cd" (failure_mode=Exit) (created at src/bootstrap/src/utils/channel.rs:63:31, executed at src/bootstrap/src/utils/channel.rs:70:14)
Cache hit: cd "/mnt/data1/nix/vendor/rust/cargo2nix/submodules/rust-build/src/llvm-project" && env -u GIT_ALTERNATE_OBJECT_DIRECTORIES -u GIT_DIR -u GIT_INDEX_FILE -u GIT_OBJECT_DIRECTORY -u GIT_WORK_TREE "git" "rev-parse" (failure_mode=Ignore)
Cache hit: cd "/mnt/data1/nix/vendor/rust/cargo2nix/submodules/rust-build/src/llvm-project" && env -u GIT_ALTERNATE_OBJECT_DIRECTORIES -u GIT_DIR -u GIT_INDEX_FILE -u GIT_OBJECT_DIRECTORY -u GIT_WORK_TREE "git" "log" "-1" "--date=short" "--pretty=format:%cd" (failure_mode=Exit)
Cache hit: cd "/mnt/data1/nix/vendor/rust/cargo2nix/submodules/rust-build/src/llvm-project" && env -u GIT_ALTERNATE_OBJECT_DIRECTORIES -u GIT_DIR -u GIT_INDEX_FILE -u GIT_OBJECT_DIRECTORY -u GIT_WORK_TREE "git" "rev-parse" "HEAD" (failure_mode=Exit)
Cache hit: cd "/mnt/data1/nix/vendor/rust/cargo2nix/submodules/rust-build/src/llvm-project" && env -u GIT_ALTERNATE_OBJECT_DIRECTORIES -u GIT_DIR -u GIT_INDEX_FILE -u GIT_OBJECT_DIRECTORY -u GIT_WORK_TREE "git" "rev-parse" "--short=9" "HEAD" (failure_mode=Exit)
Cache hit: cd "/mnt/data1/nix/vendor/rust/cargo2nix/submodules/rust-build/src/llvm-project" && env -u GIT_ALTERNATE_OBJECT_DIRECTORIES -u GIT_DIR -u GIT_INDEX_FILE -u GIT_OBJECT_DIRECTORY -u GIT_WORK_TREE "git" "rev-parse" "HEAD" (failure_mode=Exit)
running: cd "/mnt/data1/nix/vendor/rust/cargo2nix/submodules/rust-build" && env -u GIT_ALTERNATE_OBJECT_DIRECTORIES -u GIT_DIR -u GIT_INDEX_FILE -u GIT_OBJECT_DIRECTORY -u GIT_WORK_TREE "git" "ls-tree" "HEAD" "src/llvm-project" (failure_mode=Exit) (created at src/bootstrap/src/core/config/config.rs:2376:20, executed at src/bootstrap/src/core/config/config.rs:2380:10)
running: cd "/mnt/data1/nix/vendor/rust/cargo2nix/submodules/rust-build/src/tools/cargo" && env -u GIT_ALTERNATE_OBJECT_DIRECTORIES -u GIT_DIR -u GIT_INDEX_FILE -u GIT_OBJECT_DIRECTORY -u GIT_WORK_TREE "git" "rev-parse" "HEAD" (failure_mode=Exit) (created at src/bootstrap/src/utils/channel.rs:72:32, executed at src/bootstrap/src/utils/channel.rs:77:14)
running: cd "/mnt/data1/nix/vendor/rust/cargo2nix/submodules/rust-build/src/doc/nomicon" && env -u GIT_ALTERNATE_OBJECT_DIRECTORIES -u GIT_DIR -u GIT_INDEX_FILE -u GIT_OBJECT_DIRECTORY -u GIT_WORK_TREE "git" "log" "-1" "--date=short" "--pretty=format:%cd" (failure_mode=Exit) (created at src/bootstrap/src/utils/channel.rs:63:31, executed at src/bootstrap/src/utils/channel.rs:70:14)
running: cd "/mnt/data1/nix/vendor/rust/cargo2nix/submodules/rust-build/src/doc/edition-guide" && env -u GIT_ALTERNATE_OBJECT_DIRECTORIES -u GIT_DIR -u GIT_INDEX_FILE -u GIT_OBJECT_DIRECTORY -u GIT_WORK_TREE "git" "rev-parse" (failure_mode=Ignore) (created at src/bootstrap/src/utils/channel.rs:47:31, executed at src/bootstrap/src/utils/channel.rs:49:50)
running: cd "/mnt/data1/nix/vendor/rust/cargo2nix/submodules/rust-build/src/doc/rust-by-example" && env -u GIT_ALTERNATE_OBJECT_DIRECTORIES -u GIT_DIR -u GIT_INDEX_FILE -u GIT_OBJECT_DIRECTORY -u GIT_WORK_TREE "git" "rev-parse" (failure_mode=Ignore) (created at src/bootstrap/src/utils/channel.rs:47:31, executed at src/bootstrap/src/utils/channel.rs:49:50)
running: cd "/mnt/data1/nix/vendor/rust/cargo2nix/submodules/rust-build/src/tools/cargo" && env -u GIT_ALTERNATE_OBJECT_DIRECTORIES -u GIT_DIR -u GIT_INDEX_FILE -u GIT_OBJECT_DIRECTORY -u GIT_WORK_TREE "git" "rev-parse" "--short=9" "HEAD" (failure_mode=Exit) (created at src/bootstrap/src/utils/channel.rs:79:38, executed at src/bootstrap/src/utils/channel.rs:85:14)
Cache hit: cd "/mnt/data1/nix/vendor/rust/cargo2nix/submodules/rust-build/src/tools/enzyme" && env -u GIT_ALTERNATE_OBJECT_DIRECTORIES -u GIT_DIR -u GIT_INDEX_FILE -u GIT_OBJECT_DIRECTORY -u GIT_WORK_TREE "git" "rev-parse" (failure_mode=Ignore)
running: cd "/mnt/data1/nix/vendor/rust/cargo2nix/submodules/rust-build/src/tools/enzyme" && env -u GIT_ALTERNATE_OBJECT_DIRECTORIES -u GIT_DIR -u GIT_INDEX_FILE -u GIT_OBJECT_DIRECTORY -u GIT_WORK_TREE "git" "log" "-1" "--date=short" "--pretty=format:%cd" (failure_mode=Exit) (created at src/bootstrap/src/utils/channel.rs:63:31, executed at src/bootstrap/src/utils/channel.rs:70:14)
running: cd "/mnt/data1/nix/vendor/rust/cargo2nix/submodules/rust-build/src/doc/reference" && env -u GIT_ALTERNATE_OBJECT_DIRECTORIES -u GIT_DIR -u GIT_INDEX_FILE -u GIT_OBJECT_DIRECTORY -u GIT_WORK_TREE "git" "log" "-1" "--date=short" "--pretty=format:%cd" (failure_mode=Exit) (created at src/bootstrap/src/utils/channel.rs:63:31, executed at src/bootstrap/src/utils/channel.rs:70:14)
Cache hit: cd "/mnt/data1/nix/vendor/rust/cargo2nix/submodules/rust-build/library/backtrace" && env -u GIT_ALTERNATE_OBJECT_DIRECTORIES -u GIT_DIR -u GIT_INDEX_FILE -u GIT_OBJECT_DIRECTORY -u GIT_WORK_TREE "git" "rev-parse" (failure_mode=Ignore)
running: cd "/mnt/data1/nix/vendor/rust/cargo2nix/submodules/rust-build/src/doc/nomicon" && env -u GIT_ALTERNATE_OBJECT_DIRECTORIES -u GIT_DIR -u GIT_INDEX_FILE -u GIT_OBJECT_DIRECTORY -u GIT_WORK_TREE "git" "rev-parse" "HEAD" (failure_mode=Exit) (created at src/bootstrap/src/utils/channel.rs:72:32, executed at src/bootstrap/src/utils/channel.rs:77:14)
Cache hit: cd "/mnt/data1/nix/vendor/rust/cargo2nix/submodules/rust-build/library/backtrace" && env -u GIT_ALTERNATE_OBJECT_DIRECTORIES -u GIT_DIR -u GIT_INDEX_FILE -u GIT_OBJECT_DIRECTORY -u GIT_WORK_TREE "git" "log" "-1" "--date=short" "--pretty=format:%cd" (failure_mode=Exit)
Cache hit: cd "/mnt/data1/nix/vendor/rust/cargo2nix/submodules/rust-build/library/backtrace" && env -u GIT_ALTERNATE_OBJECT_DIRECTORIES -u GIT_DIR -u GIT_INDEX_FILE -u GIT_OBJECT_DIRECTORY -u GIT_WORK_TREE "git" "rev-parse" "HEAD" (failure_mode=Exit)
running: cd "/mnt/data1/nix/vendor/rust/cargo2nix/submodules/rust-build/src/doc/book" && env -u GIT_ALTERNATE_OBJECT_DIRECTORIES -u GIT_DIR -u GIT_INDEX_FILE -u GIT_OBJECT_DIRECTORY -u GIT_WORK_TREE "git" "rev-parse" (failure_mode=Ignore) (created at src/bootstrap/src/utils/channel.rs:47:31, executed at src/bootstrap/src/utils/channel.rs:49:50)
Cache hit: cd "/mnt/data1/nix/vendor/rust/cargo2nix/submodules/rust-build/library/backtrace" && env -u GIT_ALTERNATE_OBJECT_DIRECTORIES -u GIT_DIR -u GIT_INDEX_FILE -u GIT_OBJECT_DIRECTORY -u GIT_WORK_TREE "git" "rev-parse" "--short=9" "HEAD" (failure_mode=Exit)
running: cd "/mnt/data1/nix/vendor/rust/cargo2nix/submodules/rust-build/src/tools/enzyme" && env -u GIT_ALTERNATE_OBJECT_DIRECTORIES -u GIT_DIR -u GIT_INDEX_FILE -u GIT_OBJECT_DIRECTORY -u GIT_WORK_TREE "git" "rev-parse" "HEAD" (failure_mode=Exit) (created at src/bootstrap/src/utils/channel.rs:72:32, executed at src/bootstrap/src/utils/channel.rs:77:14)
Cache hit: cd "/mnt/data1/nix/vendor/rust/cargo2nix/submodules/rust-build/library/backtrace" && env -u GIT_ALTERNATE_OBJECT_DIRECTORIES -u GIT_DIR -u GIT_INDEX_FILE -u GIT_OBJECT_DIRECTORY -u GIT_WORK_TREE "git" "rev-parse" "HEAD" (failure_mode=Exit)
Cache hit: cd "/mnt/data1/nix/vendor/rust/cargo2nix/submodules/rust-build" && env -u GIT_ALTERNATE_OBJECT_DIRECTORIES -u GIT_DIR -u GIT_INDEX_FILE -u GIT_OBJECT_DIRECTORY -u GIT_WORK_TREE "git" "ls-tree" "HEAD" "library/backtrace" (failure_mode=Exit)
running: cd "/mnt/data1/nix/vendor/rust/cargo2nix/submodules/rust-build/src/doc/embedded-book" && env -u GIT_ALTERNATE_OBJECT_DIRECTORIES -u GIT_DIR -u GIT_INDEX_FILE -u GIT_OBJECT_DIRECTORY -u GIT_WORK_TREE "git" "rev-parse" (failure_mode=Ignore) (created at src/bootstrap/src/utils/channel.rs:47:31, executed at src/bootstrap/src/utils/channel.rs:49:50)
running: cd "/mnt/data1/nix/vendor/rust/cargo2nix/submodules/rust-build/src/tools/enzyme" && env -u GIT_ALTERNATE_OBJECT_DIRECTORIES -u GIT_DIR -u GIT_INDEX_FILE -u GIT_OBJECT_DIRECTORY -u GIT_WORK_TREE "git" "rev-parse" "--short=9" "HEAD" (failure_mode=Exit) (created at src/bootstrap/src/utils/channel.rs:79:38, executed at src/bootstrap/src/utils/channel.rs:85:14)
running: cd "/mnt/data1/nix/vendor/rust/cargo2nix/submodules/rust-build/src/doc/reference" && env -u GIT_ALTERNATE_OBJECT_DIRECTORIES -u GIT_DIR -u GIT_INDEX_FILE -u GIT_OBJECT_DIRECTORY -u GIT_WORK_TREE "git" "rev-parse" "HEAD" (failure_mode=Exit) (created at src/bootstrap/src/utils/channel.rs:72:32, executed at src/bootstrap/src/utils/channel.rs:77:14)
running: cd "/mnt/data1/nix/vendor/rust/cargo2nix/submodules/rust-build/src/doc/nomicon" && env -u GIT_ALTERNATE_OBJECT_DIRECTORIES -u GIT_DIR -u GIT_INDEX_FILE -u GIT_OBJECT_DIRECTORY -u GIT_WORK_TREE "git" "rev-parse" "--short=9" "HEAD" (failure_mode=Exit) (created at src/bootstrap/src/utils/channel.rs:79:38, executed at src/bootstrap/src/utils/channel.rs:85:14)
running: cd "/mnt/data1/nix/vendor/rust/cargo2nix/submodules/rust-build/src/tools/rustc-perf" && env -u GIT_ALTERNATE_OBJECT_DIRECTORIES -u GIT_DIR -u GIT_INDEX_FILE -u GIT_OBJECT_DIRECTORY -u GIT_WORK_TREE "git" "rev-parse" (failure_mode=Ignore) (created at src/bootstrap/src/utils/channel.rs:47:31, executed at src/bootstrap/src/utils/channel.rs:49:50)
Cache hit: cd "/mnt/data1/nix/vendor/rust/cargo2nix/submodules/rust-build/src/gcc" && env -u GIT_ALTERNATE_OBJECT_DIRECTORIES -u GIT_DIR -u GIT_INDEX_FILE -u GIT_OBJECT_DIRECTORY -u GIT_WORK_TREE "git" "rev-parse" (failure_mode=Ignore)
Cache hit: cd "/mnt/data1/nix/vendor/rust/cargo2nix/submodules/rust-build/src/gcc" && env -u GIT_ALTERNATE_OBJECT_DIRECTORIES -u GIT_DIR -u GIT_INDEX_FILE -u GIT_OBJECT_DIRECTORY -u GIT_WORK_TREE "git" "log" "-1" "--date=short" "--pretty=format:%cd" (failure_mode=Exit)
Cache hit: cd "/mnt/data1/nix/vendor/rust/cargo2nix/submodules/rust-build/src/gcc" && env -u GIT_ALTERNATE_OBJECT_DIRECTORIES -u GIT_DIR -u GIT_INDEX_FILE -u GIT_OBJECT_DIRECTORY -u GIT_WORK_TREE "git" "rev-parse" "HEAD" (failure_mode=Exit)
Cache hit: cd "/mnt/data1/nix/vendor/rust/cargo2nix/submodules/rust-build/src/gcc" && env -u GIT_ALTERNATE_OBJECT_DIRECTORIES -u GIT_DIR -u GIT_INDEX_FILE -u GIT_OBJECT_DIRECTORY -u GIT_WORK_TREE "git" "rev-parse" "--short=9" "HEAD" (failure_mode=Exit)
running: cd "/mnt/data1/nix/vendor/rust/cargo2nix/submodules/rust-build/src/doc/edition-guide" && env -u GIT_ALTERNATE_OBJECT_DIRECTORIES -u GIT_DIR -u GIT_INDEX_FILE -u GIT_OBJECT_DIRECTORY -u GIT_WORK_TREE "git" "log" "-1" "--date=short" "--pretty=format:%cd" (failure_mode=Exit) (created at src/bootstrap/src/utils/channel.rs:63:31, executed at src/bootstrap/src/utils/channel.rs:70:14)
running: cd "/mnt/data1/nix/vendor/rust/cargo2nix/submodules/rust-build/src/doc/rust-by-example" && env -u GIT_ALTERNATE_OBJECT_DIRECTORIES -u GIT_DIR -u GIT_INDEX_FILE -u GIT_OBJECT_DIRECTORY -u GIT_WORK_TREE "git" "log" "-1" "--date=short" "--pretty=format:%cd" (failure_mode=Exit) (created at src/bootstrap/src/utils/channel.rs:63:31, executed at src/bootstrap/src/utils/channel.rs:70:14)
Cache hit: cd "/mnt/data1/nix/vendor/rust/cargo2nix/submodules/rust-build/src/gcc" && env -u GIT_ALTERNATE_OBJECT_DIRECTORIES -u GIT_DIR -u GIT_INDEX_FILE -u GIT_OBJECT_DIRECTORY -u GIT_WORK_TREE "git" "rev-parse" "HEAD" (failure_mode=Exit)
running: cd "/mnt/data1/nix/vendor/rust/cargo2nix/submodules/rust-build" && env -u GIT_ALTERNATE_OBJECT_DIRECTORIES -u GIT_DIR -u GIT_INDEX_FILE -u GIT_OBJECT_DIRECTORY -u GIT_WORK_TREE "git" "ls-tree" "HEAD" "src/gcc" (failure_mode=Exit) (created at src/bootstrap/src/core/config/config.rs:2376:20, executed at src/bootstrap/src/core/config/config.rs:2380:10)
Cache hit: cd "/mnt/data1/nix/vendor/rust/cargo2nix/submodules/rust-build/src/tools/cargo" && env -u GIT_ALTERNATE_OBJECT_DIRECTORIES -u GIT_DIR -u GIT_INDEX_FILE -u GIT_OBJECT_DIRECTORY -u GIT_WORK_TREE "git" "rev-parse" "HEAD" (failure_mode=Exit)
running: cd "/mnt/data1/nix/vendor/rust/cargo2nix/submodules/rust-build" && env -u GIT_ALTERNATE_OBJECT_DIRECTORIES -u GIT_DIR -u GIT_INDEX_FILE -u GIT_OBJECT_DIRECTORY -u GIT_WORK_TREE "git" "ls-tree" "HEAD" "src/tools/cargo" (failure_mode=Exit) (created at src/bootstrap/src/core/config/config.rs:2376:20, executed at src/bootstrap/src/core/config/config.rs:2380:10)
running: cd "/mnt/data1/nix/vendor/rust/cargo2nix/submodules/rust-build/src/doc/rust-by-example" && env -u GIT_ALTERNATE_OBJECT_DIRECTORIES -u GIT_DIR -u GIT_INDEX_FILE -u GIT_OBJECT_DIRECTORY -u GIT_WORK_TREE "git" "rev-parse" "HEAD" (failure_mode=Exit) (created at src/bootstrap/src/utils/channel.rs:72:32, executed at src/bootstrap/src/utils/channel.rs:77:14)
running: cd "/mnt/data1/nix/vendor/rust/cargo2nix/submodules/rust-build/src/doc/reference" && env -u GIT_ALTERNATE_OBJECT_DIRECTORIES -u GIT_DIR -u GIT_INDEX_FILE -u GIT_OBJECT_DIRECTORY -u GIT_WORK_TREE "git" "rev-parse" "--short=9" "HEAD" (failure_mode=Exit) (created at src/bootstrap/src/utils/channel.rs:79:38, executed at src/bootstrap/src/utils/channel.rs:85:14)
running: cd "/mnt/data1/nix/vendor/rust/cargo2nix/submodules/rust-build/src/doc/edition-guide" && env -u GIT_ALTERNATE_OBJECT_DIRECTORIES -u GIT_DIR -u GIT_INDEX_FILE -u GIT_OBJECT_DIRECTORY -u GIT_WORK_TREE "git" "rev-parse" "HEAD" (failure_mode=Exit) (created at src/bootstrap/src/utils/channel.rs:72:32, executed at src/bootstrap/src/utils/channel.rs:77:14)
running: cd "/mnt/data1/nix/vendor/rust/cargo2nix/submodules/rust-build/src/doc/embedded-book" && env -u GIT_ALTERNATE_OBJECT_DIRECTORIES -u GIT_DIR -u GIT_INDEX_FILE -u GIT_OBJECT_DIRECTORY -u GIT_WORK_TREE "git" "log" "-1" "--date=short" "--pretty=format:%cd" (failure_mode=Exit) (created at src/bootstrap/src/utils/channel.rs:63:31, executed at src/bootstrap/src/utils/channel.rs:70:14)
running: cd "/mnt/data1/nix/vendor/rust/cargo2nix/submodules/rust-build/src/doc/rust-by-example" && env -u GIT_ALTERNATE_OBJECT_DIRECTORIES -u GIT_DIR -u GIT_INDEX_FILE -u GIT_OBJECT_DIRECTORY -u GIT_WORK_TREE "git" "rev-parse" "--short=9" "HEAD" (failure_mode=Exit) (created at src/bootstrap/src/utils/channel.rs:79:38, executed at src/bootstrap/src/utils/channel.rs:85:14)
running: cd "/mnt/data1/nix/vendor/rust/cargo2nix/submodules/rust-build/src/doc/embedded-book" && env -u GIT_ALTERNATE_OBJECT_DIRECTORIES -u GIT_DIR -u GIT_INDEX_FILE -u GIT_OBJECT_DIRECTORY -u GIT_WORK_TREE "git" "rev-parse" "HEAD" (failure_mode=Exit) (created at src/bootstrap/src/utils/channel.rs:72:32, executed at src/bootstrap/src/utils/channel.rs:77:14)
running: cd "/mnt/data1/nix/vendor/rust/cargo2nix/submodules/rust-build/src/doc/book" && env -u GIT_ALTERNATE_OBJECT_DIRECTORIES -u GIT_DIR -u GIT_INDEX_FILE -u GIT_OBJECT_DIRECTORY -u GIT_WORK_TREE "git" "log" "-1" "--date=short" "--pretty=format:%cd" (failure_mode=Exit) (created at src/bootstrap/src/utils/channel.rs:63:31, executed at src/bootstrap/src/utils/channel.rs:70:14)
running: cd "/mnt/data1/nix/vendor/rust/cargo2nix/submodules/rust-build/src/doc/edition-guide" && env -u GIT_ALTERNATE_OBJECT_DIRECTORIES -u GIT_DIR -u GIT_INDEX_FILE -u GIT_OBJECT_DIRECTORY -u GIT_WORK_TREE "git" "rev-parse" "--short=9" "HEAD" (failure_mode=Exit) (created at src/bootstrap/src/utils/channel.rs:79:38, executed at src/bootstrap/src/utils/channel.rs:85:14)
running: cd "/mnt/data1/nix/vendor/rust/cargo2nix/submodules/rust-build/src/tools/rustc-perf" && env -u GIT_ALTERNATE_OBJECT_DIRECTORIES -u GIT_DIR -u GIT_INDEX_FILE -u GIT_OBJECT_DIRECTORY -u GIT_WORK_TREE "git" "log" "-1" "--date=short" "--pretty=format:%cd" (failure_mode=Exit) (created at src/bootstrap/src/utils/channel.rs:63:31, executed at src/bootstrap/src/utils/channel.rs:70:14)
running: cd "/mnt/data1/nix/vendor/rust/cargo2nix/submodules/rust-build/src/doc/embedded-book" && env -u GIT_ALTERNATE_OBJECT_DIRECTORIES -u GIT_DIR -u GIT_INDEX_FILE -u GIT_OBJECT_DIRECTORY -u GIT_WORK_TREE "git" "rev-parse" "--short=9" "HEAD" (failure_mode=Exit) (created at src/bootstrap/src/utils/channel.rs:79:38, executed at src/bootstrap/src/utils/channel.rs:85:14)
Cache hit: cd "/mnt/data1/nix/vendor/rust/cargo2nix/submodules/rust-build/src/tools/enzyme" && env -u GIT_ALTERNATE_OBJECT_DIRECTORIES -u GIT_DIR -u GIT_INDEX_FILE -u GIT_OBJECT_DIRECTORY -u GIT_WORK_TREE "git" "rev-parse" "HEAD" (failure_mode=Exit)
running: cd "/mnt/data1/nix/vendor/rust/cargo2nix/submodules/rust-build" && env -u GIT_ALTERNATE_OBJECT_DIRECTORIES -u GIT_DIR -u GIT_INDEX_FILE -u GIT_OBJECT_DIRECTORY -u GIT_WORK_TREE "git" "ls-tree" "HEAD" "src/tools/enzyme" (failure_mode=Exit) (created at src/bootstrap/src/core/config/config.rs:2376:20, executed at src/bootstrap/src/core/config/config.rs:2380:10)
Cache hit: cd "/mnt/data1/nix/vendor/rust/cargo2nix/submodules/rust-build/src/doc/nomicon" && env -u GIT_ALTERNATE_OBJECT_DIRECTORIES -u GIT_DIR -u GIT_INDEX_FILE -u GIT_OBJECT_DIRECTORY -u GIT_WORK_TREE "git" "rev-parse" "HEAD" (failure_mode=Exit)
running: cd "/mnt/data1/nix/vendor/rust/cargo2nix/submodules/rust-build" && env -u GIT_ALTERNATE_OBJECT_DIRECTORIES -u GIT_DIR -u GIT_INDEX_FILE -u GIT_OBJECT_DIRECTORY -u GIT_WORK_TREE "git" "ls-tree" "HEAD" "src/doc/nomicon" (failure_mode=Exit) (created at src/bootstrap/src/core/config/config.rs:2376:20, executed at src/bootstrap/src/core/config/config.rs:2380:10)
running: cd "/mnt/data1/nix/vendor/rust/cargo2nix/submodules/rust-build/src/doc/book" && env -u GIT_ALTERNATE_OBJECT_DIRECTORIES -u GIT_DIR -u GIT_INDEX_FILE -u GIT_OBJECT_DIRECTORY -u GIT_WORK_TREE "git" "rev-parse" "HEAD" (failure_mode=Exit) (created at src/bootstrap/src/utils/channel.rs:72:32, executed at src/bootstrap/src/utils/channel.rs:77:14)
running: cd "/mnt/data1/nix/vendor/rust/cargo2nix/submodules/rust-build/src/tools/rustc-perf" && env -u GIT_ALTERNATE_OBJECT_DIRECTORIES -u GIT_DIR -u GIT_INDEX_FILE -u GIT_OBJECT_DIRECTORY -u GIT_WORK_TREE "git" "rev-parse" "HEAD" (failure_mode=Exit) (created at src/bootstrap/src/utils/channel.rs:72:32, executed at src/bootstrap/src/utils/channel.rs:77:14)
running: cd "/mnt/data1/nix/vendor/rust/cargo2nix/submodules/rust-build/src/doc/book" && env -u GIT_ALTERNATE_OBJECT_DIRECTORIES -u GIT_DIR -u GIT_INDEX_FILE -u GIT_OBJECT_DIRECTORY -u GIT_WORK_TREE "git" "rev-parse" "--short=9" "HEAD" (failure_mode=Exit) (created at src/bootstrap/src/utils/channel.rs:79:38, executed at src/bootstrap/src/utils/channel.rs:85:14)
Cache hit: cd "/mnt/data1/nix/vendor/rust/cargo2nix/submodules/rust-build/src/doc/reference" && env -u GIT_ALTERNATE_OBJECT_DIRECTORIES -u GIT_DIR -u GIT_INDEX_FILE -u GIT_OBJECT_DIRECTORY -u GIT_WORK_TREE "git" "rev-parse" "HEAD" (failure_mode=Exit)
running: cd "/mnt/data1/nix/vendor/rust/cargo2nix/submodules/rust-build" && env -u GIT_ALTERNATE_OBJECT_DIRECTORIES -u GIT_DIR -u GIT_INDEX_FILE -u GIT_OBJECT_DIRECTORY -u GIT_WORK_TREE "git" "ls-tree" "HEAD" "src/doc/reference" (failure_mode=Exit) (created at src/bootstrap/src/core/config/config.rs:2376:20, executed at src/bootstrap/src/core/config/config.rs:2380:10)
running: cd "/mnt/data1/nix/vendor/rust/cargo2nix/submodules/rust-build/src/tools/rustc-perf" && env -u GIT_ALTERNATE_OBJECT_DIRECTORIES -u GIT_DIR -u GIT_INDEX_FILE -u GIT_OBJECT_DIRECTORY -u GIT_WORK_TREE "git" "rev-parse" "--short=9" "HEAD" (failure_mode=Exit) (created at src/bootstrap/src/utils/channel.rs:79:38, executed at src/bootstrap/src/utils/channel.rs:85:14)
Cache hit: cd "/mnt/data1/nix/vendor/rust/cargo2nix/submodules/rust-build/src/doc/rust-by-example" && env -u GIT_ALTERNATE_OBJECT_DIRECTORIES -u GIT_DIR -u GIT_INDEX_FILE -u GIT_OBJECT_DIRECTORY -u GIT_WORK_TREE "git" "rev-parse" "HEAD" (failure_mode=Exit)
running: cd "/mnt/data1/nix/vendor/rust/cargo2nix/submodules/rust-build" && env -u GIT_ALTERNATE_OBJECT_DIRECTORIES -u GIT_DIR -u GIT_INDEX_FILE -u GIT_OBJECT_DIRECTORY -u GIT_WORK_TREE "git" "ls-tree" "HEAD" "src/doc/rust-by-example" (failure_mode=Exit) (created at src/bootstrap/src/core/config/config.rs:2376:20, executed at src/bootstrap/src/core/config/config.rs:2380:10)
Cache hit: cd "/mnt/data1/nix/vendor/rust/cargo2nix/submodules/rust-build/src/doc/edition-guide" && env -u GIT_ALTERNATE_OBJECT_DIRECTORIES -u GIT_DIR -u GIT_INDEX_FILE -u GIT_OBJECT_DIRECTORY -u GIT_WORK_TREE "git" "rev-parse" "HEAD" (failure_mode=Exit)
running: cd "/mnt/data1/nix/vendor/rust/cargo2nix/submodules/rust-build" && env -u GIT_ALTERNATE_OBJECT_DIRECTORIES -u GIT_DIR -u GIT_INDEX_FILE -u GIT_OBJECT_DIRECTORY -u GIT_WORK_TREE "git" "ls-tree" "HEAD" "src/doc/edition-guide" (failure_mode=Exit) (created at src/bootstrap/src/core/config/config.rs:2376:20, executed at src/bootstrap/src/core/config/config.rs:2380:10)
Cache hit: cd "/mnt/data1/nix/vendor/rust/cargo2nix/submodules/rust-build/src/doc/embedded-book" && env -u GIT_ALTERNATE_OBJECT_DIRECTORIES -u GIT_DIR -u GIT_INDEX_FILE -u GIT_OBJECT_DIRECTORY -u GIT_WORK_TREE "git" "rev-parse" "HEAD" (failure_mode=Exit)
Cache hit: cd "/mnt/data1/nix/vendor/rust/cargo2nix/submodules/rust-build/src/doc/book" && env -u GIT_ALTERNATE_OBJECT_DIRECTORIES -u GIT_DIR -u GIT_INDEX_FILE -u GIT_OBJECT_DIRECTORY -u GIT_WORK_TREE "git" "rev-parse" "HEAD" (failure_mode=Exit)
running: cd "/mnt/data1/nix/vendor/rust/cargo2nix/submodules/rust-build" && env -u GIT_ALTERNATE_OBJECT_DIRECTORIES -u GIT_DIR -u GIT_INDEX_FILE -u GIT_OBJECT_DIRECTORY -u GIT_WORK_TREE "git" "ls-tree" "HEAD" "src/doc/embedded-book" (failure_mode=Exit) (created at src/bootstrap/src/core/config/config.rs:2376:20, executed at src/bootstrap/src/core/config/config.rs:2380:10)
running: cd "/mnt/data1/nix/vendor/rust/cargo2nix/submodules/rust-build" && env -u GIT_ALTERNATE_OBJECT_DIRECTORIES -u GIT_DIR -u GIT_INDEX_FILE -u GIT_OBJECT_DIRECTORY -u GIT_WORK_TREE "git" "ls-tree" "HEAD" "src/doc/book" (failure_mode=Exit) (created at src/bootstrap/src/core/config/config.rs:2376:20, executed at src/bootstrap/src/core/config/config.rs:2380:10)
Cache hit: cd "/mnt/data1/nix/vendor/rust/cargo2nix/submodules/rust-build/src/tools/rustc-perf" && env -u GIT_ALTERNATE_OBJECT_DIRECTORIES -u GIT_DIR -u GIT_INDEX_FILE -u GIT_OBJECT_DIRECTORY -u GIT_WORK_TREE "git" "rev-parse" "HEAD" (failure_mode=Exit)
running: cd "/mnt/data1/nix/vendor/rust/cargo2nix/submodules/rust-build" && env -u GIT_ALTERNATE_OBJECT_DIRECTORIES -u GIT_DIR -u GIT_INDEX_FILE -u GIT_OBJECT_DIRECTORY -u GIT_WORK_TREE "git" "ls-tree" "HEAD" "src/tools/rustc-perf" (failure_mode=Exit) (created at src/bootstrap/src/core/config/config.rs:2376:20, executed at src/bootstrap/src/core/config/config.rs:2380:10)
learning about cargo
running: RUSTC_BOOTSTRAP="1" "/mnt/data1/nix/vendor/rust/cargo2nix/submodules/rust-build/build/x86_64-unknown-linux-gnu/stage0/bin/cargo" "metadata" "--format-version" "1" "--no-deps" "--manifest-path" "/mnt/data1/nix/vendor/rust/cargo2nix/submodules/rust-build/Cargo.toml" (failure_mode=Exit) (created at src/bootstrap/src/core/metadata.rs:80:25, executed at src/bootstrap/src/core/metadata.rs:91:54)
running: RUSTC_BOOTSTRAP="1" "/mnt/data1/nix/vendor/rust/cargo2nix/submodules/rust-build/build/x86_64-unknown-linux-gnu/stage0/bin/cargo" "metadata" "--format-version" "1" "--no-deps" "--manifest-path" "/mnt/data1/nix/vendor/rust/cargo2nix/submodules/rust-build/library/Cargo.toml" (failure_mode=Exit) (created at src/bootstrap/src/core/metadata.rs:80:25, executed at src/bootstrap/src/core/metadata.rs:91:54)
Removing sysroot /mnt/data1/nix/vendor/rust/cargo2nix/submodules/rust-build/build/x86_64-unknown-linux-gnu/stage1 to avoid caching bugs
Removing sysroot /mnt/data1/nix/vendor/rust/cargo2nix/submodules/rust-build/build/x86_64-unknown-linux-gnu/stage0-sysroot to avoid caching bugs
running: "/mnt/data1/nix/vendor/rust/cargo2nix/submodules/rust-build/build/x86_64-unknown-linux-gnu/stage0/bin/rustc" "--print" "sysroot" (failure_mode=Exit) (created at src/bootstrap/src/lib.rs:1079:13, executed at src/bootstrap/src/lib.rs:1082:18)
running: cd "/mnt/data1/nix/vendor/rust/cargo2nix/submodules/rust-build" && env -u MAKEFLAGS -u MFLAGS CARGO_BUILD_BUILD_DIR="/mnt/data1/nix/vendor/rust/cargo2nix/submodules/rust-build/build/x86_64-unknown-linux-gnu/stage1-rustc" CARGO_INCREMENTAL="0" CARGO_PROFILE_RELEASE_DEBUG="1" CARGO_PROFILE_RELEASE_DEBUG_ASSERTIONS="true" CARGO_PROFILE_RELEASE_OVERFLOW_CHECKS="true" CARGO_PROFILE_RELEASE_STRIP="false" CARGO_TARGET_DIR="/mnt/data1/nix/vendor/rust/cargo2nix/submodules/rust-build/build/x86_64-unknown-linux-gnu/stage1-rustc" CARGO_TARGET_X86_64_UNKNOWN_LINUX_GNU_LINKER="" CC_x86_64_unknown_linux_gnu="" CFG_COMPILER_BUILD_TRIPLE="x86_64-unknown-linux-gnu" CFG_COMPILER_HOST_TRIPLE="x86_64-unknown-linux-gnu" CFG_DEFAULT_CODEGEN_BACKEND="llvm" CFG_LIBDIR_RELATIVE="lib" CFG_OMIT_GIT_HASH="1" CFG_RELEASE="1.92.0-dev" CFG_RELEASE_CHANNEL="dev" CFG_VERSION="1.92.0-dev" CFLAGS_x86_64_unknown_linux_gnu="" CXXFLAGS_x86_64_unknown_linux_gnu="" CXX_x86_64_unknown_linux_gnu="" LIBC_CHECK_CFG="1" LLVM_CONFIG="/nix/store/v9cr3iv7wnrkjy1s3z1fi7wpkl7sy4hx-llvm-21.1.2-dev/bin/llvm-config" LLVM_LINK_SHARED="1" REAL_LIBRARY_PATH_VAR="LD_LIBRARY_PATH" RUSTBUILD_NATIVE_DIR="/mnt/data1/nix/vendor/rust/cargo2nix/submodules/rust-build/build/x86_64-unknown-linux-gnu/native" RUSTC="/mnt/data1/nix/vendor/rust/cargo2nix/submodules/rust-build/build/bootstrap/debug/rustc" RUSTC_BOOTSTRAP="1" RUSTC_BREAK_ON_ICE="1" RUSTC_ERROR_METADATA_DST="/mnt/data1/nix/vendor/rust/cargo2nix/submodules/rust-build/build/tmp/extended-error-metadata" RUSTC_FORCE_UNSTABLE="1" RUSTC_HOST_FLAGS="--check-cfg=cfg(bootstrap) --cfg=bootstrap -Clinker=" RUSTC_INSTALL_BINDIR="bin" RUSTC_LIBDIR="/mnt/data1/nix/vendor/rust/cargo2nix/submodules/rust-build/build/x86_64-unknown-linux-gnu/stage0/lib" RUSTC_LINK_STD_INTO_RUSTC_DRIVER="1" RUSTC_LINT_FLAGS="-Wrust_2018_idioms -Wunused_lifetimes -Dwarnings -Wrustc::internal -Drustc::symbol_intern_string_literal -Wkeyword_idents_2024 -Wunreachable_pub -Wunsafe_op_in_unsafe_fn -Wunused_crate_dependencies" RUSTC_REAL="/mnt/data1/nix/vendor/rust/cargo2nix/submodules/rust-build/build/x86_64-unknown-linux-gnu/stage0/bin/rustc" RUSTC_SNAPSHOT="/mnt/data1/nix/vendor/rust/cargo2nix/submodules/rust-build/build/x86_64-unknown-linux-gnu/stage0/bin/rustc" RUSTC_SNAPSHOT_LIBDIR="/mnt/data1/nix/vendor/rust/cargo2nix/submodules/rust-build/build/x86_64-unknown-linux-gnu/stage0/lib" RUSTC_STAGE="0" RUSTC_SYSROOT="/mnt/data1/nix/vendor/rust/cargo2nix/submodules/rust-build/build/x86_64-unknown-linux-gnu/stage0-sysroot" RUSTC_TLS_MODEL_INITIAL_EXEC="1" RUSTC_VERBOSE="1" RUSTC_WRAPPER="/mnt/data1/nix/vendor/rust/cargo2nix/submodules/rust-build/build/bootstrap/debug/rustc" RUSTDOC="/mnt/data1/nix/vendor/rust/cargo2nix/submodules/rust-build/build/bootstrap/debug/rustdoc" RUSTDOCFLAGS="--cfg=bootstrap --cfg=windows_raw_dylib -Csymbol-mangling-version=v0 -Zunstable-options --check-cfg=cfg(bootstrap) -Dwarnings -Wrustdoc::invalid_codeblock_attributes --crate-version 1.92.0-dev -Clinker= -Zcrate-attr=warn(rust_2018_idioms)" RUSTDOC_LIBDIR="/mnt/data1/nix/vendor/rust/cargo2nix/submodules/rust-build/build/x86_64-unknown-linux-gnu/stage0/lib" RUSTDOC_REAL="/path/to/nowhere/rustdoc/not/required" RUSTFLAGS="--cfg=bootstrap --cfg=windows_raw_dylib -Csymbol-mangling-version=v0 -Zunstable-options --check-cfg=cfg(bootstrap) -Zmacro-backtrace -Csplit-debuginfo=off -Clink-args=-Wl,-z,origin -Clink-args=-Wl,-rpath,$ORIGIN/../lib -Alinker-messages -Zon-broken-pipe=kill" RUST_TEST_THREADS="24" WINAPI_NO_BUNDLED_LIBRARIES="1" __CARGO_DEFAULT_LIB_METADATA="bootstrap1.92.0" "/mnt/data1/nix/vendor/rust/cargo2nix/submodules/rust-build/build/x86_64-unknown-linux-gnu/stage0/bin/cargo" "build" "--target" "x86_64-unknown-linux-gnu" "-Zbinary-dep-depinfo" "-j" "24" "-Zroot-dir=/mnt/data1/nix/vendor/rust/cargo2nix/submodules/rust-build" "--release" "--features" "llvm" "--manifest-path" "/mnt/data1/nix/vendor/rust/cargo2nix/submodules/rust-build/compiler/rustc/Cargo.toml" "--message-format" "json-render-diagnostics" (failure_mode=Exit)
running: cd "/mnt/data1/nix/vendor/rust/cargo2nix/submodules/rust-build" && env -u MAKEFLAGS -u MFLAGS CARGO_BUILD_BUILD_DIR="/mnt/data1/nix/vendor/rust/cargo2nix/submodules/rust-build/build/x86_64-unknown-linux-gnu/stage1-std" CARGO_INCREMENTAL="0" CARGO_PROFILE_RELEASE_DEBUG="1" CARGO_PROFILE_RELEASE_DEBUG_ASSERTIONS="true" CARGO_PROFILE_RELEASE_OVERFLOW_CHECKS="true" CARGO_PROFILE_RELEASE_STRIP="false" CARGO_TARGET_DIR="/mnt/data1/nix/vendor/rust/cargo2nix/submodules/rust-build/build/x86_64-unknown-linux-gnu/stage1-std" CARGO_TARGET_X86_64_UNKNOWN_LINUX_GNU_LINKER="" CC_x86_64_unknown_linux_gnu="" CFG_COMPILER_BUILD_TRIPLE="x86_64-unknown-linux-gnu" CFG_COMPILER_HOST_TRIPLE="x86_64-unknown-linux-gnu" CFG_RELEASE_CHANNEL="dev" CFLAGS_x86_64_unknown_linux_gnu="" CXXFLAGS_x86_64_unknown_linux_gnu="" CXX_x86_64_unknown_linux_gnu="" LIBC_CHECK_CFG="1" REAL_LIBRARY_PATH_VAR="LD_LIBRARY_PATH" RUSTBUILD_NATIVE_DIR="/mnt/data1/nix/vendor/rust/cargo2nix/submodules/rust-build/build/x86_64-unknown-linux-gnu/native" RUSTC="/mnt/data1/nix/vendor/rust/cargo2nix/submodules/rust-build/build/bootstrap/debug/rustc" RUSTC_BOOTSTRAP="1" RUSTC_BREAK_ON_ICE="1" RUSTC_ERROR_METADATA_DST="/mnt/data1/nix/vendor/rust/cargo2nix/submodules/rust-build/build/tmp/extended-error-metadata" RUSTC_FORCE_UNSTABLE="1" RUSTC_HOST_FLAGS="-Clinker=" RUSTC_INSTALL_BINDIR="bin" RUSTC_LIBDIR="/mnt/data1/nix/vendor/rust/cargo2nix/submodules/rust-build/build/x86_64-unknown-linux-gnu/stage1/lib" RUSTC_LINK_STD_INTO_RUSTC_DRIVER="1" RUSTC_LINT_FLAGS="-Wrust_2018_idioms -Wunused_lifetimes -Dwarnings" RUSTC_REAL="/mnt/data1/nix/vendor/rust/cargo2nix/submodules/rust-build/build/x86_64-unknown-linux-gnu/stage1/bin/rustc" RUSTC_SNAPSHOT="/mnt/data1/nix/vendor/rust/cargo2nix/submodules/rust-build/build/x86_64-unknown-linux-gnu/stage0/bin/rustc" RUSTC_SNAPSHOT_LIBDIR="/mnt/data1/nix/vendor/rust/cargo2nix/submodules/rust-build/build/x86_64-unknown-linux-gnu/stage0/lib" RUSTC_STAGE="1" RUSTC_SYSROOT="/mnt/data1/nix/vendor/rust/cargo2nix/submodules/rust-build/build/x86_64-unknown-linux-gnu/stage1" RUSTC_VERBOSE="1" RUSTC_WRAPPER="/mnt/data1/nix/vendor/rust/cargo2nix/submodules/rust-build/build/bootstrap/debug/rustc" RUSTDOC="/mnt/data1/nix/vendor/rust/cargo2nix/submodules/rust-build/build/bootstrap/debug/rustdoc" RUSTDOCFLAGS="-Csymbol-mangling-version=legacy --check-cfg=cfg(feature,values(any())) -Zunstable-options -Dwarnings -Wrustdoc::invalid_codeblock_attributes --crate-version 1.92.0-dev -Clinker= -Zcrate-attr=doc(html_root_url=\"https://doc.rust-lang.org/nightly/\") -Zcrate-attr=warn(rust_2018_idioms)" RUSTDOC_LIBDIR="/mnt/data1/nix/vendor/rust/cargo2nix/submodules/rust-build/build/x86_64-unknown-linux-gnu/stage1/lib" RUSTDOC_REAL="/path/to/nowhere/rustdoc/not/required" RUSTFLAGS="-Csymbol-mangling-version=legacy --check-cfg=cfg(feature,values(any())) -Zunstable-options -Zmacro-backtrace -Csplit-debuginfo=off -Cprefer-dynamic -Zinline-mir -Zinline-mir-preserve-debug -Zmir_strip_debuginfo=locals-in-tiny-functions -Clink-args=-Wl,-z,origin -Clink-args=-Wl,-rpath,$ORIGIN/../lib -Alinker-messages -Cembed-bitcode=yes -Zunstable-options -Cforce-frame-pointers=non-leaf -Zcrate-attr=doc(html_root_url=\"https://doc.rust-lang.org/nightly/\")" RUST_TEST_THREADS="24" WINAPI_NO_BUNDLED_LIBRARIES="1" __CARGO_DEFAULT_LIB_METADATA="devstd1.92.0" "/mnt/data1/nix/vendor/rust/cargo2nix/submodules/rust-build/build/x86_64-unknown-linux-gnu/stage0/bin/cargo" "build" "--target" "x86_64-unknown-linux-gnu" "-Zbinary-dep-depinfo" "-j" "24" "-Zroot-dir=/mnt/data1/nix/vendor/rust/cargo2nix/submodules/rust-build" "--release" "-p" "alloc" "-p" "compiler_builtins" "-p" "core" "-p" "panic_abort" "-p" "panic_unwind" "-p" "proc_macro" "-p" "rustc-std-workspace-core" "-p" "std" "-p" "std_detect" "-p" "sysroot" "-p" "test" "-p" "unwind" "--features" "backtrace panic-unwind" "--manifest-path" "/mnt/data1/nix/vendor/rust/cargo2nix/submodules/rust-build/library/sysroot/Cargo.toml" "--message-format" "json-render-diagnostics" (failure_mode=Exit)
running: cd "/mnt/data1/nix/vendor/rust/cargo2nix/submodules/rust-build" && env -u MAKEFLAGS -u MFLAGS CARGO_BUILD_BUILD_DIR="/mnt/data1/nix/vendor/rust/cargo2nix/submodules/rust-build/build/x86_64-unknown-linux-gnu/stage1-tools" CARGO_INCREMENTAL="0" CARGO_PROFILE_RELEASE_DEBUG="1" CARGO_PROFILE_RELEASE_DEBUG_ASSERTIONS="true" CARGO_PROFILE_RELEASE_OVERFLOW_CHECKS="true" CARGO_PROFILE_RELEASE_STRIP="false" CARGO_TARGET_DIR="/mnt/data1/nix/vendor/rust/cargo2nix/submodules/rust-build/build/x86_64-unknown-linux-gnu/stage1-tools" CARGO_TARGET_X86_64_UNKNOWN_LINUX_GNU_LINKER="" CC_x86_64_unknown_linux_gnu="" CFG_COMPILER_BUILD_TRIPLE="x86_64-unknown-linux-gnu" CFG_COMPILER_HOST_TRIPLE="x86_64-unknown-linux-gnu" CFG_RELEASE="1.92.0-dev" CFG_RELEASE_CHANNEL="dev" CFG_RELEASE_NUM="1.92.0" CFG_VERSION="1.92.0-dev" CFLAGS_x86_64_unknown_linux_gnu="" CXXFLAGS_x86_64_unknown_linux_gnu="" CXX_x86_64_unknown_linux_gnu="" DOC_RUST_LANG_ORG_CHANNEL="https://doc.rust-lang.org/nightly" FORCE_ON_BROKEN_PIPE_KILL="-Zon-broken-pipe=kill" LIBC_CHECK_CFG="1" LZMA_API_STATIC="1" REAL_LIBRARY_PATH_VAR="LD_LIBRARY_PATH" RUSTBUILD_NATIVE_DIR="/mnt/data1/nix/vendor/rust/cargo2nix/submodules/rust-build/build/x86_64-unknown-linux-gnu/native" RUSTC="/mnt/data1/nix/vendor/rust/cargo2nix/submodules/rust-build/build/bootstrap/debug/rustc" RUSTC_BOOTSTRAP="1" RUSTC_BREAK_ON_ICE="1" RUSTC_ERROR_METADATA_DST="/mnt/data1/nix/vendor/rust/cargo2nix/submodules/rust-build/build/tmp/extended-error-metadata" RUSTC_HOST_FLAGS="--check-cfg=cfg(bootstrap) --cfg=bootstrap -Clinker=" RUSTC_INSTALL_BINDIR="bin" RUSTC_LIBDIR="/mnt/data1/nix/vendor/rust/cargo2nix/submodules/rust-build/build/x86_64-unknown-linux-gnu/stage0/lib" RUSTC_LINK_STD_INTO_RUSTC_DRIVER="1" RUSTC_LINT_FLAGS="-Wrust_2018_idioms -Wunused_lifetimes -Dwarnings" RUSTC_REAL="/mnt/data1/nix/vendor/rust/cargo2nix/submodules/rust-build/build/x86_64-unknown-linux-gnu/stage0/bin/rustc" RUSTC_SNAPSHOT="/mnt/data1/nix/vendor/rust/cargo2nix/submodules/rust-build/build/x86_64-unknown-linux-gnu/stage0/bin/rustc" RUSTC_SNAPSHOT_LIBDIR="/mnt/data1/nix/vendor/rust/cargo2nix/submodules/rust-build/build/x86_64-unknown-linux-gnu/stage0/lib" RUSTC_STAGE="0" RUSTC_SYSROOT="/mnt/data1/nix/vendor/rust/cargo2nix/submodules/rust-build/build/x86_64-unknown-linux-gnu/stage0-sysroot" RUSTC_TLS_MODEL_INITIAL_EXEC="1" RUSTC_VERBOSE="1" RUSTC_WRAPPER="/mnt/data1/nix/vendor/rust/cargo2nix/submodules/rust-build/build/bootstrap/debug/rustc" RUSTDOC="/mnt/data1/nix/vendor/rust/cargo2nix/submodules/rust-build/build/bootstrap/debug/rustdoc" RUSTDOCFLAGS="--cfg=bootstrap --cfg=windows_raw_dylib -Csymbol-mangling-version=v0 -Zunstable-options --check-cfg=cfg(bootstrap) --check-cfg=cfg(rust_analyzer) -Dwarnings -Wrustdoc::invalid_codeblock_attributes --crate-version 1.92.0-dev -Clinker=" RUSTDOC_LIBDIR="/mnt/data1/nix/vendor/rust/cargo2nix/submodules/rust-build/build/x86_64-unknown-linux-gnu/stage0/lib" RUSTDOC_REAL="/path/to/nowhere/rustdoc/not/required" RUSTFLAGS="--cfg=bootstrap --cfg=windows_raw_dylib -Csymbol-mangling-version=v0 -Zunstable-options --check-cfg=cfg(bootstrap) --check-cfg=cfg(rust_analyzer) -Zmacro-backtrace -Csplit-debuginfo=off -Clink-args=-Wl,-z,origin -Clink-args=-Wl,-rpath,$ORIGIN/../lib -Alinker-messages -Zunstable-options" RUST_TEST_THREADS="24" SYSROOT="/mnt/data1/nix/vendor/rust/cargo2nix/submodules/rust-build/build/x86_64-unknown-linux-gnu/stage0-sysroot" __CARGO_DEFAULT_LIB_METADATA="bootstraptool-rustc1.92.0" "/mnt/data1/nix/vendor/rust/cargo2nix/submodules/rust-build/build/x86_64-unknown-linux-gnu/stage0/bin/cargo" "build" "--target" "x86_64-unknown-linux-gnu" "-Zbinary-dep-depinfo" "-j" "24" "-Zroot-dir=/mnt/data1/nix/vendor/rust/cargo2nix/submodules/rust-build" "--release" "--manifest-path" "/mnt/data1/nix/vendor/rust/cargo2nix/submodules/rust-build/src/tools/rustdoc/Cargo.toml" "--message-format" "json-render-diagnostics" (failure_mode=Exit)
Removing sysroot /mnt/data1/nix/vendor/rust/cargo2nix/submodules/rust-build/build/x86_64-unknown-linux-gnu/stage1 to avoid caching bugs
Removing sysroot /mnt/data1/nix/vendor/rust/cargo2nix/submodules/rust-build/build/x86_64-unknown-linux-gnu/stage1/lib/rustlib/x86_64-unknown-linux-gnu/lib to avoid caching bugs
running: "/nix/store/v9cr3iv7wnrkjy1s3z1fi7wpkl7sy4hx-llvm-21.1.2-dev/bin/llvm-config" "--version" (failure_mode=Exit) (created at src/bootstrap/src/core/build_steps/llvm.rs:599:5, executed at src/bootstrap/src/core/build_steps/llvm.rs:602:10)
running: "/nix/store/v9cr3iv7wnrkjy1s3z1fi7wpkl7sy4hx-llvm-21.1.2-dev/bin/llvm-config" "--bindir" (failure_mode=Exit) (created at src/bootstrap/src/core/build_steps/compile.rs:2047:41, executed at src/bootstrap/src/core/build_steps/compile.rs:2050:22)
Removing sysroot /mnt/data1/nix/vendor/rust/cargo2nix/submodules/rust-build/build/x86_64-unknown-linux-gnu/stage0-sysroot to avoid caching bugs
Removing sysroot /mnt/data1/nix/vendor/rust/cargo2nix/submodules/rust-build/build/x86_64-unknown-linux-gnu/stage0-sysroot/lib/rustlib/x86_64-unknown-linux-gnu/lib to avoid caching bugs
using sysroot /mnt/data1/nix/vendor/rust/cargo2nix/submodules/rust-build/build/x86_64-unknown-linux-gnu/stage0-sysroot
Cache hit: "/nix/store/v9cr3iv7wnrkjy1s3z1fi7wpkl7sy4hx-llvm-21.1.2-dev/bin/llvm-config" "--version" (failure_mode=Exit)
Building stage1 compiler artifacts (stage0 -> stage1, x86_64-unknown-linux-gnu)
running: cd "/mnt/data1/nix/vendor/rust/cargo2nix/submodules/rust-build" && env -u MAKEFLAGS -u MFLAGS AR_x86_64_unknown_linux_gnu="ar" CARGO_BUILD_BUILD_DIR="/mnt/data1/nix/vendor/rust/cargo2nix/submodules/rust-build/build/x86_64-unknown-linux-gnu/stage1-rustc" CARGO_INCREMENTAL="0" CARGO_PROFILE_RELEASE_DEBUG="1" CARGO_PROFILE_RELEASE_DEBUG_ASSERTIONS="true" CARGO_PROFILE_RELEASE_OVERFLOW_CHECKS="true" CARGO_PROFILE_RELEASE_STRIP="false" CARGO_TARGET_DIR="/mnt/data1/nix/vendor/rust/cargo2nix/submodules/rust-build/build/x86_64-unknown-linux-gnu/stage1-rustc" CC_x86_64_unknown_linux_gnu="gcc" CFG_COMPILER_BUILD_TRIPLE="x86_64-unknown-linux-gnu" CFG_COMPILER_HOST_TRIPLE="x86_64-unknown-linux-gnu" CFG_DEFAULT_CODEGEN_BACKEND="llvm" CFG_LIBDIR_RELATIVE="lib" CFG_OMIT_GIT_HASH="1" CFG_RELEASE="1.92.0-dev" CFG_RELEASE_CHANNEL="dev" CFG_VERSION="1.92.0-dev" CFLAGS_x86_64_unknown_linux_gnu="" CXXFLAGS_x86_64_unknown_linux_gnu="" CXX_x86_64_unknown_linux_gnu="g++" LIBC_CHECK_CFG="1" LLVM_CONFIG="/nix/store/v9cr3iv7wnrkjy1s3z1fi7wpkl7sy4hx-llvm-21.1.2-dev/bin/llvm-config" LLVM_LINK_SHARED="1" RANLIB_x86_64_unknown_linux_gnu="ar s" REAL_LIBRARY_PATH_VAR="LD_LIBRARY_PATH" RUSTBUILD_NATIVE_DIR="/mnt/data1/nix/vendor/rust/cargo2nix/submodules/rust-build/build/x86_64-unknown-linux-gnu/native" RUSTC="/mnt/data1/nix/vendor/rust/cargo2nix/submodules/rust-build/build/bootstrap/debug/rustc" RUSTC_BOOTSTRAP="1" RUSTC_BREAK_ON_ICE="1" RUSTC_ERROR_METADATA_DST="/mnt/data1/nix/vendor/rust/cargo2nix/submodules/rust-build/build/tmp/extended-error-metadata" RUSTC_FORCE_UNSTABLE="1" RUSTC_HOST_FLAGS="--check-cfg=cfg(bootstrap) --cfg=bootstrap" RUSTC_INSTALL_BINDIR="bin" RUSTC_LIBDIR="/mnt/data1/nix/vendor/rust/cargo2nix/submodules/rust-build/build/x86_64-unknown-linux-gnu/stage0/lib" RUSTC_LINK_STD_INTO_RUSTC_DRIVER="1" RUSTC_LINT_FLAGS="-Wrust_2018_idioms -Wunused_lifetimes -Dwarnings -Wrustc::internal -Drustc::symbol_intern_string_literal -Wkeyword_idents_2024 -Wunreachable_pub -Wunsafe_op_in_unsafe_fn -Wunused_crate_dependencies" RUSTC_REAL="/mnt/data1/nix/vendor/rust/cargo2nix/submodules/rust-build/build/x86_64-unknown-linux-gnu/stage0/bin/rustc" RUSTC_SNAPSHOT="/mnt/data1/nix/vendor/rust/cargo2nix/submodules/rust-build/build/x86_64-unknown-linux-gnu/stage0/bin/rustc" RUSTC_SNAPSHOT_LIBDIR="/mnt/data1/nix/vendor/rust/cargo2nix/submodules/rust-build/build/x86_64-unknown-linux-gnu/stage0/lib" RUSTC_STAGE="0" RUSTC_SYSROOT="/mnt/data1/nix/vendor/rust/cargo2nix/submodules/rust-build/build/x86_64-unknown-linux-gnu/stage0-sysroot" RUSTC_TLS_MODEL_INITIAL_EXEC="1" RUSTC_VERBOSE="1" RUSTC_WRAPPER="/mnt/data1/nix/vendor/rust/cargo2nix/submodules/rust-build/build/bootstrap/debug/rustc" RUSTDOC="/mnt/data1/nix/vendor/rust/cargo2nix/submodules/rust-build/build/bootstrap/debug/rustdoc" RUSTDOCFLAGS="--cfg=bootstrap --cfg=windows_raw_dylib -Csymbol-mangling-version=v0 -Zunstable-options --check-cfg=cfg(bootstrap) -Dwarnings -Wrustdoc::invalid_codeblock_attributes --crate-version 1.92.0-dev -Zcrate-attr=warn(rust_2018_idioms)" RUSTDOC_LIBDIR="/mnt/data1/nix/vendor/rust/cargo2nix/submodules/rust-build/build/x86_64-unknown-linux-gnu/stage0/lib" RUSTDOC_REAL="/path/to/nowhere/rustdoc/not/required" RUSTFLAGS="--cfg=bootstrap --cfg=windows_raw_dylib -Csymbol-mangling-version=v0 -Zunstable-options --check-cfg=cfg(bootstrap) -Zmacro-backtrace -Csplit-debuginfo=off -Clink-args=-Wl,-z,origin -Clink-args=-Wl,-rpath,$ORIGIN/../lib -Alinker-messages -Zon-broken-pipe=kill" RUST_TEST_THREADS="24" WINAPI_NO_BUNDLED_LIBRARIES="1" __CARGO_DEFAULT_LIB_METADATA="bootstrap1.92.0" "/mnt/data1/nix/vendor/rust/cargo2nix/submodules/rust-build/build/x86_64-unknown-linux-gnu/stage0/bin/cargo" "build" "--target" "x86_64-unknown-linux-gnu" "-Zbinary-dep-depinfo" "-j" "24" "-Zroot-dir=/mnt/data1/nix/vendor/rust/cargo2nix/submodules/rust-build" "--release" "--features" "llvm" "--manifest-path" "/mnt/data1/nix/vendor/rust/cargo2nix/submodules/rust-build/compiler/rustc/Cargo.toml" "--message-format" "json-render-diagnostics" (failure_mode=Exit)
    Updating crates.io index
 Downloading crates ...
  Downloaded find-msvc-tools v0.1.2
  Downloaded indexmap v2.11.4
   Compiling proc-macro2 v1.0.101
   Compiling unicode-ident v1.0.18
   Compiling cfg-if v1.0.1
   Compiling libc v0.2.174
   Compiling stable_deref_trait v1.2.0
   Compiling memchr v2.7.5
   Compiling shlex v1.3.0
   Compiling smallvec v1.15.1
   Compiling bitflags v2.9.3
   Compiling proc-macro-hack v0.5.20+deprecated
   Compiling once_cell v1.21.3
   Compiling foldhash v0.1.5
   Compiling allocator-api2 v0.2.21
   Compiling equivalent v1.0.2
   Compiling typenum v1.18.0
   Compiling autocfg v1.5.0
   Compiling version_check v0.9.5
   Compiling getrandom v0.3.3
   Compiling parking_lot_core v0.9.11
   Compiling log v0.4.27
   Compiling scopeguard v1.2.0
   Compiling crossbeam-utils v0.8.21
   Compiling pin-project-lite v0.2.16
   Compiling rustix v1.0.8
   Compiling rustc-hash v2.1.1
   Compiling rustc-stable-hash v0.1.2
   Compiling linux-raw-sys v0.9.4
   Compiling thiserror v2.0.15
   Compiling rustc_macros v0.0.0 (/mnt/data1/nix/vendor/rust/cargo2nix/submodules/rust-build/compiler/rustc_macros)
   Compiling itoa v1.0.15
   Compiling regex-syntax v0.8.5
   Compiling cc v1.2.16
   Compiling tracing-core v0.1.34
   Compiling rustc_hashes v0.0.0 (/mnt/data1/nix/vendor/rust/cargo2nix/submodules/rust-build/compiler/rustc_hashes)
   Compiling fastrand v2.3.0
   Compiling rustc-hash v1.1.0
   Compiling thin-vec v0.2.14
   Compiling cpufeatures v0.2.17
   Compiling arrayvec v0.7.6
   Compiling zerocopy v0.8.26
   Compiling either v1.15.0
   Compiling unicode-width v0.2.1
   Compiling ena v0.14.3
   Compiling rustc_arena v0.0.0 (/mnt/data1/nix/vendor/rust/cargo2nix/submodules/rust-build/compiler/rustc_arena)
   Compiling elsa v1.11.2
   Compiling rustc_graphviz v0.0.0 (/mnt/data1/nix/vendor/rust/cargo2nix/submodules/rust-build/compiler/rustc_graphviz)
   Compiling generic-array v0.14.7
   Compiling hashbrown v0.15.5
   Compiling arrayref v0.3.9
   Compiling constant_time_eq v0.3.1
   Compiling litemap v0.8.0
   Compiling writeable v0.6.1
   Compiling scoped-tls v1.0.1
   Compiling lock_api v0.4.13
   Compiling rustc-literal-escaper v0.0.5
   Compiling icu_locale_data v2.0.0
   Compiling serde_core v1.0.228
   Compiling unicode-xid v0.2.6
   Compiling unicode-properties v0.1.3
   Compiling type-map v0.5.1
   Compiling serde v1.0.228
   Compiling itertools v0.12.1
   Compiling crc32fast v1.5.0
   Compiling aho-corasick v1.1.3
   Compiling rustc_lexer v0.0.0 (/mnt/data1/nix/vendor/rust/cargo2nix/submodules/rust-build/compiler/rustc_lexer)
   Compiling self_cell v1.2.0
   Compiling quote v1.0.40
   Compiling serde_json v1.0.142
   Compiling wasmparser v0.236.1
   Compiling crossbeam-epoch v0.9.18
   Compiling syn v2.0.106
   Compiling object v0.37.3
   Compiling ryu v1.0.20
   Compiling ref-cast v1.0.24
   Compiling dyn-clone v1.0.19
   Compiling ident_case v1.0.1
   Compiling crossbeam-deque v0.8.6
   Compiling strsim v0.11.1
   Compiling fnv v1.0.7
   Compiling odht v0.3.1
   Compiling utf8parse v0.2.2
   Compiling indexmap v2.11.4
   Compiling anstyle v1.0.13
   Compiling rustc_thread_pool v0.0.0 (/mnt/data1/nix/vendor/rust/cargo2nix/submodules/rust-build/compiler/rustc_thread_pool)
   Compiling anstyle-parse v0.2.7
   Compiling anstyle-query v1.1.4
   Compiling is_terminal_polyfill v1.70.1
   Compiling colorchoice v1.0.4
   Compiling annotate-snippets v0.11.5
   Compiling anstream v0.6.20
   Compiling rustc_error_codes v0.0.0 (/mnt/data1/nix/vendor/rust/cargo2nix/submodules/rust-build/compiler/rustc_error_codes)
   Compiling getopts v0.2.24
   Compiling rustc_apfloat v0.2.3+llvm-462a31f5a5ab
   Compiling datafrog v2.0.1
   Compiling tinyvec_macros v0.1.1
   Compiling rustc_parse_format v0.0.0 (/mnt/data1/nix/vendor/rust/cargo2nix/submodules/rust-build/compiler/rustc_parse_format)
   Compiling tinyvec v1.9.0
   Compiling rustc_proc_macro v0.0.0 (/mnt/data1/nix/vendor/rust/cargo2nix/submodules/rust-build/compiler/rustc_proc_macro)
   Compiling crypto-common v0.1.6
   Compiling block-buffer v0.10.4
   Compiling memmap2 v0.2.3
   Compiling digest v0.10.7
   Compiling perf-event-open-sys v3.0.0
   Compiling parking_lot v0.12.4
   Compiling rustc_serialize v0.0.0 (/mnt/data1/nix/vendor/rust/cargo2nix/submodules/rust-build/compiler/rustc_serialize)
   Compiling jobserver v0.1.33
   Compiling psm v0.1.26
   Compiling stacker v0.1.21
   Compiling blake3 v1.8.2
   Compiling sha2 v0.10.9
   Compiling regex-automata v0.4.9
   Compiling measureme v12.0.3
   Compiling sha1 v0.10.6
   Compiling md-5 v0.10.6
   Compiling rand_core v0.9.3
   Compiling termize v0.2.0
   Compiling polonius-engine v0.13.0
   Compiling tempfile v3.20.0
   Compiling unicode-normalization v0.1.24
   Compiling ppv-lite86 v0.2.21
   Compiling rand_xoshiro v0.7.0
   Compiling getrandom v0.2.16
   Compiling static_assertions v1.1.0
   Compiling adler2 v2.0.1
   Compiling rustc_fs_util v0.0.0 (/mnt/data1/nix/vendor/rust/cargo2nix/submodules/rust-build/compiler/rustc_fs_util)
   Compiling rand_core v0.6.4
   Compiling miniz_oxide v0.8.9
   Compiling unicode-script v0.5.7
   Compiling rand_chacha v0.9.0
   Compiling rand_chacha v0.3.1
   Compiling object v0.36.7
   Compiling libloading v0.8.8
   Compiling fallible-iterator v0.3.0
   Compiling rand v0.9.2
   Compiling rand v0.8.5
   Compiling flate2 v1.1.2
   Compiling unicode-security v0.1.2
   Compiling regex-syntax v0.6.29
   Compiling gimli v0.31.1
   Compiling rustc_llvm v0.0.0 (/mnt/data1/nix/vendor/rust/cargo2nix/submodules/rust-build/compiler/rustc_llvm)
   Compiling leb128 v0.2.5
   Compiling punycode v0.4.1
   Compiling find-msvc-tools v0.1.2
   Compiling rustc-demangle v0.1.26
   Compiling pulldown-cmark v0.11.3
   Compiling cfg_aliases v0.2.1
   Compiling lazy_static v1.5.0
   Compiling overload v0.1.1
   Compiling nu-ansi-term v0.46.0
   Compiling sharded-slab v0.1.7
   Compiling nix v0.30.1
   Compiling rustc_windows_rc v0.0.0 (/mnt/data1/nix/vendor/rust/cargo2nix/submodules/rust-build/compiler/rustc_windows_rc)
   Compiling twox-hash v1.6.3
   Compiling wasm-encoder v0.219.2
   Compiling thread_local v1.1.9
   Compiling pathdiff v0.2.3
   Compiling unicase v2.8.1
   Compiling pulldown-cmark-escape v0.11.0
   Compiling tracing-log v0.2.0
   Compiling nu-ansi-term v0.50.1
warning: rustc_llvm@0.0.0: In file included from /nix/store/kzq78n13l8w24jn8bx4djj79k5j717f1-gcc-14.3.0/include/c++/14.3.0/bits/stl_algo.h:71,
warning: rustc_llvm@0.0.0:                  from /nix/store/kzq78n13l8w24jn8bx4djj79k5j717f1-gcc-14.3.0/include/c++/14.3.0/algorithm:61,
warning: rustc_llvm@0.0.0:                  from /nix/store/v9cr3iv7wnrkjy1s3z1fi7wpkl7sy4hx-llvm-21.1.2-dev/include/llvm/ADT/SmallVector.h:19,
warning: rustc_llvm@0.0.0:                  from /nix/store/v9cr3iv7wnrkjy1s3z1fi7wpkl7sy4hx-llvm-21.1.2-dev/include/llvm/Support/raw_ostream.h:16,
warning: rustc_llvm@0.0.0:                  from llvm-wrapper/LLVMWrapper.h:7,
warning: rustc_llvm@0.0.0:                  from llvm-wrapper/PassWrapper.cpp:1:
warning: rustc_llvm@0.0.0: /nix/store/kzq78n13l8w24jn8bx4djj79k5j717f1-gcc-14.3.0/include/c++/14.3.0/cstdlib:79:15: fatal error: stdlib.h: No such file or directory
warning: rustc_llvm@0.0.0:    79 | #include_next <stdlib.h>
warning: rustc_llvm@0.0.0:       |               ^~~~~~~~~~
warning: rustc_llvm@0.0.0: compilation terminated.
error: failed to run custom build command for `rustc_llvm v0.0.0 (/mnt/data1/nix/vendor/rust/cargo2nix/submodules/rust-build/compiler/rustc_llvm)`

Caused by:
  process didn't exit successfully: `/mnt/data1/nix/vendor/rust/cargo2nix/submodules/rust-build/build/x86_64-unknown-linux-gnu/stage1-rustc/release/build/rustc_llvm-43e92fbf21fe0196/build-script-build` (exit status: 1)
  --- stdout
  cargo:rustc-check-cfg=cfg(llvm_component,values("ipo"))
  cargo:rustc-check-cfg=cfg(llvm_component,values("bitreader"))
  cargo:rustc-check-cfg=cfg(llvm_component,values("bitwriter"))
  cargo:rustc-check-cfg=cfg(llvm_component,values("linker"))
  cargo:rustc-check-cfg=cfg(llvm_component,values("asmparser"))
  cargo:rustc-check-cfg=cfg(llvm_component,values("lto"))
  cargo:rustc-check-cfg=cfg(llvm_component,values("coverage"))
  cargo:rustc-check-cfg=cfg(llvm_component,values("instrumentation"))
  cargo:rustc-check-cfg=cfg(llvm_component,values("x86"))
  cargo:rustc-check-cfg=cfg(llvm_component,values("arm"))
  cargo:rustc-check-cfg=cfg(llvm_component,values("aarch64"))
  cargo:rustc-check-cfg=cfg(llvm_component,values("amdgpu"))
  cargo:rustc-check-cfg=cfg(llvm_component,values("avr"))
  cargo:rustc-check-cfg=cfg(llvm_component,values("loongarch"))
  cargo:rustc-check-cfg=cfg(llvm_component,values("m68k"))
  cargo:rustc-check-cfg=cfg(llvm_component,values("csky"))
  cargo:rustc-check-cfg=cfg(llvm_component,values("mips"))
  cargo:rustc-check-cfg=cfg(llvm_component,values("powerpc"))
  cargo:rustc-check-cfg=cfg(llvm_component,values("systemz"))
  cargo:rustc-check-cfg=cfg(llvm_component,values("webassembly"))
  cargo:rustc-check-cfg=cfg(llvm_component,values("msp430"))
  cargo:rustc-check-cfg=cfg(llvm_component,values("sparc"))
  cargo:rustc-check-cfg=cfg(llvm_component,values("nvptx"))
  cargo:rustc-check-cfg=cfg(llvm_component,values("hexagon"))
  cargo:rustc-check-cfg=cfg(llvm_component,values("riscv"))
  cargo:rustc-check-cfg=cfg(llvm_component,values("xtensa"))
  cargo:rustc-check-cfg=cfg(llvm_component,values("bpf"))
  cargo:rerun-if-env-changed=RUST_CHECK
  cargo:rerun-if-env-changed=REAL_LIBRARY_PATH_VAR
  cargo:rerun-if-env-changed=REAL_LIBRARY_PATH
  cargo:rerun-if-env-changed=LLVM_CONFIG
  cargo:rerun-if-changed=/nix/store/v9cr3iv7wnrkjy1s3z1fi7wpkl7sy4hx-llvm-21.1.2-dev/bin/llvm-config
  cargo:rustc-cfg=llvm_component="aarch64"
  cargo:rustc-cfg=llvm_component="amdgpu"
  cargo:rustc-cfg=llvm_component="arm"
  cargo:rustc-cfg=llvm_component="asmparser"
  cargo:rustc-cfg=llvm_component="avr"
  cargo:rustc-cfg=llvm_component="bitreader"
  cargo:rustc-cfg=llvm_component="bitwriter"
  cargo:rustc-cfg=llvm_component="bpf"
  cargo:rustc-cfg=llvm_component="coverage"
  cargo:rustc-cfg=llvm_component="hexagon"
  cargo:rustc-cfg=llvm_component="instrumentation"
  cargo:rustc-cfg=llvm_component="ipo"
  cargo:rustc-cfg=llvm_component="linker"
  cargo:rustc-cfg=llvm_component="loongarch"
  cargo:rustc-cfg=llvm_component="lto"
  cargo:rustc-cfg=llvm_component="mips"
  cargo:rustc-cfg=llvm_component="msp430"
  cargo:rustc-cfg=llvm_component="nvptx"
  cargo:rustc-cfg=llvm_component="powerpc"
  cargo:rustc-cfg=llvm_component="riscv"
  cargo:rustc-cfg=llvm_component="sparc"
  cargo:rustc-cfg=llvm_component="systemz"
  cargo:rustc-cfg=llvm_component="webassembly"
  cargo:rustc-cfg=llvm_component="x86"
  cargo:rerun-if-env-changed=LLVM_ENZYME
  cargo:rerun-if-env-changed=LLVM_RUSTLLVM
  cargo:rerun-if-env-changed=LLVM_ASSERTIONS
  cargo:rerun-if-changed=llvm-wrapper/SymbolWrapper.cpp
  cargo:rerun-if-changed=llvm-wrapper/RustWrapper.cpp
  cargo:rerun-if-changed=llvm-wrapper/CoverageMappingWrapper.cpp
  cargo:rerun-if-changed=llvm-wrapper/LLVMWrapper.h
  cargo:rerun-if-changed=llvm-wrapper/.editorconfig
  cargo:rerun-if-changed=llvm-wrapper/Linker.cpp
  cargo:rerun-if-changed=llvm-wrapper/README
  cargo:rerun-if-changed=llvm-wrapper/SuppressLLVMWarnings.h
  cargo:rerun-if-changed=llvm-wrapper/PassWrapper.cpp
  OUT_DIR = Some(/mnt/data1/nix/vendor/rust/cargo2nix/submodules/rust-build/build/x86_64-unknown-linux-gnu/stage1-rustc/x86_64-unknown-linux-gnu/release/build/rustc_llvm-6a55ee0304373f6b/out)
  OPT_LEVEL = Some(3)
  TARGET = Some(x86_64-unknown-linux-gnu)
  HOST = Some(x86_64-unknown-linux-gnu)
  cargo:rerun-if-env-changed=CXX_x86_64-unknown-linux-gnu
  CXX_x86_64-unknown-linux-gnu = None
  cargo:rerun-if-env-changed=CXX_x86_64_unknown_linux_gnu
  CXX_x86_64_unknown_linux_gnu = Some(g++)
  cargo:rerun-if-env-changed=CC_KNOWN_WRAPPER_CUSTOM
  CC_KNOWN_WRAPPER_CUSTOM = None
  RUSTC_WRAPPER = Some(/mnt/data1/nix/vendor/rust/cargo2nix/submodules/rust-build/build/bootstrap/debug/rustc)
  cargo:rerun-if-env-changed=CC_ENABLE_DEBUG_OUTPUT
  cargo:rerun-if-env-changed=CRATE_CC_NO_DEFAULTS
  CRATE_CC_NO_DEFAULTS = None
  DEBUG = Some(true)
  CARGO_CFG_TARGET_FEATURE = Some(fxsr,sse,sse2,x87)
  cargo:rerun-if-env-changed=CXXFLAGS
  CXXFLAGS = Some(-O2 -g -isystem /nix/store/gi4cz4ir3zlwhf1azqfgxqdnczfrwsr7-glibc-2.40-66-dev/include)
  cargo:rerun-if-env-changed=CC_SHELL_ESCAPED_FLAGS
  CC_SHELL_ESCAPED_FLAGS = None
  cargo:rerun-if-env-changed=HOST_CXXFLAGS
  HOST_CXXFLAGS = None
  cargo:rerun-if-env-changed=CXXFLAGS_x86_64_unknown_linux_gnu
  CXXFLAGS_x86_64_unknown_linux_gnu = Some()
  cargo:rerun-if-env-changed=CXXFLAGS_x86_64-unknown-linux-gnu
  CXXFLAGS_x86_64-unknown-linux-gnu = None
  CARGO_ENCODED_RUSTFLAGS = Some(--cfg=bootstrap--cfg=windows_raw_dylib-Csymbol-mangling-version=v0-Zunstable-options--check-cfg=cfg(bootstrap)-Zmacro-backtrace-Csplit-debuginfo=off-Clink-args=-Wl,-z,origin-Clink-args=-Wl,-rpath,$ORIGIN/../lib-Alinker-messages-Zon-broken-pipe=kill)
  cargo:warning=In file included from /nix/store/kzq78n13l8w24jn8bx4djj79k5j717f1-gcc-14.3.0/include/c++/14.3.0/bits/stl_algo.h:71,
  cargo:warning=                 from /nix/store/kzq78n13l8w24jn8bx4djj79k5j717f1-gcc-14.3.0/include/c++/14.3.0/algorithm:61,
  cargo:warning=                 from /nix/store/v9cr3iv7wnrkjy1s3z1fi7wpkl7sy4hx-llvm-21.1.2-dev/include/llvm/ADT/SmallVector.h:19,
  cargo:warning=                 from /nix/store/v9cr3iv7wnrkjy1s3z1fi7wpkl7sy4hx-llvm-21.1.2-dev/include/llvm/Support/raw_ostream.h:16,
  cargo:warning=                 from llvm-wrapper/LLVMWrapper.h:7,
  cargo:warning=                 from llvm-wrapper/PassWrapper.cpp:1:
  cargo:warning=/nix/store/kzq78n13l8w24jn8bx4djj79k5j717f1-gcc-14.3.0/include/c++/14.3.0/cstdlib:79:15: fatal error: stdlib.h: No such file or directory
  cargo:warning=   79 | #include_next <stdlib.h>
  cargo:warning=      |               ^~~~~~~~~~
  cargo:warning=compilation terminated.

  --- stderr


  error occurred in cc-rs: command did not execute successfully (status code exit status: 1): LC_ALL="C" "g++" "-O3" "-ffunction-sections" "-fdata-sections" "-fPIC" "-gdwarf-4" "-fno-omit-frame-pointer" "-m64" "-I/nix/store/v9cr3iv7wnrkjy1s3z1fi7wpkl7sy4hx-llvm-21.1.2-dev/include" "-std=c++17" "-fno-exceptions" "-funwind-tables" "-D_GNU_SOURCE" "-DEXPERIMENTAL_KEY_INSTRUCTIONS" "-D__STDC_CONSTANT_MACROS" "-D__STDC_FORMAT_MACROS" "-D__STDC_LIMIT_MACROS" "-DLLVM_COMPONENT_AARCH64" "-DLLVM_COMPONENT_AMDGPU" "-DLLVM_COMPONENT_ARM" "-DLLVM_COMPONENT_ASMPARSER" "-DLLVM_COMPONENT_AVR" "-DLLVM_COMPONENT_BITREADER" "-DLLVM_COMPONENT_BITWRITER" "-DLLVM_COMPONENT_BPF" "-DLLVM_COMPONENT_COVERAGE" "-DLLVM_COMPONENT_HEXAGON" "-DLLVM_COMPONENT_INSTRUMENTATION" "-DLLVM_COMPONENT_IPO" "-DLLVM_COMPONENT_LINKER" "-DLLVM_COMPONENT_LOONGARCH" "-DLLVM_COMPONENT_LTO" "-DLLVM_COMPONENT_MIPS" "-DLLVM_COMPONENT_MSP430" "-DLLVM_COMPONENT_NVPTX" "-DLLVM_COMPONENT_POWERPC" "-DLLVM_COMPONENT_RISCV" "-DLLVM_COMPONENT_SPARC" "-DLLVM_COMPONENT_SYSTEMZ" "-DLLVM_COMPONENT_WEBASSEMBLY" "-DLLVM_COMPONENT_X86" "-DNDEBUG" "-O2" "-g" "-isystem" "/nix/store/gi4cz4ir3zlwhf1azqfgxqdnczfrwsr7-glibc-2.40-66-dev/include" "-o" "/mnt/data1/nix/vendor/rust/cargo2nix/submodules/rust-build/build/x86_64-unknown-linux-gnu/stage1-rustc/x86_64-unknown-linux-gnu/release/build/rustc_llvm-6a55ee0304373f6b/out/ef10e86dc40538c1-PassWrapper.o" "-c" "llvm-wrapper/PassWrapper.cpp"


warning: build failed, waiting for other jobs to finish...
command did not execute successfully: cd "/mnt/data1/nix/vendor/rust/cargo2nix/submodules/rust-build" && env -u MAKEFLAGS -u MFLAGS AR_x86_64_unknown_linux_gnu="ar" CARGO_BUILD_BUILD_DIR="/mnt/data1/nix/vendor/rust/cargo2nix/submodules/rust-build/build/x86_64-unknown-linux-gnu/stage1-rustc" CARGO_INCREMENTAL="0" CARGO_PROFILE_RELEASE_DEBUG="1" CARGO_PROFILE_RELEASE_DEBUG_ASSERTIONS="true" CARGO_PROFILE_RELEASE_OVERFLOW_CHECKS="true" CARGO_PROFILE_RELEASE_STRIP="false" CARGO_TARGET_DIR="/mnt/data1/nix/vendor/rust/cargo2nix/submodules/rust-build/build/x86_64-unknown-linux-gnu/stage1-rustc" CC_x86_64_unknown_linux_gnu="gcc" CFG_COMPILER_BUILD_TRIPLE="x86_64-unknown-linux-gnu" CFG_COMPILER_HOST_TRIPLE="x86_64-unknown-linux-gnu" CFG_DEFAULT_CODEGEN_BACKEND="llvm" CFG_LIBDIR_RELATIVE="lib" CFG_OMIT_GIT_HASH="1" CFG_RELEASE="1.92.0-dev" CFG_RELEASE_CHANNEL="dev" CFG_VERSION="1.92.0-dev" CFLAGS_x86_64_unknown_linux_gnu="" CXXFLAGS_x86_64_unknown_linux_gnu="" CXX_x86_64_unknown_linux_gnu="g++" LIBC_CHECK_CFG="1" LLVM_CONFIG="/nix/store/v9cr3iv7wnrkjy1s3z1fi7wpkl7sy4hx-llvm-21.1.2-dev/bin/llvm-config" LLVM_LINK_SHARED="1" RANLIB_x86_64_unknown_linux_gnu="ar s" REAL_LIBRARY_PATH_VAR="LD_LIBRARY_PATH" RUSTBUILD_NATIVE_DIR="/mnt/data1/nix/vendor/rust/cargo2nix/submodules/rust-build/build/x86_64-unknown-linux-gnu/native" RUSTC="/mnt/data1/nix/vendor/rust/cargo2nix/submodules/rust-build/build/bootstrap/debug/rustc" RUSTC_BOOTSTRAP="1" RUSTC_BREAK_ON_ICE="1" RUSTC_ERROR_METADATA_DST="/mnt/data1/nix/vendor/rust/cargo2nix/submodules/rust-build/build/tmp/extended-error-metadata" RUSTC_FORCE_UNSTABLE="1" RUSTC_HOST_FLAGS="--check-cfg=cfg(bootstrap) --cfg=bootstrap" RUSTC_INSTALL_BINDIR="bin" RUSTC_LIBDIR="/mnt/data1/nix/vendor/rust/cargo2nix/submodules/rust-build/build/x86_64-unknown-linux-gnu/stage0/lib" RUSTC_LINK_STD_INTO_RUSTC_DRIVER="1" RUSTC_LINT_FLAGS="-Wrust_2018_idioms -Wunused_lifetimes -Dwarnings -Wrustc::internal -Drustc::symbol_intern_string_literal -Wkeyword_idents_2024 -Wunreachable_pub -Wunsafe_op_in_unsafe_fn -Wunused_crate_dependencies" RUSTC_REAL="/mnt/data1/nix/vendor/rust/cargo2nix/submodules/rust-build/build/x86_64-unknown-linux-gnu/stage0/bin/rustc" RUSTC_SNAPSHOT="/mnt/data1/nix/vendor/rust/cargo2nix/submodules/rust-build/build/x86_64-unknown-linux-gnu/stage0/bin/rustc" RUSTC_SNAPSHOT_LIBDIR="/mnt/data1/nix/vendor/rust/cargo2nix/submodules/rust-build/build/x86_64-unknown-linux-gnu/stage0/lib" RUSTC_STAGE="0" RUSTC_SYSROOT="/mnt/data1/nix/vendor/rust/cargo2nix/submodules/rust-build/build/x86_64-unknown-linux-gnu/stage0-sysroot" RUSTC_TLS_MODEL_INITIAL_EXEC="1" RUSTC_VERBOSE="1" RUSTC_WRAPPER="/mnt/data1/nix/vendor/rust/cargo2nix/submodules/rust-build/build/bootstrap/debug/rustc" RUSTDOC="/mnt/data1/nix/vendor/rust/cargo2nix/submodules/rust-build/build/bootstrap/debug/rustdoc" RUSTDOCFLAGS="--cfg=bootstrap --cfg=windows_raw_dylib -Csymbol-mangling-version=v0 -Zunstable-options --check-cfg=cfg(bootstrap) -Dwarnings -Wrustdoc::invalid_codeblock_attributes --crate-version 1.92.0-dev -Zcrate-attr=warn(rust_2018_idioms)" RUSTDOC_LIBDIR="/mnt/data1/nix/vendor/rust/cargo2nix/submodules/rust-build/build/x86_64-unknown-linux-gnu/stage0/lib" RUSTDOC_REAL="/path/to/nowhere/rustdoc/not/required" RUSTFLAGS="--cfg=bootstrap --cfg=windows_raw_dylib -Csymbol-mangling-version=v0 -Zunstable-options --check-cfg=cfg(bootstrap) -Zmacro-backtrace -Csplit-debuginfo=off -Clink-args=-Wl,-z,origin -Clink-args=-Wl,-rpath,$ORIGIN/../lib -Alinker-messages -Zon-broken-pipe=kill" RUST_TEST_THREADS="24" WINAPI_NO_BUNDLED_LIBRARIES="1" __CARGO_DEFAULT_LIB_METADATA="bootstrap1.92.0" "/mnt/data1/nix/vendor/rust/cargo2nix/submodules/rust-build/build/x86_64-unknown-linux-gnu/stage0/bin/cargo" "build" "--target" "x86_64-unknown-linux-gnu" "-Zbinary-dep-depinfo" "-j" "24" "-Zroot-dir=/mnt/data1/nix/vendor/rust/cargo2nix/submodules/rust-build" "--release" "--features" "llvm" "--manifest-path" "/mnt/data1/nix/vendor/rust/cargo2nix/submodules/rust-build/compiler/rustc/Cargo.toml" "--message-format" "json-render-diagnostics" (failure_mode=Exit)
expected success, got: exit status: 101
Traceback (most recent call last):
  File "/mnt/data1/nix/vendor/rust/cargo2nix/submodules/rust-build/./x.py", line 53, in <module>
    bootstrap.main()
  File "/mnt/data1/nix/vendor/rust/cargo2nix/submodules/rust-build/src/bootstrap/bootstrap.py", line 1410, in main
    bootstrap(args)
  File "/mnt/data1/nix/vendor/rust/cargo2nix/submodules/rust-build/src/bootstrap/bootstrap.py", line 1370, in bootstrap
    run(args, env=env, verbose=build.verbose, is_bootstrap=True)
  File "/mnt/data1/nix/vendor/rust/cargo2nix/submodules/rust-build/src/bootstrap/bootstrap.py", line 237, in run
    raise RuntimeError(err)
RuntimeError: failed to run: /mnt/data1/nix/vendor/rust/cargo2nix/submodules/rust-build/build/bootstrap/debug/bootstrap build --verbose
