evaluating derivation 'git+file:///data/data/com.termux.nix/files/home/pick-up-nix2/vendor/rust/platform-tools-agave-rust-solana/vendor/rust-src#packages.aarch64-linux.default'...
warning: Git tree '/data/data/com.termux.nix/files/home/pick-up-nix2/vendor/rust/platform-tools-agave-rust-solana/vendor/rust-src' is dirty
acquiring write lock on '/nix/var/nix/temproots/12908'
locking path '/nix/store/kb2ny97bbsa279ncfb4zcpq0avs1lnvz-source'
lock acquired on '/nix/store/kb2ny97bbsa279ncfb4zcpq0avs1lnvz-source.lock'
lock released on '/nix/store/kb2ny97bbsa279ncfb4zcpq0avs1lnvz-source.lock'
got tree '/nix/store/kb2ny97bbsa279ncfb4zcpq0avs1lnvz-source' from 'git+file:///data/data/com.termux.nix/files/home/pick-up-nix2/vendor/rust/platform-tools-agave-rust-solana/vendor/rust-src'
checking access to '/nix/store/kb2ny97bbsa279ncfb4zcpq0avs1lnvz-source/flake.nix'
evaluating file '/nix/store/kb2ny97bbsa279ncfb4zcpq0avs1lnvz-source/flake.nix'
old lock file: {
  "nodes": {
    "flake-utils": {
      "inputs": {
        "systems": "systems"
      },
      "locked": {
        "lastModified": 1731533236,
        "narHash": "sha256-l0KFg5HjrsfsO/JpG+r7fRrqm12kzFHyUHqHCVpMMbI=",
        "owner": "meta-introspector",
        "repo": "flake-utils",
        "rev": "11707dc2f618dd54ca8739b309ec4fc024de578b",
        "type": "github"
      },
      "original": {
        "owner": "meta-introspector",
        "ref": "feature/CRQ-016-nixify",
        "repo": "flake-utils",
        "type": "github"
      }
    },
    "nixpkgs": {
      "locked": {
        "lastModified": 1757898380,
        "narHash": "sha256-1Z0KAfbySsHu/IoZbBJLrPgs3IqQGup0T8J9S1ffAkE=",
        "owner": "meta-introspector",
        "repo": "nixpkgs",
        "rev": "26833ad1dad83826ef7cc52e0009ca9b7097c79f",
        "type": "github"
      },
      "original": {
        "owner": "meta-introspector",
        "ref": "feature/CRQ-016-nixify",
        "repo": "nixpkgs",
        "type": "github"
      }
    },
    "nixpkgs_2": {
      "locked": {
        "lastModified": 1744536153,
        "narHash": "sha256-awS2zRgF4uTwrOKwwiJcByDzDOdo3Q1rPZbiHQg/N38=",
        "owner": "NixOS",
        "repo": "nixpkgs",
        "rev": "18dd725c29603f582cf1900e0d25f9f1063dbf11",
        "type": "github"
      },
      "original": {
        "owner": "NixOS",
        "ref": "nixpkgs-unstable",
        "repo": "nixpkgs",
        "type": "github"
      }
    },
    "root": {
      "inputs": {
        "flake-utils": "flake-utils",
        "nixpkgs": "nixpkgs",
        "rust-overlay": "rust-overlay"
      }
    },
    "rust-overlay": {
      "inputs": {
        "nixpkgs": "nixpkgs_2"
      },
      "locked": {
        "lastModified": 1760582142,
        "narHash": "sha256-RSLRjAoS75szOc9fFzRi9/jzPbYsiqPISSLZTloaKtM=",
        "owner": "meta-introspector",
        "repo": "rust-overlay",
        "rev": "9ea094253b9389ba7dd4f18637f66b5824276d1d",
        "type": "github"
      },
      "original": {
        "owner": "meta-introspector",
        "ref": "feature/CRQ-016-nixify",
        "repo": "rust-overlay",
        "type": "github"
      }
    },
    "systems": {
      "locked": {
        "lastModified": 1681028828,
        "narHash": "sha256-Vy1rq5AaRuLzOxct8nz4T6wlgyUR7zLU309k9mBC768=",
        "owner": "nix-systems",
        "repo": "default",
        "rev": "da67096a3b9bf56a91d16901293e51ba5b49a27e",
        "type": "github"
      },
      "original": {
        "owner": "nix-systems",
        "repo": "default",
        "type": "github"
      }
    }
  },
  "root": "root",
  "version": 7
}
computing lock file node ''
computing input 'flake-utils'
keeping existing input 'flake-utils'
computing lock file node 'flake-utils'
computing input 'flake-utils/systems'
keeping existing input 'flake-utils/systems'
computing lock file node 'flake-utils/systems'
computing input 'nixpkgs'
keeping existing input 'nixpkgs'
computing lock file node 'nixpkgs'
computing input 'rust-overlay'
keeping existing input 'rust-overlay'
computing lock file node 'rust-overlay'
computing input 'rust-overlay/nixpkgs'
keeping existing input 'rust-overlay/nixpkgs'
computing lock file node 'rust-overlay/nixpkgs'
new lock file: {
  "nodes": {
    "flake-utils": {
      "inputs": {
        "systems": "systems"
      },
      "locked": {
        "lastModified": 1731533236,
        "narHash": "sha256-l0KFg5HjrsfsO/JpG+r7fRrqm12kzFHyUHqHCVpMMbI=",
        "owner": "meta-introspector",
        "repo": "flake-utils",
        "rev": "11707dc2f618dd54ca8739b309ec4fc024de578b",
        "type": "github"
      },
      "original": {
        "owner": "meta-introspector",
        "ref": "feature/CRQ-016-nixify",
        "repo": "flake-utils",
        "type": "github"
      }
    },
    "nixpkgs": {
      "locked": {
        "lastModified": 1757898380,
        "narHash": "sha256-1Z0KAfbySsHu/IoZbBJLrPgs3IqQGup0T8J9S1ffAkE=",
        "owner": "meta-introspector",
        "repo": "nixpkgs",
        "rev": "26833ad1dad83826ef7cc52e0009ca9b7097c79f",
        "type": "github"
      },
      "original": {
        "owner": "meta-introspector",
        "ref": "feature/CRQ-016-nixify",
        "repo": "nixpkgs",
        "type": "github"
      }
    },
    "nixpkgs_2": {
      "locked": {
        "lastModified": 1744536153,
        "narHash": "sha256-awS2zRgF4uTwrOKwwiJcByDzDOdo3Q1rPZbiHQg/N38=",
        "owner": "NixOS",
        "repo": "nixpkgs",
        "rev": "18dd725c29603f582cf1900e0d25f9f1063dbf11",
        "type": "github"
      },
      "original": {
        "owner": "NixOS",
        "ref": "nixpkgs-unstable",
        "repo": "nixpkgs",
        "type": "github"
      }
    },
    "root": {
      "inputs": {
        "flake-utils": "flake-utils",
        "nixpkgs": "nixpkgs",
        "rust-overlay": "rust-overlay"
      }
    },
    "rust-overlay": {
      "inputs": {
        "nixpkgs": "nixpkgs_2"
      },
      "locked": {
        "lastModified": 1760582142,
        "narHash": "sha256-RSLRjAoS75szOc9fFzRi9/jzPbYsiqPISSLZTloaKtM=",
        "owner": "meta-introspector",
        "repo": "rust-overlay",
        "rev": "9ea094253b9389ba7dd4f18637f66b5824276d1d",
        "type": "github"
      },
      "original": {
        "owner": "meta-introspector",
        "ref": "feature/CRQ-016-nixify",
        "repo": "rust-overlay",
        "type": "github"
      }
    },
    "systems": {
      "locked": {
        "lastModified": 1681028828,
        "narHash": "sha256-Vy1rq5AaRuLzOxct8nz4T6wlgyUR7zLU309k9mBC768=",
        "owner": "nix-systems",
        "repo": "default",
        "rev": "da67096a3b9bf56a91d16901293e51ba5b49a27e",
        "type": "github"
      },
      "original": {
        "owner": "nix-systems",
        "repo": "default",
        "type": "github"
      }
    }
  },
  "root": "root",
  "version": 7
}
trying flake output attribute 'packages.aarch64-linux.default'
evaluating uncached attribute ''
getting root value
using substituted/cached input 'github:meta-introspector/flake-utils/11707dc2f618dd54ca8739b309ec4fc024de578b' in '/nix/store/01x5k4nlxcpyd85nnr0b9gm89rm8ff4x-source'
checking access to '/nix/store/01x5k4nlxcpyd85nnr0b9gm89rm8ff4x-source/flake.nix'
evaluating file '/nix/store/01x5k4nlxcpyd85nnr0b9gm89rm8ff4x-source/flake.nix'
checking access to '/nix/store/01x5k4nlxcpyd85nnr0b9gm89rm8ff4x-source/lib.nix'
evaluating file '/nix/store/01x5k4nlxcpyd85nnr0b9gm89rm8ff4x-source/lib.nix'
evaluating uncached attribute 'packages'
evaluating uncached attribute 'packages.aarch64-linux'
trying flake output attribute 'defaultPackage.aarch64-linux'
evaluating uncached attribute ''
evaluating uncached attribute ''
evaluating uncached attribute 'packages.aarch64-linux.default'
using substituted/cached input 'github:meta-introspector/nixpkgs/26833ad1dad83826ef7cc52e0009ca9b7097c79f' in '/nix/store/j3sna6r5nrrqj5b3pslyc520cycfa43m-source'
checking access to '/nix/store/j3sna6r5nrrqj5b3pslyc520cycfa43m-source/flake.nix'
evaluating file '/nix/store/j3sna6r5nrrqj5b3pslyc520cycfa43m-source/flake.nix'
checking access to '/nix/store/j3sna6r5nrrqj5b3pslyc520cycfa43m-source'
evaluating file '/nix/store/j3sna6r5nrrqj5b3pslyc520cycfa43m-source/default.nix'
checking access to '/nix/store/j3sna6r5nrrqj5b3pslyc520cycfa43m-source/default.nix'
checking access to '/nix/store/j3sna6r5nrrqj5b3pslyc520cycfa43m-source/lib/minfeatures.nix'
evaluating file '/nix/store/j3sna6r5nrrqj5b3pslyc520cycfa43m-source/lib/minfeatures.nix'
checking access to '/nix/store/j3sna6r5nrrqj5b3pslyc520cycfa43m-source/pkgs/top-level/impure.nix'
evaluating file '/nix/store/j3sna6r5nrrqj5b3pslyc520cycfa43m-source/pkgs/top-level/impure.nix'
checking access to '/nix/store/j3sna6r5nrrqj5b3pslyc520cycfa43m-source/pkgs/top-level'
evaluating file '/nix/store/j3sna6r5nrrqj5b3pslyc520cycfa43m-source/pkgs/top-level/default.nix'
checking access to '/nix/store/j3sna6r5nrrqj5b3pslyc520cycfa43m-source/pkgs/top-level/default.nix'
checking access to '/nix/store/j3sna6r5nrrqj5b3pslyc520cycfa43m-source/lib'
evaluating file '/nix/store/j3sna6r5nrrqj5b3pslyc520cycfa43m-source/lib/default.nix'
checking access to '/nix/store/j3sna6r5nrrqj5b3pslyc520cycfa43m-source/lib/default.nix'
checking access to '/nix/store/j3sna6r5nrrqj5b3pslyc520cycfa43m-source/lib/trivial.nix'
evaluating file '/nix/store/j3sna6r5nrrqj5b3pslyc520cycfa43m-source/lib/trivial.nix'
checking access to '/nix/store/j3sna6r5nrrqj5b3pslyc520cycfa43m-source/lib/lists.nix'
evaluating file '/nix/store/j3sna6r5nrrqj5b3pslyc520cycfa43m-source/lib/lists.nix'
using substituted/cached input 'github:meta-introspector/rust-overlay/9ea094253b9389ba7dd4f18637f66b5824276d1d' in '/nix/store/k97pydndfzcrs07463sa1fzsjl6mws5x-source'
checking access to '/nix/store/k97pydndfzcrs07463sa1fzsjl6mws5x-source/flake.nix'
evaluating file '/nix/store/k97pydndfzcrs07463sa1fzsjl6mws5x-source/flake.nix'
checking access to '/nix/store/k97pydndfzcrs07463sa1fzsjl6mws5x-source'
evaluating file '/nix/store/k97pydndfzcrs07463sa1fzsjl6mws5x-source/default.nix'
checking access to '/nix/store/k97pydndfzcrs07463sa1fzsjl6mws5x-source/default.nix'
checking access to '/nix/store/j3sna6r5nrrqj5b3pslyc520cycfa43m-source/pkgs/stdenv/booter.nix'
evaluating file '/nix/store/j3sna6r5nrrqj5b3pslyc520cycfa43m-source/pkgs/stdenv/booter.nix'
checking access to '/nix/store/j3sna6r5nrrqj5b3pslyc520cycfa43m-source/pkgs/stdenv'
evaluating file '/nix/store/j3sna6r5nrrqj5b3pslyc520cycfa43m-source/pkgs/stdenv/default.nix'
checking access to '/nix/store/j3sna6r5nrrqj5b3pslyc520cycfa43m-source/pkgs/stdenv/default.nix'
checking access to '/nix/store/j3sna6r5nrrqj5b3pslyc520cycfa43m-source/lib/systems'
evaluating file '/nix/store/j3sna6r5nrrqj5b3pslyc520cycfa43m-source/lib/systems/default.nix'
checking access to '/nix/store/j3sna6r5nrrqj5b3pslyc520cycfa43m-source/lib/systems/default.nix'
checking access to '/nix/store/j3sna6r5nrrqj5b3pslyc520cycfa43m-source/lib/attrsets.nix'
evaluating file '/nix/store/j3sna6r5nrrqj5b3pslyc520cycfa43m-source/lib/attrsets.nix'
checking access to '/nix/store/j3sna6r5nrrqj5b3pslyc520cycfa43m-source/lib/systems/inspect.nix'
evaluating file '/nix/store/j3sna6r5nrrqj5b3pslyc520cycfa43m-source/lib/systems/inspect.nix'
checking access to '/nix/store/j3sna6r5nrrqj5b3pslyc520cycfa43m-source/lib/systems/architectures.nix'
evaluating file '/nix/store/j3sna6r5nrrqj5b3pslyc520cycfa43m-source/lib/systems/architectures.nix'
checking access to '/nix/store/j3sna6r5nrrqj5b3pslyc520cycfa43m-source/lib/systems/parse.nix'
evaluating file '/nix/store/j3sna6r5nrrqj5b3pslyc520cycfa43m-source/lib/systems/parse.nix'
checking access to '/nix/store/j3sna6r5nrrqj5b3pslyc520cycfa43m-source/lib/strings.nix'
evaluating file '/nix/store/j3sna6r5nrrqj5b3pslyc520cycfa43m-source/lib/strings.nix'
checking access to '/nix/store/j3sna6r5nrrqj5b3pslyc520cycfa43m-source/lib/types.nix'
evaluating file '/nix/store/j3sna6r5nrrqj5b3pslyc520cycfa43m-source/lib/types.nix'
checking access to '/nix/store/j3sna6r5nrrqj5b3pslyc520cycfa43m-source/lib/systems/platforms.nix'
evaluating file '/nix/store/j3sna6r5nrrqj5b3pslyc520cycfa43m-source/lib/systems/platforms.nix'
checking access to '/nix/store/j3sna6r5nrrqj5b3pslyc520cycfa43m-source/lib/modules.nix'
evaluating file '/nix/store/j3sna6r5nrrqj5b3pslyc520cycfa43m-source/lib/modules.nix'
checking access to '/nix/store/j3sna6r5nrrqj5b3pslyc520cycfa43m-source/pkgs/top-level/config.nix'
evaluating file '/nix/store/j3sna6r5nrrqj5b3pslyc520cycfa43m-source/pkgs/top-level/config.nix'
checking access to '/nix/store/j3sna6r5nrrqj5b3pslyc520cycfa43m-source/lib/options.nix'
evaluating file '/nix/store/j3sna6r5nrrqj5b3pslyc520cycfa43m-source/lib/options.nix'
checking access to '/nix/store/j3sna6r5nrrqj5b3pslyc520cycfa43m-source/pkgs/stdenv/linux'
evaluating file '/nix/store/j3sna6r5nrrqj5b3pslyc520cycfa43m-source/pkgs/stdenv/linux/default.nix'
checking access to '/nix/store/j3sna6r5nrrqj5b3pslyc520cycfa43m-source/pkgs/stdenv/linux/default.nix'
checking access to '/nix/store/j3sna6r5nrrqj5b3pslyc520cycfa43m-source/pkgs/stdenv/linux/bootstrap-tools'
evaluating file '/nix/store/j3sna6r5nrrqj5b3pslyc520cycfa43m-source/pkgs/stdenv/linux/bootstrap-tools/default.nix'
checking access to '/nix/store/j3sna6r5nrrqj5b3pslyc520cycfa43m-source/pkgs/stdenv/linux/bootstrap-tools/default.nix'
checking access to '/nix/store/j3sna6r5nrrqj5b3pslyc520cycfa43m-source/pkgs/stdenv/linux/bootstrap-tools/glibc.nix'
evaluating file '/nix/store/j3sna6r5nrrqj5b3pslyc520cycfa43m-source/pkgs/stdenv/linux/bootstrap-tools/glibc.nix'
checking access to '/nix/store/j3sna6r5nrrqj5b3pslyc520cycfa43m-source/pkgs/top-level/stage.nix'
evaluating file '/nix/store/j3sna6r5nrrqj5b3pslyc520cycfa43m-source/pkgs/top-level/stage.nix'
checking access to '/nix/store/j3sna6r5nrrqj5b3pslyc520cycfa43m-source/lib/fixed-points.nix'
evaluating file '/nix/store/j3sna6r5nrrqj5b3pslyc520cycfa43m-source/lib/fixed-points.nix'
checking access to '/nix/store/j3sna6r5nrrqj5b3pslyc520cycfa43m-source/pkgs/stdenv/adapters.nix'
evaluating file '/nix/store/j3sna6r5nrrqj5b3pslyc520cycfa43m-source/pkgs/stdenv/adapters.nix'
checking access to '/nix/store/j3sna6r5nrrqj5b3pslyc520cycfa43m-source/pkgs/build-support/trivial-builders'
evaluating file '/nix/store/j3sna6r5nrrqj5b3pslyc520cycfa43m-source/pkgs/build-support/trivial-builders/default.nix'
checking access to '/nix/store/j3sna6r5nrrqj5b3pslyc520cycfa43m-source/pkgs/build-support/trivial-builders/default.nix'
checking access to '/nix/store/j3sna6r5nrrqj5b3pslyc520cycfa43m-source/pkgs/top-level/splice.nix'
evaluating file '/nix/store/j3sna6r5nrrqj5b3pslyc520cycfa43m-source/pkgs/top-level/splice.nix'
checking access to '/nix/store/j3sna6r5nrrqj5b3pslyc520cycfa43m-source/pkgs/top-level/by-name-overlay.nix'
evaluating file '/nix/store/j3sna6r5nrrqj5b3pslyc520cycfa43m-source/pkgs/top-level/by-name-overlay.nix'
checking access to '/nix/store/j3sna6r5nrrqj5b3pslyc520cycfa43m-source/pkgs/by-name'
checking access to '/nix/store/j3sna6r5nrrqj5b3pslyc520cycfa43m-source/pkgs/by-name/_0'
checking access to '/nix/store/j3sna6r5nrrqj5b3pslyc520cycfa43m-source/pkgs/by-name/_1'
checking access to '/nix/store/j3sna6r5nrrqj5b3pslyc520cycfa43m-source/pkgs/by-name/_2'
checking access to '/nix/store/j3sna6r5nrrqj5b3pslyc520cycfa43m-source/pkgs/by-name/_3'
checking access to '/nix/store/j3sna6r5nrrqj5b3pslyc520cycfa43m-source/pkgs/by-name/_4'
checking access to '/nix/store/j3sna6r5nrrqj5b3pslyc520cycfa43m-source/pkgs/by-name/_6'
checking access to '/nix/store/j3sna6r5nrrqj5b3pslyc520cycfa43m-source/pkgs/by-name/_7'
checking access to '/nix/store/j3sna6r5nrrqj5b3pslyc520cycfa43m-source/pkgs/by-name/_8'
checking access to '/nix/store/j3sna6r5nrrqj5b3pslyc520cycfa43m-source/pkgs/by-name/_9'
checking access to '/nix/store/j3sna6r5nrrqj5b3pslyc520cycfa43m-source/pkgs/by-name/a-'
checking access to '/nix/store/j3sna6r5nrrqj5b3pslyc520cycfa43m-source/pkgs/by-name/a2'
checking access to '/nix/store/j3sna6r5nrrqj5b3pslyc520cycfa43m-source/pkgs/by-name/a4'
checking access to '/nix/store/j3sna6r5nrrqj5b3pslyc520cycfa43m-source/pkgs/by-name/a5'
checking access to '/nix/store/j3sna6r5nrrqj5b3pslyc520cycfa43m-source/pkgs/by-name/aa'
checking access to '/nix/store/j3sna6r5nrrqj5b3pslyc520cycfa43m-source/pkgs/by-name/ab'
checking access to '/nix/store/j3sna6r5nrrqj5b3pslyc520cycfa43m-source/pkgs/by-name/ac'
checking access to '/nix/store/j3sna6r5nrrqj5b3pslyc520cycfa43m-source/pkgs/by-name/ad'
checking access to '/nix/store/j3sna6r5nrrqj5b3pslyc520cycfa43m-source/pkgs/by-name/ae'
checking access to '/nix/store/j3sna6r5nrrqj5b3pslyc520cycfa43m-source/pkgs/by-name/af'
checking access to '/nix/store/j3sna6r5nrrqj5b3pslyc520cycfa43m-source/pkgs/by-name/ag'
checking access to '/nix/store/j3sna6r5nrrqj5b3pslyc520cycfa43m-source/pkgs/by-name/ah'
checking access to '/nix/store/j3sna6r5nrrqj5b3pslyc520cycfa43m-source/pkgs/by-name/ai'
checking access to '/nix/store/j3sna6r5nrrqj5b3pslyc520cycfa43m-source/pkgs/by-name/aj'
checking access to '/nix/store/j3sna6r5nrrqj5b3pslyc520cycfa43m-source/pkgs/by-name/ak'
checking access to '/nix/store/j3sna6r5nrrqj5b3pslyc520cycfa43m-source/pkgs/by-name/al'
checking access to '/nix/store/j3sna6r5nrrqj5b3pslyc520cycfa43m-source/pkgs/by-name/am'
checking access to '/nix/store/j3sna6r5nrrqj5b3pslyc520cycfa43m-source/pkgs/by-name/an'
checking access to '/nix/store/j3sna6r5nrrqj5b3pslyc520cycfa43m-source/pkgs/by-name/ao'
checking access to '/nix/store/j3sna6r5nrrqj5b3pslyc520cycfa43m-source/pkgs/by-name/ap'
checking access to '/nix/store/j3sna6r5nrrqj5b3pslyc520cycfa43m-source/pkgs/by-name/aq'
checking access to '/nix/store/j3sna6r5nrrqj5b3pslyc520cycfa43m-source/pkgs/by-name/ar'
checking access to '/nix/store/j3sna6r5nrrqj5b3pslyc520cycfa43m-source/pkgs/by-name/as'
checking access to '/nix/store/j3sna6r5nrrqj5b3pslyc520cycfa43m-source/pkgs/by-name/at'
checking access to '/nix/store/j3sna6r5nrrqj5b3pslyc520cycfa43m-source/pkgs/by-name/au'
checking access to '/nix/store/j3sna6r5nrrqj5b3pslyc520cycfa43m-source/pkgs/by-name/av'
checking access to '/nix/store/j3sna6r5nrrqj5b3pslyc520cycfa43m-source/pkgs/by-name/aw'
checking access to '/nix/store/j3sna6r5nrrqj5b3pslyc520cycfa43m-source/pkgs/by-name/ax'
checking access to '/nix/store/j3sna6r5nrrqj5b3pslyc520cycfa43m-source/pkgs/by-name/ay'
checking access to '/nix/store/j3sna6r5nrrqj5b3pslyc520cycfa43m-source/pkgs/by-name/az'
checking access to '/nix/store/j3sna6r5nrrqj5b3pslyc520cycfa43m-source/pkgs/by-name/b3'
checking access to '/nix/store/j3sna6r5nrrqj5b3pslyc520cycfa43m-source/pkgs/by-name/b4'
checking access to '/nix/store/j3sna6r5nrrqj5b3pslyc520cycfa43m-source/pkgs/by-name/b6'
checking access to '/nix/store/j3sna6r5nrrqj5b3pslyc520cycfa43m-source/pkgs/by-name/ba'
checking access to '/nix/store/j3sna6r5nrrqj5b3pslyc520cycfa43m-source/pkgs/by-name/bb'
checking access to '/nix/store/j3sna6r5nrrqj5b3pslyc520cycfa43m-source/pkgs/by-name/bc'
checking access to '/nix/store/j3sna6r5nrrqj5b3pslyc520cycfa43m-source/pkgs/by-name/bd'
checking access to '/nix/store/j3sna6r5nrrqj5b3pslyc520cycfa43m-source/pkgs/by-name/be'
checking access to '/nix/store/j3sna6r5nrrqj5b3pslyc520cycfa43m-source/pkgs/by-name/bf'
checking access to '/nix/store/j3sna6r5nrrqj5b3pslyc520cycfa43m-source/pkgs/by-name/bg'
checking access to '/nix/store/j3sna6r5nrrqj5b3pslyc520cycfa43m-source/pkgs/by-name/bi'
checking access to '/nix/store/j3sna6r5nrrqj5b3pslyc520cycfa43m-source/pkgs/by-name/bj'
checking access to '/nix/store/j3sna6r5nrrqj5b3pslyc520cycfa43m-source/pkgs/by-name/bk'
checking access to '/nix/store/j3sna6r5nrrqj5b3pslyc520cycfa43m-source/pkgs/by-name/bl'
checking access to '/nix/store/j3sna6r5nrrqj5b3pslyc520cycfa43m-source/pkgs/by-name/bm'
checking access to '/nix/store/j3sna6r5nrrqj5b3pslyc520cycfa43m-source/pkgs/by-name/bn'
checking access to '/nix/store/j3sna6r5nrrqj5b3pslyc520cycfa43m-source/pkgs/by-name/bo'
checking access to '/nix/store/j3sna6r5nrrqj5b3pslyc520cycfa43m-source/pkgs/by-name/bp'
checking access to '/nix/store/j3sna6r5nrrqj5b3pslyc520cycfa43m-source/pkgs/by-name/bq'
checking access to '/nix/store/j3sna6r5nrrqj5b3pslyc520cycfa43m-source/pkgs/by-name/br'
checking access to '/nix/store/j3sna6r5nrrqj5b3pslyc520cycfa43m-source/pkgs/by-name/bs'
checking access to '/nix/store/j3sna6r5nrrqj5b3pslyc520cycfa43m-source/pkgs/by-name/bt'
checking access to '/nix/store/j3sna6r5nrrqj5b3pslyc520cycfa43m-source/pkgs/by-name/bu'
checking access to '/nix/store/j3sna6r5nrrqj5b3pslyc520cycfa43m-source/pkgs/by-name/bv'
checking access to '/nix/store/j3sna6r5nrrqj5b3pslyc520cycfa43m-source/pkgs/by-name/bw'
checking access to '/nix/store/j3sna6r5nrrqj5b3pslyc520cycfa43m-source/pkgs/by-name/by'
checking access to '/nix/store/j3sna6r5nrrqj5b3pslyc520cycfa43m-source/pkgs/by-name/bz'
checking access to '/nix/store/j3sna6r5nrrqj5b3pslyc520cycfa43m-source/pkgs/by-name/c-'
checking access to '/nix/store/j3sna6r5nrrqj5b3pslyc520cycfa43m-source/pkgs/by-name/c2'
checking access to '/nix/store/j3sna6r5nrrqj5b3pslyc520cycfa43m-source/pkgs/by-name/c3'
checking access to '/nix/store/j3sna6r5nrrqj5b3pslyc520cycfa43m-source/pkgs/by-name/c6'
checking access to '/nix/store/j3sna6r5nrrqj5b3pslyc520cycfa43m-source/pkgs/by-name/ca'
checking access to '/nix/store/j3sna6r5nrrqj5b3pslyc520cycfa43m-source/pkgs/by-name/cb'
checking access to '/nix/store/j3sna6r5nrrqj5b3pslyc520cycfa43m-source/pkgs/by-name/cc'
checking access to '/nix/store/j3sna6r5nrrqj5b3pslyc520cycfa43m-source/pkgs/by-name/cd'
checking access to '/nix/store/j3sna6r5nrrqj5b3pslyc520cycfa43m-source/pkgs/by-name/ce'
checking access to '/nix/store/j3sna6r5nrrqj5b3pslyc520cycfa43m-source/pkgs/by-name/cf'
checking access to '/nix/store/j3sna6r5nrrqj5b3pslyc520cycfa43m-source/pkgs/by-name/cg'
checking access to '/nix/store/j3sna6r5nrrqj5b3pslyc520cycfa43m-source/pkgs/by-name/ch'
checking access to '/nix/store/j3sna6r5nrrqj5b3pslyc520cycfa43m-source/pkgs/by-name/ci'
checking access to '/nix/store/j3sna6r5nrrqj5b3pslyc520cycfa43m-source/pkgs/by-name/cj'
checking access to '/nix/store/j3sna6r5nrrqj5b3pslyc520cycfa43m-source/pkgs/by-name/ck'
checking access to '/nix/store/j3sna6r5nrrqj5b3pslyc520cycfa43m-source/pkgs/by-name/cl'
checking access to '/nix/store/j3sna6r5nrrqj5b3pslyc520cycfa43m-source/pkgs/by-name/cm'
checking access to '/nix/store/j3sna6r5nrrqj5b3pslyc520cycfa43m-source/pkgs/by-name/cn'
checking access to '/nix/store/j3sna6r5nrrqj5b3pslyc520cycfa43m-source/pkgs/by-name/co'
checking access to '/nix/store/j3sna6r5nrrqj5b3pslyc520cycfa43m-source/pkgs/by-name/cp'
checking access to '/nix/store/j3sna6r5nrrqj5b3pslyc520cycfa43m-source/pkgs/by-name/cq'
checking access to '/nix/store/j3sna6r5nrrqj5b3pslyc520cycfa43m-source/pkgs/by-name/cr'
checking access to '/nix/store/j3sna6r5nrrqj5b3pslyc520cycfa43m-source/pkgs/by-name/cs'
checking access to '/nix/store/j3sna6r5nrrqj5b3pslyc520cycfa43m-source/pkgs/by-name/ct'
checking access to '/nix/store/j3sna6r5nrrqj5b3pslyc520cycfa43m-source/pkgs/by-name/cu'
checking access to '/nix/store/j3sna6r5nrrqj5b3pslyc520cycfa43m-source/pkgs/by-name/cv'
checking access to '/nix/store/j3sna6r5nrrqj5b3pslyc520cycfa43m-source/pkgs/by-name/cw'
checking access to '/nix/store/j3sna6r5nrrqj5b3pslyc520cycfa43m-source/pkgs/by-name/cx'
checking access to '/nix/store/j3sna6r5nrrqj5b3pslyc520cycfa43m-source/pkgs/by-name/cy'
checking access to '/nix/store/j3sna6r5nrrqj5b3pslyc520cycfa43m-source/pkgs/by-name/cz'
checking access to '/nix/store/j3sna6r5nrrqj5b3pslyc520cycfa43m-source/pkgs/by-name/d-'
checking access to '/nix/store/j3sna6r5nrrqj5b3pslyc520cycfa43m-source/pkgs/by-name/d2'
checking access to '/nix/store/j3sna6r5nrrqj5b3pslyc520cycfa43m-source/pkgs/by-name/da'
checking access to '/nix/store/j3sna6r5nrrqj5b3pslyc520cycfa43m-source/pkgs/by-name/db'
checking access to '/nix/store/j3sna6r5nrrqj5b3pslyc520cycfa43m-source/pkgs/by-name/dc'
checking access to '/nix/store/j3sna6r5nrrqj5b3pslyc520cycfa43m-source/pkgs/by-name/dd'
checking access to '/nix/store/j3sna6r5nrrqj5b3pslyc520cycfa43m-source/pkgs/by-name/de'
checking access to '/nix/store/j3sna6r5nrrqj5b3pslyc520cycfa43m-source/pkgs/by-name/df'
checking access to '/nix/store/j3sna6r5nrrqj5b3pslyc520cycfa43m-source/pkgs/by-name/dg'
checking access to '/nix/store/j3sna6r5nrrqj5b3pslyc520cycfa43m-source/pkgs/by-name/dh'
checking access to '/nix/store/j3sna6r5nrrqj5b3pslyc520cycfa43m-source/pkgs/by-name/di'
checking access to '/nix/store/j3sna6r5nrrqj5b3pslyc520cycfa43m-source/pkgs/by-name/dj'
checking access to '/nix/store/j3sna6r5nrrqj5b3pslyc520cycfa43m-source/pkgs/by-name/dk'
checking access to '/nix/store/j3sna6r5nrrqj5b3pslyc520cycfa43m-source/pkgs/by-name/dl'
checking access to '/nix/store/j3sna6r5nrrqj5b3pslyc520cycfa43m-source/pkgs/by-name/dm'
checking access to '/nix/store/j3sna6r5nrrqj5b3pslyc520cycfa43m-source/pkgs/by-name/dn'
checking access to '/nix/store/j3sna6r5nrrqj5b3pslyc520cycfa43m-source/pkgs/by-name/do'
checking access to '/nix/store/j3sna6r5nrrqj5b3pslyc520cycfa43m-source/pkgs/by-name/dp'
checking access to '/nix/store/j3sna6r5nrrqj5b3pslyc520cycfa43m-source/pkgs/by-name/dq'
checking access to '/nix/store/j3sna6r5nrrqj5b3pslyc520cycfa43m-source/pkgs/by-name/dr'
checking access to '/nix/store/j3sna6r5nrrqj5b3pslyc520cycfa43m-source/pkgs/by-name/ds'
checking access to '/nix/store/j3sna6r5nrrqj5b3pslyc520cycfa43m-source/pkgs/by-name/dt'
checking access to '/nix/store/j3sna6r5nrrqj5b3pslyc520cycfa43m-source/pkgs/by-name/du'
checking access to '/nix/store/j3sna6r5nrrqj5b3pslyc520cycfa43m-source/pkgs/by-name/dv'
checking access to '/nix/store/j3sna6r5nrrqj5b3pslyc520cycfa43m-source/pkgs/by-name/dw'
checking access to '/nix/store/j3sna6r5nrrqj5b3pslyc520cycfa43m-source/pkgs/by-name/dx'
checking access to '/nix/store/j3sna6r5nrrqj5b3pslyc520cycfa43m-source/pkgs/by-name/dy'
checking access to '/nix/store/j3sna6r5nrrqj5b3pslyc520cycfa43m-source/pkgs/by-name/dz'
checking access to '/nix/store/j3sna6r5nrrqj5b3pslyc520cycfa43m-source/pkgs/by-name/e-'
checking access to '/nix/store/j3sna6r5nrrqj5b3pslyc520cycfa43m-source/pkgs/by-name/e1'
checking access to '/nix/store/j3sna6r5nrrqj5b3pslyc520cycfa43m-source/pkgs/by-name/e2'
checking access to '/nix/store/j3sna6r5nrrqj5b3pslyc520cycfa43m-source/pkgs/by-name/ea'
checking access to '/nix/store/j3sna6r5nrrqj5b3pslyc520cycfa43m-source/pkgs/by-name/eb'
checking access to '/nix/store/j3sna6r5nrrqj5b3pslyc520cycfa43m-source/pkgs/by-name/ec'
checking access to '/nix/store/j3sna6r5nrrqj5b3pslyc520cycfa43m-source/pkgs/by-name/ed'
checking access to '/nix/store/j3sna6r5nrrqj5b3pslyc520cycfa43m-source/pkgs/by-name/ee'
checking access to '/nix/store/j3sna6r5nrrqj5b3pslyc520cycfa43m-source/pkgs/by-name/ef'
checking access to '/nix/store/j3sna6r5nrrqj5b3pslyc520cycfa43m-source/pkgs/by-name/eg'
checking access to '/nix/store/j3sna6r5nrrqj5b3pslyc520cycfa43m-source/pkgs/by-name/ei'
checking access to '/nix/store/j3sna6r5nrrqj5b3pslyc520cycfa43m-source/pkgs/by-name/ej'
checking access to '/nix/store/j3sna6r5nrrqj5b3pslyc520cycfa43m-source/pkgs/by-name/ek'
checking access to '/nix/store/j3sna6r5nrrqj5b3pslyc520cycfa43m-source/pkgs/by-name/el'
checking access to '/nix/store/j3sna6r5nrrqj5b3pslyc520cycfa43m-source/pkgs/by-name/em'
checking access to '/nix/store/j3sna6r5nrrqj5b3pslyc520cycfa43m-source/pkgs/by-name/en'
checking access to '/nix/store/j3sna6r5nrrqj5b3pslyc520cycfa43m-source/pkgs/by-name/eo'
checking access to '/nix/store/j3sna6r5nrrqj5b3pslyc520cycfa43m-source/pkgs/by-name/ep'
checking access to '/nix/store/j3sna6r5nrrqj5b3pslyc520cycfa43m-source/pkgs/by-name/eq'
checking access to '/nix/store/j3sna6r5nrrqj5b3pslyc520cycfa43m-source/pkgs/by-name/er'
checking access to '/nix/store/j3sna6r5nrrqj5b3pslyc520cycfa43m-source/pkgs/by-name/es'
checking access to '/nix/store/j3sna6r5nrrqj5b3pslyc520cycfa43m-source/pkgs/by-name/et'
checking access to '/nix/store/j3sna6r5nrrqj5b3pslyc520cycfa43m-source/pkgs/by-name/eu'
checking access to '/nix/store/j3sna6r5nrrqj5b3pslyc520cycfa43m-source/pkgs/by-name/ev'
checking access to '/nix/store/j3sna6r5nrrqj5b3pslyc520cycfa43m-source/pkgs/by-name/ew'
checking access to '/nix/store/j3sna6r5nrrqj5b3pslyc520cycfa43m-source/pkgs/by-name/ex'
checking access to '/nix/store/j3sna6r5nrrqj5b3pslyc520cycfa43m-source/pkgs/by-name/ey'
checking access to '/nix/store/j3sna6r5nrrqj5b3pslyc520cycfa43m-source/pkgs/by-name/ez'
checking access to '/nix/store/j3sna6r5nrrqj5b3pslyc520cycfa43m-source/pkgs/by-name/f1'
checking access to '/nix/store/j3sna6r5nrrqj5b3pslyc520cycfa43m-source/pkgs/by-name/f2'
checking access to '/nix/store/j3sna6r5nrrqj5b3pslyc520cycfa43m-source/pkgs/by-name/f3'
checking access to '/nix/store/j3sna6r5nrrqj5b3pslyc520cycfa43m-source/pkgs/by-name/f5'
checking access to '/nix/store/j3sna6r5nrrqj5b3pslyc520cycfa43m-source/pkgs/by-name/fa'
checking access to '/nix/store/j3sna6r5nrrqj5b3pslyc520cycfa43m-source/pkgs/by-name/fb'
checking access to '/nix/store/j3sna6r5nrrqj5b3pslyc520cycfa43m-source/pkgs/by-name/fc'
checking access to '/nix/store/j3sna6r5nrrqj5b3pslyc520cycfa43m-source/pkgs/by-name/fd'
checking access to '/nix/store/j3sna6r5nrrqj5b3pslyc520cycfa43m-source/pkgs/by-name/fe'
checking access to '/nix/store/j3sna6r5nrrqj5b3pslyc520cycfa43m-source/pkgs/by-name/ff'
checking access to '/nix/store/j3sna6r5nrrqj5b3pslyc520cycfa43m-source/pkgs/by-name/fg'
checking access to '/nix/store/j3sna6r5nrrqj5b3pslyc520cycfa43m-source/pkgs/by-name/fh'
checking access to '/nix/store/j3sna6r5nrrqj5b3pslyc520cycfa43m-source/pkgs/by-name/fi'
checking access to '/nix/store/j3sna6r5nrrqj5b3pslyc520cycfa43m-source/pkgs/by-name/fj'
checking access to '/nix/store/j3sna6r5nrrqj5b3pslyc520cycfa43m-source/pkgs/by-name/fl'
checking access to '/nix/store/j3sna6r5nrrqj5b3pslyc520cycfa43m-source/pkgs/by-name/fm'
checking access to '/nix/store/j3sna6r5nrrqj5b3pslyc520cycfa43m-source/pkgs/by-name/fn'
checking access to '/nix/store/j3sna6r5nrrqj5b3pslyc520cycfa43m-source/pkgs/by-name/fo'
checking access to '/nix/store/j3sna6r5nrrqj5b3pslyc520cycfa43m-source/pkgs/by-name/fp'
checking access to '/nix/store/j3sna6r5nrrqj5b3pslyc520cycfa43m-source/pkgs/by-name/fq'
checking access to '/nix/store/j3sna6r5nrrqj5b3pslyc520cycfa43m-source/pkgs/by-name/fr'
checking access to '/nix/store/j3sna6r5nrrqj5b3pslyc520cycfa43m-source/pkgs/by-name/fs'
checking access to '/nix/store/j3sna6r5nrrqj5b3pslyc520cycfa43m-source/pkgs/by-name/ft'
checking access to '/nix/store/j3sna6r5nrrqj5b3pslyc520cycfa43m-source/pkgs/by-name/fu'
checking access to '/nix/store/j3sna6r5nrrqj5b3pslyc520cycfa43m-source/pkgs/by-name/fv'
checking access to '/nix/store/j3sna6r5nrrqj5b3pslyc520cycfa43m-source/pkgs/by-name/fw'
checking access to '/nix/store/j3sna6r5nrrqj5b3pslyc520cycfa43m-source/pkgs/by-name/fx'
checking access to '/nix/store/j3sna6r5nrrqj5b3pslyc520cycfa43m-source/pkgs/by-name/fy'
checking access to '/nix/store/j3sna6r5nrrqj5b3pslyc520cycfa43m-source/pkgs/by-name/fz'
checking access to '/nix/store/j3sna6r5nrrqj5b3pslyc520cycfa43m-source/pkgs/by-name/g-'
checking access to '/nix/store/j3sna6r5nrrqj5b3pslyc520cycfa43m-source/pkgs/by-name/g1'
checking access to '/nix/store/j3sna6r5nrrqj5b3pslyc520cycfa43m-source/pkgs/by-name/g2'
checking access to '/nix/store/j3sna6r5nrrqj5b3pslyc520cycfa43m-source/pkgs/by-name/g3'
checking access to '/nix/store/j3sna6r5nrrqj5b3pslyc520cycfa43m-source/pkgs/by-name/g8'
checking access to '/nix/store/j3sna6r5nrrqj5b3pslyc520cycfa43m-source/pkgs/by-name/g9'
checking access to '/nix/store/j3sna6r5nrrqj5b3pslyc520cycfa43m-source/pkgs/by-name/ga'
checking access to '/nix/store/j3sna6r5nrrqj5b3pslyc520cycfa43m-source/pkgs/by-name/gb'
checking access to '/nix/store/j3sna6r5nrrqj5b3pslyc520cycfa43m-source/pkgs/by-name/gc'
checking access to '/nix/store/j3sna6r5nrrqj5b3pslyc520cycfa43m-source/pkgs/by-name/gd'
checking access to '/nix/store/j3sna6r5nrrqj5b3pslyc520cycfa43m-source/pkgs/by-name/ge'
checking access to '/nix/store/j3sna6r5nrrqj5b3pslyc520cycfa43m-source/pkgs/by-name/gf'
checking access to '/nix/store/j3sna6r5nrrqj5b3pslyc520cycfa43m-source/pkgs/by-name/gg'
checking access to '/nix/store/j3sna6r5nrrqj5b3pslyc520cycfa43m-source/pkgs/by-name/gh'
checking access to '/nix/store/j3sna6r5nrrqj5b3pslyc520cycfa43m-source/pkgs/by-name/gi'
checking access to '/nix/store/j3sna6r5nrrqj5b3pslyc520cycfa43m-source/pkgs/by-name/gj'
checking access to '/nix/store/j3sna6r5nrrqj5b3pslyc520cycfa43m-source/pkgs/by-name/gk'
checking access to '/nix/store/j3sna6r5nrrqj5b3pslyc520cycfa43m-source/pkgs/by-name/gl'
checking access to '/nix/store/j3sna6r5nrrqj5b3pslyc520cycfa43m-source/pkgs/by-name/gm'
checking access to '/nix/store/j3sna6r5nrrqj5b3pslyc520cycfa43m-source/pkgs/by-name/gn'
checking access to '/nix/store/j3sna6r5nrrqj5b3pslyc520cycfa43m-source/pkgs/by-name/go'
checking access to '/nix/store/j3sna6r5nrrqj5b3pslyc520cycfa43m-source/pkgs/by-name/gp'
checking access to '/nix/store/j3sna6r5nrrqj5b3pslyc520cycfa43m-source/pkgs/by-name/gq'
checking access to '/nix/store/j3sna6r5nrrqj5b3pslyc520cycfa43m-source/pkgs/by-name/gr'
checking access to '/nix/store/j3sna6r5nrrqj5b3pslyc520cycfa43m-source/pkgs/by-name/gs'
checking access to '/nix/store/j3sna6r5nrrqj5b3pslyc520cycfa43m-source/pkgs/by-name/gt'
checking access to '/nix/store/j3sna6r5nrrqj5b3pslyc520cycfa43m-source/pkgs/by-name/gu'
checking access to '/nix/store/j3sna6r5nrrqj5b3pslyc520cycfa43m-source/pkgs/by-name/gv'
checking access to '/nix/store/j3sna6r5nrrqj5b3pslyc520cycfa43m-source/pkgs/by-name/gw'
checking access to '/nix/store/j3sna6r5nrrqj5b3pslyc520cycfa43m-source/pkgs/by-name/gx'
checking access to '/nix/store/j3sna6r5nrrqj5b3pslyc520cycfa43m-source/pkgs/by-name/gy'
checking access to '/nix/store/j3sna6r5nrrqj5b3pslyc520cycfa43m-source/pkgs/by-name/gz'
checking access to '/nix/store/j3sna6r5nrrqj5b3pslyc520cycfa43m-source/pkgs/by-name/h'
checking access to '/nix/store/j3sna6r5nrrqj5b3pslyc520cycfa43m-source/pkgs/by-name/h2'
checking access to '/nix/store/j3sna6r5nrrqj5b3pslyc520cycfa43m-source/pkgs/by-name/h5'
checking access to '/nix/store/j3sna6r5nrrqj5b3pslyc520cycfa43m-source/pkgs/by-name/h8'
checking access to '/nix/store/j3sna6r5nrrqj5b3pslyc520cycfa43m-source/pkgs/by-name/ha'
checking access to '/nix/store/j3sna6r5nrrqj5b3pslyc520cycfa43m-source/pkgs/by-name/hb'
checking access to '/nix/store/j3sna6r5nrrqj5b3pslyc520cycfa43m-source/pkgs/by-name/hc'
checking access to '/nix/store/j3sna6r5nrrqj5b3pslyc520cycfa43m-source/pkgs/by-name/hd'
checking access to '/nix/store/j3sna6r5nrrqj5b3pslyc520cycfa43m-source/pkgs/by-name/he'
checking access to '/nix/store/j3sna6r5nrrqj5b3pslyc520cycfa43m-source/pkgs/by-name/hf'
checking access to '/nix/store/j3sna6r5nrrqj5b3pslyc520cycfa43m-source/pkgs/by-name/hh'
checking access to '/nix/store/j3sna6r5nrrqj5b3pslyc520cycfa43m-source/pkgs/by-name/hi'
checking access to '/nix/store/j3sna6r5nrrqj5b3pslyc520cycfa43m-source/pkgs/by-name/hj'
checking access to '/nix/store/j3sna6r5nrrqj5b3pslyc520cycfa43m-source/pkgs/by-name/hl'
checking access to '/nix/store/j3sna6r5nrrqj5b3pslyc520cycfa43m-source/pkgs/by-name/hm'
checking access to '/nix/store/j3sna6r5nrrqj5b3pslyc520cycfa43m-source/pkgs/by-name/hn'
checking access to '/nix/store/j3sna6r5nrrqj5b3pslyc520cycfa43m-source/pkgs/by-name/ho'
checking access to '/nix/store/j3sna6r5nrrqj5b3pslyc520cycfa43m-source/pkgs/by-name/hp'
checking access to '/nix/store/j3sna6r5nrrqj5b3pslyc520cycfa43m-source/pkgs/by-name/hq'
checking access to '/nix/store/j3sna6r5nrrqj5b3pslyc520cycfa43m-source/pkgs/by-name/hr'
checking access to '/nix/store/j3sna6r5nrrqj5b3pslyc520cycfa43m-source/pkgs/by-name/hs'
checking access to '/nix/store/j3sna6r5nrrqj5b3pslyc520cycfa43m-source/pkgs/by-name/ht'
checking access to '/nix/store/j3sna6r5nrrqj5b3pslyc520cycfa43m-source/pkgs/by-name/hu'
checking access to '/nix/store/j3sna6r5nrrqj5b3pslyc520cycfa43m-source/pkgs/by-name/hv'
checking access to '/nix/store/j3sna6r5nrrqj5b3pslyc520cycfa43m-source/pkgs/by-name/hw'
checking access to '/nix/store/j3sna6r5nrrqj5b3pslyc520cycfa43m-source/pkgs/by-name/hx'
checking access to '/nix/store/j3sna6r5nrrqj5b3pslyc520cycfa43m-source/pkgs/by-name/hy'
checking access to '/nix/store/j3sna6r5nrrqj5b3pslyc520cycfa43m-source/pkgs/by-name/i-'
checking access to '/nix/store/j3sna6r5nrrqj5b3pslyc520cycfa43m-source/pkgs/by-name/i2'
checking access to '/nix/store/j3sna6r5nrrqj5b3pslyc520cycfa43m-source/pkgs/by-name/i3'
checking access to '/nix/store/j3sna6r5nrrqj5b3pslyc520cycfa43m-source/pkgs/by-name/i8'
checking access to '/nix/store/j3sna6r5nrrqj5b3pslyc520cycfa43m-source/pkgs/by-name/ia'
checking access to '/nix/store/j3sna6r5nrrqj5b3pslyc520cycfa43m-source/pkgs/by-name/ib'
checking access to '/nix/store/j3sna6r5nrrqj5b3pslyc520cycfa43m-source/pkgs/by-name/ic'
checking access to '/nix/store/j3sna6r5nrrqj5b3pslyc520cycfa43m-source/pkgs/by-name/id'
checking access to '/nix/store/j3sna6r5nrrqj5b3pslyc520cycfa43m-source/pkgs/by-name/ie'
checking access to '/nix/store/j3sna6r5nrrqj5b3pslyc520cycfa43m-source/pkgs/by-name/if'
checking access to '/nix/store/j3sna6r5nrrqj5b3pslyc520cycfa43m-source/pkgs/by-name/ig'
checking access to '/nix/store/j3sna6r5nrrqj5b3pslyc520cycfa43m-source/pkgs/by-name/ih'
checking access to '/nix/store/j3sna6r5nrrqj5b3pslyc520cycfa43m-source/pkgs/by-name/ii'
checking access to '/nix/store/j3sna6r5nrrqj5b3pslyc520cycfa43m-source/pkgs/by-name/ij'
checking access to '/nix/store/j3sna6r5nrrqj5b3pslyc520cycfa43m-source/pkgs/by-name/ik'
checking access to '/nix/store/j3sna6r5nrrqj5b3pslyc520cycfa43m-source/pkgs/by-name/il'
checking access to '/nix/store/j3sna6r5nrrqj5b3pslyc520cycfa43m-source/pkgs/by-name/im'
checking access to '/nix/store/j3sna6r5nrrqj5b3pslyc520cycfa43m-source/pkgs/by-name/in'
checking access to '/nix/store/j3sna6r5nrrqj5b3pslyc520cycfa43m-source/pkgs/by-name/io'
checking access to '/nix/store/j3sna6r5nrrqj5b3pslyc520cycfa43m-source/pkgs/by-name/ip'
checking access to '/nix/store/j3sna6r5nrrqj5b3pslyc520cycfa43m-source/pkgs/by-name/iq'
checking access to '/nix/store/j3sna6r5nrrqj5b3pslyc520cycfa43m-source/pkgs/by-name/ir'
checking access to '/nix/store/j3sna6r5nrrqj5b3pslyc520cycfa43m-source/pkgs/by-name/is'
checking access to '/nix/store/j3sna6r5nrrqj5b3pslyc520cycfa43m-source/pkgs/by-name/it'
checking access to '/nix/store/j3sna6r5nrrqj5b3pslyc520cycfa43m-source/pkgs/by-name/iu'
checking access to '/nix/store/j3sna6r5nrrqj5b3pslyc520cycfa43m-source/pkgs/by-name/iv'
checking access to '/nix/store/j3sna6r5nrrqj5b3pslyc520cycfa43m-source/pkgs/by-name/iw'
checking access to '/nix/store/j3sna6r5nrrqj5b3pslyc520cycfa43m-source/pkgs/by-name/iz'
checking access to '/nix/store/j3sna6r5nrrqj5b3pslyc520cycfa43m-source/pkgs/by-name/j'
checking access to '/nix/store/j3sna6r5nrrqj5b3pslyc520cycfa43m-source/pkgs/by-name/j4'
checking access to '/nix/store/j3sna6r5nrrqj5b3pslyc520cycfa43m-source/pkgs/by-name/ja'
checking access to '/nix/store/j3sna6r5nrrqj5b3pslyc520cycfa43m-source/pkgs/by-name/jb'
checking access to '/nix/store/j3sna6r5nrrqj5b3pslyc520cycfa43m-source/pkgs/by-name/jc'
checking access to '/nix/store/j3sna6r5nrrqj5b3pslyc520cycfa43m-source/pkgs/by-name/jd'
checking access to '/nix/store/j3sna6r5nrrqj5b3pslyc520cycfa43m-source/pkgs/by-name/je'
checking access to '/nix/store/j3sna6r5nrrqj5b3pslyc520cycfa43m-source/pkgs/by-name/jf'
checking access to '/nix/store/j3sna6r5nrrqj5b3pslyc520cycfa43m-source/pkgs/by-name/jg'
checking access to '/nix/store/j3sna6r5nrrqj5b3pslyc520cycfa43m-source/pkgs/by-name/jh'
checking access to '/nix/store/j3sna6r5nrrqj5b3pslyc520cycfa43m-source/pkgs/by-name/ji'
checking access to '/nix/store/j3sna6r5nrrqj5b3pslyc520cycfa43m-source/pkgs/by-name/jj'
checking access to '/nix/store/j3sna6r5nrrqj5b3pslyc520cycfa43m-source/pkgs/by-name/jl'
checking access to '/nix/store/j3sna6r5nrrqj5b3pslyc520cycfa43m-source/pkgs/by-name/jm'
checking access to '/nix/store/j3sna6r5nrrqj5b3pslyc520cycfa43m-source/pkgs/by-name/jn'
checking access to '/nix/store/j3sna6r5nrrqj5b3pslyc520cycfa43m-source/pkgs/by-name/jo'
checking access to '/nix/store/j3sna6r5nrrqj5b3pslyc520cycfa43m-source/pkgs/by-name/jp'
checking access to '/nix/store/j3sna6r5nrrqj5b3pslyc520cycfa43m-source/pkgs/by-name/jq'
checking access to '/nix/store/j3sna6r5nrrqj5b3pslyc520cycfa43m-source/pkgs/by-name/jr'
checking access to '/nix/store/j3sna6r5nrrqj5b3pslyc520cycfa43m-source/pkgs/by-name/js'
checking access to '/nix/store/j3sna6r5nrrqj5b3pslyc520cycfa43m-source/pkgs/by-name/jt'
checking access to '/nix/store/j3sna6r5nrrqj5b3pslyc520cycfa43m-source/pkgs/by-name/ju'
checking access to '/nix/store/j3sna6r5nrrqj5b3pslyc520cycfa43m-source/pkgs/by-name/jw'
checking access to '/nix/store/j3sna6r5nrrqj5b3pslyc520cycfa43m-source/pkgs/by-name/jx'
checking access to '/nix/store/j3sna6r5nrrqj5b3pslyc520cycfa43m-source/pkgs/by-name/jy'
checking access to '/nix/store/j3sna6r5nrrqj5b3pslyc520cycfa43m-source/pkgs/by-name/k0'
checking access to '/nix/store/j3sna6r5nrrqj5b3pslyc520cycfa43m-source/pkgs/by-name/k2'
checking access to '/nix/store/j3sna6r5nrrqj5b3pslyc520cycfa43m-source/pkgs/by-name/k3'
checking access to '/nix/store/j3sna6r5nrrqj5b3pslyc520cycfa43m-source/pkgs/by-name/k4'
checking access to '/nix/store/j3sna6r5nrrqj5b3pslyc520cycfa43m-source/pkgs/by-name/k6'
checking access to '/nix/store/j3sna6r5nrrqj5b3pslyc520cycfa43m-source/pkgs/by-name/k8'
checking access to '/nix/store/j3sna6r5nrrqj5b3pslyc520cycfa43m-source/pkgs/by-name/k9'
checking access to '/nix/store/j3sna6r5nrrqj5b3pslyc520cycfa43m-source/pkgs/by-name/ka'
checking access to '/nix/store/j3sna6r5nrrqj5b3pslyc520cycfa43m-source/pkgs/by-name/kb'
checking access to '/nix/store/j3sna6r5nrrqj5b3pslyc520cycfa43m-source/pkgs/by-name/kc'
checking access to '/nix/store/j3sna6r5nrrqj5b3pslyc520cycfa43m-source/pkgs/by-name/kd'
checking access to '/nix/store/j3sna6r5nrrqj5b3pslyc520cycfa43m-source/pkgs/by-name/ke'
checking access to '/nix/store/j3sna6r5nrrqj5b3pslyc520cycfa43m-source/pkgs/by-name/kf'
checking access to '/nix/store/j3sna6r5nrrqj5b3pslyc520cycfa43m-source/pkgs/by-name/kg'
checking access to '/nix/store/j3sna6r5nrrqj5b3pslyc520cycfa43m-source/pkgs/by-name/kh'
checking access to '/nix/store/j3sna6r5nrrqj5b3pslyc520cycfa43m-source/pkgs/by-name/ki'
checking access to '/nix/store/j3sna6r5nrrqj5b3pslyc520cycfa43m-source/pkgs/by-name/kl'
checking access to '/nix/store/j3sna6r5nrrqj5b3pslyc520cycfa43m-source/pkgs/by-name/km'
checking access to '/nix/store/j3sna6r5nrrqj5b3pslyc520cycfa43m-source/pkgs/by-name/kn'
checking access to '/nix/store/j3sna6r5nrrqj5b3pslyc520cycfa43m-source/pkgs/by-name/ko'
checking access to '/nix/store/j3sna6r5nrrqj5b3pslyc520cycfa43m-source/pkgs/by-name/kp'
checking access to '/nix/store/j3sna6r5nrrqj5b3pslyc520cycfa43m-source/pkgs/by-name/kr'
checking access to '/nix/store/j3sna6r5nrrqj5b3pslyc520cycfa43m-source/pkgs/by-name/ks'
checking access to '/nix/store/j3sna6r5nrrqj5b3pslyc520cycfa43m-source/pkgs/by-name/kt'
checking access to '/nix/store/j3sna6r5nrrqj5b3pslyc520cycfa43m-source/pkgs/by-name/ku'
checking access to '/nix/store/j3sna6r5nrrqj5b3pslyc520cycfa43m-source/pkgs/by-name/kv'
checking access to '/nix/store/j3sna6r5nrrqj5b3pslyc520cycfa43m-source/pkgs/by-name/kw'
checking access to '/nix/store/j3sna6r5nrrqj5b3pslyc520cycfa43m-source/pkgs/by-name/kx'
checking access to '/nix/store/j3sna6r5nrrqj5b3pslyc520cycfa43m-source/pkgs/by-name/ky'
checking access to '/nix/store/j3sna6r5nrrqj5b3pslyc520cycfa43m-source/pkgs/by-name/l2'
checking access to '/nix/store/j3sna6r5nrrqj5b3pslyc520cycfa43m-source/pkgs/by-name/la'
checking access to '/nix/store/j3sna6r5nrrqj5b3pslyc520cycfa43m-source/pkgs/by-name/lb'
checking access to '/nix/store/j3sna6r5nrrqj5b3pslyc520cycfa43m-source/pkgs/by-name/lc'
checking access to '/nix/store/j3sna6r5nrrqj5b3pslyc520cycfa43m-source/pkgs/by-name/ld'
checking access to '/nix/store/j3sna6r5nrrqj5b3pslyc520cycfa43m-source/pkgs/by-name/le'
checking access to '/nix/store/j3sna6r5nrrqj5b3pslyc520cycfa43m-source/pkgs/by-name/lf'
checking access to '/nix/store/j3sna6r5nrrqj5b3pslyc520cycfa43m-source/pkgs/by-name/lg'
checking access to '/nix/store/j3sna6r5nrrqj5b3pslyc520cycfa43m-source/pkgs/by-name/lh'
checking access to '/nix/store/j3sna6r5nrrqj5b3pslyc520cycfa43m-source/pkgs/by-name/li'
checking access to '/nix/store/j3sna6r5nrrqj5b3pslyc520cycfa43m-source/pkgs/by-name/lk'
checking access to '/nix/store/j3sna6r5nrrqj5b3pslyc520cycfa43m-source/pkgs/by-name/ll'
checking access to '/nix/store/j3sna6r5nrrqj5b3pslyc520cycfa43m-source/pkgs/by-name/lm'
checking access to '/nix/store/j3sna6r5nrrqj5b3pslyc520cycfa43m-source/pkgs/by-name/ln'
checking access to '/nix/store/j3sna6r5nrrqj5b3pslyc520cycfa43m-source/pkgs/by-name/lo'
checking access to '/nix/store/j3sna6r5nrrqj5b3pslyc520cycfa43m-source/pkgs/by-name/lp'
checking access to '/nix/store/j3sna6r5nrrqj5b3pslyc520cycfa43m-source/pkgs/by-name/lr'
checking access to '/nix/store/j3sna6r5nrrqj5b3pslyc520cycfa43m-source/pkgs/by-name/ls'
checking access to '/nix/store/j3sna6r5nrrqj5b3pslyc520cycfa43m-source/pkgs/by-name/lt'
checking access to '/nix/store/j3sna6r5nrrqj5b3pslyc520cycfa43m-source/pkgs/by-name/lu'
checking access to '/nix/store/j3sna6r5nrrqj5b3pslyc520cycfa43m-source/pkgs/by-name/lv'
checking access to '/nix/store/j3sna6r5nrrqj5b3pslyc520cycfa43m-source/pkgs/by-name/lw'
checking access to '/nix/store/j3sna6r5nrrqj5b3pslyc520cycfa43m-source/pkgs/by-name/lx'
checking access to '/nix/store/j3sna6r5nrrqj5b3pslyc520cycfa43m-source/pkgs/by-name/ly'
checking access to '/nix/store/j3sna6r5nrrqj5b3pslyc520cycfa43m-source/pkgs/by-name/lz'
checking access to '/nix/store/j3sna6r5nrrqj5b3pslyc520cycfa43m-source/pkgs/by-name/m-'
checking access to '/nix/store/j3sna6r5nrrqj5b3pslyc520cycfa43m-source/pkgs/by-name/m1'
checking access to '/nix/store/j3sna6r5nrrqj5b3pslyc520cycfa43m-source/pkgs/by-name/m2'
checking access to '/nix/store/j3sna6r5nrrqj5b3pslyc520cycfa43m-source/pkgs/by-name/m3'
checking access to '/nix/store/j3sna6r5nrrqj5b3pslyc520cycfa43m-source/pkgs/by-name/m4'
checking access to '/nix/store/j3sna6r5nrrqj5b3pslyc520cycfa43m-source/pkgs/by-name/m8'
checking access to '/nix/store/j3sna6r5nrrqj5b3pslyc520cycfa43m-source/pkgs/by-name/ma'
checking access to '/nix/store/j3sna6r5nrrqj5b3pslyc520cycfa43m-source/pkgs/by-name/mb'
checking access to '/nix/store/j3sna6r5nrrqj5b3pslyc520cycfa43m-source/pkgs/by-name/mc'
checking access to '/nix/store/j3sna6r5nrrqj5b3pslyc520cycfa43m-source/pkgs/by-name/md'
checking access to '/nix/store/j3sna6r5nrrqj5b3pslyc520cycfa43m-source/pkgs/by-name/me'
checking access to '/nix/store/j3sna6r5nrrqj5b3pslyc520cycfa43m-source/pkgs/by-name/mf'
checking access to '/nix/store/j3sna6r5nrrqj5b3pslyc520cycfa43m-source/pkgs/by-name/mg'
checking access to '/nix/store/j3sna6r5nrrqj5b3pslyc520cycfa43m-source/pkgs/by-name/mh'
checking access to '/nix/store/j3sna6r5nrrqj5b3pslyc520cycfa43m-source/pkgs/by-name/mi'
checking access to '/nix/store/j3sna6r5nrrqj5b3pslyc520cycfa43m-source/pkgs/by-name/mj'
checking access to '/nix/store/j3sna6r5nrrqj5b3pslyc520cycfa43m-source/pkgs/by-name/mk'
checking access to '/nix/store/j3sna6r5nrrqj5b3pslyc520cycfa43m-source/pkgs/by-name/ml'
checking access to '/nix/store/j3sna6r5nrrqj5b3pslyc520cycfa43m-source/pkgs/by-name/mm'
checking access to '/nix/store/j3sna6r5nrrqj5b3pslyc520cycfa43m-source/pkgs/by-name/mn'
checking access to '/nix/store/j3sna6r5nrrqj5b3pslyc520cycfa43m-source/pkgs/by-name/mo'
checking access to '/nix/store/j3sna6r5nrrqj5b3pslyc520cycfa43m-source/pkgs/by-name/mp'
checking access to '/nix/store/j3sna6r5nrrqj5b3pslyc520cycfa43m-source/pkgs/by-name/mq'
checking access to '/nix/store/j3sna6r5nrrqj5b3pslyc520cycfa43m-source/pkgs/by-name/mr'
checking access to '/nix/store/j3sna6r5nrrqj5b3pslyc520cycfa43m-source/pkgs/by-name/ms'
checking access to '/nix/store/j3sna6r5nrrqj5b3pslyc520cycfa43m-source/pkgs/by-name/mt'
checking access to '/nix/store/j3sna6r5nrrqj5b3pslyc520cycfa43m-source/pkgs/by-name/mu'
checking access to '/nix/store/j3sna6r5nrrqj5b3pslyc520cycfa43m-source/pkgs/by-name/mv'
checking access to '/nix/store/j3sna6r5nrrqj5b3pslyc520cycfa43m-source/pkgs/by-name/mw'
checking access to '/nix/store/j3sna6r5nrrqj5b3pslyc520cycfa43m-source/pkgs/by-name/mx'
checking access to '/nix/store/j3sna6r5nrrqj5b3pslyc520cycfa43m-source/pkgs/by-name/my'
checking access to '/nix/store/j3sna6r5nrrqj5b3pslyc520cycfa43m-source/pkgs/by-name/n-'
checking access to '/nix/store/j3sna6r5nrrqj5b3pslyc520cycfa43m-source/pkgs/by-name/n2'
checking access to '/nix/store/j3sna6r5nrrqj5b3pslyc520cycfa43m-source/pkgs/by-name/n3'
checking access to '/nix/store/j3sna6r5nrrqj5b3pslyc520cycfa43m-source/pkgs/by-name/n8'
checking access to '/nix/store/j3sna6r5nrrqj5b3pslyc520cycfa43m-source/pkgs/by-name/n9'
checking access to '/nix/store/j3sna6r5nrrqj5b3pslyc520cycfa43m-source/pkgs/by-name/na'
checking access to '/nix/store/j3sna6r5nrrqj5b3pslyc520cycfa43m-source/pkgs/by-name/nb'
checking access to '/nix/store/j3sna6r5nrrqj5b3pslyc520cycfa43m-source/pkgs/by-name/nc'
checking access to '/nix/store/j3sna6r5nrrqj5b3pslyc520cycfa43m-source/pkgs/by-name/nd'
checking access to '/nix/store/j3sna6r5nrrqj5b3pslyc520cycfa43m-source/pkgs/by-name/ne'
checking access to '/nix/store/j3sna6r5nrrqj5b3pslyc520cycfa43m-source/pkgs/by-name/nf'
checking access to '/nix/store/j3sna6r5nrrqj5b3pslyc520cycfa43m-source/pkgs/by-name/ng'
checking access to '/nix/store/j3sna6r5nrrqj5b3pslyc520cycfa43m-source/pkgs/by-name/nh'
checking access to '/nix/store/j3sna6r5nrrqj5b3pslyc520cycfa43m-source/pkgs/by-name/ni'
checking access to '/nix/store/j3sna6r5nrrqj5b3pslyc520cycfa43m-source/pkgs/by-name/nj'
checking access to '/nix/store/j3sna6r5nrrqj5b3pslyc520cycfa43m-source/pkgs/by-name/nk'
checking access to '/nix/store/j3sna6r5nrrqj5b3pslyc520cycfa43m-source/pkgs/by-name/nl'
checking access to '/nix/store/j3sna6r5nrrqj5b3pslyc520cycfa43m-source/pkgs/by-name/nm'
checking access to '/nix/store/j3sna6r5nrrqj5b3pslyc520cycfa43m-source/pkgs/by-name/nn'
checking access to '/nix/store/j3sna6r5nrrqj5b3pslyc520cycfa43m-source/pkgs/by-name/no'
checking access to '/nix/store/j3sna6r5nrrqj5b3pslyc520cycfa43m-source/pkgs/by-name/np'
checking access to '/nix/store/j3sna6r5nrrqj5b3pslyc520cycfa43m-source/pkgs/by-name/nq'
checking access to '/nix/store/j3sna6r5nrrqj5b3pslyc520cycfa43m-source/pkgs/by-name/nr'
checking access to '/nix/store/j3sna6r5nrrqj5b3pslyc520cycfa43m-source/pkgs/by-name/ns'
checking access to '/nix/store/j3sna6r5nrrqj5b3pslyc520cycfa43m-source/pkgs/by-name/nt'
checking access to '/nix/store/j3sna6r5nrrqj5b3pslyc520cycfa43m-source/pkgs/by-name/nu'
checking access to '/nix/store/j3sna6r5nrrqj5b3pslyc520cycfa43m-source/pkgs/by-name/nv'
checking access to '/nix/store/j3sna6r5nrrqj5b3pslyc520cycfa43m-source/pkgs/by-name/nw'
checking access to '/nix/store/j3sna6r5nrrqj5b3pslyc520cycfa43m-source/pkgs/by-name/nx'
checking access to '/nix/store/j3sna6r5nrrqj5b3pslyc520cycfa43m-source/pkgs/by-name/ny'
checking access to '/nix/store/j3sna6r5nrrqj5b3pslyc520cycfa43m-source/pkgs/by-name/nz'
checking access to '/nix/store/j3sna6r5nrrqj5b3pslyc520cycfa43m-source/pkgs/by-name/oa'
checking access to '/nix/store/j3sna6r5nrrqj5b3pslyc520cycfa43m-source/pkgs/by-name/ob'
checking access to '/nix/store/j3sna6r5nrrqj5b3pslyc520cycfa43m-source/pkgs/by-name/oc'
checking access to '/nix/store/j3sna6r5nrrqj5b3pslyc520cycfa43m-source/pkgs/by-name/od'
checking access to '/nix/store/j3sna6r5nrrqj5b3pslyc520cycfa43m-source/pkgs/by-name/oe'
checking access to '/nix/store/j3sna6r5nrrqj5b3pslyc520cycfa43m-source/pkgs/by-name/of'
checking access to '/nix/store/j3sna6r5nrrqj5b3pslyc520cycfa43m-source/pkgs/by-name/og'
checking access to '/nix/store/j3sna6r5nrrqj5b3pslyc520cycfa43m-source/pkgs/by-name/oh'
checking access to '/nix/store/j3sna6r5nrrqj5b3pslyc520cycfa43m-source/pkgs/by-name/oi'
checking access to '/nix/store/j3sna6r5nrrqj5b3pslyc520cycfa43m-source/pkgs/by-name/ok'
checking access to '/nix/store/j3sna6r5nrrqj5b3pslyc520cycfa43m-source/pkgs/by-name/ol'
checking access to '/nix/store/j3sna6r5nrrqj5b3pslyc520cycfa43m-source/pkgs/by-name/om'
checking access to '/nix/store/j3sna6r5nrrqj5b3pslyc520cycfa43m-source/pkgs/by-name/on'
checking access to '/nix/store/j3sna6r5nrrqj5b3pslyc520cycfa43m-source/pkgs/by-name/oo'
checking access to '/nix/store/j3sna6r5nrrqj5b3pslyc520cycfa43m-source/pkgs/by-name/op'
checking access to '/nix/store/j3sna6r5nrrqj5b3pslyc520cycfa43m-source/pkgs/by-name/oq'
checking access to '/nix/store/j3sna6r5nrrqj5b3pslyc520cycfa43m-source/pkgs/by-name/or'
checking access to '/nix/store/j3sna6r5nrrqj5b3pslyc520cycfa43m-source/pkgs/by-name/os'
checking access to '/nix/store/j3sna6r5nrrqj5b3pslyc520cycfa43m-source/pkgs/by-name/ot'
checking access to '/nix/store/j3sna6r5nrrqj5b3pslyc520cycfa43m-source/pkgs/by-name/ou'
checking access to '/nix/store/j3sna6r5nrrqj5b3pslyc520cycfa43m-source/pkgs/by-name/ov'
checking access to '/nix/store/j3sna6r5nrrqj5b3pslyc520cycfa43m-source/pkgs/by-name/ow'
checking access to '/nix/store/j3sna6r5nrrqj5b3pslyc520cycfa43m-source/pkgs/by-name/ox'
checking access to '/nix/store/j3sna6r5nrrqj5b3pslyc520cycfa43m-source/pkgs/by-name/p0'
checking access to '/nix/store/j3sna6r5nrrqj5b3pslyc520cycfa43m-source/pkgs/by-name/p1'
checking access to '/nix/store/j3sna6r5nrrqj5b3pslyc520cycfa43m-source/pkgs/by-name/p2'
checking access to '/nix/store/j3sna6r5nrrqj5b3pslyc520cycfa43m-source/pkgs/by-name/p3'
checking access to '/nix/store/j3sna6r5nrrqj5b3pslyc520cycfa43m-source/pkgs/by-name/p4'
checking access to '/nix/store/j3sna6r5nrrqj5b3pslyc520cycfa43m-source/pkgs/by-name/p9'
checking access to '/nix/store/j3sna6r5nrrqj5b3pslyc520cycfa43m-source/pkgs/by-name/pa'
checking access to '/nix/store/j3sna6r5nrrqj5b3pslyc520cycfa43m-source/pkgs/by-name/pb'
checking access to '/nix/store/j3sna6r5nrrqj5b3pslyc520cycfa43m-source/pkgs/by-name/pc'
checking access to '/nix/store/j3sna6r5nrrqj5b3pslyc520cycfa43m-source/pkgs/by-name/pd'
checking access to '/nix/store/j3sna6r5nrrqj5b3pslyc520cycfa43m-source/pkgs/by-name/pe'
checking access to '/nix/store/j3sna6r5nrrqj5b3pslyc520cycfa43m-source/pkgs/by-name/pf'
checking access to '/nix/store/j3sna6r5nrrqj5b3pslyc520cycfa43m-source/pkgs/by-name/pg'
checking access to '/nix/store/j3sna6r5nrrqj5b3pslyc520cycfa43m-source/pkgs/by-name/ph'
checking access to '/nix/store/j3sna6r5nrrqj5b3pslyc520cycfa43m-source/pkgs/by-name/pi'
checking access to '/nix/store/j3sna6r5nrrqj5b3pslyc520cycfa43m-source/pkgs/by-name/pj'
checking access to '/nix/store/j3sna6r5nrrqj5b3pslyc520cycfa43m-source/pkgs/by-name/pk'
checking access to '/nix/store/j3sna6r5nrrqj5b3pslyc520cycfa43m-source/pkgs/by-name/pl'
checking access to '/nix/store/j3sna6r5nrrqj5b3pslyc520cycfa43m-source/pkgs/by-name/pm'
checking access to '/nix/store/j3sna6r5nrrqj5b3pslyc520cycfa43m-source/pkgs/by-name/pn'
checking access to '/nix/store/j3sna6r5nrrqj5b3pslyc520cycfa43m-source/pkgs/by-name/po'
checking access to '/nix/store/j3sna6r5nrrqj5b3pslyc520cycfa43m-source/pkgs/by-name/pp'
checking access to '/nix/store/j3sna6r5nrrqj5b3pslyc520cycfa43m-source/pkgs/by-name/pq'
checking access to '/nix/store/j3sna6r5nrrqj5b3pslyc520cycfa43m-source/pkgs/by-name/pr'
checking access to '/nix/store/j3sna6r5nrrqj5b3pslyc520cycfa43m-source/pkgs/by-name/ps'
checking access to '/nix/store/j3sna6r5nrrqj5b3pslyc520cycfa43m-source/pkgs/by-name/pt'
checking access to '/nix/store/j3sna6r5nrrqj5b3pslyc520cycfa43m-source/pkgs/by-name/pu'
checking access to '/nix/store/j3sna6r5nrrqj5b3pslyc520cycfa43m-source/pkgs/by-name/pv'
checking access to '/nix/store/j3sna6r5nrrqj5b3pslyc520cycfa43m-source/pkgs/by-name/pw'
checking access to '/nix/store/j3sna6r5nrrqj5b3pslyc520cycfa43m-source/pkgs/by-name/px'
checking access to '/nix/store/j3sna6r5nrrqj5b3pslyc520cycfa43m-source/pkgs/by-name/py'
checking access to '/nix/store/j3sna6r5nrrqj5b3pslyc520cycfa43m-source/pkgs/by-name/pz'
checking access to '/nix/store/j3sna6r5nrrqj5b3pslyc520cycfa43m-source/pkgs/by-name/q'
checking access to '/nix/store/j3sna6r5nrrqj5b3pslyc520cycfa43m-source/pkgs/by-name/q-'
checking access to '/nix/store/j3sna6r5nrrqj5b3pslyc520cycfa43m-source/pkgs/by-name/q2'
checking access to '/nix/store/j3sna6r5nrrqj5b3pslyc520cycfa43m-source/pkgs/by-name/qa'
checking access to '/nix/store/j3sna6r5nrrqj5b3pslyc520cycfa43m-source/pkgs/by-name/qb'
checking access to '/nix/store/j3sna6r5nrrqj5b3pslyc520cycfa43m-source/pkgs/by-name/qc'
checking access to '/nix/store/j3sna6r5nrrqj5b3pslyc520cycfa43m-source/pkgs/by-name/qd'
checking access to '/nix/store/j3sna6r5nrrqj5b3pslyc520cycfa43m-source/pkgs/by-name/qe'
checking access to '/nix/store/j3sna6r5nrrqj5b3pslyc520cycfa43m-source/pkgs/by-name/qg'
checking access to '/nix/store/j3sna6r5nrrqj5b3pslyc520cycfa43m-source/pkgs/by-name/qh'
checking access to '/nix/store/j3sna6r5nrrqj5b3pslyc520cycfa43m-source/pkgs/by-name/qi'
checking access to '/nix/store/j3sna6r5nrrqj5b3pslyc520cycfa43m-source/pkgs/by-name/ql'
checking access to '/nix/store/j3sna6r5nrrqj5b3pslyc520cycfa43m-source/pkgs/by-name/qm'
checking access to '/nix/store/j3sna6r5nrrqj5b3pslyc520cycfa43m-source/pkgs/by-name/qo'
checking access to '/nix/store/j3sna6r5nrrqj5b3pslyc520cycfa43m-source/pkgs/by-name/qp'
checking access to '/nix/store/j3sna6r5nrrqj5b3pslyc520cycfa43m-source/pkgs/by-name/qq'
checking access to '/nix/store/j3sna6r5nrrqj5b3pslyc520cycfa43m-source/pkgs/by-name/qr'
checking access to '/nix/store/j3sna6r5nrrqj5b3pslyc520cycfa43m-source/pkgs/by-name/qs'
checking access to '/nix/store/j3sna6r5nrrqj5b3pslyc520cycfa43m-source/pkgs/by-name/qt'
checking access to '/nix/store/j3sna6r5nrrqj5b3pslyc520cycfa43m-source/pkgs/by-name/qu'
checking access to '/nix/store/j3sna6r5nrrqj5b3pslyc520cycfa43m-source/pkgs/by-name/qv'
checking access to '/nix/store/j3sna6r5nrrqj5b3pslyc520cycfa43m-source/pkgs/by-name/qw'
checking access to '/nix/store/j3sna6r5nrrqj5b3pslyc520cycfa43m-source/pkgs/by-name/qx'
checking access to '/nix/store/j3sna6r5nrrqj5b3pslyc520cycfa43m-source/pkgs/by-name/qz'
checking access to '/nix/store/j3sna6r5nrrqj5b3pslyc520cycfa43m-source/pkgs/by-name/r0'
checking access to '/nix/store/j3sna6r5nrrqj5b3pslyc520cycfa43m-source/pkgs/by-name/r1'
checking access to '/nix/store/j3sna6r5nrrqj5b3pslyc520cycfa43m-source/pkgs/by-name/r2'
checking access to '/nix/store/j3sna6r5nrrqj5b3pslyc520cycfa43m-source/pkgs/by-name/r5'
checking access to '/nix/store/j3sna6r5nrrqj5b3pslyc520cycfa43m-source/pkgs/by-name/ra'
checking access to '/nix/store/j3sna6r5nrrqj5b3pslyc520cycfa43m-source/pkgs/by-name/rb'
checking access to '/nix/store/j3sna6r5nrrqj5b3pslyc520cycfa43m-source/pkgs/by-name/rc'
checking access to '/nix/store/j3sna6r5nrrqj5b3pslyc520cycfa43m-source/pkgs/by-name/rd'
checking access to '/nix/store/j3sna6r5nrrqj5b3pslyc520cycfa43m-source/pkgs/by-name/re'
checking access to '/nix/store/j3sna6r5nrrqj5b3pslyc520cycfa43m-source/pkgs/by-name/rf'
checking access to '/nix/store/j3sna6r5nrrqj5b3pslyc520cycfa43m-source/pkgs/by-name/rg'
checking access to '/nix/store/j3sna6r5nrrqj5b3pslyc520cycfa43m-source/pkgs/by-name/rh'
checking access to '/nix/store/j3sna6r5nrrqj5b3pslyc520cycfa43m-source/pkgs/by-name/ri'
checking access to '/nix/store/j3sna6r5nrrqj5b3pslyc520cycfa43m-source/pkgs/by-name/rk'
checking access to '/nix/store/j3sna6r5nrrqj5b3pslyc520cycfa43m-source/pkgs/by-name/rl'
checking access to '/nix/store/j3sna6r5nrrqj5b3pslyc520cycfa43m-source/pkgs/by-name/rm'
checking access to '/nix/store/j3sna6r5nrrqj5b3pslyc520cycfa43m-source/pkgs/by-name/rn'
checking access to '/nix/store/j3sna6r5nrrqj5b3pslyc520cycfa43m-source/pkgs/by-name/ro'
checking access to '/nix/store/j3sna6r5nrrqj5b3pslyc520cycfa43m-source/pkgs/by-name/rp'
checking access to '/nix/store/j3sna6r5nrrqj5b3pslyc520cycfa43m-source/pkgs/by-name/rq'
checking access to '/nix/store/j3sna6r5nrrqj5b3pslyc520cycfa43m-source/pkgs/by-name/rr'
checking access to '/nix/store/j3sna6r5nrrqj5b3pslyc520cycfa43m-source/pkgs/by-name/rs'
checking access to '/nix/store/j3sna6r5nrrqj5b3pslyc520cycfa43m-source/pkgs/by-name/rt'
checking access to '/nix/store/j3sna6r5nrrqj5b3pslyc520cycfa43m-source/pkgs/by-name/ru'
checking access to '/nix/store/j3sna6r5nrrqj5b3pslyc520cycfa43m-source/pkgs/by-name/rv'
checking access to '/nix/store/j3sna6r5nrrqj5b3pslyc520cycfa43m-source/pkgs/by-name/rw'
checking access to '/nix/store/j3sna6r5nrrqj5b3pslyc520cycfa43m-source/pkgs/by-name/rx'
checking access to '/nix/store/j3sna6r5nrrqj5b3pslyc520cycfa43m-source/pkgs/by-name/ry'
checking access to '/nix/store/j3sna6r5nrrqj5b3pslyc520cycfa43m-source/pkgs/by-name/rz'
checking access to '/nix/store/j3sna6r5nrrqj5b3pslyc520cycfa43m-source/pkgs/by-name/s-'
checking access to '/nix/store/j3sna6r5nrrqj5b3pslyc520cycfa43m-source/pkgs/by-name/s0'
checking access to '/nix/store/j3sna6r5nrrqj5b3pslyc520cycfa43m-source/pkgs/by-name/s2'
checking access to '/nix/store/j3sna6r5nrrqj5b3pslyc520cycfa43m-source/pkgs/by-name/s3'
checking access to '/nix/store/j3sna6r5nrrqj5b3pslyc520cycfa43m-source/pkgs/by-name/s4'
checking access to '/nix/store/j3sna6r5nrrqj5b3pslyc520cycfa43m-source/pkgs/by-name/s5'
checking access to '/nix/store/j3sna6r5nrrqj5b3pslyc520cycfa43m-source/pkgs/by-name/s7'
checking access to '/nix/store/j3sna6r5nrrqj5b3pslyc520cycfa43m-source/pkgs/by-name/s9'
checking access to '/nix/store/j3sna6r5nrrqj5b3pslyc520cycfa43m-source/pkgs/by-name/sa'
checking access to '/nix/store/j3sna6r5nrrqj5b3pslyc520cycfa43m-source/pkgs/by-name/sb'
checking access to '/nix/store/j3sna6r5nrrqj5b3pslyc520cycfa43m-source/pkgs/by-name/sc'
checking access to '/nix/store/j3sna6r5nrrqj5b3pslyc520cycfa43m-source/pkgs/by-name/sd'
checking access to '/nix/store/j3sna6r5nrrqj5b3pslyc520cycfa43m-source/pkgs/by-name/se'
checking access to '/nix/store/j3sna6r5nrrqj5b3pslyc520cycfa43m-source/pkgs/by-name/sf'
checking access to '/nix/store/j3sna6r5nrrqj5b3pslyc520cycfa43m-source/pkgs/by-name/sg'
checking access to '/nix/store/j3sna6r5nrrqj5b3pslyc520cycfa43m-source/pkgs/by-name/sh'
checking access to '/nix/store/j3sna6r5nrrqj5b3pslyc520cycfa43m-source/pkgs/by-name/si'
checking access to '/nix/store/j3sna6r5nrrqj5b3pslyc520cycfa43m-source/pkgs/by-name/sj'
checking access to '/nix/store/j3sna6r5nrrqj5b3pslyc520cycfa43m-source/pkgs/by-name/sk'
checking access to '/nix/store/j3sna6r5nrrqj5b3pslyc520cycfa43m-source/pkgs/by-name/sl'
checking access to '/nix/store/j3sna6r5nrrqj5b3pslyc520cycfa43m-source/pkgs/by-name/sm'
checking access to '/nix/store/j3sna6r5nrrqj5b3pslyc520cycfa43m-source/pkgs/by-name/sn'
checking access to '/nix/store/j3sna6r5nrrqj5b3pslyc520cycfa43m-source/pkgs/by-name/so'
checking access to '/nix/store/j3sna6r5nrrqj5b3pslyc520cycfa43m-source/pkgs/by-name/sp'
checking access to '/nix/store/j3sna6r5nrrqj5b3pslyc520cycfa43m-source/pkgs/by-name/sq'
checking access to '/nix/store/j3sna6r5nrrqj5b3pslyc520cycfa43m-source/pkgs/by-name/sr'
checking access to '/nix/store/j3sna6r5nrrqj5b3pslyc520cycfa43m-source/pkgs/by-name/ss'
checking access to '/nix/store/j3sna6r5nrrqj5b3pslyc520cycfa43m-source/pkgs/by-name/st'
checking access to '/nix/store/j3sna6r5nrrqj5b3pslyc520cycfa43m-source/pkgs/by-name/su'
checking access to '/nix/store/j3sna6r5nrrqj5b3pslyc520cycfa43m-source/pkgs/by-name/sv'
checking access to '/nix/store/j3sna6r5nrrqj5b3pslyc520cycfa43m-source/pkgs/by-name/sw'
checking access to '/nix/store/j3sna6r5nrrqj5b3pslyc520cycfa43m-source/pkgs/by-name/sx'
checking access to '/nix/store/j3sna6r5nrrqj5b3pslyc520cycfa43m-source/pkgs/by-name/sy'
checking access to '/nix/store/j3sna6r5nrrqj5b3pslyc520cycfa43m-source/pkgs/by-name/sz'
checking access to '/nix/store/j3sna6r5nrrqj5b3pslyc520cycfa43m-source/pkgs/by-name/t'
checking access to '/nix/store/j3sna6r5nrrqj5b3pslyc520cycfa43m-source/pkgs/by-name/t-'
checking access to '/nix/store/j3sna6r5nrrqj5b3pslyc520cycfa43m-source/pkgs/by-name/t1'
checking access to '/nix/store/j3sna6r5nrrqj5b3pslyc520cycfa43m-source/pkgs/by-name/t3'
checking access to '/nix/store/j3sna6r5nrrqj5b3pslyc520cycfa43m-source/pkgs/by-name/t4'
checking access to '/nix/store/j3sna6r5nrrqj5b3pslyc520cycfa43m-source/pkgs/by-name/ta'
checking access to '/nix/store/j3sna6r5nrrqj5b3pslyc520cycfa43m-source/pkgs/by-name/tb'
checking access to '/nix/store/j3sna6r5nrrqj5b3pslyc520cycfa43m-source/pkgs/by-name/tc'
checking access to '/nix/store/j3sna6r5nrrqj5b3pslyc520cycfa43m-source/pkgs/by-name/td'
checking access to '/nix/store/j3sna6r5nrrqj5b3pslyc520cycfa43m-source/pkgs/by-name/te'
checking access to '/nix/store/j3sna6r5nrrqj5b3pslyc520cycfa43m-source/pkgs/by-name/tf'
checking access to '/nix/store/j3sna6r5nrrqj5b3pslyc520cycfa43m-source/pkgs/by-name/tg'
checking access to '/nix/store/j3sna6r5nrrqj5b3pslyc520cycfa43m-source/pkgs/by-name/th'
checking access to '/nix/store/j3sna6r5nrrqj5b3pslyc520cycfa43m-source/pkgs/by-name/ti'
checking access to '/nix/store/j3sna6r5nrrqj5b3pslyc520cycfa43m-source/pkgs/by-name/tk'
checking access to '/nix/store/j3sna6r5nrrqj5b3pslyc520cycfa43m-source/pkgs/by-name/tl'
checking access to '/nix/store/j3sna6r5nrrqj5b3pslyc520cycfa43m-source/pkgs/by-name/tm'
checking access to '/nix/store/j3sna6r5nrrqj5b3pslyc520cycfa43m-source/pkgs/by-name/tn'
checking access to '/nix/store/j3sna6r5nrrqj5b3pslyc520cycfa43m-source/pkgs/by-name/to'
checking access to '/nix/store/j3sna6r5nrrqj5b3pslyc520cycfa43m-source/pkgs/by-name/tp'
checking access to '/nix/store/j3sna6r5nrrqj5b3pslyc520cycfa43m-source/pkgs/by-name/tq'
checking access to '/nix/store/j3sna6r5nrrqj5b3pslyc520cycfa43m-source/pkgs/by-name/tr'
checking access to '/nix/store/j3sna6r5nrrqj5b3pslyc520cycfa43m-source/pkgs/by-name/ts'
checking access to '/nix/store/j3sna6r5nrrqj5b3pslyc520cycfa43m-source/pkgs/by-name/tt'
checking access to '/nix/store/j3sna6r5nrrqj5b3pslyc520cycfa43m-source/pkgs/by-name/tu'
checking access to '/nix/store/j3sna6r5nrrqj5b3pslyc520cycfa43m-source/pkgs/by-name/tv'
checking access to '/nix/store/j3sna6r5nrrqj5b3pslyc520cycfa43m-source/pkgs/by-name/tw'
checking access to '/nix/store/j3sna6r5nrrqj5b3pslyc520cycfa43m-source/pkgs/by-name/tx'
checking access to '/nix/store/j3sna6r5nrrqj5b3pslyc520cycfa43m-source/pkgs/by-name/ty'
checking access to '/nix/store/j3sna6r5nrrqj5b3pslyc520cycfa43m-source/pkgs/by-name/tz'
checking access to '/nix/store/j3sna6r5nrrqj5b3pslyc520cycfa43m-source/pkgs/by-name/u-'
checking access to '/nix/store/j3sna6r5nrrqj5b3pslyc520cycfa43m-source/pkgs/by-name/u0'
checking access to '/nix/store/j3sna6r5nrrqj5b3pslyc520cycfa43m-source/pkgs/by-name/u2'
checking access to '/nix/store/j3sna6r5nrrqj5b3pslyc520cycfa43m-source/pkgs/by-name/u3'
checking access to '/nix/store/j3sna6r5nrrqj5b3pslyc520cycfa43m-source/pkgs/by-name/u9'
checking access to '/nix/store/j3sna6r5nrrqj5b3pslyc520cycfa43m-source/pkgs/by-name/ua'
checking access to '/nix/store/j3sna6r5nrrqj5b3pslyc520cycfa43m-source/pkgs/by-name/ub'
checking access to '/nix/store/j3sna6r5nrrqj5b3pslyc520cycfa43m-source/pkgs/by-name/uc'
checking access to '/nix/store/j3sna6r5nrrqj5b3pslyc520cycfa43m-source/pkgs/by-name/ud'
checking access to '/nix/store/j3sna6r5nrrqj5b3pslyc520cycfa43m-source/pkgs/by-name/ue'
checking access to '/nix/store/j3sna6r5nrrqj5b3pslyc520cycfa43m-source/pkgs/by-name/uf'
checking access to '/nix/store/j3sna6r5nrrqj5b3pslyc520cycfa43m-source/pkgs/by-name/ug'
checking access to '/nix/store/j3sna6r5nrrqj5b3pslyc520cycfa43m-source/pkgs/by-name/uh'
checking access to '/nix/store/j3sna6r5nrrqj5b3pslyc520cycfa43m-source/pkgs/by-name/ui'
checking access to '/nix/store/j3sna6r5nrrqj5b3pslyc520cycfa43m-source/pkgs/by-name/uk'
checking access to '/nix/store/j3sna6r5nrrqj5b3pslyc520cycfa43m-source/pkgs/by-name/ul'
checking access to '/nix/store/j3sna6r5nrrqj5b3pslyc520cycfa43m-source/pkgs/by-name/um'
checking access to '/nix/store/j3sna6r5nrrqj5b3pslyc520cycfa43m-source/pkgs/by-name/un'
checking access to '/nix/store/j3sna6r5nrrqj5b3pslyc520cycfa43m-source/pkgs/by-name/up'
checking access to '/nix/store/j3sna6r5nrrqj5b3pslyc520cycfa43m-source/pkgs/by-name/uq'
checking access to '/nix/store/j3sna6r5nrrqj5b3pslyc520cycfa43m-source/pkgs/by-name/ur'
checking access to '/nix/store/j3sna6r5nrrqj5b3pslyc520cycfa43m-source/pkgs/by-name/us'
checking access to '/nix/store/j3sna6r5nrrqj5b3pslyc520cycfa43m-source/pkgs/by-name/ut'
checking access to '/nix/store/j3sna6r5nrrqj5b3pslyc520cycfa43m-source/pkgs/by-name/uu'
checking access to '/nix/store/j3sna6r5nrrqj5b3pslyc520cycfa43m-source/pkgs/by-name/uv'
checking access to '/nix/store/j3sna6r5nrrqj5b3pslyc520cycfa43m-source/pkgs/by-name/uw'
checking access to '/nix/store/j3sna6r5nrrqj5b3pslyc520cycfa43m-source/pkgs/by-name/ux'
checking access to '/nix/store/j3sna6r5nrrqj5b3pslyc520cycfa43m-source/pkgs/by-name/v2'
checking access to '/nix/store/j3sna6r5nrrqj5b3pslyc520cycfa43m-source/pkgs/by-name/v4'
checking access to '/nix/store/j3sna6r5nrrqj5b3pslyc520cycfa43m-source/pkgs/by-name/va'
checking access to '/nix/store/j3sna6r5nrrqj5b3pslyc520cycfa43m-source/pkgs/by-name/vb'
checking access to '/nix/store/j3sna6r5nrrqj5b3pslyc520cycfa43m-source/pkgs/by-name/vc'
checking access to '/nix/store/j3sna6r5nrrqj5b3pslyc520cycfa43m-source/pkgs/by-name/vd'
checking access to '/nix/store/j3sna6r5nrrqj5b3pslyc520cycfa43m-source/pkgs/by-name/ve'
checking access to '/nix/store/j3sna6r5nrrqj5b3pslyc520cycfa43m-source/pkgs/by-name/vf'
checking access to '/nix/store/j3sna6r5nrrqj5b3pslyc520cycfa43m-source/pkgs/by-name/vg'
checking access to '/nix/store/j3sna6r5nrrqj5b3pslyc520cycfa43m-source/pkgs/by-name/vh'
checking access to '/nix/store/j3sna6r5nrrqj5b3pslyc520cycfa43m-source/pkgs/by-name/vi'
checking access to '/nix/store/j3sna6r5nrrqj5b3pslyc520cycfa43m-source/pkgs/by-name/vk'
checking access to '/nix/store/j3sna6r5nrrqj5b3pslyc520cycfa43m-source/pkgs/by-name/vl'
checking access to '/nix/store/j3sna6r5nrrqj5b3pslyc520cycfa43m-source/pkgs/by-name/vm'
checking access to '/nix/store/j3sna6r5nrrqj5b3pslyc520cycfa43m-source/pkgs/by-name/vn'
checking access to '/nix/store/j3sna6r5nrrqj5b3pslyc520cycfa43m-source/pkgs/by-name/vo'
checking access to '/nix/store/j3sna6r5nrrqj5b3pslyc520cycfa43m-source/pkgs/by-name/vp'
checking access to '/nix/store/j3sna6r5nrrqj5b3pslyc520cycfa43m-source/pkgs/by-name/vr'
checking access to '/nix/store/j3sna6r5nrrqj5b3pslyc520cycfa43m-source/pkgs/by-name/vs'
checking access to '/nix/store/j3sna6r5nrrqj5b3pslyc520cycfa43m-source/pkgs/by-name/vt'
checking access to '/nix/store/j3sna6r5nrrqj5b3pslyc520cycfa43m-source/pkgs/by-name/vu'
checking access to '/nix/store/j3sna6r5nrrqj5b3pslyc520cycfa43m-source/pkgs/by-name/vv'
checking access to '/nix/store/j3sna6r5nrrqj5b3pslyc520cycfa43m-source/pkgs/by-name/vw'
checking access to '/nix/store/j3sna6r5nrrqj5b3pslyc520cycfa43m-source/pkgs/by-name/vx'
checking access to '/nix/store/j3sna6r5nrrqj5b3pslyc520cycfa43m-source/pkgs/by-name/vy'
checking access to '/nix/store/j3sna6r5nrrqj5b3pslyc520cycfa43m-source/pkgs/by-name/vz'
checking access to '/nix/store/j3sna6r5nrrqj5b3pslyc520cycfa43m-source/pkgs/by-name/w3'
checking access to '/nix/store/j3sna6r5nrrqj5b3pslyc520cycfa43m-source/pkgs/by-name/w_'
checking access to '/nix/store/j3sna6r5nrrqj5b3pslyc520cycfa43m-source/pkgs/by-name/wa'
checking access to '/nix/store/j3sna6r5nrrqj5b3pslyc520cycfa43m-source/pkgs/by-name/wb'
checking access to '/nix/store/j3sna6r5nrrqj5b3pslyc520cycfa43m-source/pkgs/by-name/wc'
checking access to '/nix/store/j3sna6r5nrrqj5b3pslyc520cycfa43m-source/pkgs/by-name/wd'
checking access to '/nix/store/j3sna6r5nrrqj5b3pslyc520cycfa43m-source/pkgs/by-name/we'
checking access to '/nix/store/j3sna6r5nrrqj5b3pslyc520cycfa43m-source/pkgs/by-name/wf'
checking access to '/nix/store/j3sna6r5nrrqj5b3pslyc520cycfa43m-source/pkgs/by-name/wg'
checking access to '/nix/store/j3sna6r5nrrqj5b3pslyc520cycfa43m-source/pkgs/by-name/wh'
checking access to '/nix/store/j3sna6r5nrrqj5b3pslyc520cycfa43m-source/pkgs/by-name/wi'
checking access to '/nix/store/j3sna6r5nrrqj5b3pslyc520cycfa43m-source/pkgs/by-name/wk'
checking access to '/nix/store/j3sna6r5nrrqj5b3pslyc520cycfa43m-source/pkgs/by-name/wl'
checking access to '/nix/store/j3sna6r5nrrqj5b3pslyc520cycfa43m-source/pkgs/by-name/wm'
checking access to '/nix/store/j3sna6r5nrrqj5b3pslyc520cycfa43m-source/pkgs/by-name/wo'
checking access to '/nix/store/j3sna6r5nrrqj5b3pslyc520cycfa43m-source/pkgs/by-name/wp'
checking access to '/nix/store/j3sna6r5nrrqj5b3pslyc520cycfa43m-source/pkgs/by-name/wq'
checking access to '/nix/store/j3sna6r5nrrqj5b3pslyc520cycfa43m-source/pkgs/by-name/wr'
checking access to '/nix/store/j3sna6r5nrrqj5b3pslyc520cycfa43m-source/pkgs/by-name/ws'
checking access to '/nix/store/j3sna6r5nrrqj5b3pslyc520cycfa43m-source/pkgs/by-name/wt'
checking access to '/nix/store/j3sna6r5nrrqj5b3pslyc520cycfa43m-source/pkgs/by-name/wu'
checking access to '/nix/store/j3sna6r5nrrqj5b3pslyc520cycfa43m-source/pkgs/by-name/wv'
checking access to '/nix/store/j3sna6r5nrrqj5b3pslyc520cycfa43m-source/pkgs/by-name/ww'
checking access to '/nix/store/j3sna6r5nrrqj5b3pslyc520cycfa43m-source/pkgs/by-name/wx'
checking access to '/nix/store/j3sna6r5nrrqj5b3pslyc520cycfa43m-source/pkgs/by-name/wy'
checking access to '/nix/store/j3sna6r5nrrqj5b3pslyc520cycfa43m-source/pkgs/by-name/x-'
checking access to '/nix/store/j3sna6r5nrrqj5b3pslyc520cycfa43m-source/pkgs/by-name/x1'
checking access to '/nix/store/j3sna6r5nrrqj5b3pslyc520cycfa43m-source/pkgs/by-name/x2'
checking access to '/nix/store/j3sna6r5nrrqj5b3pslyc520cycfa43m-source/pkgs/by-name/x3'
checking access to '/nix/store/j3sna6r5nrrqj5b3pslyc520cycfa43m-source/pkgs/by-name/x4'
checking access to '/nix/store/j3sna6r5nrrqj5b3pslyc520cycfa43m-source/pkgs/by-name/x8'
checking access to '/nix/store/j3sna6r5nrrqj5b3pslyc520cycfa43m-source/pkgs/by-name/xa'
checking access to '/nix/store/j3sna6r5nrrqj5b3pslyc520cycfa43m-source/pkgs/by-name/xb'
checking access to '/nix/store/j3sna6r5nrrqj5b3pslyc520cycfa43m-source/pkgs/by-name/xc'
checking access to '/nix/store/j3sna6r5nrrqj5b3pslyc520cycfa43m-source/pkgs/by-name/xd'
checking access to '/nix/store/j3sna6r5nrrqj5b3pslyc520cycfa43m-source/pkgs/by-name/xe'
checking access to '/nix/store/j3sna6r5nrrqj5b3pslyc520cycfa43m-source/pkgs/by-name/xf'
checking access to '/nix/store/j3sna6r5nrrqj5b3pslyc520cycfa43m-source/pkgs/by-name/xg'
checking access to '/nix/store/j3sna6r5nrrqj5b3pslyc520cycfa43m-source/pkgs/by-name/xh'
checking access to '/nix/store/j3sna6r5nrrqj5b3pslyc520cycfa43m-source/pkgs/by-name/xi'
checking access to '/nix/store/j3sna6r5nrrqj5b3pslyc520cycfa43m-source/pkgs/by-name/xj'
checking access to '/nix/store/j3sna6r5nrrqj5b3pslyc520cycfa43m-source/pkgs/by-name/xk'
checking access to '/nix/store/j3sna6r5nrrqj5b3pslyc520cycfa43m-source/pkgs/by-name/xl'
checking access to '/nix/store/j3sna6r5nrrqj5b3pslyc520cycfa43m-source/pkgs/by-name/xm'
checking access to '/nix/store/j3sna6r5nrrqj5b3pslyc520cycfa43m-source/pkgs/by-name/xn'
checking access to '/nix/store/j3sna6r5nrrqj5b3pslyc520cycfa43m-source/pkgs/by-name/xo'
checking access to '/nix/store/j3sna6r5nrrqj5b3pslyc520cycfa43m-source/pkgs/by-name/xp'
checking access to '/nix/store/j3sna6r5nrrqj5b3pslyc520cycfa43m-source/pkgs/by-name/xq'
checking access to '/nix/store/j3sna6r5nrrqj5b3pslyc520cycfa43m-source/pkgs/by-name/xr'
checking access to '/nix/store/j3sna6r5nrrqj5b3pslyc520cycfa43m-source/pkgs/by-name/xs'
checking access to '/nix/store/j3sna6r5nrrqj5b3pslyc520cycfa43m-source/pkgs/by-name/xt'
checking access to '/nix/store/j3sna6r5nrrqj5b3pslyc520cycfa43m-source/pkgs/by-name/xu'
checking access to '/nix/store/j3sna6r5nrrqj5b3pslyc520cycfa43m-source/pkgs/by-name/xv'
checking access to '/nix/store/j3sna6r5nrrqj5b3pslyc520cycfa43m-source/pkgs/by-name/xw'
checking access to '/nix/store/j3sna6r5nrrqj5b3pslyc520cycfa43m-source/pkgs/by-name/xx'
checking access to '/nix/store/j3sna6r5nrrqj5b3pslyc520cycfa43m-source/pkgs/by-name/xy'
checking access to '/nix/store/j3sna6r5nrrqj5b3pslyc520cycfa43m-source/pkgs/by-name/xz'
checking access to '/nix/store/j3sna6r5nrrqj5b3pslyc520cycfa43m-source/pkgs/by-name/y-'
checking access to '/nix/store/j3sna6r5nrrqj5b3pslyc520cycfa43m-source/pkgs/by-name/ya'
checking access to '/nix/store/j3sna6r5nrrqj5b3pslyc520cycfa43m-source/pkgs/by-name/yc'
checking access to '/nix/store/j3sna6r5nrrqj5b3pslyc520cycfa43m-source/pkgs/by-name/yd'
checking access to '/nix/store/j3sna6r5nrrqj5b3pslyc520cycfa43m-source/pkgs/by-name/ye'
checking access to '/nix/store/j3sna6r5nrrqj5b3pslyc520cycfa43m-source/pkgs/by-name/yf'
checking access to '/nix/store/j3sna6r5nrrqj5b3pslyc520cycfa43m-source/pkgs/by-name/yg'
checking access to '/nix/store/j3sna6r5nrrqj5b3pslyc520cycfa43m-source/pkgs/by-name/yi'
checking access to '/nix/store/j3sna6r5nrrqj5b3pslyc520cycfa43m-source/pkgs/by-name/yj'
checking access to '/nix/store/j3sna6r5nrrqj5b3pslyc520cycfa43m-source/pkgs/by-name/yl'
checking access to '/nix/store/j3sna6r5nrrqj5b3pslyc520cycfa43m-source/pkgs/by-name/ym'
checking access to '/nix/store/j3sna6r5nrrqj5b3pslyc520cycfa43m-source/pkgs/by-name/yn'
checking access to '/nix/store/j3sna6r5nrrqj5b3pslyc520cycfa43m-source/pkgs/by-name/yo'
checking access to '/nix/store/j3sna6r5nrrqj5b3pslyc520cycfa43m-source/pkgs/by-name/yp'
checking access to '/nix/store/j3sna6r5nrrqj5b3pslyc520cycfa43m-source/pkgs/by-name/yq'
checking access to '/nix/store/j3sna6r5nrrqj5b3pslyc520cycfa43m-source/pkgs/by-name/ys'
checking access to '/nix/store/j3sna6r5nrrqj5b3pslyc520cycfa43m-source/pkgs/by-name/yt'
checking access to '/nix/store/j3sna6r5nrrqj5b3pslyc520cycfa43m-source/pkgs/by-name/yu'
checking access to '/nix/store/j3sna6r5nrrqj5b3pslyc520cycfa43m-source/pkgs/by-name/yx'
checking access to '/nix/store/j3sna6r5nrrqj5b3pslyc520cycfa43m-source/pkgs/by-name/yy'
checking access to '/nix/store/j3sna6r5nrrqj5b3pslyc520cycfa43m-source/pkgs/by-name/z-'
checking access to '/nix/store/j3sna6r5nrrqj5b3pslyc520cycfa43m-source/pkgs/by-name/z3'
checking access to '/nix/store/j3sna6r5nrrqj5b3pslyc520cycfa43m-source/pkgs/by-name/z8'
checking access to '/nix/store/j3sna6r5nrrqj5b3pslyc520cycfa43m-source/pkgs/by-name/za'
checking access to '/nix/store/j3sna6r5nrrqj5b3pslyc520cycfa43m-source/pkgs/by-name/zb'
checking access to '/nix/store/j3sna6r5nrrqj5b3pslyc520cycfa43m-source/pkgs/by-name/zc'
checking access to '/nix/store/j3sna6r5nrrqj5b3pslyc520cycfa43m-source/pkgs/by-name/zd'
checking access to '/nix/store/j3sna6r5nrrqj5b3pslyc520cycfa43m-source/pkgs/by-name/ze'
checking access to '/nix/store/j3sna6r5nrrqj5b3pslyc520cycfa43m-source/pkgs/by-name/zf'
checking access to '/nix/store/j3sna6r5nrrqj5b3pslyc520cycfa43m-source/pkgs/by-name/zg'
checking access to '/nix/store/j3sna6r5nrrqj5b3pslyc520cycfa43m-source/pkgs/by-name/zi'
checking access to '/nix/store/j3sna6r5nrrqj5b3pslyc520cycfa43m-source/pkgs/by-name/zk'
checking access to '/nix/store/j3sna6r5nrrqj5b3pslyc520cycfa43m-source/pkgs/by-name/zl'
checking access to '/nix/store/j3sna6r5nrrqj5b3pslyc520cycfa43m-source/pkgs/by-name/zm'
checking access to '/nix/store/j3sna6r5nrrqj5b3pslyc520cycfa43m-source/pkgs/by-name/zn'
checking access to '/nix/store/j3sna6r5nrrqj5b3pslyc520cycfa43m-source/pkgs/by-name/zo'
checking access to '/nix/store/j3sna6r5nrrqj5b3pslyc520cycfa43m-source/pkgs/by-name/zp'
checking access to '/nix/store/j3sna6r5nrrqj5b3pslyc520cycfa43m-source/pkgs/by-name/zr'
checking access to '/nix/store/j3sna6r5nrrqj5b3pslyc520cycfa43m-source/pkgs/by-name/zs'
checking access to '/nix/store/j3sna6r5nrrqj5b3pslyc520cycfa43m-source/pkgs/by-name/zt'
checking access to '/nix/store/j3sna6r5nrrqj5b3pslyc520cycfa43m-source/pkgs/by-name/zu'
checking access to '/nix/store/j3sna6r5nrrqj5b3pslyc520cycfa43m-source/pkgs/by-name/zv'
checking access to '/nix/store/j3sna6r5nrrqj5b3pslyc520cycfa43m-source/pkgs/by-name/zw'
checking access to '/nix/store/j3sna6r5nrrqj5b3pslyc520cycfa43m-source/pkgs/by-name/zx'
checking access to '/nix/store/j3sna6r5nrrqj5b3pslyc520cycfa43m-source/pkgs/by-name/zy'
checking access to '/nix/store/j3sna6r5nrrqj5b3pslyc520cycfa43m-source/pkgs/by-name/zz'
checking access to '/nix/store/j3sna6r5nrrqj5b3pslyc520cycfa43m-source/pkgs/top-level/all-packages.nix'
evaluating file '/nix/store/j3sna6r5nrrqj5b3pslyc520cycfa43m-source/pkgs/top-level/all-packages.nix'
checking access to '/nix/store/j3sna6r5nrrqj5b3pslyc520cycfa43m-source/pkgs/top-level/aliases.nix'
evaluating file '/nix/store/j3sna6r5nrrqj5b3pslyc520cycfa43m-source/pkgs/top-level/aliases.nix'
checking access to '/nix/store/j3sna6r5nrrqj5b3pslyc520cycfa43m-source/pkgs/top-level/variants.nix'
evaluating file '/nix/store/j3sna6r5nrrqj5b3pslyc520cycfa43m-source/pkgs/top-level/variants.nix'
checking access to '/nix/store/j3sna6r5nrrqj5b3pslyc520cycfa43m-source/pkgs/stdenv/generic'
evaluating file '/nix/store/j3sna6r5nrrqj5b3pslyc520cycfa43m-source/pkgs/stdenv/generic/default.nix'
checking access to '/nix/store/j3sna6r5nrrqj5b3pslyc520cycfa43m-source/pkgs/stdenv/generic/default.nix'
checking access to '/nix/store/j3sna6r5nrrqj5b3pslyc520cycfa43m-source/lib/customisation.nix'
evaluating file '/nix/store/j3sna6r5nrrqj5b3pslyc520cycfa43m-source/lib/customisation.nix'
checking access to '/nix/store/j3sna6r5nrrqj5b3pslyc520cycfa43m-source/pkgs/build-support/bintools-wrapper'
evaluating file '/nix/store/j3sna6r5nrrqj5b3pslyc520cycfa43m-source/pkgs/build-support/bintools-wrapper/default.nix'
checking access to '/nix/store/j3sna6r5nrrqj5b3pslyc520cycfa43m-source/pkgs/build-support/bintools-wrapper/default.nix'
checking access to '/nix/store/j3sna6r5nrrqj5b3pslyc520cycfa43m-source/pkgs/stdenv/generic/make-derivation.nix'
evaluating file '/nix/store/j3sna6r5nrrqj5b3pslyc520cycfa43m-source/pkgs/stdenv/generic/make-derivation.nix'
checking access to '/nix/store/j3sna6r5nrrqj5b3pslyc520cycfa43m-source/lib/asserts.nix'
evaluating file '/nix/store/j3sna6r5nrrqj5b3pslyc520cycfa43m-source/lib/asserts.nix'
checking access to '/nix/store/j3sna6r5nrrqj5b3pslyc520cycfa43m-source/pkgs/stdenv/generic/check-meta.nix'
evaluating file '/nix/store/j3sna6r5nrrqj5b3pslyc520cycfa43m-source/pkgs/stdenv/generic/check-meta.nix'
checking access to '/nix/store/j3sna6r5nrrqj5b3pslyc520cycfa43m-source/pkgs/development/tools/misc/binutils'
evaluating file '/nix/store/j3sna6r5nrrqj5b3pslyc520cycfa43m-source/pkgs/development/tools/misc/binutils/default.nix'
checking access to '/nix/store/j3sna6r5nrrqj5b3pslyc520cycfa43m-source/pkgs/development/tools/misc/binutils/default.nix'
checking access to '/nix/store/j3sna6r5nrrqj5b3pslyc520cycfa43m-source/pkgs/servers/x11/xorg/default.nix'
evaluating file '/nix/store/j3sna6r5nrrqj5b3pslyc520cycfa43m-source/pkgs/servers/x11/xorg/default.nix'
checking access to '/nix/store/j3sna6r5nrrqj5b3pslyc520cycfa43m-source/pkgs/servers/x11/xorg/overrides.nix'
evaluating file '/nix/store/j3sna6r5nrrqj5b3pslyc520cycfa43m-source/pkgs/servers/x11/xorg/overrides.nix'
checking access to '/nix/store/j3sna6r5nrrqj5b3pslyc520cycfa43m-source/pkgs/build-support/cc-wrapper'
evaluating file '/nix/store/j3sna6r5nrrqj5b3pslyc520cycfa43m-source/pkgs/build-support/cc-wrapper/default.nix'
checking access to '/nix/store/j3sna6r5nrrqj5b3pslyc520cycfa43m-source/pkgs/build-support/cc-wrapper/default.nix'
checking access to '/nix/store/j3sna6r5nrrqj5b3pslyc520cycfa43m-source/lib/meta.nix'
evaluating file '/nix/store/j3sna6r5nrrqj5b3pslyc520cycfa43m-source/lib/meta.nix'
copied source '/nix/store/j3sna6r5nrrqj5b3pslyc520cycfa43m-source/pkgs/stdenv/generic/source-stdenv.sh' -> '/nix/store/l622p70vy8k5sh7y5wizi5f2mic6ynpg-source-stdenv.sh'
copied source '/nix/store/j3sna6r5nrrqj5b3pslyc520cycfa43m-source/pkgs/stdenv/generic/default-builder.sh' -> '/nix/store/shkw4qm9qcw5sc5n1k5jznc83ny02r39-default-builder.sh'
copied source '/nix/store/j3sna6r5nrrqj5b3pslyc520cycfa43m-source/pkgs/stdenv/linux/bootstrap-tools/glibc/unpack-bootstrap-tools.sh' -> '/nix/store/i9nx0dp1khrgikqr95ryy2jkigr4c5yv-unpack-bootstrap-tools.sh'
checking access to '/nix/store/j3sna6r5nrrqj5b3pslyc520cycfa43m-source/pkgs/stdenv/linux/bootstrap-files/aarch64-unknown-linux-gnu.nix'
evaluating file '/nix/store/j3sna6r5nrrqj5b3pslyc520cycfa43m-source/pkgs/stdenv/linux/bootstrap-files/aarch64-unknown-linux-gnu.nix'
instantiated 'busybox' -> '/nix/store/kkzdj37qs76c4c78jh78ggk2kwgwbkry-busybox.drv'
instantiated 'bootstrap-tools.tar.xz' -> '/nix/store/0y1j8ip2wdgwwr4hcpzxsxnnd4llnrxj-bootstrap-tools.tar.xz.drv'
instantiated 'bootstrap-tools' -> '/nix/store/8mlaj7pmb6y6pw0m8z2ci0gg17sz7brf-bootstrap-tools.drv'
checking access to '/nix/store/j3sna6r5nrrqj5b3pslyc520cycfa43m-source/pkgs/build-support/lib/cmake.nix'
evaluating file '/nix/store/j3sna6r5nrrqj5b3pslyc520cycfa43m-source/pkgs/build-support/lib/cmake.nix'
checking access to '/nix/store/j3sna6r5nrrqj5b3pslyc520cycfa43m-source/pkgs/build-support/lib/meson.nix'
evaluating file '/nix/store/j3sna6r5nrrqj5b3pslyc520cycfa43m-source/pkgs/build-support/lib/meson.nix'
copied source '/nix/store/j3sna6r5nrrqj5b3pslyc520cycfa43m-source/pkgs/stdenv/generic/builder.sh' -> '/nix/store/cnss4bmvsa7kjmghgksgcadrxsvkyla1-builder.sh'
copied source '/nix/store/j3sna6r5nrrqj5b3pslyc520cycfa43m-source/pkgs/build-support/setup-hooks/no-broken-symlinks.sh' -> '/nix/store/0y5xmdb7qfvimjwbq7ibg1xdgkgjwqng-no-broken-symlinks.sh'
copied source '/nix/store/j3sna6r5nrrqj5b3pslyc520cycfa43m-source/pkgs/build-support/setup-hooks/audit-tmpdir.sh' -> '/nix/store/cv1d7p48379km6a85h4zp6kr86brh32q-audit-tmpdir.sh'
copied source '/nix/store/j3sna6r5nrrqj5b3pslyc520cycfa43m-source/pkgs/build-support/setup-hooks/compress-man-pages.sh' -> '/nix/store/85clx3b0xkdf58jn161iy80y5223ilbi-compress-man-pages.sh'
copied source '/nix/store/j3sna6r5nrrqj5b3pslyc520cycfa43m-source/pkgs/build-support/setup-hooks/make-symlinks-relative.sh' -> '/nix/store/wgrbkkaldkrlrni33ccvm3b6vbxzb656-make-symlinks-relative.sh'
copied source '/nix/store/j3sna6r5nrrqj5b3pslyc520cycfa43m-source/pkgs/build-support/setup-hooks/move-docs.sh' -> '/nix/store/5yzw0vhkyszf2d179m0qfkgxmp5wjjx4-move-docs.sh'
copied source '/nix/store/j3sna6r5nrrqj5b3pslyc520cycfa43m-source/pkgs/build-support/setup-hooks/move-lib64.sh' -> '/nix/store/fyaryjvghbkpfnsyw97hb3lyb37s1pd6-move-lib64.sh'
copied source '/nix/store/j3sna6r5nrrqj5b3pslyc520cycfa43m-source/pkgs/build-support/setup-hooks/move-sbin.sh' -> '/nix/store/kd4xwxjpjxi71jkm6ka0np72if9rm3y0-move-sbin.sh'
copied source '/nix/store/j3sna6r5nrrqj5b3pslyc520cycfa43m-source/pkgs/build-support/setup-hooks/move-systemd-user-units.sh' -> '/nix/store/pag6l61paj1dc9sv15l7bm5c17xn5kyk-move-systemd-user-units.sh'
copied source '/nix/store/j3sna6r5nrrqj5b3pslyc520cycfa43m-source/pkgs/build-support/setup-hooks/multiple-outputs.sh' -> '/nix/store/cmzya9irvxzlkh7lfy6i82gbp0saxqj3-multiple-outputs.sh'
copied source '/nix/store/j3sna6r5nrrqj5b3pslyc520cycfa43m-source/pkgs/build-support/setup-hooks/patch-shebangs.sh' -> '/nix/store/x8c40nfigps493a07sdr2pm5s9j1cdc0-patch-shebangs.sh'
copied source '/nix/store/j3sna6r5nrrqj5b3pslyc520cycfa43m-source/pkgs/build-support/setup-hooks/prune-libtool-files.sh' -> '/nix/store/cickvswrvann041nqxb0rxilc46svw1n-prune-libtool-files.sh'
copied source '/nix/store/j3sna6r5nrrqj5b3pslyc520cycfa43m-source/pkgs/build-support/setup-hooks/reproducible-builds.sh' -> '/nix/store/xyff06pkhki3qy1ls77w10s0v79c9il0-reproducible-builds.sh'
copied source '/nix/store/j3sna6r5nrrqj5b3pslyc520cycfa43m-source/pkgs/build-support/setup-hooks/set-source-date-epoch-to-latest.sh' -> '/nix/store/z7k98578dfzi6l3hsvbivzm7hfqlk0zc-set-source-date-epoch-to-latest.sh'
copied source '/nix/store/j3sna6r5nrrqj5b3pslyc520cycfa43m-source/pkgs/build-support/setup-hooks/strip.sh' -> '/nix/store/pilsssjjdxvdphlg2h19p0bfx5q0jzkn-strip.sh'
copied source '/nix/store/j3sna6r5nrrqj5b3pslyc520cycfa43m-source/pkgs/stdenv/generic/setup.sh' -> '/nix/store/qz36dkinx4pg0p2ry7dzj66s469awic2-setup.sh'
instantiated 'bootstrap-stage0-stdenv-linux' -> '/nix/store/1mlz42ig29fh60jigqf72szzrzk9mcnm-bootstrap-stage0-stdenv-linux.drv'
instantiated 'bootstrap-stage0-glibc-bootstrapFiles' -> '/nix/store/nz75xj96crphd3v1bqkil8wqifqa71ng-bootstrap-stage0-glibc-bootstrapFiles.drv'
checking access to '/nix/store/j3sna6r5nrrqj5b3pslyc520cycfa43m-source/pkgs/development/tools/misc/patchelf'
evaluating file '/nix/store/j3sna6r5nrrqj5b3pslyc520cycfa43m-source/pkgs/development/tools/misc/patchelf/default.nix'
checking access to '/nix/store/j3sna6r5nrrqj5b3pslyc520cycfa43m-source/pkgs/development/tools/misc/patchelf/default.nix'
checking access to '/nix/store/j3sna6r5nrrqj5b3pslyc520cycfa43m-source/pkgs/development/compilers/gcc/all.nix'
evaluating file '/nix/store/j3sna6r5nrrqj5b3pslyc520cycfa43m-source/pkgs/development/compilers/gcc/all.nix'
checking access to '/nix/store/j3sna6r5nrrqj5b3pslyc520cycfa43m-source/pkgs/development/compilers/gcc/versions.nix'
evaluating file '/nix/store/j3sna6r5nrrqj5b3pslyc520cycfa43m-source/pkgs/development/compilers/gcc/versions.nix'
checking access to '/nix/store/j3sna6r5nrrqj5b3pslyc520cycfa43m-source/pkgs/development/compilers/gcc/default.nix'
evaluating file '/nix/store/j3sna6r5nrrqj5b3pslyc520cycfa43m-source/pkgs/development/compilers/gcc/default.nix'
checking access to '/nix/store/j3sna6r5nrrqj5b3pslyc520cycfa43m-source/pkgs/development/compilers/gcc/common/libgcc.nix'
evaluating file '/nix/store/j3sna6r5nrrqj5b3pslyc520cycfa43m-source/pkgs/development/compilers/gcc/common/libgcc.nix'
checking access to '/nix/store/j3sna6r5nrrqj5b3pslyc520cycfa43m-source/pkgs/development/compilers/gcc/common/builder.nix'
evaluating file '/nix/store/j3sna6r5nrrqj5b3pslyc520cycfa43m-source/pkgs/development/compilers/gcc/common/builder.nix'
checking access to '/nix/store/j3sna6r5nrrqj5b3pslyc520cycfa43m-source/pkgs/development/compilers/gcc/common/meta.nix'
evaluating file '/nix/store/j3sna6r5nrrqj5b3pslyc520cycfa43m-source/pkgs/development/compilers/gcc/common/meta.nix'
checking access to '/nix/store/j3sna6r5nrrqj5b3pslyc520cycfa43m-source/pkgs/development/compilers/gcc/common/checksum.nix'
evaluating file '/nix/store/j3sna6r5nrrqj5b3pslyc520cycfa43m-source/pkgs/development/compilers/gcc/common/checksum.nix'
checking access to '/nix/store/j3sna6r5nrrqj5b3pslyc520cycfa43m-source/pkgs/development/libraries/glibc'
evaluating file '/nix/store/j3sna6r5nrrqj5b3pslyc520cycfa43m-source/pkgs/development/libraries/glibc/default.nix'
checking access to '/nix/store/j3sna6r5nrrqj5b3pslyc520cycfa43m-source/pkgs/development/libraries/glibc/default.nix'
checking access to '/nix/store/j3sna6r5nrrqj5b3pslyc520cycfa43m-source/pkgs/development/libraries/glibc/common.nix'
evaluating file '/nix/store/j3sna6r5nrrqj5b3pslyc520cycfa43m-source/pkgs/development/libraries/glibc/common.nix'
checking access to '/nix/store/j3sna6r5nrrqj5b3pslyc520cycfa43m-source/pkgs/os-specific/linux/kernel-headers'
evaluating file '/nix/store/j3sna6r5nrrqj5b3pslyc520cycfa43m-source/pkgs/os-specific/linux/kernel-headers/default.nix'
checking access to '/nix/store/j3sna6r5nrrqj5b3pslyc520cycfa43m-source/pkgs/os-specific/linux/kernel-headers/default.nix'
checking access to '/nix/store/j3sna6r5nrrqj5b3pslyc520cycfa43m-source/pkgs/development/libraries/gmp/6.x.nix'
evaluating file '/nix/store/j3sna6r5nrrqj5b3pslyc520cycfa43m-source/pkgs/development/libraries/gmp/6.x.nix'
checking access to '/nix/store/j3sna6r5nrrqj5b3pslyc520cycfa43m-source/pkgs/development/libraries/isl/0.20.0.nix'
evaluating file '/nix/store/j3sna6r5nrrqj5b3pslyc520cycfa43m-source/pkgs/development/libraries/isl/0.20.0.nix'
checking access to '/nix/store/j3sna6r5nrrqj5b3pslyc520cycfa43m-source/pkgs/development/libraries/isl/generic.nix'
evaluating file '/nix/store/j3sna6r5nrrqj5b3pslyc520cycfa43m-source/pkgs/development/libraries/isl/generic.nix'
checking access to '/nix/store/j3sna6r5nrrqj5b3pslyc520cycfa43m-source/pkgs/by-name/li/libmpc/package.nix'
evaluating file '/nix/store/j3sna6r5nrrqj5b3pslyc520cycfa43m-source/pkgs/by-name/li/libmpc/package.nix'
checking access to '/nix/store/j3sna6r5nrrqj5b3pslyc520cycfa43m-source/pkgs/by-name/mp/mpfr/package.nix'
evaluating file '/nix/store/j3sna6r5nrrqj5b3pslyc520cycfa43m-source/pkgs/by-name/mp/mpfr/package.nix'
checking access to '/nix/store/j3sna6r5nrrqj5b3pslyc520cycfa43m-source/lib/licenses.nix'
evaluating file '/nix/store/j3sna6r5nrrqj5b3pslyc520cycfa43m-source/lib/licenses.nix'
checking access to '/nix/store/j3sna6r5nrrqj5b3pslyc520cycfa43m-source/lib/systems/doubles.nix'
evaluating file '/nix/store/j3sna6r5nrrqj5b3pslyc520cycfa43m-source/lib/systems/doubles.nix'
checking access to '/nix/store/j3sna6r5nrrqj5b3pslyc520cycfa43m-source/maintainers/team-list.nix'
evaluating file '/nix/store/j3sna6r5nrrqj5b3pslyc520cycfa43m-source/maintainers/team-list.nix'
checking access to '/nix/store/j3sna6r5nrrqj5b3pslyc520cycfa43m-source/pkgs/development/libraries/zlib'
evaluating file '/nix/store/j3sna6r5nrrqj5b3pslyc520cycfa43m-source/pkgs/development/libraries/zlib/default.nix'
checking access to '/nix/store/j3sna6r5nrrqj5b3pslyc520cycfa43m-source/pkgs/development/libraries/zlib/default.nix'
checking access to '/nix/store/j3sna6r5nrrqj5b3pslyc520cycfa43m-source/pkgs/build-support/fetchurl/boot.nix'
evaluating file '/nix/store/j3sna6r5nrrqj5b3pslyc520cycfa43m-source/pkgs/build-support/fetchurl/boot.nix'
instantiated 'zlib-1.3.1.tar.gz' -> '/nix/store/gyks6vvl7x0gq214ldjhi3w4rg37nh8i-zlib-1.3.1.tar.gz.drv'
copied source '/nix/store/j3sna6r5nrrqj5b3pslyc520cycfa43m-source/pkgs/build-support/setup-hooks/update-autotools-gnu-config-scripts.sh' -> '/nix/store/96rvfw5vlv1hwwm9sdxhdkkpjyym6p2x-update-autotools-gnu-config-scripts.sh'
checking access to '/nix/store/j3sna6r5nrrqj5b3pslyc520cycfa43m-source/pkgs/by-name/gn/gnu-config/package.nix'
evaluating file '/nix/store/j3sna6r5nrrqj5b3pslyc520cycfa43m-source/pkgs/by-name/gn/gnu-config/package.nix'
instantiated 'config.guess-948ae97' -> '/nix/store/bamwxswxacs3cjdcydv0z7bj22d7g2kc-config.guess-948ae97.drv'
instantiated 'config.sub-948ae97' -> '/nix/store/nbsdqpfzh1jlpmh95s69b3iivfcvv3lh-config.sub-948ae97.drv'
instantiated 'gnu-config-2024-01-01' -> '/nix/store/agcbrckv8s036cih0yrql9kj01dvan5m-gnu-config-2024-01-01.drv'
instantiated 'bootstrap-stage0-stdenv-linux' -> '/nix/store/1mlz42ig29fh60jigqf72szzrzk9mcnm-bootstrap-stage0-stdenv-linux.drv'
instantiated 'update-autotools-gnu-config-scripts-hook' -> '/nix/store/5kqk5syf4yywmlfqfngqpmx0zd43zqb8-update-autotools-gnu-config-scripts-hook.drv'
copied source '/nix/store/j3sna6r5nrrqj5b3pslyc520cycfa43m-source/pkgs/build-support/bintools-wrapper/ld-wrapper.sh' -> '/nix/store/rap0pbdq6h9jmabwlpa19c4ynnfcccqp-ld-wrapper.sh'
copied source '/nix/store/j3sna6r5nrrqj5b3pslyc520cycfa43m-source/pkgs/build-support/bintools-wrapper/gnu-binutils-strip-wrapper.sh' -> '/nix/store/m9qvr6m0bylrjqb5ind6hfzsax14xys9-gnu-binutils-strip-wrapper.sh'
copied source '/nix/store/j3sna6r5nrrqj5b3pslyc520cycfa43m-source/pkgs/build-support/bintools-wrapper/add-flags.sh' -> '/nix/store/mrzpfh0ml9k07sw019ydagbb2z1q4sxz-add-flags.sh'
copied source '/nix/store/j3sna6r5nrrqj5b3pslyc520cycfa43m-source/pkgs/build-support/bintools-wrapper/add-hardening.sh' -> '/nix/store/9rq2ab2wl3ia1ism6zjvdxcnpv9s9rgn-add-hardening.sh'
copied source '/nix/store/j3sna6r5nrrqj5b3pslyc520cycfa43m-source/pkgs/build-support/wrapper-common/utils.bash' -> '/nix/store/6b9v7v02npab086yaba2j4yfqrph5mgp-utils.bash'
copied source '/nix/store/j3sna6r5nrrqj5b3pslyc520cycfa43m-source/pkgs/build-support/wrapper-common/darwin-sdk-setup.bash' -> '/nix/store/6xizqkp4bnhydwc7ihyqi93171gbj5n4-darwin-sdk-setup.bash'
copied source '/nix/store/j3sna6r5nrrqj5b3pslyc520cycfa43m-source/pkgs/build-support/setup-hooks/role.bash' -> '/nix/store/v9034cqc4h5bm10z4vz3n1q2n55grv5y-role.bash'
copied source '/nix/store/j3sna6r5nrrqj5b3pslyc520cycfa43m-source/pkgs/build-support/bintools-wrapper/setup-hook.sh' -> '/nix/store/0zmg36dmrb9v7bc7b7igmi434nhi1qp9-setup-hook.sh'
instantiated 'bootstrap-stage0-binutils-wrapper-' -> '/nix/store/dfzbqfx7hxlc7vxxw4riyzw9xcipb7zc-bootstrap-stage0-binutils-wrapper-.drv'
copied source '/nix/store/j3sna6r5nrrqj5b3pslyc520cycfa43m-source/pkgs/build-support/cc-wrapper/add-flags.sh' -> '/nix/store/x7zciwy1fy9v9yc5y5lk5iycfwglkd5d-add-flags.sh'
copied source '/nix/store/j3sna6r5nrrqj5b3pslyc520cycfa43m-source/pkgs/build-support/cc-wrapper/add-hardening.sh' -> '/nix/store/rm02bjyzb77ak024dsyg5xr5pj8ckinq-add-hardening.sh'
copied source '/nix/store/j3sna6r5nrrqj5b3pslyc520cycfa43m-source/pkgs/build-support/cc-wrapper/setup-hook.sh' -> '/nix/store/znnnjr9ym1v5am6adg4x3pl0l6zx6xqk-setup-hook.sh'
copied source '/nix/store/j3sna6r5nrrqj5b3pslyc520cycfa43m-source/pkgs/build-support/cc-wrapper/cc-wrapper.sh' -> '/nix/store/0qgixi3v9rh8z2r2kc1xkmc85wvhxzlx-cc-wrapper.sh'
instantiated 'bootstrap-stage1-gcc-wrapper-' -> '/nix/store/7cl020vw26cqa2pggqfskld33shrz00f-bootstrap-stage1-gcc-wrapper-.drv'
instantiated 'bootstrap-stage1-stdenv-linux' -> '/nix/store/786bj95lacfwkg8w6arcmi6sbv74n12g-bootstrap-stage1-stdenv-linux.drv'
instantiated 'zlib-1.3.1' -> '/nix/store/gg7gifamwahcz8778jykd94wcp9w155q-zlib-1.3.1.drv'
checking access to '/nix/store/j3sna6r5nrrqj5b3pslyc520cycfa43m-source/pkgs/development/libraries/gettext'
evaluating file '/nix/store/j3sna6r5nrrqj5b3pslyc520cycfa43m-source/pkgs/development/libraries/gettext/default.nix'
checking access to '/nix/store/j3sna6r5nrrqj5b3pslyc520cycfa43m-source/pkgs/development/libraries/gettext/default.nix'
checking access to '/nix/store/j3sna6r5nrrqj5b3pslyc520cycfa43m-source/pkgs/shells/bash/5.nix'
evaluating file '/nix/store/j3sna6r5nrrqj5b3pslyc520cycfa43m-source/pkgs/shells/bash/5.nix'
checking access to '/nix/store/j3sna6r5nrrqj5b3pslyc520cycfa43m-source/pkgs/shells/bash/bash-5.3-patches.nix'
evaluating file '/nix/store/j3sna6r5nrrqj5b3pslyc520cycfa43m-source/pkgs/shells/bash/bash-5.3-patches.nix'
instantiated 'config.guess-948ae97' -> '/nix/store/bamwxswxacs3cjdcydv0z7bj22d7g2kc-config.guess-948ae97.drv'
instantiated 'config.sub-948ae97' -> '/nix/store/nbsdqpfzh1jlpmh95s69b3iivfcvv3lh-config.sub-948ae97.drv'
instantiated 'gnu-config-2024-01-01' -> '/nix/store/5lmrz5iw3ikyhnmz8k6gbmlc7vm9hvm5-gnu-config-2024-01-01.drv'
instantiated 'bootstrap-stage1-stdenv-linux' -> '/nix/store/ndja5g1lcbz0x3f31x6bw1c31a2w059q-bootstrap-stage1-stdenv-linux.drv'
instantiated 'update-autotools-gnu-config-scripts-hook' -> '/nix/store/77xcga7nw896640igz12f5b7r0d43qs4-update-autotools-gnu-config-scripts-hook.drv'
checking access to '/nix/store/j3sna6r5nrrqj5b3pslyc520cycfa43m-source/pkgs/by-name/bi/bison/package.nix'
evaluating file '/nix/store/j3sna6r5nrrqj5b3pslyc520cycfa43m-source/pkgs/by-name/bi/bison/package.nix'
checking access to '/nix/store/j3sna6r5nrrqj5b3pslyc520cycfa43m-source/pkgs/by-name/gn/gnum4/package.nix'
evaluating file '/nix/store/j3sna6r5nrrqj5b3pslyc520cycfa43m-source/pkgs/by-name/gn/gnum4/package.nix'
checking access to '/nix/store/j3sna6r5nrrqj5b3pslyc520cycfa43m-source/pkgs/build-support/fetchurl/mirrors.nix'
evaluating file '/nix/store/j3sna6r5nrrqj5b3pslyc520cycfa43m-source/pkgs/build-support/fetchurl/mirrors.nix'
instantiated 'm4-1.4.20.tar.bz2' -> '/nix/store/j54kvd8mlj8cl9ycvlkh5987fqvzl4p5-m4-1.4.20.tar.bz2.drv'
instantiated 'gnum4-1.4.20' -> '/nix/store/mllkzm72c32yv93j456rzv0ab1y25xym-gnum4-1.4.20.drv'
checking access to '/nix/store/j3sna6r5nrrqj5b3pslyc520cycfa43m-source/pkgs/development/interpreters/perl'
evaluating file '/nix/store/j3sna6r5nrrqj5b3pslyc520cycfa43m-source/pkgs/development/interpreters/perl/default.nix'
checking access to '/nix/store/j3sna6r5nrrqj5b3pslyc520cycfa43m-source/pkgs/development/interpreters/perl/default.nix'
checking access to '/nix/store/j3sna6r5nrrqj5b3pslyc520cycfa43m-source/pkgs/development/interpreters/perl/interpreter.nix'
evaluating file '/nix/store/j3sna6r5nrrqj5b3pslyc520cycfa43m-source/pkgs/development/interpreters/perl/interpreter.nix'
checking access to '/nix/store/j3sna6r5nrrqj5b3pslyc520cycfa43m-source/pkgs/development/libraries/libxcrypt'
evaluating file '/nix/store/j3sna6r5nrrqj5b3pslyc520cycfa43m-source/pkgs/development/libraries/libxcrypt/default.nix'
checking access to '/nix/store/j3sna6r5nrrqj5b3pslyc520cycfa43m-source/pkgs/development/libraries/libxcrypt/default.nix'
checking access to '/nix/store/j3sna6r5nrrqj5b3pslyc520cycfa43m-source/lib/versions.nix'
evaluating file '/nix/store/j3sna6r5nrrqj5b3pslyc520cycfa43m-source/lib/versions.nix'
copied source '/nix/store/j3sna6r5nrrqj5b3pslyc520cycfa43m-source/pkgs/development/interpreters/perl/CVE-2024-56406.patch' -> '/nix/store/1r5zv195y7b7b5q2daf5p82s2m6r4rg4-CVE-2024-56406.patch'
copied source '/nix/store/j3sna6r5nrrqj5b3pslyc520cycfa43m-source/pkgs/development/interpreters/perl/CVE-2025-40909.patch' -> '/nix/store/bk3ma1jlibc4gbkzy523qgz4gqh3817j-CVE-2025-40909.patch'
copied source '/nix/store/j3sna6r5nrrqj5b3pslyc520cycfa43m-source/pkgs/development/interpreters/perl/no-sys-dirs-5.40.0.patch' -> '/nix/store/al2qf1gbai7mz1ixbsw6idai0l2gf1v2-no-sys-dirs-5.40.0.patch'
copied source '/nix/store/j3sna6r5nrrqj5b3pslyc520cycfa43m-source/pkgs/development/interpreters/perl/fix-build-with-only-C-locale-5.40.0.patch' -> '/nix/store/2gcllnmq329byln64bfzw47kzi1bdvv5-fix-build-with-only-C-locale-5.40.0.patch'
copied source '/nix/store/j3sna6r5nrrqj5b3pslyc520cycfa43m-source/pkgs/development/interpreters/perl/setup-hook.sh' -> '/nix/store/dm81j9qdcdr4c458pqbc9wvq9ymgzk4m-setup-hook.sh'
instantiated 'perl-5.40.0.tar.gz' -> '/nix/store/z2rvjzfm2crd6hs6qfdwwq4bhk27zw9r-perl-5.40.0.tar.gz.drv'
instantiated 'perl-5.40.0' -> '/nix/store/j7dp1q16v0i5lz7ws18vwci9nflxysaz-perl-5.40.0.drv'
instantiated 'bison-3.8.2.tar.gz' -> '/nix/store/vgjfnqbxgxa8a5575bhq07nm35b2l31m-bison-3.8.2.tar.gz.drv'
instantiated 'bison-3.8.2' -> '/nix/store/f7ii81y1lj5smf55j8jc7ar0zkg36g2q-bison-3.8.2.drv'
copied source '/nix/store/j3sna6r5nrrqj5b3pslyc520cycfa43m-source/pkgs/build-support/setup-hooks/separate-debug-info.sh' -> '/nix/store/r989dk196nl9frhnfsa1lb7knhbyjxw6-separate-debug-info.sh'
instantiated 'bash53-001' -> '/nix/store/avf6vbj4jmpnn5cdsjyj2693samnvqsa-bash53-001.drv'
instantiated 'bash53-002' -> '/nix/store/ii3jsqp9rrwv0g21lwbvb94ddg8c5m7n-bash53-002.drv'
instantiated 'bash53-003' -> '/nix/store/5m6vm7vkilsgas517yf8f321k5r3g1m3-bash53-003.drv'
copied source '/nix/store/j3sna6r5nrrqj5b3pslyc520cycfa43m-source/pkgs/shells/bash/pgrp-pipe-5.patch' -> '/nix/store/yq0lz1byj4v2rym2ng23a3nj4n6pvqdj-pgrp-pipe-5.patch'
instantiated 'bash-5.3.tar.gz' -> '/nix/store/y84saga4qsmk7xrprd0qv8rgdqjk67g1-bash-5.3.tar.gz.drv'
instantiated 'bash-5.3p3' -> '/nix/store/91f2jdbv4dwpc7qzwfwnk051l62j1g5g-bash-5.3p3.drv'
copied source '/nix/store/j3sna6r5nrrqj5b3pslyc520cycfa43m-source/pkgs/development/libraries/gettext/absolute-paths.diff' -> '/nix/store/p2fp6i7hjx9af1wbwr32k217wp2dxmiw-absolute-paths.diff'
copied source '/nix/store/j3sna6r5nrrqj5b3pslyc520cycfa43m-source/pkgs/development/libraries/gettext/0001-msginit-Do-not-use-POT-Creation-Date.patch' -> '/nix/store/yqwx9yln5i68nw61mmp9gz066yz3ri99-0001-msginit-Do-not-use-POT-Creation-Date.patch'
copied source '/nix/store/j3sna6r5nrrqj5b3pslyc520cycfa43m-source/pkgs/development/libraries/gettext/memory-safety.patch' -> '/nix/store/aah2digzsx02nnm0761jimpyd9g6iihg-memory-safety.patch'
copied source '/nix/store/j3sna6r5nrrqj5b3pslyc520cycfa43m-source/pkgs/development/libraries/gettext/gettext-setup-hook.sh' -> '/nix/store/ny42y6hs4p294rvnrwbmrpwzqghw2816-gettext-setup-hook.sh'
instantiated 'gettext-0.25.1.tar.gz' -> '/nix/store/vmhss394mpk9262p6jijry11g72pwpgg-gettext-0.25.1.tar.gz.drv'
instantiated 'gettext-0.25.1' -> '/nix/store/7nqgc39yq42n8hrim9cgrjb7nw82na4i-gettext-0.25.1.drv'
checking access to '/nix/store/j3sna6r5nrrqj5b3pslyc520cycfa43m-source/pkgs/by-name/ex/expand-response-params/package.nix'
evaluating file '/nix/store/j3sna6r5nrrqj5b3pslyc520cycfa43m-source/pkgs/by-name/ex/expand-response-params/package.nix'
copied source '/nix/store/j3sna6r5nrrqj5b3pslyc520cycfa43m-source/pkgs/by-name/ex/expand-response-params/expand-response-params.c' -> '/nix/store/jik02mkz72r2f6hhxnlhp6h5f0fi89gw-expand-response-params.c'
instantiated 'expand-response-params' -> '/nix/store/calj9qcwlmb6w9m9041wk5g0h11njbql-expand-response-params.drv'
instantiated 'bootstrap-stage-xgcc-gcc-wrapper-' -> '/nix/store/rxd880nfn2lzvn4kr540k7qgl1h25vaw-bootstrap-stage-xgcc-gcc-wrapper-.drv'
copied source '/nix/store/j3sna6r5nrrqj5b3pslyc520cycfa43m-source/pkgs/development/tools/misc/binutils/deterministic.patch' -> '/nix/store/sqbhaaayam0xw3a3164ks1vvbrdhl9vq-deterministic.patch'
copied source '/nix/store/j3sna6r5nrrqj5b3pslyc520cycfa43m-source/pkgs/development/tools/misc/binutils/0001-Revert-libtool.m4-fix-the-NM-nm-over-here-B-option-w.patch' -> '/nix/store/xrw086zw3xqsvy9injgil8n2qdkvkpff-0001-Revert-libtool.m4-fix-the-NM-nm-over-here-B-option-w.patch'
copied source '/nix/store/j3sna6r5nrrqj5b3pslyc520cycfa43m-source/pkgs/development/tools/misc/binutils/0001-Revert-libtool.m4-fix-nm-BSD-flag-detection.patch' -> '/nix/store/0df8rz15sp4ai6md99q5qy9lf0srji5z-0001-Revert-libtool.m4-fix-nm-BSD-flag-detection.patch'
copied source '/nix/store/j3sna6r5nrrqj5b3pslyc520cycfa43m-source/pkgs/development/tools/misc/binutils/always-search-rpath.patch' -> '/nix/store/pa83jbilxjpv5d4f62l3as4wg2fri7r7-always-search-rpath.patch'
copied source '/nix/store/j3sna6r5nrrqj5b3pslyc520cycfa43m-source/pkgs/development/tools/misc/binutils/plugins-no-BINDIR.patch' -> '/nix/store/rf3kjgy7pbvymp55hxw28dg5g937lmcv-plugins-no-BINDIR.patch'
copied source '/nix/store/j3sna6r5nrrqj5b3pslyc520cycfa43m-source/pkgs/development/tools/misc/binutils/0001-libtool.m4-update-macos-version-detection-block.patch' -> '/nix/store/awl9cirmdhg3la4fgcd9hs1fdn7ifqr0-0001-libtool.m4-update-macos-version-detection-block.patch'
copied source '/nix/store/j3sna6r5nrrqj5b3pslyc520cycfa43m-source/pkgs/development/tools/misc/binutils/avr-size.patch' -> '/nix/store/xsknmwfnbkh1m643isys7f61z93k5rp0-avr-size.patch'
copied source '/nix/store/j3sna6r5nrrqj5b3pslyc520cycfa43m-source/pkgs/development/tools/misc/binutils/windres-locate-gcc.patch' -> '/nix/store/d6jzf3bhlvbcm08m0d0fvqv1xw8s2vq7-windres-locate-gcc.patch'
instantiated 'binutils-with-gold-2.44.tar.bz2' -> '/nix/store/44sw3grr08hzn0jjg6vcdlxwpakf9jbq-binutils-with-gold-2.44.tar.bz2.drv'
instantiated 'bootstrap-stage-xgcc-stdenv-linux' -> '/nix/store/9hm1a3d2yx0b1r0kmcwz4rppjlp6zm0s-bootstrap-stage-xgcc-stdenv-linux.drv'
instantiated 'binutils-2.44' -> '/nix/store/sdm38vvbm8gaykgy6lm5a44vvg0h1jj2-binutils-2.44.drv'
instantiated 'expand-response-params' -> '/nix/store/kndg9ncl08a1j5hk3xr4qhcqb7vmghsw-expand-response-params.drv'
instantiated 'bootstrap-stage-xgcc-stdenv-linux' -> '/nix/store/7vl08wqbrly26q0plbw5kbj0c6qsfz76-bootstrap-stage-xgcc-stdenv-linux.drv'
instantiated 'binutils-wrapper-2.44' -> '/nix/store/ff83gq0laxzixm1wl6fivayi973gl4mf-binutils-wrapper-2.44.drv'
checking access to '/nix/store/j3sna6r5nrrqj5b3pslyc520cycfa43m-source/pkgs/development/compilers/gcc/common/extra-target-flags.nix'
evaluating file '/nix/store/j3sna6r5nrrqj5b3pslyc520cycfa43m-source/pkgs/development/compilers/gcc/common/extra-target-flags.nix'
checking access to '/nix/store/j3sna6r5nrrqj5b3pslyc520cycfa43m-source/pkgs/development/compilers/gcc/common/dependencies.nix'
evaluating file '/nix/store/j3sna6r5nrrqj5b3pslyc520cycfa43m-source/pkgs/development/compilers/gcc/common/dependencies.nix'
instantiated 'gmp-6.3.0.tar.bz2' -> '/nix/store/z4x4wa4ahsc6xn40j847dsrnagxd41w0-gmp-6.3.0.tar.bz2.drv'
instantiated 'gmp-6.3.0' -> '/nix/store/dsf95sqfwlpms080hrcy4s8y880vn0nh-gmp-6.3.0.drv'
instantiated 'config.guess-948ae97' -> '/nix/store/bamwxswxacs3cjdcydv0z7bj22d7g2kc-config.guess-948ae97.drv'
instantiated 'config.sub-948ae97' -> '/nix/store/nbsdqpfzh1jlpmh95s69b3iivfcvv3lh-config.sub-948ae97.drv'
instantiated 'gnu-config-2024-01-01' -> '/nix/store/jyamfi1f4vymbggjk4as6qn40w6yz4qm-gnu-config-2024-01-01.drv'
instantiated 'update-autotools-gnu-config-scripts-hook' -> '/nix/store/n748x5cdhifsddc9jii7gccf2ir856ys-update-autotools-gnu-config-scripts-hook.drv'
instantiated 'mpfr-4.2.2.tar.xz' -> '/nix/store/ixwy12didmgk7j4z7ghlirpw46ahmhbd-mpfr-4.2.2.tar.xz.drv'
instantiated 'mpfr-4.2.2' -> '/nix/store/rdlybkfb526xjgfnnfl7ypya9aiddw4j-mpfr-4.2.2.drv'
instantiated 'mpc-1.3.1.tar.gz' -> '/nix/store/156yvnw4g1h0gv1s8p7bray6hyn43f8q-mpc-1.3.1.tar.gz.drv'
instantiated 'libmpc-1.3.1' -> '/nix/store/vvbixazwp70gwvn74c3h76wiyickf3yn-libmpc-1.3.1.drv'
instantiated 'perl-5.40.0.tar.gz' -> '/nix/store/z2rvjzfm2crd6hs6qfdwwq4bhk27zw9r-perl-5.40.0.tar.gz.drv'
instantiated 'perl-5.40.0' -> '/nix/store/j7dp1q16v0i5lz7ws18vwci9nflxysaz-perl-5.40.0.drv'
instantiated 'libxcrypt-4.4.38.tar.xz' -> '/nix/store/rc3vnisrzmh0ydp6c1sifcaad232w1fj-libxcrypt-4.4.38.tar.xz.drv'
instantiated 'libxcrypt-4.4.38' -> '/nix/store/b6s81ar633623rrdm288x43v5yc7dmyq-libxcrypt-4.4.38.drv'
instantiated 'isl-0.20.tar.xz' -> '/nix/store/qxz8v1gxrrw9j138k2ajl36vcajra8mb-isl-0.20.tar.xz.drv'
instantiated 'isl-0.20' -> '/nix/store/2q8gw941h420p9j39d4ffga1ryy485r1-isl-0.20.drv'
checking access to '/nix/store/j3sna6r5nrrqj5b3pslyc520cycfa43m-source/pkgs/development/compilers/gcc/common/configure-flags.nix'
evaluating file '/nix/store/j3sna6r5nrrqj5b3pslyc520cycfa43m-source/pkgs/development/compilers/gcc/common/configure-flags.nix'
checking access to '/nix/store/j3sna6r5nrrqj5b3pslyc520cycfa43m-source/pkgs/development/compilers/gcc/common/platform-flags.nix'
evaluating file '/nix/store/j3sna6r5nrrqj5b3pslyc520cycfa43m-source/pkgs/development/compilers/gcc/common/platform-flags.nix'
copied source '/nix/store/j3sna6r5nrrqj5b3pslyc520cycfa43m-source/pkgs/development/tools/misc/patchelf/setup-hook.sh' -> '/nix/store/v7ihfx32zv7bdha6i9dd6a3r0knzs8j3-setup-hook.sh'
instantiated 'patchelf-0.15.2.tar.bz2' -> '/nix/store/0i89ydplmfyhw5rykihdpcr1ndki1bp3-patchelf-0.15.2.tar.bz2.drv'
instantiated 'patchelf-0.15.2' -> '/nix/store/204dx1cv3m0j0qqj58zasynic71gddh5-patchelf-0.15.2.drv'
checking access to '/nix/store/j3sna6r5nrrqj5b3pslyc520cycfa43m-source/pkgs/development/tools/misc/texinfo/packages.nix'
evaluating file '/nix/store/j3sna6r5nrrqj5b3pslyc520cycfa43m-source/pkgs/development/tools/misc/texinfo/packages.nix'
checking access to '/nix/store/j3sna6r5nrrqj5b3pslyc520cycfa43m-source/pkgs/development/tools/misc/texinfo/common.nix'
evaluating file '/nix/store/j3sna6r5nrrqj5b3pslyc520cycfa43m-source/pkgs/development/tools/misc/texinfo/common.nix'
instantiated 'texinfo-7.2.tar.xz' -> '/nix/store/896vsnl7w7rhd17b65j8sp3g4kc0zh35-texinfo-7.2.tar.xz.drv'
instantiated 'texinfo-7.2' -> '/nix/store/cbicfandlrw2ciakxbfrd4qbpbagpjs5-texinfo-7.2.drv'
checking access to '/nix/store/j3sna6r5nrrqj5b3pslyc520cycfa43m-source/pkgs/by-name/wh/which/package.nix'
evaluating file '/nix/store/j3sna6r5nrrqj5b3pslyc520cycfa43m-source/pkgs/by-name/wh/which/package.nix'
instantiated 'which-2.23.tar.gz' -> '/nix/store/g39zbiv8d8qbgzkqk2s03zdfc39b1j4a-which-2.23.tar.gz.drv'
instantiated 'which-2.23' -> '/nix/store/q22hx4iw71dmlyggvcqw8yqlxgblhm3v-which-2.23.drv'
checking access to '/nix/store/j3sna6r5nrrqj5b3pslyc520cycfa43m-source/pkgs/development/compilers/gcc/patches'
evaluating file '/nix/store/j3sna6r5nrrqj5b3pslyc520cycfa43m-source/pkgs/development/compilers/gcc/patches/default.nix'
checking access to '/nix/store/j3sna6r5nrrqj5b3pslyc520cycfa43m-source/pkgs/development/compilers/gcc/patches/default.nix'
copied source '/nix/store/j3sna6r5nrrqj5b3pslyc520cycfa43m-source/pkgs/development/compilers/gcc/patches/gcc-12-no-sys-dirs.patch' -> '/nix/store/9577hmdlmhki67cg8ar85cvidyg7xr7p-gcc-12-no-sys-dirs.patch'
copied source '/nix/store/j3sna6r5nrrqj5b3pslyc520cycfa43m-source/pkgs/development/compilers/gcc/patches/13/no-sys-dirs-riscv.patch' -> '/nix/store/7x6bimj6ipi6ag859gi2fc6by87x37j7-no-sys-dirs-riscv.patch'
copied source '/nix/store/j3sna6r5nrrqj5b3pslyc520cycfa43m-source/pkgs/development/compilers/gcc/patches/13/mangle-NIX_STORE-in-__FILE__.patch' -> '/nix/store/xpplvxiwb4li2qd5nvhyd2mngrpna0ya-mangle-NIX_STORE-in-__FILE__.patch'
copied source '/nix/store/j3sna6r5nrrqj5b3pslyc520cycfa43m-source/pkgs/development/compilers/gcc/patches/ppc-musl.patch' -> '/nix/store/632b0y5mkcdwbsw2g3xh5qznw2vv5axr-ppc-musl.patch'
copied source '/nix/store/j3sna6r5nrrqj5b3pslyc520cycfa43m-source/pkgs/development/compilers/gcc/patches/cfi_startproc-reorder-label-14-1.diff' -> '/nix/store/3cj8qm3xjz1g5f7qnnxlc95i9imkicbk-cfi_startproc-reorder-label-14-1.diff'
instantiated 'bash53-001' -> '/nix/store/avf6vbj4jmpnn5cdsjyj2693samnvqsa-bash53-001.drv'
instantiated 'bash53-002' -> '/nix/store/ii3jsqp9rrwv0g21lwbvb94ddg8c5m7n-bash53-002.drv'
instantiated 'bash53-003' -> '/nix/store/5m6vm7vkilsgas517yf8f321k5r3g1m3-bash53-003.drv'
instantiated 'bash-5.3.tar.gz' -> '/nix/store/y84saga4qsmk7xrprd0qv8rgdqjk67g1-bash-5.3.tar.gz.drv'
instantiated 'bash-5.3p3' -> '/nix/store/s1csmgwkf42kawql9gqalq2x79ilw8xk-bash-5.3p3.drv'
checking access to '/nix/store/j3sna6r5nrrqj5b3pslyc520cycfa43m-source/pkgs/build-support/nuke-references'
evaluating file '/nix/store/j3sna6r5nrrqj5b3pslyc520cycfa43m-source/pkgs/build-support/nuke-references/default.nix'
checking access to '/nix/store/j3sna6r5nrrqj5b3pslyc520cycfa43m-source/pkgs/build-support/nuke-references/default.nix'
copied source '/nix/store/j3sna6r5nrrqj5b3pslyc520cycfa43m-source/pkgs/build-support/nuke-references/nuke-refs.sh' -> '/nix/store/jwwf1w5mf6733p9mgsibvqs0pckbsc5k-nuke-refs.sh'
instantiated 'nuke-references' -> '/nix/store/ghhhncxfyjz68fk6i6lyax44yf2h2mx7-nuke-references.drv'
checking access to '/nix/store/j3sna6r5nrrqj5b3pslyc520cycfa43m-source/pkgs/development/compilers/gcc/common/pre-configure.nix'
evaluating file '/nix/store/j3sna6r5nrrqj5b3pslyc520cycfa43m-source/pkgs/development/compilers/gcc/common/pre-configure.nix'
checking access to '/nix/store/j3sna6r5nrrqj5b3pslyc520cycfa43m-source/pkgs/development/compilers/gcc/common/strip-attributes.nix'
evaluating file '/nix/store/j3sna6r5nrrqj5b3pslyc520cycfa43m-source/pkgs/development/compilers/gcc/common/strip-attributes.nix'
instantiated 'gcc-14.3.0.tar.xz' -> '/nix/store/xnqgvd0v3sq1x2w8ydyp10vmxb0412l1-gcc-14.3.0.tar.xz.drv'
instantiated 'xgcc-14.3.0' -> '/nix/store/pklpwgwf6bhds40jvw1vdfdwwv6861y3-xgcc-14.3.0.drv'
instantiated 'bootstrap-stage2-gcc-wrapper-14.3.0' -> '/nix/store/akl9qj4dpwaddnpz6r1x4h00mrs1v6q6-bootstrap-stage2-gcc-wrapper-14.3.0.drv'
copied source '/nix/store/j3sna6r5nrrqj5b3pslyc520cycfa43m-source/pkgs/os-specific/linux/kernel-headers/no-relocs.patch' -> '/nix/store/69lyjyca86317hdsc1rwf3ahn7s5kiyn-no-relocs.patch'
instantiated 'linux-6.16.tar.xz' -> '/nix/store/awmdz2lkxkdqnhdhk09zy9w7kzpl8jhc-linux-6.16.tar.xz.drv'
instantiated 'bootstrap-stage2-stdenv-linux' -> '/nix/store/l170mbp4fhl6pa64x9pr4wmzni7d2aak-bootstrap-stage2-stdenv-linux.drv'
instantiated 'linux-headers-6.16' -> '/nix/store/rr8mv0j1jcklmrvir7hph51qi328kwp1-linux-headers-6.16.drv'
checking access to '/nix/store/j3sna6r5nrrqj5b3pslyc520cycfa43m-source/pkgs/development/interpreters/python'
evaluating file '/nix/store/j3sna6r5nrrqj5b3pslyc520cycfa43m-source/pkgs/development/interpreters/python/default.nix'
checking access to '/nix/store/j3sna6r5nrrqj5b3pslyc520cycfa43m-source/pkgs/development/interpreters/python/default.nix'
checking access to '/nix/store/j3sna6r5nrrqj5b3pslyc520cycfa43m-source/pkgs/development/interpreters/python/cpython'
evaluating file '/nix/store/j3sna6r5nrrqj5b3pslyc520cycfa43m-source/pkgs/development/interpreters/python/cpython/default.nix'
checking access to '/nix/store/j3sna6r5nrrqj5b3pslyc520cycfa43m-source/pkgs/development/interpreters/python/cpython/default.nix'
checking access to '/nix/store/j3sna6r5nrrqj5b3pslyc520cycfa43m-source/pkgs/development/interpreters/python/passthrufun.nix'
evaluating file '/nix/store/j3sna6r5nrrqj5b3pslyc520cycfa43m-source/pkgs/development/interpreters/python/passthrufun.nix'
instantiated 'bootstrap-stage2-stdenv-linux' -> '/nix/store/7hqay6h7sm78x8x6iia3qz679l8caqng-bootstrap-stage2-stdenv-linux.drv'
instantiated 'config.guess-948ae97' -> '/nix/store/bamwxswxacs3cjdcydv0z7bj22d7g2kc-config.guess-948ae97.drv'
instantiated 'config.sub-948ae97' -> '/nix/store/nbsdqpfzh1jlpmh95s69b3iivfcvv3lh-config.sub-948ae97.drv'
instantiated 'gnu-config-2024-01-01' -> '/nix/store/dwbpqdklmds825hyy1cz5kbxzna3a3i6-gnu-config-2024-01-01.drv'
instantiated 'update-autotools-gnu-config-scripts-hook' -> '/nix/store/l262hz4psvjyh2n5l30j0f1il35p0zqg-update-autotools-gnu-config-scripts-hook.drv'
instantiated 'bash53-001' -> '/nix/store/avf6vbj4jmpnn5cdsjyj2693samnvqsa-bash53-001.drv'
instantiated 'bash53-002' -> '/nix/store/ii3jsqp9rrwv0g21lwbvb94ddg8c5m7n-bash53-002.drv'
instantiated 'bash53-003' -> '/nix/store/5m6vm7vkilsgas517yf8f321k5r3g1m3-bash53-003.drv'
instantiated 'bash-5.3.tar.gz' -> '/nix/store/y84saga4qsmk7xrprd0qv8rgdqjk67g1-bash-5.3.tar.gz.drv'
instantiated 'bash-5.3p3' -> '/nix/store/lm3319y5h8rhj8aph0icmf75wy0n3b8j-bash-5.3p3.drv'
instantiated 'nuke-references' -> '/nix/store/kb075yc2jkxmklpd016rf25rimmm7p84-nuke-references.drv'
copied source '/nix/store/j3sna6r5nrrqj5b3pslyc520cycfa43m-source/pkgs/development/interpreters/python/cpython/3.13/no-ldconfig.patch' -> '/nix/store/s5myj3ybdn7wrsfpydj48mm24vnvw6bc-no-ldconfig.patch'
copied source '/nix/store/j3sna6r5nrrqj5b3pslyc520cycfa43m-source/pkgs/development/interpreters/python/cpython/3.13/virtualenv-permissions.patch' -> '/nix/store/73bwxvdmw63kgb1x27nqr7hh227nz04g-virtualenv-permissions.patch'
checking access to '/nix/store/j3sna6r5nrrqj5b3pslyc520cycfa43m-source/pkgs/development/interpreters/python/setup-hook.nix'
evaluating file '/nix/store/j3sna6r5nrrqj5b3pslyc520cycfa43m-source/pkgs/development/interpreters/python/setup-hook.nix'
copied source '/nix/store/j3sna6r5nrrqj5b3pslyc520cycfa43m-source/pkgs/development/interpreters/python/setup-hook.sh' -> '/nix/store/zi0m9pfmvy5lw89x7a8x674rm99i8qiq-setup-hook.sh'
instantiated 'python-setup-hook.sh' -> '/nix/store/c5z8by9ldp5fg7yxcf8d00b83vfbg21r-python-setup-hook.sh.drv'
instantiated 'Python-3.13.7.tar.xz' -> '/nix/store/giy42bjgsdcvzyz9svxcvxxf9zgjbk1z-Python-3.13.7.tar.xz.drv'
instantiated 'python3-minimal-3.13.7' -> '/nix/store/xvqp21d3a5rvln4c3p5mb4rpgpjf3886-python3-minimal-3.13.7.drv'
copied source '/nix/store/j3sna6r5nrrqj5b3pslyc520cycfa43m-source/pkgs/development/libraries/glibc/2.40-master.patch' -> '/nix/store/2wlbvj13lm5rln4i71b3972lcfd91hzs-2.40-master.patch'
copied source '/nix/store/j3sna6r5nrrqj5b3pslyc520cycfa43m-source/pkgs/development/libraries/glibc/nix-locale-archive.patch' -> '/nix/store/nc5hqqizlj7042vvhvx121kzf4nwh35p-nix-locale-archive.patch'
copied source '/nix/store/j3sna6r5nrrqj5b3pslyc520cycfa43m-source/pkgs/development/libraries/glibc/dont-use-system-ld-so-cache.patch' -> '/nix/store/b1w7zbvm39ff1i52iyjggyvw2rdxz104-dont-use-system-ld-so-cache.patch'
copied source '/nix/store/j3sna6r5nrrqj5b3pslyc520cycfa43m-source/pkgs/development/libraries/glibc/dont-use-system-ld-so-preload.patch' -> '/nix/store/mnglr8rr7nl444h7p50ysyq8qd0fm1lm-dont-use-system-ld-so-preload.patch'
copied source '/nix/store/j3sna6r5nrrqj5b3pslyc520cycfa43m-source/pkgs/development/libraries/glibc/fix_path_attribute_in_getconf.patch' -> '/nix/store/za0pg7fmysrcwrqcal26fnmzw6vycgdn-fix_path_attribute_in_getconf.patch'
copied source '/nix/store/j3sna6r5nrrqj5b3pslyc520cycfa43m-source/pkgs/development/libraries/glibc/fix-x64-abi.patch' -> '/nix/store/7kw224hdyxd7115lrqh9a4dv2x8msq2s-fix-x64-abi.patch'
copied source '/nix/store/j3sna6r5nrrqj5b3pslyc520cycfa43m-source/pkgs/development/libraries/glibc/nix-nss-open-files.patch' -> '/nix/store/001gp43bjqzx60cg345n2slzg7131za8-nix-nss-open-files.patch'
copied source '/nix/store/j3sna6r5nrrqj5b3pslyc520cycfa43m-source/pkgs/development/libraries/glibc/0001-Revert-Remove-all-usage-of-BASH-or-BASH-in-installed.patch' -> '/nix/store/pcpx2ayccijipfl32zchx0mg7rzvj6zx-0001-Revert-Remove-all-usage-of-BASH-or-BASH-in-installed.patch'
copied source '/nix/store/j3sna6r5nrrqj5b3pslyc520cycfa43m-source/pkgs/development/libraries/glibc/reenable_DT_HASH.patch' -> '/nix/store/sj0qllprnrmk1cqnnk57vvn2cqgjynbx-reenable_DT_HASH.patch'
copied source '/nix/store/j3sna6r5nrrqj5b3pslyc520cycfa43m-source/pkgs/development/libraries/glibc/0001-aarch64-math-vector.h-add-NVCC-include-guard.patch' -> '/nix/store/vp21khxmr8hsq2iar8qqhr0bvxmwpmvp-0001-aarch64-math-vector.h-add-NVCC-include-guard.patch'
checking access to '/nix/store/j3sna6r5nrrqj5b3pslyc520cycfa43m-source/pkgs/development/libraries/libidn2'
evaluating file '/nix/store/j3sna6r5nrrqj5b3pslyc520cycfa43m-source/pkgs/development/libraries/libidn2/default.nix'
checking access to '/nix/store/j3sna6r5nrrqj5b3pslyc520cycfa43m-source/pkgs/development/libraries/libidn2/default.nix'
checking access to '/nix/store/j3sna6r5nrrqj5b3pslyc520cycfa43m-source/pkgs/development/libraries/libunistring'
evaluating file '/nix/store/j3sna6r5nrrqj5b3pslyc520cycfa43m-source/pkgs/development/libraries/libunistring/default.nix'
checking access to '/nix/store/j3sna6r5nrrqj5b3pslyc520cycfa43m-source/pkgs/development/libraries/libunistring/default.nix'
instantiated 'bootstrap-stage0-glibc-iconv-bootstrapFiles' -> '/nix/store/dqqwlmb2681wikjaqk1x5srdgs71srzh-bootstrap-stage0-glibc-iconv-bootstrapFiles.drv'
instantiated 'libunistring-1.3.tar.gz' -> '/nix/store/rnpc4cjz42m8axyq6sa883i2h8dy6887-libunistring-1.3.tar.gz.drv'
instantiated 'libunistring-1.3' -> '/nix/store/i018b208n1rdaayqxb7kbz9dnlz3i2z3-libunistring-1.3.drv'
instantiated 'libidn2-2.3.8.tar.gz' -> '/nix/store/3xs5n9hmbbmc5qis9zzs764ilbjk0v72-libidn2-2.3.8.tar.gz.drv'
instantiated 'libidn2-2.3.8' -> '/nix/store/27cidlwwq6d3j06dbkpzzaizb909amlr-libidn2-2.3.8.drv'
instantiated 'glibc-2.40.tar.xz' -> '/nix/store/5fia0s7sl13hsqbhcmgmjpq84i0rqczs-glibc-2.40.tar.xz.drv'
instantiated 'glibc-2.40-66' -> '/nix/store/16j7irwfq8alyr69h4v8q28kfc756lll-glibc-2.40-66.drv'
checking access to '/nix/store/j3sna6r5nrrqj5b3pslyc520cycfa43m-source/pkgs/tools/misc/coreutils'
evaluating file '/nix/store/j3sna6r5nrrqj5b3pslyc520cycfa43m-source/pkgs/tools/misc/coreutils/default.nix'
checking access to '/nix/store/j3sna6r5nrrqj5b3pslyc520cycfa43m-source/pkgs/tools/misc/coreutils/default.nix'
checking access to '/nix/store/j3sna6r5nrrqj5b3pslyc520cycfa43m-source/pkgs/development/libraries/acl'
evaluating file '/nix/store/j3sna6r5nrrqj5b3pslyc520cycfa43m-source/pkgs/development/libraries/acl/default.nix'
checking access to '/nix/store/j3sna6r5nrrqj5b3pslyc520cycfa43m-source/pkgs/development/libraries/acl/default.nix'
checking access to '/nix/store/j3sna6r5nrrqj5b3pslyc520cycfa43m-source/pkgs/development/libraries/attr'
evaluating file '/nix/store/j3sna6r5nrrqj5b3pslyc520cycfa43m-source/pkgs/development/libraries/attr/default.nix'
checking access to '/nix/store/j3sna6r5nrrqj5b3pslyc520cycfa43m-source/pkgs/development/libraries/attr/default.nix'
checking access to '/nix/store/j3sna6r5nrrqj5b3pslyc520cycfa43m-source/pkgs/tools/text/gnugrep'
evaluating file '/nix/store/j3sna6r5nrrqj5b3pslyc520cycfa43m-source/pkgs/tools/text/gnugrep/default.nix'
checking access to '/nix/store/j3sna6r5nrrqj5b3pslyc520cycfa43m-source/pkgs/tools/text/gnugrep/default.nix'
checking access to '/nix/store/kb2ny97bbsa279ncfb4zcpq0avs1lnvz-source/default.nix'
evaluating file '/nix/store/kb2ny97bbsa279ncfb4zcpq0avs1lnvz-source/default.nix'
evaluating uncached attribute 'packages.aarch64-linux.default.type'
evaluating uncached attribute 'packages.aarch64-linux.default'
evaluating uncached attribute 'packages.aarch64-linux.default.drvPath'
instantiated 'binutils-patchelfed-ld-2.44' -> '/nix/store/fp9z4ca9wzxjzbbayqx0p4qjx017p5nk-binutils-patchelfed-ld-2.44.drv'
instantiated 'binutils-patchelfed-ld-wrapper-2.44' -> '/nix/store/0dwl9jzfavfy81qxnrx6wbrhabjgx70d-binutils-patchelfed-ld-wrapper-2.44.drv'
instantiated 'zlib-1.3.1.tar.gz' -> '/nix/store/gyks6vvl7x0gq214ldjhi3w4rg37nh8i-zlib-1.3.1.tar.gz.drv'
instantiated 'patchelf-0.15.2.tar.bz2' -> '/nix/store/0i89ydplmfyhw5rykihdpcr1ndki1bp3-patchelf-0.15.2.tar.bz2.drv'
instantiated 'patchelf-0.15.2' -> '/nix/store/kizvpyjw5mvpkl76p414wgbcazxrn472-patchelf-0.15.2.drv'
instantiated 'expand-response-params' -> '/nix/store/52afxhkq1q14f9v6s3cm6k8d8aiqv1di-expand-response-params.drv'
instantiated 'bootstrap-stage3-gcc-wrapper-14.3.0' -> '/nix/store/mqfyn8gdyf7yp2xb9lr7rrrvhiw4pr1v-bootstrap-stage3-gcc-wrapper-14.3.0.drv'
instantiated 'bootstrap-stage3-stdenv-linux' -> '/nix/store/v4fy096f4jh5flijw6xz3c4j74gj19l4-bootstrap-stage3-stdenv-linux.drv'
instantiated 'zlib-1.3.1' -> '/nix/store/jj2my0hn206990qxsarfy9nmahq2bq9h-zlib-1.3.1.drv'
instantiated 'gmp-6.3.0.tar.bz2' -> '/nix/store/z4x4wa4ahsc6xn40j847dsrnagxd41w0-gmp-6.3.0.tar.bz2.drv'
instantiated 'gmp-6.3.0' -> '/nix/store/mzgy5yhdp3wdk83m2q6mbjwv2r98p9jb-gmp-6.3.0.drv'
instantiated 'config.guess-948ae97' -> '/nix/store/bamwxswxacs3cjdcydv0z7bj22d7g2kc-config.guess-948ae97.drv'
instantiated 'config.sub-948ae97' -> '/nix/store/nbsdqpfzh1jlpmh95s69b3iivfcvv3lh-config.sub-948ae97.drv'
instantiated 'gnu-config-2024-01-01' -> '/nix/store/97daffd02xpqvx56afyhawhra7rssd6h-gnu-config-2024-01-01.drv'
instantiated 'bootstrap-stage3-stdenv-linux' -> '/nix/store/id4mav4ynpp2bfriyrsw0nsifc89k8r8-bootstrap-stage3-stdenv-linux.drv'
instantiated 'update-autotools-gnu-config-scripts-hook' -> '/nix/store/mm0274qld1qpvfzc3vry7pav6raadhrq-update-autotools-gnu-config-scripts-hook.drv'
instantiated 'mpfr-4.2.2.tar.xz' -> '/nix/store/ixwy12didmgk7j4z7ghlirpw46ahmhbd-mpfr-4.2.2.tar.xz.drv'
instantiated 'mpfr-4.2.2' -> '/nix/store/cip1zfd5j7csylqnk4xnf7w2djvqjhny-mpfr-4.2.2.drv'
instantiated 'mpc-1.3.1.tar.gz' -> '/nix/store/156yvnw4g1h0gv1s8p7bray6hyn43f8q-mpc-1.3.1.tar.gz.drv'
instantiated 'libmpc-1.3.1' -> '/nix/store/1bfq3vqgiqk02sqhmdf33d5awfm1fzh6-libmpc-1.3.1.drv'
instantiated 'perl-5.40.0.tar.gz' -> '/nix/store/z2rvjzfm2crd6hs6qfdwwq4bhk27zw9r-perl-5.40.0.tar.gz.drv'
instantiated 'perl-5.40.0' -> '/nix/store/j7dp1q16v0i5lz7ws18vwci9nflxysaz-perl-5.40.0.drv'
instantiated 'libxcrypt-4.4.38.tar.xz' -> '/nix/store/rc3vnisrzmh0ydp6c1sifcaad232w1fj-libxcrypt-4.4.38.tar.xz.drv'
instantiated 'libxcrypt-4.4.38' -> '/nix/store/bs0wmbrd4lrr524vjlqr1m5h03alh1ka-libxcrypt-4.4.38.drv'
instantiated 'isl-0.20.tar.xz' -> '/nix/store/qxz8v1gxrrw9j138k2ajl36vcajra8mb-isl-0.20.tar.xz.drv'
instantiated 'isl-0.20' -> '/nix/store/zzj02a7ywmcpyl7il6h4sa3xh8s935qy-isl-0.20.drv'
instantiated 'bash53-001' -> '/nix/store/avf6vbj4jmpnn5cdsjyj2693samnvqsa-bash53-001.drv'
instantiated 'bash53-002' -> '/nix/store/ii3jsqp9rrwv0g21lwbvb94ddg8c5m7n-bash53-002.drv'
instantiated 'bash53-003' -> '/nix/store/5m6vm7vkilsgas517yf8f321k5r3g1m3-bash53-003.drv'
instantiated 'bash-5.3.tar.gz' -> '/nix/store/y84saga4qsmk7xrprd0qv8rgdqjk67g1-bash-5.3.tar.gz.drv'
instantiated 'bash-5.3p3' -> '/nix/store/7k56i3zwq05xgm6vkjcakp1gf23f4cqk-bash-5.3p3.drv'
instantiated 'texinfo-7.2.tar.xz' -> '/nix/store/896vsnl7w7rhd17b65j8sp3g4kc0zh35-texinfo-7.2.tar.xz.drv'
instantiated 'texinfo-7.2' -> '/nix/store/p8r3fyswdjsdimgz0al0i8fdbiz9br54-texinfo-7.2.drv'
instantiated 'gettext-0.25.1.tar.gz' -> '/nix/store/vmhss394mpk9262p6jijry11g72pwpgg-gettext-0.25.1.tar.gz.drv'
instantiated 'gettext-0.25.1' -> '/nix/store/z5wybc298bqd2q2adrrplw5k5phf47v7-gettext-0.25.1.drv'
instantiated 'nuke-references' -> '/nix/store/smixchpn16s1iv8chhrz5r6pdjl6wr97-nuke-references.drv'
instantiated 'gcc-14.3.0.tar.xz' -> '/nix/store/xnqgvd0v3sq1x2w8ydyp10vmxb0412l1-gcc-14.3.0.tar.xz.drv'
instantiated 'gcc-14.3.0' -> '/nix/store/93igbbm266s2arxyv5ri1588gm6nlrnh-gcc-14.3.0.drv'
instantiated 'expand-response-params' -> '/nix/store/1vgh03lx75sm2m82d9vh23q80bsi36k6-expand-response-params.drv'
instantiated 'bootstrap-stage4-gcc-wrapper-14.3.0' -> '/nix/store/hzy65qd7i1q8yxgx39r2nfzfx1mw9i5p-bootstrap-stage4-gcc-wrapper-14.3.0.drv'
checking access to '/nix/store/j3sna6r5nrrqj5b3pslyc520cycfa43m-source/pkgs/tools/compression/xz'
evaluating file '/nix/store/j3sna6r5nrrqj5b3pslyc520cycfa43m-source/pkgs/tools/compression/xz/default.nix'
checking access to '/nix/store/j3sna6r5nrrqj5b3pslyc520cycfa43m-source/pkgs/tools/compression/xz/default.nix'
instantiated 'xz-5.8.1.tar.xz' -> '/nix/store/qsxr00amrjgxry1hirafhlrzhl9ban5b-xz-5.8.1.tar.xz.drv'
instantiated 'xz-5.8.1' -> '/nix/store/36nhx21xmnh0s5vs5xhcrqarp4xbvv66-xz-5.8.1.drv'
instantiated 'bootstrap-stage4-stdenv-linux' -> '/nix/store/ml6c94fvm7vmir3q2ypyvbq6x5wx6cw2-bootstrap-stage4-stdenv-linux.drv'
instantiated 'config.guess-948ae97' -> '/nix/store/bamwxswxacs3cjdcydv0z7bj22d7g2kc-config.guess-948ae97.drv'
instantiated 'config.sub-948ae97' -> '/nix/store/nbsdqpfzh1jlpmh95s69b3iivfcvv3lh-config.sub-948ae97.drv'
instantiated 'gnu-config-2024-01-01' -> '/nix/store/xihf2csrd60j23nc2ynvrz9h22fyadb9-gnu-config-2024-01-01.drv'
instantiated 'bootstrap-stage4-stdenv-linux' -> '/nix/store/kddhx9jpglfh8sjfiw39wp1bd9xvhh5s-bootstrap-stage4-stdenv-linux.drv'
instantiated 'update-autotools-gnu-config-scripts-hook' -> '/nix/store/40sx696pz0m8gr1l91vfz505qif784s4-update-autotools-gnu-config-scripts-hook.drv'
instantiated 'bash53-001' -> '/nix/store/avf6vbj4jmpnn5cdsjyj2693samnvqsa-bash53-001.drv'
instantiated 'bash53-002' -> '/nix/store/ii3jsqp9rrwv0g21lwbvb94ddg8c5m7n-bash53-002.drv'
instantiated 'bash53-003' -> '/nix/store/5m6vm7vkilsgas517yf8f321k5r3g1m3-bash53-003.drv'
instantiated 'bash-5.3.tar.gz' -> '/nix/store/y84saga4qsmk7xrprd0qv8rgdqjk67g1-bash-5.3.tar.gz.drv'
instantiated 'bash-5.3p3' -> '/nix/store/kq4gk51b57mnl4jnpr4xya440hmb7fd3-bash-5.3p3.drv'
checking access to '/nix/store/j3sna6r5nrrqj5b3pslyc520cycfa43m-source/pkgs/by-name/tz/tzdata/package.nix'
evaluating file '/nix/store/j3sna6r5nrrqj5b3pslyc520cycfa43m-source/pkgs/by-name/tz/tzdata/package.nix'
checking access to '/nix/store/j3sna6r5nrrqj5b3pslyc520cycfa43m-source/pkgs/tools/compression/bzip2'
evaluating file '/nix/store/j3sna6r5nrrqj5b3pslyc520cycfa43m-source/pkgs/tools/compression/bzip2/default.nix'
checking access to '/nix/store/j3sna6r5nrrqj5b3pslyc520cycfa43m-source/pkgs/tools/compression/bzip2/default.nix'
checking access to '/nix/store/j3sna6r5nrrqj5b3pslyc520cycfa43m-source/pkgs/development/libraries/libffi'
evaluating file '/nix/store/j3sna6r5nrrqj5b3pslyc520cycfa43m-source/pkgs/development/libraries/libffi/default.nix'
checking access to '/nix/store/j3sna6r5nrrqj5b3pslyc520cycfa43m-source/pkgs/development/libraries/libffi/default.nix'
checking access to '/nix/store/j3sna6r5nrrqj5b3pslyc520cycfa43m-source/pkgs/by-name/ut/util-linux/package.nix'
evaluating file '/nix/store/j3sna6r5nrrqj5b3pslyc520cycfa43m-source/pkgs/by-name/ut/util-linux/package.nix'
checking access to '/nix/store/j3sna6r5nrrqj5b3pslyc520cycfa43m-source/pkgs/by-name/li/linux-pam/package.nix'
evaluating file '/nix/store/j3sna6r5nrrqj5b3pslyc520cycfa43m-source/pkgs/by-name/li/linux-pam/package.nix'
checking access to '/nix/store/j3sna6r5nrrqj5b3pslyc520cycfa43m-source/pkgs/development/libraries/ncurses'
evaluating file '/nix/store/j3sna6r5nrrqj5b3pslyc520cycfa43m-source/pkgs/development/libraries/ncurses/default.nix'
checking access to '/nix/store/j3sna6r5nrrqj5b3pslyc520cycfa43m-source/pkgs/development/libraries/ncurses/default.nix'
checking access to '/nix/store/j3sna6r5nrrqj5b3pslyc520cycfa43m-source/pkgs/development/libraries/openssl'
evaluating file '/nix/store/j3sna6r5nrrqj5b3pslyc520cycfa43m-source/pkgs/development/libraries/openssl/default.nix'
checking access to '/nix/store/j3sna6r5nrrqj5b3pslyc520cycfa43m-source/pkgs/development/libraries/openssl/default.nix'
checking access to '/nix/store/j3sna6r5nrrqj5b3pslyc520cycfa43m-source/pkgs/development/libraries/sqlite'
evaluating file '/nix/store/j3sna6r5nrrqj5b3pslyc520cycfa43m-source/pkgs/development/libraries/sqlite/default.nix'
checking access to '/nix/store/j3sna6r5nrrqj5b3pslyc520cycfa43m-source/pkgs/development/libraries/sqlite/default.nix'
checking access to '/nix/store/j3sna6r5nrrqj5b3pslyc520cycfa43m-source/pkgs/by-name/mp/mpdecimal/package.nix'
evaluating file '/nix/store/j3sna6r5nrrqj5b3pslyc520cycfa43m-source/pkgs/by-name/mp/mpdecimal/package.nix'
checking access to '/nix/store/j3sna6r5nrrqj5b3pslyc520cycfa43m-source/pkgs/by-name/ex/expat/package.nix'
evaluating file '/nix/store/j3sna6r5nrrqj5b3pslyc520cycfa43m-source/pkgs/by-name/ex/expat/package.nix'
checking access to '/nix/store/j3sna6r5nrrqj5b3pslyc520cycfa43m-source/pkgs/by-name/bl/bluez-headers/package.nix'
evaluating file '/nix/store/j3sna6r5nrrqj5b3pslyc520cycfa43m-source/pkgs/by-name/bl/bluez-headers/package.nix'
checking access to '/nix/store/j3sna6r5nrrqj5b3pslyc520cycfa43m-source/pkgs/by-name/gd/gdbm/package.nix'
evaluating file '/nix/store/j3sna6r5nrrqj5b3pslyc520cycfa43m-source/pkgs/by-name/gd/gdbm/package.nix'
checking access to '/nix/store/j3sna6r5nrrqj5b3pslyc520cycfa43m-source/pkgs/development/libraries/readline/8.3.nix'
evaluating file '/nix/store/j3sna6r5nrrqj5b3pslyc520cycfa43m-source/pkgs/development/libraries/readline/8.3.nix'
copied source '/nix/store/j3sna6r5nrrqj5b3pslyc520cycfa43m-source/pkgs/build-support/setup-hooks/autoreconf.sh' -> '/nix/store/ppm26x60zvaqzapqjnp540rislz3ml48-autoreconf.sh'
checking access to '/nix/store/j3sna6r5nrrqj5b3pslyc520cycfa43m-source/pkgs/development/tools/misc/autoconf'
evaluating file '/nix/store/j3sna6r5nrrqj5b3pslyc520cycfa43m-source/pkgs/development/tools/misc/autoconf/default.nix'
checking access to '/nix/store/j3sna6r5nrrqj5b3pslyc520cycfa43m-source/pkgs/development/tools/misc/autoconf/default.nix'
instantiated 'autoconf-2.72.tar.xz' -> '/nix/store/i2pfgljh1az3v0xga8s4kvn7l1kb1nj4-autoconf-2.72.tar.xz.drv'
instantiated 'autoconf-2.72' -> '/nix/store/kqppf3yyl3gdlvaymklrvzzg6kacnxd7-autoconf-2.72.drv'
checking access to '/nix/store/j3sna6r5nrrqj5b3pslyc520cycfa43m-source/pkgs/development/tools/misc/automake/automake-1.18.x.nix'
evaluating file '/nix/store/j3sna6r5nrrqj5b3pslyc520cycfa43m-source/pkgs/development/tools/misc/automake/automake-1.18.x.nix'
copied source '/nix/store/j3sna6r5nrrqj5b3pslyc520cycfa43m-source/pkgs/development/tools/misc/automake/setup-hook.sh' -> '/nix/store/4cmjzk8yr6i5vls5d2050p653zzdvmvp-setup-hook.sh'
instantiated 'automake-1.18.1.tar.xz' -> '/nix/store/2rmk35vbqb6q9r4aqmsz7iicmi44jx6d-automake-1.18.1.tar.xz.drv'
instantiated 'automake-1.18.1' -> '/nix/store/sgkzfpzlfbm8blpciyp6a861yr9262h7-automake-1.18.1.drv'
checking access to '/nix/store/j3sna6r5nrrqj5b3pslyc520cycfa43m-source/pkgs/development/tools/misc/libtool/libtool2.nix'
evaluating file '/nix/store/j3sna6r5nrrqj5b3pslyc520cycfa43m-source/pkgs/development/tools/misc/libtool/libtool2.nix'
checking access to '/nix/store/j3sna6r5nrrqj5b3pslyc520cycfa43m-source/pkgs/tools/misc/file'
evaluating file '/nix/store/j3sna6r5nrrqj5b3pslyc520cycfa43m-source/pkgs/tools/misc/file/default.nix'
checking access to '/nix/store/j3sna6r5nrrqj5b3pslyc520cycfa43m-source/pkgs/tools/misc/file/default.nix'
copied source '/nix/store/j3sna6r5nrrqj5b3pslyc520cycfa43m-source/pkgs/tools/misc/file/32-bit-time_t.patch' -> '/nix/store/kf7fzzm4nz10qaxv9lpjwqqxxgbrz50m-32-bit-time_t.patch'
instantiated 'file-5.45.tar.gz' -> '/nix/store/klfl82nqgac8fyl7z83q1i7rngka20d3-file-5.45.tar.gz.drv'
instantiated 'file-5.45' -> '/nix/store/g1i43mf0abkn2jqnrnz1dl1xffc3v5dm-file-5.45.drv'
instantiated 'libtool-2.5.4.tar.gz' -> '/nix/store/izbfj3rckm6lyip0y99dw9hyyap52kg6-libtool-2.5.4.tar.gz.drv'
instantiated 'libtool-2.5.4' -> '/nix/store/z7x2bmik0fy8q1drhwdh3rqhaldsihlz-libtool-2.5.4.drv'
instantiated 'autoreconf-hook' -> '/nix/store/9fm9lw1dvrc3dai6s8cpfq7anh6zjkj6-autoreconf-hook.drv'
copied source '/nix/store/j3sna6r5nrrqj5b3pslyc520cycfa43m-source/pkgs/tools/compression/bzip2/patches/bzip2-1.0.6.2-autoconfiscated.patch' -> '/nix/store/lpw1q2ska8qrwyc4fnwfb0iliklcygrv-bzip2-1.0.6.2-autoconfiscated.patch'
instantiated 'bzip2-1.0.8.tar.gz' -> '/nix/store/mhrxc5w6drwi4m5ykbdrayz7869i9mx9-bzip2-1.0.8.tar.gz.drv'
instantiated 'bzip2-1.0.8' -> '/nix/store/virv38zw9yzbbmwqji3blqi2lcs2x985-bzip2-1.0.8.drv'
checking access to '/nix/store/j3sna6r5nrrqj5b3pslyc520cycfa43m-source/pkgs/by-name/de/dejagnu/package.nix'
evaluating file '/nix/store/j3sna6r5nrrqj5b3pslyc520cycfa43m-source/pkgs/by-name/de/dejagnu/package.nix'
checking access to '/nix/store/j3sna6r5nrrqj5b3pslyc520cycfa43m-source/pkgs/top-level/tcl-packages.nix'
evaluating file '/nix/store/j3sna6r5nrrqj5b3pslyc520cycfa43m-source/pkgs/top-level/tcl-packages.nix'
checking access to '/nix/store/j3sna6r5nrrqj5b3pslyc520cycfa43m-source/pkgs/development/tcl-modules/by-name'
checking access to '/nix/store/j3sna6r5nrrqj5b3pslyc520cycfa43m-source/pkgs/development/tcl-modules/by-name/bw'
checking access to '/nix/store/j3sna6r5nrrqj5b3pslyc520cycfa43m-source/pkgs/development/tcl-modules/by-name/ex'
checking access to '/nix/store/j3sna6r5nrrqj5b3pslyc520cycfa43m-source/pkgs/development/tcl-modules/by-name/in'
checking access to '/nix/store/j3sna6r5nrrqj5b3pslyc520cycfa43m-source/pkgs/development/tcl-modules/by-name/it'
checking access to '/nix/store/j3sna6r5nrrqj5b3pslyc520cycfa43m-source/pkgs/development/tcl-modules/by-name/le'
checking access to '/nix/store/j3sna6r5nrrqj5b3pslyc520cycfa43m-source/pkgs/development/tcl-modules/by-name/mu'
checking access to '/nix/store/j3sna6r5nrrqj5b3pslyc520cycfa43m-source/pkgs/development/tcl-modules/by-name/pd'
checking access to '/nix/store/j3sna6r5nrrqj5b3pslyc520cycfa43m-source/pkgs/development/tcl-modules/by-name/rl'
checking access to '/nix/store/j3sna6r5nrrqj5b3pslyc520cycfa43m-source/pkgs/development/tcl-modules/by-name/tc'
checking access to '/nix/store/j3sna6r5nrrqj5b3pslyc520cycfa43m-source/pkgs/development/tcl-modules/by-name/td'
checking access to '/nix/store/j3sna6r5nrrqj5b3pslyc520cycfa43m-source/pkgs/development/tcl-modules/by-name/ti'
checking access to '/nix/store/j3sna6r5nrrqj5b3pslyc520cycfa43m-source/pkgs/development/tcl-modules/by-name/tk'
checking access to '/nix/store/j3sna6r5nrrqj5b3pslyc520cycfa43m-source/pkgs/development/tcl-modules/by-name/wa'
checking access to '/nix/store/j3sna6r5nrrqj5b3pslyc520cycfa43m-source/pkgs/development/tcl-modules/by-name/ze'
checking access to '/nix/store/j3sna6r5nrrqj5b3pslyc520cycfa43m-source/pkgs/development/tcl-modules/by-name/ex/expect/package.nix'
evaluating file '/nix/store/j3sna6r5nrrqj5b3pslyc520cycfa43m-source/pkgs/development/tcl-modules/by-name/ex/expect/package.nix'
checking access to '/nix/store/j3sna6r5nrrqj5b3pslyc520cycfa43m-source/pkgs/development/interpreters/tcl/8.6.nix'
evaluating file '/nix/store/j3sna6r5nrrqj5b3pslyc520cycfa43m-source/pkgs/development/interpreters/tcl/8.6.nix'
checking access to '/nix/store/j3sna6r5nrrqj5b3pslyc520cycfa43m-source/pkgs/development/interpreters/tcl/generic.nix'
evaluating file '/nix/store/j3sna6r5nrrqj5b3pslyc520cycfa43m-source/pkgs/development/interpreters/tcl/generic.nix'
checking access to '/nix/store/j3sna6r5nrrqj5b3pslyc520cycfa43m-source/pkgs/development/interpreters/tcl/mk-tcl-derivation.nix'
evaluating file '/nix/store/j3sna6r5nrrqj5b3pslyc520cycfa43m-source/pkgs/development/interpreters/tcl/mk-tcl-derivation.nix'
copied source '/nix/store/j3sna6r5nrrqj5b3pslyc520cycfa43m-source/pkgs/by-name/tz/tzdata/tzdata-setup-hook.sh' -> '/nix/store/3q9vpdf0bqlbqr3s867nisz8phx4c9kb-tzdata-setup-hook.sh'
checking access to '/nix/store/j3sna6r5nrrqj5b3pslyc520cycfa43m-source/pkgs/build-support/fetchurl'
evaluating file '/nix/store/j3sna6r5nrrqj5b3pslyc520cycfa43m-source/pkgs/build-support/fetchurl/default.nix'
checking access to '/nix/store/j3sna6r5nrrqj5b3pslyc520cycfa43m-source/pkgs/build-support/fetchurl/default.nix'
checking access to '/nix/store/j3sna6r5nrrqj5b3pslyc520cycfa43m-source/lib/deprecated/misc.nix'
evaluating file '/nix/store/j3sna6r5nrrqj5b3pslyc520cycfa43m-source/lib/deprecated/misc.nix'
copied source '/nix/store/j3sna6r5nrrqj5b3pslyc520cycfa43m-source/pkgs/build-support/fetchurl/builder.sh' -> '/nix/store/mkmplw6zphafsxz2hpsvjv3fyd5qn0ad-builder.sh'
checking access to '/nix/store/j3sna6r5nrrqj5b3pslyc520cycfa43m-source/lib/fetchers.nix'
evaluating file '/nix/store/j3sna6r5nrrqj5b3pslyc520cycfa43m-source/lib/fetchers.nix'
copied source '/nix/store/j3sna6r5nrrqj5b3pslyc520cycfa43m-source/pkgs/build-support/fetchurl/write-mirror-list.sh' -> '/nix/store/sx3mhm7h4dhqa4p3avrckcda69yg0fid-write-mirror-list.sh'
checking access to '/nix/store/j3sna6r5nrrqj5b3pslyc520cycfa43m-source/pkgs/tools/compression/gzip'
evaluating file '/nix/store/j3sna6r5nrrqj5b3pslyc520cycfa43m-source/pkgs/tools/compression/gzip/default.nix'
checking access to '/nix/store/j3sna6r5nrrqj5b3pslyc520cycfa43m-source/pkgs/tools/compression/gzip/default.nix'
copied source '/nix/store/j3sna6r5nrrqj5b3pslyc520cycfa43m-source/pkgs/build-support/setup-hooks/make-wrapper.sh' -> '/nix/store/4x1l3vi4j5045bmmdww4ra1g6v6mmwkl-make-wrapper.sh'
copied source '/nix/store/j3sna6r5nrrqj5b3pslyc520cycfa43m-source/pkgs/build-support/setup-hooks/die.sh' -> '/nix/store/819fzxfwzp7zhhi4wy5nkapimkb1bsx5-die.sh'
instantiated 'die-hook' -> '/nix/store/9hwjqabmkj3qz9dfjp13q6sdfv0km3zf-die-hook.drv'
instantiated 'make-shell-wrapper-hook' -> '/nix/store/i1b5f9kkilp0170c0xwfaw7sdmzd8y0q-make-shell-wrapper-hook.drv'
instantiated 'gzip-1.14.tar.xz' -> '/nix/store/mbfqb9y6ryn2axyvg797s3lw1w49liz5-gzip-1.14.tar.xz.drv'
instantiated 'gzip-1.14' -> '/nix/store/chyxyqwfvll9vf81i29bxz5l88gi8kks-gzip-1.14.drv'
instantiated 'xz-5.8.1.tar.xz' -> '/nix/store/qsxr00amrjgxry1hirafhlrzhl9ban5b-xz-5.8.1.tar.xz.drv'
instantiated 'xz-5.8.1' -> '/nix/store/mrr8ldrsn9i33bg3cp1xdmj4fivv49q6-xz-5.8.1.drv'
instantiated 'binutils-with-gold-2.44.tar.bz2' -> '/nix/store/44sw3grr08hzn0jjg6vcdlxwpakf9jbq-binutils-with-gold-2.44.tar.bz2.drv'
instantiated 'binutils-2.44' -> '/nix/store/lxbx9nmdjb6jmjz9l98m01kjzby6qkfh-binutils-2.44.drv'
copied source '/nix/store/j3sna6r5nrrqj5b3pslyc520cycfa43m-source/pkgs/development/libraries/attr/musl.patch' -> '/nix/store/wc9c8k7z5w5afdqvz7gjrjlaqf16wfpr-musl.patch'
instantiated 'attr-2.5.2.tar.gz' -> '/nix/store/7byvrfyi1f00i8jxsc1q8z997j9r10y5-attr-2.5.2.tar.gz.drv'
instantiated 'attr-2.5.2' -> '/nix/store/h76xj8bad2rj9hgqlr7j44l2lvzfvsqx-attr-2.5.2.drv'
instantiated 'acl-2.3.2.tar.gz' -> '/nix/store/0442lf73plz43gym6ahgydmp752dxczk-acl-2.3.2.tar.gz.drv'
instantiated 'acl-2.3.2' -> '/nix/store/0bn1yriv52hwsk383m4sq0762gf5mg91-acl-2.3.2.drv'
instantiated 'gmp-6.3.0.tar.bz2' -> '/nix/store/z4x4wa4ahsc6xn40j847dsrnagxd41w0-gmp-6.3.0.tar.bz2.drv'
instantiated 'gmp-with-cxx-6.3.0' -> '/nix/store/fhqw97wgl33j6b8gqp3p3fqi0wzrz4vy-gmp-with-cxx-6.3.0.drv'
copied source '/nix/store/j3sna6r5nrrqj5b3pslyc520cycfa43m-source/pkgs/tools/misc/coreutils/CVE-2025-5278.patch' -> '/nix/store/7df79vkgiw02mdanj62kri7gd80k68s6-CVE-2025-5278.patch'
copied source '/nix/store/j3sna6r5nrrqj5b3pslyc520cycfa43m-source/pkgs/tools/misc/coreutils/gnulib-float-h-tests-port-to-C23-PowerPC-GCC.patch' -> '/nix/store/wsrv901887raaaamlfila0bvxylv0v2l-gnulib-float-h-tests-port-to-C23-PowerPC-GCC.patch'
instantiated 'coreutils-9.7.tar.xz' -> '/nix/store/bqbcymfqpw5y44fj5r2x5wws2nsjcfrd-coreutils-9.7.tar.xz.drv'
instantiated 'coreutils-9.7' -> '/nix/store/fzg90bgnwf04zsjb1dk50wxkjhlhyhwz-coreutils-9.7.drv'
checking access to '/nix/store/j3sna6r5nrrqj5b3pslyc520cycfa43m-source/pkgs/tools/text/diffutils'
evaluating file '/nix/store/j3sna6r5nrrqj5b3pslyc520cycfa43m-source/pkgs/tools/text/diffutils/default.nix'
checking access to '/nix/store/j3sna6r5nrrqj5b3pslyc520cycfa43m-source/pkgs/tools/text/diffutils/default.nix'
copied source '/nix/store/j3sna6r5nrrqj5b3pslyc520cycfa43m-source/pkgs/tools/text/diffutils/gnulib-float-h-tests-port-to-C23-PowerPC-GCC.patch' -> '/nix/store/1py1bqrkcp6sipaf3znbprrsc2ac23wi-gnulib-float-h-tests-port-to-C23-PowerPC-GCC.patch'
instantiated 'diffutils-3.12.tar.xz' -> '/nix/store/mag3pq29n9f6jw0rb17crny8ilm4kfjy-diffutils-3.12.tar.xz.drv'
instantiated 'diffutils-3.12' -> '/nix/store/h4lzd6ll2dgccy899xxp6y8c189d511g-diffutils-3.12.drv'
checking access to '/nix/store/j3sna6r5nrrqj5b3pslyc520cycfa43m-source/pkgs/tools/misc/findutils'
evaluating file '/nix/store/j3sna6r5nrrqj5b3pslyc520cycfa43m-source/pkgs/tools/misc/findutils/default.nix'
checking access to '/nix/store/j3sna6r5nrrqj5b3pslyc520cycfa43m-source/pkgs/tools/misc/findutils/default.nix'
copied source '/nix/store/j3sna6r5nrrqj5b3pslyc520cycfa43m-source/pkgs/tools/misc/findutils/no-install-statedir.patch' -> '/nix/store/4r8s8hcwyvvvnpcncps09zscqkh5qapx-no-install-statedir.patch'
instantiated 'findutils-4.10.0.tar.xz' -> '/nix/store/130xp3xbhxwms383bbf7wpcvc6ksjjnk-findutils-4.10.0.tar.xz.drv'
instantiated 'findutils-4.10.0' -> '/nix/store/524bp71iy8bs7ykp9h1bkp6zn2s6kwsl-findutils-4.10.0.drv'
checking access to '/nix/store/j3sna6r5nrrqj5b3pslyc520cycfa43m-source/pkgs/tools/text/gawk'
evaluating file '/nix/store/j3sna6r5nrrqj5b3pslyc520cycfa43m-source/pkgs/tools/text/gawk/default.nix'
checking access to '/nix/store/j3sna6r5nrrqj5b3pslyc520cycfa43m-source/pkgs/tools/text/gawk/default.nix'
instantiated 'gawk-5.3.2.tar.xz' -> '/nix/store/79g78vzphsrhzs95ph6g4wcm31d6b1q1-gawk-5.3.2.tar.xz.drv'
instantiated 'gawk-5.3.2' -> '/nix/store/v2jk8yb0vy0nzs1ydps9095jnycnn4p7-gawk-5.3.2.drv'
checking access to '/nix/store/j3sna6r5nrrqj5b3pslyc520cycfa43m-source/pkgs/development/tools/build-managers/gnumake'
evaluating file '/nix/store/j3sna6r5nrrqj5b3pslyc520cycfa43m-source/pkgs/development/tools/build-managers/gnumake/default.nix'
checking access to '/nix/store/j3sna6r5nrrqj5b3pslyc520cycfa43m-source/pkgs/development/tools/build-managers/gnumake/default.nix'
checking access to '/nix/store/j3sna6r5nrrqj5b3pslyc520cycfa43m-source/pkgs/build-support/pkg-config-wrapper'
evaluating file '/nix/store/j3sna6r5nrrqj5b3pslyc520cycfa43m-source/pkgs/build-support/pkg-config-wrapper/default.nix'
checking access to '/nix/store/j3sna6r5nrrqj5b3pslyc520cycfa43m-source/pkgs/build-support/pkg-config-wrapper/default.nix'
checking access to '/nix/store/j3sna6r5nrrqj5b3pslyc520cycfa43m-source/pkgs/by-name/pk/pkg-config-unwrapped/package.nix'
evaluating file '/nix/store/j3sna6r5nrrqj5b3pslyc520cycfa43m-source/pkgs/by-name/pk/pkg-config-unwrapped/package.nix'
copied source '/nix/store/j3sna6r5nrrqj5b3pslyc520cycfa43m-source/pkgs/build-support/pkg-config-wrapper/pkg-config-wrapper.sh' -> '/nix/store/lypyhrdqir7lhwhsvrr1cp85ywh3dhas-pkg-config-wrapper.sh'
instantiated 'glibc-iconv-2.40' -> '/nix/store/0ncq2cx9jdzfvb5izq0bzhhnaam2svcc-glibc-iconv-2.40.drv'
copied source '/nix/store/j3sna6r5nrrqj5b3pslyc520cycfa43m-source/pkgs/by-name/pk/pkg-config-unwrapped/gcc-15.patch' -> '/nix/store/n5kkahb82ykkcjwakgx2h6jbs7d9avji-gcc-15.patch'
copied source '/nix/store/j3sna6r5nrrqj5b3pslyc520cycfa43m-source/pkgs/by-name/pk/pkg-config-unwrapped/requires-private.patch' -> '/nix/store/f4bvwqvj0y3z6blvh0knz71a8yq1c45p-requires-private.patch'
instantiated 'pkg-config-0.29.2.tar.gz' -> '/nix/store/6b29gjz7rj4mw0ch0vy2m6qrqipz2bbb-pkg-config-0.29.2.tar.gz.drv'
instantiated 'pkg-config-0.29.2' -> '/nix/store/0na60qmdk6ssnfjmr6gl3prs5q7c9mii-pkg-config-0.29.2.drv'
copied source '/nix/store/j3sna6r5nrrqj5b3pslyc520cycfa43m-source/pkgs/build-support/pkg-config-wrapper/add-flags.sh' -> '/nix/store/1ksmnsr3m6paw8gs7jp9b623agzdrqi2-add-flags.sh'
copied source '/nix/store/j3sna6r5nrrqj5b3pslyc520cycfa43m-source/pkgs/build-support/pkg-config-wrapper/setup-hook.sh' -> '/nix/store/c4akajrb4jg50k72jw7zfbyv8z139ri0-setup-hook.sh'
instantiated 'pkg-config-wrapper-0.29.2' -> '/nix/store/v6c63v66i83jkyj01c8pq0n622wyl72f-pkg-config-wrapper-0.29.2.drv'
checking access to '/nix/store/j3sna6r5nrrqj5b3pslyc520cycfa43m-source/lib/filesystem.nix'
evaluating file '/nix/store/j3sna6r5nrrqj5b3pslyc520cycfa43m-source/lib/filesystem.nix'
checking access to '/nix/store/j3sna6r5nrrqj5b3pslyc520cycfa43m-source/pkgs/development/tools/build-managers/gnumake/patches'
copied source '/nix/store/j3sna6r5nrrqj5b3pslyc520cycfa43m-source/pkgs/development/tools/build-managers/gnumake/patches/0001-No-impure-bin-sh.patch' -> '/nix/store/mc5cx870f3x982gds5fq3p13k9z5rsj7-0001-No-impure-bin-sh.patch'
copied source '/nix/store/j3sna6r5nrrqj5b3pslyc520cycfa43m-source/pkgs/development/tools/build-managers/gnumake/patches/0002-Remove-impure-dirs.patch' -> '/nix/store/r0nh13i6wlvw6k1g8p1px0vqmhxf5sif-0002-Remove-impure-dirs.patch'
copied source '/nix/store/j3sna6r5nrrqj5b3pslyc520cycfa43m-source/pkgs/development/tools/build-managers/gnumake/patches/0003-Do-not-search-for-a-C-compiler-and-set-MAKE_CXX.patch' -> '/nix/store/nx77l9qwx680kjsv12sv188mj825cqqb-0003-Do-not-search-for-a-C-compiler-and-set-MAKE_CXX.patch'
instantiated 'make-4.4.1.tar.gz' -> '/nix/store/cxh8cwlp0z4a7xl6bk7zsqr7ci1hzdq6-make-4.4.1.tar.gz.drv'
instantiated 'gnumake-4.4.1' -> '/nix/store/blgi1102w8r3ml3wkcz4svq94c8bj4vs-gnumake-4.4.1.drv'
checking access to '/nix/store/j3sna6r5nrrqj5b3pslyc520cycfa43m-source/pkgs/tools/text/gnused'
evaluating file '/nix/store/j3sna6r5nrrqj5b3pslyc520cycfa43m-source/pkgs/tools/text/gnused/default.nix'
checking access to '/nix/store/j3sna6r5nrrqj5b3pslyc520cycfa43m-source/pkgs/tools/text/gnused/default.nix'
instantiated 'sed-4.9.tar.xz' -> '/nix/store/ql7jhf1wzhazxw4cw627zyls49xm5g3n-sed-4.9.tar.xz.drv'
instantiated 'gnused-4.9' -> '/nix/store/m0cqz9c59yqdw4riln0g7br8wxwfcysk-gnused-4.9.drv'
checking access to '/nix/store/j3sna6r5nrrqj5b3pslyc520cycfa43m-source/pkgs/tools/archivers/gnutar'
evaluating file '/nix/store/j3sna6r5nrrqj5b3pslyc520cycfa43m-source/pkgs/tools/archivers/gnutar/default.nix'
checking access to '/nix/store/j3sna6r5nrrqj5b3pslyc520cycfa43m-source/pkgs/tools/archivers/gnutar/default.nix'
copied source '/nix/store/j3sna6r5nrrqj5b3pslyc520cycfa43m-source/pkgs/tools/archivers/gnutar/link-libiconv.patch' -> '/nix/store/j7bd2a4fafw9rchrf1ag9xf920g37kk7-link-libiconv.patch'
instantiated 'tar-1.35.tar.xz' -> '/nix/store/72cmq1ms8qih2svpnw3v1rs9a035h2gy-tar-1.35.tar.xz.drv'
instantiated 'gnutar-1.35' -> '/nix/store/c630dm403ga6zs9rbnm05n65xx9dnvq3-gnutar-1.35.drv'
checking access to '/nix/store/j3sna6r5nrrqj5b3pslyc520cycfa43m-source/pkgs/development/libraries/pcre2'
evaluating file '/nix/store/j3sna6r5nrrqj5b3pslyc520cycfa43m-source/pkgs/development/libraries/pcre2/default.nix'
checking access to '/nix/store/j3sna6r5nrrqj5b3pslyc520cycfa43m-source/pkgs/development/libraries/pcre2/default.nix'
instantiated 'pcre2-10.44.tar.bz2' -> '/nix/store/s53hsvwklglbrqx1ymwzfiz4vb8drqkb-pcre2-10.44.tar.bz2.drv'
instantiated 'pcre2-10.44' -> '/nix/store/id30a69rnmq6jd05ayyp0yz7vdxihgz6-pcre2-10.44.drv'
checking access to '/nix/store/j3sna6r5nrrqj5b3pslyc520cycfa43m-source/pkgs/development/libraries/glibc/locales.nix'
evaluating file '/nix/store/j3sna6r5nrrqj5b3pslyc520cycfa43m-source/pkgs/development/libraries/glibc/locales.nix'
copied source '/nix/store/j3sna6r5nrrqj5b3pslyc520cycfa43m-source/pkgs/development/libraries/glibc/locales-builder.sh' -> '/nix/store/wn3bj7r7ngqn4drrbca1rs7pkq64jhss-locales-builder.sh'
instantiated 'nuke-references' -> '/nix/store/m4yfplgvm9xspfks73h04k5r5hrjaw3g-nuke-references.drv'
instantiated 'python-setup-hook.sh' -> '/nix/store/x5sajy8avsskc6kzrflbp8cizwvrrxn2-python-setup-hook.sh.drv'
instantiated 'Python-3.13.7.tar.xz' -> '/nix/store/giy42bjgsdcvzyz9svxcvxxf9zgjbk1z-Python-3.13.7.tar.xz.drv'
instantiated 'python3-minimal-3.13.7' -> '/nix/store/dqsq973pbd5v695bq8wkxw73vafmjlfa-python3-minimal-3.13.7.drv'
instantiated 'locales-setup-hook.sh' -> '/nix/store/4z6vpkqfpfh25hz3gyc356f5b2fk6lfx-locales-setup-hook.sh.drv'
instantiated 'glibc-2.40.tar.xz' -> '/nix/store/5fia0s7sl13hsqbhcmgmjpq84i0rqczs-glibc-2.40.tar.xz.drv'
instantiated 'glibc-locales-2.40-66' -> '/nix/store/6flfdg99r2klhh3iz30j0sbilf3cd0dw-glibc-locales-2.40-66.drv'
copied source '/nix/store/j3sna6r5nrrqj5b3pslyc520cycfa43m-source/pkgs/tools/text/gnugrep/gnulib-float-h-tests-port-to-C23-PowerPC-GCC.patch' -> '/nix/store/mcgd0wa6sv13ns20f9vh8pp5x5n730ll-gnulib-float-h-tests-port-to-C23-PowerPC-GCC.patch'
instantiated 'grep-3.12.tar.xz' -> '/nix/store/vsbymyzgxr2pbsbdk5zfn74nb73njni5-grep-3.12.tar.xz.drv'
instantiated 'gnugrep-3.12' -> '/nix/store/pw2xbdg2q57myfynjnlawxjxd3yw1viw-gnugrep-3.12.drv'
checking access to '/nix/store/j3sna6r5nrrqj5b3pslyc520cycfa43m-source/pkgs/tools/text/gnupatch'
evaluating file '/nix/store/j3sna6r5nrrqj5b3pslyc520cycfa43m-source/pkgs/tools/text/gnupatch/default.nix'
checking access to '/nix/store/j3sna6r5nrrqj5b3pslyc520cycfa43m-source/pkgs/tools/text/gnupatch/default.nix'
checking access to '/nix/store/j3sna6r5nrrqj5b3pslyc520cycfa43m-source/pkgs/by-name/ed/ed/package.nix'
evaluating file '/nix/store/j3sna6r5nrrqj5b3pslyc520cycfa43m-source/pkgs/by-name/ed/ed/package.nix'
checking access to '/nix/store/j3sna6r5nrrqj5b3pslyc520cycfa43m-source/pkgs/by-name/lz/lzip/package.nix'
evaluating file '/nix/store/j3sna6r5nrrqj5b3pslyc520cycfa43m-source/pkgs/by-name/lz/lzip/package.nix'
copied source '/nix/store/j3sna6r5nrrqj5b3pslyc520cycfa43m-source/pkgs/by-name/lz/lzip/lzip-setup-hook.sh' -> '/nix/store/h2fcbw7ghgn3i4qadszdp272w4dab7ln-lzip-setup-hook.sh'
instantiated 'lzip-1.25.tar.gz' -> '/nix/store/bsf32582y9rl8wy0dmi6h1lfd0f3qklh-lzip-1.25.tar.gz.drv'
instantiated 'lzip-1.25' -> '/nix/store/sflkfms5smyd3hzqmwz2k0s4z6b3zw84-lzip-1.25.drv'
instantiated 'ed-1.21.1.tar.lz' -> '/nix/store/j151nb5vh176kdrrh1rkilxkdkmvm47w-ed-1.21.1.tar.lz.drv'
instantiated 'ed-1.21.1' -> '/nix/store/7xjc6q806af9qdir5lsfga8mh36r6g7q-ed-1.21.1.drv'
instantiated 'patch-2.8.tar.xz' -> '/nix/store/h7ijrlrjxvy87frncwpqivqxn9zaqx5x-patch-2.8.tar.xz.drv'
instantiated 'patch-2.8' -> '/nix/store/n0sxl8pxi1w4mpxzbaqxywnldx0sjh7k-patch-2.8.drv'
instantiated 'patchelf-0.15.2.tar.bz2' -> '/nix/store/0i89ydplmfyhw5rykihdpcr1ndki1bp3-patchelf-0.15.2.tar.bz2.drv'
instantiated 'patchelf-0.15.2' -> '/nix/store/dnfi14zcp3l5r85niyqa1z3rjzcbfg2d-patchelf-0.15.2.drv'
instantiated 'binutils-wrapper-2.44' -> '/nix/store/wsplzv9y2vi7kqkn525bybqbm67sxnaq-binutils-wrapper-2.44.drv'
instantiated 'gcc-wrapper-14.3.0' -> '/nix/store/xgd6sn2nbpk6p8hfkwfnaggapfa486id-gcc-wrapper-14.3.0.drv'
instantiated 'isl-0.20.tar.xz' -> '/nix/store/qxz8v1gxrrw9j138k2ajl36vcajra8mb-isl-0.20.tar.xz.drv'
instantiated 'isl-0.20' -> '/nix/store/zzj02a7ywmcpyl7il6h4sa3xh8s935qy-isl-0.20.drv'
checking access to '/nix/store/j3sna6r5nrrqj5b3pslyc520cycfa43m-source/pkgs/stdenv/generic/common-path.nix'
evaluating file '/nix/store/j3sna6r5nrrqj5b3pslyc520cycfa43m-source/pkgs/stdenv/generic/common-path.nix'
instantiated 'stdenv-linux' -> '/nix/store/npc83zgjanri8cb9mssraw5jpzwn9h00-stdenv-linux.drv'
instantiated 'mirrors-list' -> '/nix/store/sqs96rmihnmxxvs0vhz3gvln01lrcyy0-mirrors-list.drv'
checking access to '/nix/store/j3sna6r5nrrqj5b3pslyc520cycfa43m-source/pkgs/by-name/cu/curlMinimal/package.nix'
evaluating file '/nix/store/j3sna6r5nrrqj5b3pslyc520cycfa43m-source/pkgs/by-name/cu/curlMinimal/package.nix'
checking access to '/nix/store/j3sna6r5nrrqj5b3pslyc520cycfa43m-source/pkgs/by-name/ma/makeBinaryWrapper/package.nix'
evaluating file '/nix/store/j3sna6r5nrrqj5b3pslyc520cycfa43m-source/pkgs/by-name/ma/makeBinaryWrapper/package.nix'
copied source '/nix/store/j3sna6r5nrrqj5b3pslyc520cycfa43m-source/pkgs/by-name/ma/makeBinaryWrapper/make-binary-wrapper.sh' -> '/nix/store/5xqy1vspa5ddr9m2sk9yz4fpg2c17fwx-make-binary-wrapper.sh'
instantiated 'die-hook' -> '/nix/store/wfz980117mrdsllq659fj1w9p2wpkcbb-die-hook.drv'
instantiated 'make-binary-wrapper-hook' -> '/nix/store/p56dlwprl58jj5dqn858694zzggh02sv-make-binary-wrapper-hook.drv'
instantiated 'zlib-1.3.1.tar.gz' -> '/nix/store/gyks6vvl7x0gq214ldjhi3w4rg37nh8i-zlib-1.3.1.tar.gz.drv'
instantiated 'zlib-1.3.1' -> '/nix/store/jj2my0hn206990qxsarfy9nmahq2bq9h-zlib-1.3.1.drv'
instantiated 'perl-5.40.0.tar.gz' -> '/nix/store/z2rvjzfm2crd6hs6qfdwwq4bhk27zw9r-perl-5.40.0.tar.gz.drv'
instantiated 'stdenv-linux' -> '/nix/store/74qvk0yp9n1pya3kb98l2lbwsdymkikp-stdenv-linux.drv'
instantiated 'perl-5.40.0' -> '/nix/store/69svnbrv5vqh5zvm4852az842d4llq2k-perl-5.40.0.drv'
instantiated 'libxcrypt-4.4.38.tar.xz' -> '/nix/store/rc3vnisrzmh0ydp6c1sifcaad232w1fj-libxcrypt-4.4.38.tar.xz.drv'
instantiated 'libxcrypt-4.4.38' -> '/nix/store/w8xp9cmbwdmib6dbsjdlhrw0mh092zlh-libxcrypt-4.4.38.drv'
instantiated 'perl-5.40.0.tar.gz' -> '/nix/store/z2rvjzfm2crd6hs6qfdwwq4bhk27zw9r-perl-5.40.0.tar.gz.drv'
instantiated 'perl-5.40.0' -> '/nix/store/hgdk28141gw004w6cdgwdr08h81z963n-perl-5.40.0.drv'
copied source '/nix/store/j3sna6r5nrrqj5b3pslyc520cycfa43m-source/pkgs/development/libraries/openssl/3.0/nix-ssl-cert-file.patch' -> '/nix/store/sq4h6bqjx12v9whvm65pjss25hg1538q-nix-ssl-cert-file.patch'
copied source '/nix/store/j3sna6r5nrrqj5b3pslyc520cycfa43m-source/pkgs/development/libraries/openssl/3.0/openssl-disable-kernel-detection.patch' -> '/nix/store/cklrwbwi889pp2fdsswdjvn12sdy5i5j-openssl-disable-kernel-detection.patch'
copied source '/nix/store/j3sna6r5nrrqj5b3pslyc520cycfa43m-source/pkgs/development/libraries/openssl/3.5/use-etc-ssl-certs.patch' -> '/nix/store/yk1sqyhb757qc8s0kp0i9wy10v2vq8y7-use-etc-ssl-certs.patch'
instantiated 'xz-5.8.1.tar.xz' -> '/nix/store/qsxr00amrjgxry1hirafhlrzhl9ban5b-xz-5.8.1.tar.xz.drv'
instantiated 'xz-5.8.1' -> '/nix/store/mrr8ldrsn9i33bg3cp1xdmj4fivv49q6-xz-5.8.1.drv'
instantiated 'coreutils-9.7.tar.xz' -> '/nix/store/bqbcymfqpw5y44fj5r2x5wws2nsjcfrd-coreutils-9.7.tar.xz.drv'
instantiated 'coreutils-9.7' -> '/nix/store/p8h7i9r450kydrzhk3kh5ngwg4qh1g7h-coreutils-9.7.drv'
instantiated 'openssl-3.5.1.tar.gz' -> '/nix/store/lpbbw0pa5lmwhg707alpnrwf7n7600jk-openssl-3.5.1.tar.gz.drv'
instantiated 'openssl-3.5.1' -> '/nix/store/5gjqw5sswcny54mj2ld9fg8rg15yfvay-openssl-3.5.1.drv'
checking access to '/nix/store/j3sna6r5nrrqj5b3pslyc520cycfa43m-source/pkgs/by-name/li/libssh2/package.nix'
evaluating file '/nix/store/j3sna6r5nrrqj5b3pslyc520cycfa43m-source/pkgs/by-name/li/libssh2/package.nix'
instantiated 'libssh2-1.11.1.tar.gz' -> '/nix/store/l4q7jsk9n0ys3qb31zafgzwakpwq0360-libssh2-1.11.1.tar.gz.drv'
instantiated 'libssh2-1.11.1' -> '/nix/store/x92xi2k679zgjifn3hhra3374a862bx6-libssh2-1.11.1.drv'
checking access to '/nix/store/j3sna6r5nrrqj5b3pslyc520cycfa43m-source/pkgs/development/libraries/kerberos/krb5.nix'
evaluating file '/nix/store/j3sna6r5nrrqj5b3pslyc520cycfa43m-source/pkgs/development/libraries/kerberos/krb5.nix'
checking access to '/nix/store/j3sna6r5nrrqj5b3pslyc520cycfa43m-source/pkgs/by-name/ke/keyutils/package.nix'
evaluating file '/nix/store/j3sna6r5nrrqj5b3pslyc520cycfa43m-source/pkgs/by-name/ke/keyutils/package.nix'
copied source '/nix/store/j3sna6r5nrrqj5b3pslyc520cycfa43m-source/pkgs/by-name/ke/keyutils/conf-symlink.patch' -> '/nix/store/88a62ypvi5xpa3m8znhrl6l7jc307i8r-conf-symlink.patch'
copied source '/nix/store/j3sna6r5nrrqj5b3pslyc520cycfa43m-source/pkgs/by-name/ke/keyutils/0001-Remove-unused-function-after_eq.patch' -> '/nix/store/z0sjg5c7g1iqb4x5vyiqcm5n68mb5x5p-0001-Remove-unused-function-after_eq.patch'
copied source '/nix/store/j3sna6r5nrrqj5b3pslyc520cycfa43m-source/pkgs/by-name/ke/keyutils/pkg-config-static.patch' -> '/nix/store/p3prlmdjdwlry48i4nmwkxp6qxdi28lm-pkg-config-static.patch'
instantiated 'raw' -> '/nix/store/dhjhlihqj08f3fs1cvsja0fims0dqnlw-raw.drv'
instantiated 'keyutils-1.6.3.tar.gz' -> '/nix/store/lkkzb8ybhp5jjgvb04b13n68i51lxwd9-keyutils-1.6.3.tar.gz.drv'
instantiated 'keyutils-1.6.3' -> '/nix/store/rdm800syhbnrbsci68iz0m1xfya02djc-keyutils-1.6.3.drv'
checking access to '/nix/store/j3sna6r5nrrqj5b3pslyc520cycfa43m-source/pkgs/by-name/by/byacc/package.nix'
evaluating file '/nix/store/j3sna6r5nrrqj5b3pslyc520cycfa43m-source/pkgs/by-name/by/byacc/package.nix'
instantiated 'byacc-20241231.tgz' -> '/nix/store/b6yxpjizcj55gzmm8vpjzdxgl15246qv-byacc-20241231.tgz.drv'
instantiated 'byacc-20241231' -> '/nix/store/bnkqganmyiiwiwdkfxdwcxhd8n0g15lq-byacc-20241231.drv'
instantiated 'glibc-iconv-2.40' -> '/nix/store/pjqpm1rzl2753vbp23bwpac0n02rbrky-glibc-iconv-2.40.drv'
instantiated 'pkg-config-0.29.2.tar.gz' -> '/nix/store/6b29gjz7rj4mw0ch0vy2m6qrqipz2bbb-pkg-config-0.29.2.tar.gz.drv'
instantiated 'pkg-config-0.29.2' -> '/nix/store/cy9n7fbf92l7jcl88p60668mn512bx04-pkg-config-0.29.2.drv'
instantiated 'pkg-config-wrapper-0.29.2' -> '/nix/store/nimcvi42jsnn1hfp9vmalhdv8avjbbi6-pkg-config-wrapper-0.29.2.drv'
instantiated 'krb5-1.22.1.tar.gz' -> '/nix/store/zgklqdh9majhk3nyivpl33ciflvsq5lc-krb5-1.22.1.tar.gz.drv'
instantiated 'krb5-1.22.1' -> '/nix/store/fqy4wsgblsl8ymqjq9qspmq5xfmyp0dn-krb5-1.22.1.drv'
checking access to '/nix/store/j3sna6r5nrrqj5b3pslyc520cycfa43m-source/pkgs/by-name/ng/nghttp2/package.nix'
evaluating file '/nix/store/j3sna6r5nrrqj5b3pslyc520cycfa43m-source/pkgs/by-name/ng/nghttp2/package.nix'
instantiated 'nghttp2-1.66.0.tar.bz2' -> '/nix/store/b56c653q83jbvf559s131vy6yv0k32nk-nghttp2-1.66.0.tar.bz2.drv'
instantiated 'nghttp2-1.66.0' -> '/nix/store/0j8zb7im9a6f4ci7dc1k044cnh0aw5za-nghttp2-1.66.0.drv'
instantiated 'curl-8.14.1.tar.xz' -> '/nix/store/lcchln9b7jr52vbyiyq1db9p5nz7jh2x-curl-8.14.1.tar.xz.drv'
instantiated 'curl-8.14.1' -> '/nix/store/3kv6bm2ldlk4mmwpaprvj2gk84h48gd6-curl-8.14.1.drv'
checking access to '/nix/store/j3sna6r5nrrqj5b3pslyc520cycfa43m-source/lib/.version'
instantiated 'tzdata2025b.tar.gz' -> '/nix/store/8nvygf61pq1gx1bi4mf834qqkvnfaxlf-tzdata2025b.tar.gz.drv'
instantiated 'tzcode2025b.tar.gz' -> '/nix/store/9sl16x6bvr4mhpgfyiwgv6qrcyqn7137-tzcode2025b.tar.gz.drv'
instantiated 'tzdata-2025b' -> '/nix/store/qa7i76wjf13gvmb2mqjn5gprg3xsgmbn-tzdata-2025b.drv'
instantiated 'tcl8.6.16-src.tar.gz' -> '/nix/store/4pv714iq9kq0f653g515khlqbpw2h6zk-tcl8.6.16-src.tar.gz.drv'
instantiated 'tcl-8.6.16' -> '/nix/store/39gld1bc70ddxrg8bqqhcyjvi58ixxpm-tcl-8.6.16.drv'
copied source '/nix/store/j3sna6r5nrrqj5b3pslyc520cycfa43m-source/pkgs/development/interpreters/tcl/tcl-package-hook.sh' -> '/nix/store/gpiqd8j4plvirdi3gdq5mpdzb8bw4s0c-tcl-package-hook.sh'
instantiated 'tcl-package-hook' -> '/nix/store/lkqidsiv16z1r9kyh4i46pc1vjwd82sl-tcl-package-hook.drv'
instantiated 'm4-1.4.20.tar.bz2' -> '/nix/store/fir93qmbjqiffadpd8phv4gz62xa7vpr-m4-1.4.20.tar.bz2.drv'
instantiated 'gnum4-1.4.20' -> '/nix/store/5zv274y3k5vz9jp9kgr1g3gyyvyi5jfz-gnum4-1.4.20.drv'
instantiated 'perl-5.40.0.tar.gz' -> '/nix/store/1j0rq6p34hh1iwwcvgajx3yv1fc0hxq5-perl-5.40.0.tar.gz.drv'
instantiated 'perl-5.40.0' -> '/nix/store/d738gcw0plf5sf02r9pfc5c7n5kzx7q8-perl-5.40.0.drv'
instantiated 'config.guess-948ae97' -> '/nix/store/1ir37qnmvndyf39p86y75fqi7dij27x8-config.guess-948ae97.drv'
instantiated 'config.sub-948ae97' -> '/nix/store/chgwz3h59girv1s2sn0ciyn1ldgwd7hb-config.sub-948ae97.drv'
instantiated 'gnu-config-2024-01-01' -> '/nix/store/zmj0n9h263bs60xky57vx1rydvaqxdan-gnu-config-2024-01-01.drv'
instantiated 'update-autotools-gnu-config-scripts-hook' -> '/nix/store/1wjyl85w5jy0ri3q01ahdjbdimv10gwp-update-autotools-gnu-config-scripts-hook.drv'
instantiated 'texinfo-7.2.tar.xz' -> '/nix/store/jzk63bwhmi711xfp507zkyz4aqxp6if5-texinfo-7.2.tar.xz.drv'
instantiated 'texinfo-7.2' -> '/nix/store/ffn2yxh81m0348rjkgxmj93v0vy4f6jf-texinfo-7.2.drv'
instantiated 'autoconf-2.72.tar.xz' -> '/nix/store/akln0xmh2s929kqyihb6bn76h78zp0ij-autoconf-2.72.tar.xz.drv'
instantiated 'autoconf-2.72' -> '/nix/store/2dw74xm5sfzjlc4hrnb87l2cc7w1pf3m-autoconf-2.72.drv'
instantiated 'automake-1.18.1.tar.xz' -> '/nix/store/rxiy1yfy13rms0x15jdaldfaq5dif3cs-automake-1.18.1.tar.xz.drv'
instantiated 'automake-1.18.1' -> '/nix/store/3k253ncyh4v8gbi2cxw4mmd9qcf6ydyl-automake-1.18.1.drv'
instantiated 'gettext-0.25.1.tar.gz' -> '/nix/store/91rn3x8qkajhfsd3v43ck40kf98qqybv-gettext-0.25.1.tar.gz.drv'
instantiated 'gettext-0.25.1' -> '/nix/store/c9wasi9wm3fy523ad98jakx5zg18sqy3-gettext-0.25.1.drv'
instantiated 'file-5.45.tar.gz' -> '/nix/store/l6f2l4r9x8v1n1kb636k6p2a6gmsjxy4-file-5.45.tar.gz.drv'
instantiated 'file-5.45' -> '/nix/store/v1vmf7id0l6yyjm12h2d0kyf2k12cwjx-file-5.45.drv'
instantiated 'libtool-2.5.4.tar.gz' -> '/nix/store/2lbmcd2jqnq3vxv2h9jfb6g3fwbs9pkq-libtool-2.5.4.tar.gz.drv'
instantiated 'libtool-2.5.4' -> '/nix/store/s7kkbdgc3499vg7wv97g8hpzn15czi8y-libtool-2.5.4.drv'
instantiated 'autoreconf-hook' -> '/nix/store/gjgd4qml9rjhhi8cn1k6yyphl4mn94q4-autoreconf-hook.drv'
instantiated 'make-shell-wrapper-hook' -> '/nix/store/8w54pc9m5jcnq8brbc2gijs959yk83wm-make-shell-wrapper-hook.drv'
checking access to '/nix/store/j3sna6r5nrrqj5b3pslyc520cycfa43m-source/pkgs/build-support/replace-vars/replace-vars.nix'
evaluating file '/nix/store/j3sna6r5nrrqj5b3pslyc520cycfa43m-source/pkgs/build-support/replace-vars/replace-vars.nix'
checking access to '/nix/store/j3sna6r5nrrqj5b3pslyc520cycfa43m-source/pkgs/build-support/replace-vars/replace-vars-with.nix'
evaluating file '/nix/store/j3sna6r5nrrqj5b3pslyc520cycfa43m-source/pkgs/build-support/replace-vars/replace-vars-with.nix'
instantiated 'tcl-8.6.16' -> '/nix/store/39gld1bc70ddxrg8bqqhcyjvi58ixxpm-tcl-8.6.16.drv'
copied source '/nix/store/j3sna6r5nrrqj5b3pslyc520cycfa43m-source/pkgs/development/tcl-modules/by-name/ex/expect/fix-build-time-run-tcl.patch' -> '/nix/store/29ai0rjkdznw4g0yvqdh58fls3p9fxyv-fix-build-time-run-tcl.patch'
instantiated 'fix-build-time-run-tcl.patch' -> '/nix/store/mc5613hr0xdabygbvcz7nsfmn5nvabds-fix-build-time-run-tcl.patch.drv'
checking access to '/nix/store/j3sna6r5nrrqj5b3pslyc520cycfa43m-source/pkgs/build-support/fetchpatch'
evaluating file '/nix/store/j3sna6r5nrrqj5b3pslyc520cycfa43m-source/pkgs/build-support/fetchpatch/default.nix'
checking access to '/nix/store/j3sna6r5nrrqj5b3pslyc520cycfa43m-source/pkgs/build-support/fetchpatch/default.nix'
checking access to '/nix/store/j3sna6r5nrrqj5b3pslyc520cycfa43m-source/pkgs/tools/text/patchutils/0.3.3.nix'
evaluating file '/nix/store/j3sna6r5nrrqj5b3pslyc520cycfa43m-source/pkgs/tools/text/patchutils/0.3.3.nix'
checking access to '/nix/store/j3sna6r5nrrqj5b3pslyc520cycfa43m-source/pkgs/tools/text/patchutils/generic.nix'
evaluating file '/nix/store/j3sna6r5nrrqj5b3pslyc520cycfa43m-source/pkgs/tools/text/patchutils/generic.nix'
copied source '/nix/store/j3sna6r5nrrqj5b3pslyc520cycfa43m-source/pkgs/tools/text/patchutils/drop-comments.patch' -> '/nix/store/8djp1rizc1dblv8svnb0mpa0c3lwvc17-drop-comments.patch'
instantiated 'patchutils-0.3.3.tar.xz' -> '/nix/store/q2gc1rg42gba9jcjaz8vdj7c60y9w1pi-patchutils-0.3.3.tar.xz.drv'
instantiated 'patchutils-0.3.3' -> '/nix/store/1nmjpy4xdhcxm6va6jn6qd34rn23r2nk-patchutils-0.3.3.drv'
instantiated '0001-Add-prototype-to-function-definitions.patch' -> '/nix/store/k4xhxmikpxqip6s2517crz85xs6ssdn6-0001-Add-prototype-to-function-definitions.patch.drv'
instantiated 'expect-configure-c99.patch' -> '/nix/store/8i2zmsk9am89cm3n0v3bmjxipz5yzwvb-expect-configure-c99.patch.drv'
copied source '/nix/store/j3sna6r5nrrqj5b3pslyc520cycfa43m-source/pkgs/development/tcl-modules/by-name/ex/expect/0004-enable-cross-compilation.patch' -> '/nix/store/5sq339xgg1yq8risiy1b6kq4wlrf8va3-0004-enable-cross-compilation.patch'
copied source '/nix/store/j3sna6r5nrrqj5b3pslyc520cycfa43m-source/pkgs/development/tcl-modules/by-name/ex/expect/fix-darwin-bsd-clang16.patch' -> '/nix/store/4qxxm3fk8i15xvdi71zcir1ivnmdrc8z-fix-darwin-bsd-clang16.patch'
copied source '/nix/store/j3sna6r5nrrqj5b3pslyc520cycfa43m-source/pkgs/development/tcl-modules/by-name/ex/expect/freebsd-unversioned.patch' -> '/nix/store/z7pds9wjplxms9cim0zr8igyc9f55h63-freebsd-unversioned.patch'
instantiated 'expect5.45.4.tar.gz' -> '/nix/store/0ivm1alpf10rwd4iq48qnamn32wa7pxj-expect5.45.4.tar.gz.drv'
instantiated 'stdenv-linux' -> '/nix/store/74qvk0yp9n1pya3kb98l2lbwsdymkikp-stdenv-linux.drv'
instantiated 'expect-5.45.4' -> '/nix/store/0a9xl2jd6vg8aia8pqxc5pn11lnngfr2-expect-5.45.4.drv'
instantiated 'dejagnu-1.6.3.tar.gz' -> '/nix/store/qdnp1298g2phads5nwng27y1lf7smnxk-dejagnu-1.6.3.tar.gz.drv'
instantiated 'dejagnu-1.6.3' -> '/nix/store/d4hc7r3hm4fiya9ql54p7fs603n0r5fv-dejagnu-1.6.3.drv'
instantiated 'libffi-3.5.1.tar.gz' -> '/nix/store/ikfy4jicw85nm0lvj1qj1zgx58z6wiv2-libffi-3.5.1.tar.gz.drv'
instantiated 'libffi-3.5.1' -> '/nix/store/yap8kvhx1g3fim2i8srd88805cg0qk0p-libffi-3.5.1.drv'
checking access to '/nix/store/j3sna6r5nrrqj5b3pslyc520cycfa43m-source/pkgs/development/libraries/sqlite/archive-version.nix'
evaluating file '/nix/store/j3sna6r5nrrqj5b3pslyc520cycfa43m-source/pkgs/development/libraries/sqlite/archive-version.nix'
instantiated 'sqlite-doc-3500200.zip' -> '/nix/store/b8qfyqrpgg6cm4ck0yqn4jmdb9fgrwhg-sqlite-doc-3500200.zip.drv'
checking access to '/nix/store/j3sna6r5nrrqj5b3pslyc520cycfa43m-source/pkgs/by-name/un/unzip/package.nix'
evaluating file '/nix/store/j3sna6r5nrrqj5b3pslyc520cycfa43m-source/pkgs/by-name/un/unzip/package.nix'
copied source '/nix/store/j3sna6r5nrrqj5b3pslyc520cycfa43m-source/pkgs/by-name/un/unzip/CVE-2014-8139.diff' -> '/nix/store/rdkdki1f24q8mqgnbsyk7gmh28c027ks-CVE-2014-8139.diff'
copied source '/nix/store/j3sna6r5nrrqj5b3pslyc520cycfa43m-source/pkgs/by-name/un/unzip/CVE-2014-8140.diff' -> '/nix/store/d9b2qrrq32jzdsdx4y33inzrra5n5z5n-CVE-2014-8140.diff'
copied source '/nix/store/j3sna6r5nrrqj5b3pslyc520cycfa43m-source/pkgs/by-name/un/unzip/CVE-2014-8141.diff' -> '/nix/store/6np2acjv1nxcg0xzsv9a76wyrpxznkna-CVE-2014-8141.diff'
copied source '/nix/store/j3sna6r5nrrqj5b3pslyc520cycfa43m-source/pkgs/by-name/un/unzip/CVE-2014-9636.diff' -> '/nix/store/pdcj2chp5c2gvm2jc3shbajfc62kbx1i-CVE-2014-9636.diff'
copied source '/nix/store/j3sna6r5nrrqj5b3pslyc520cycfa43m-source/pkgs/by-name/un/unzip/CVE-2015-7696.diff' -> '/nix/store/6zqn6w9rwkgfa6z1hpagnh5xhz2dag6m-CVE-2015-7696.diff'
copied source '/nix/store/j3sna6r5nrrqj5b3pslyc520cycfa43m-source/pkgs/by-name/un/unzip/CVE-2015-7697.diff' -> '/nix/store/2cq4hsc1v8ylccspw8351r72s56w1fia-CVE-2015-7697.diff'
copied source '/nix/store/j3sna6r5nrrqj5b3pslyc520cycfa43m-source/pkgs/by-name/un/unzip/CVE-2014-9913.patch' -> '/nix/store/1k1wn8807yizgz3ghnbd4k6zsc0dzfkr-CVE-2014-9913.patch'
copied source '/nix/store/j3sna6r5nrrqj5b3pslyc520cycfa43m-source/pkgs/by-name/un/unzip/CVE-2016-9844.patch' -> '/nix/store/97d26l91h0db8h0qkmhxwi5d8shrilv6-CVE-2016-9844.patch'
copied source '/nix/store/j3sna6r5nrrqj5b3pslyc520cycfa43m-source/pkgs/by-name/un/unzip/CVE-2018-18384.patch' -> '/nix/store/p55a764pi2f4kkx3adb43bxb2dnb4z6r-CVE-2018-18384.patch'
copied source '/nix/store/j3sna6r5nrrqj5b3pslyc520cycfa43m-source/pkgs/by-name/un/unzip/dont-hardcode-cc.patch' -> '/nix/store/p46prhgmv7ibjh9igfkbc6zfxbbi6sk5-dont-hardcode-cc.patch'
instantiated 'CVE-2019-13232-1.patch' -> '/nix/store/27lrlrlfjikzlimnsbbpgc935z7y6kcq-CVE-2019-13232-1.patch.drv'
instantiated 'CVE-2019-13232-2.patch' -> '/nix/store/rp8670rbbv79cahl7dyr7aydr2khmhj0-CVE-2019-13232-2.patch.drv'
instantiated 'CVE-2019-13232-3.patch' -> '/nix/store/44il74aix8r29w4g25kh4kbm9vpnnas0-CVE-2019-13232-3.patch.drv'
instantiated '06-initialize-the-symlink-flag.patch' -> '/nix/store/a9zc3m36vr13dk2m8ly020js39f9fd05-06-initialize-the-symlink-flag.patch.drv'
instantiated '28-cve-2022-0529-and-cve-2022-0530.patch' -> '/nix/store/drbmnq0p8qpvf77ilp7cg51fvxbgc8wd-28-cve-2022-0529-and-cve-2022-0530.patch.drv'
copied source '/nix/store/j3sna6r5nrrqj5b3pslyc520cycfa43m-source/pkgs/by-name/un/unzip/implicit-declarations-fix.patch' -> '/nix/store/705g035ind4dzrnxwjaw5gp6wy32bkar-implicit-declarations-fix.patch'
instantiated 'CVE-2021-4217.patch' -> '/nix/store/pf55bh8w5lrqdlsd74blxv49fxz8anj2-CVE-2021-4217.patch.drv'
copied source '/nix/store/j3sna6r5nrrqj5b3pslyc520cycfa43m-source/pkgs/by-name/un/unzip/setup-hook.sh' -> '/nix/store/cciw7lgkldvx25d77cxpjhh1iw4xghd9-setup-hook.sh'
instantiated 'unzip60.tar.gz' -> '/nix/store/4w7kylr5s3yiiq99l6s3rlz6bkf409h3-unzip60.tar.gz.drv'
instantiated 'unzip-6.0' -> '/nix/store/k5wsb6rfslpdy4sxm7npf46faz0l9knh-unzip-6.0.drv'
instantiated 'sqlite-autoconf-3500200.tar.gz' -> '/nix/store/rkph7im0p7isi646nn8svbrk7adxs6nn-sqlite-autoconf-3500200.tar.gz.drv'
instantiated 'sqlite-3.50.2' -> '/nix/store/gv1jcp0swa1m0cyj0hr27q0vlkzjpxdv-sqlite-3.50.2.drv'
checking access to '/nix/store/j3sna6r5nrrqj5b3pslyc520cycfa43m-source/pkgs/by-name/li/libcap_ng/package.nix'
evaluating file '/nix/store/j3sna6r5nrrqj5b3pslyc520cycfa43m-source/pkgs/by-name/li/libcap_ng/package.nix'
checking access to '/nix/store/j3sna6r5nrrqj5b3pslyc520cycfa43m-source/pkgs/by-name/sw/swig/package.nix'
evaluating file '/nix/store/j3sna6r5nrrqj5b3pslyc520cycfa43m-source/pkgs/by-name/sw/swig/package.nix'
instantiated 'bison-3.8.2.tar.gz' -> '/nix/store/z8gygrjaf8j7imq4vnhacmd2wpif7640-bison-3.8.2.tar.gz.drv'
instantiated 'bison-3.8.2' -> '/nix/store/09f8lsxq28srv28gwpic6yf555sypim8-bison-3.8.2.drv'
checking access to '/nix/store/j3sna6r5nrrqj5b3pslyc520cycfa43m-source/pkgs/build-support/fetchgithub'
evaluating file '/nix/store/j3sna6r5nrrqj5b3pslyc520cycfa43m-source/pkgs/build-support/fetchgithub/default.nix'
checking access to '/nix/store/j3sna6r5nrrqj5b3pslyc520cycfa43m-source/pkgs/build-support/fetchgithub/default.nix'
checking access to '/nix/store/j3sna6r5nrrqj5b3pslyc520cycfa43m-source/pkgs/build-support/fetchzip'
evaluating file '/nix/store/j3sna6r5nrrqj5b3pslyc520cycfa43m-source/pkgs/build-support/fetchzip/default.nix'
checking access to '/nix/store/j3sna6r5nrrqj5b3pslyc520cycfa43m-source/pkgs/build-support/fetchzip/default.nix'
checking access to '/nix/store/j3sna6r5nrrqj5b3pslyc520cycfa43m-source/lib/sources.nix'
evaluating file '/nix/store/j3sna6r5nrrqj5b3pslyc520cycfa43m-source/lib/sources.nix'
instantiated 'source' -> '/nix/store/r2w3j00h9fqbdyp6928xxvkyd1583wpi-source.drv'
instantiated 'swig-4.3.1' -> '/nix/store/8bx23qk6a710322rig63lfgssw2mm8aj-swig-4.3.1.drv'
instantiated 'source' -> '/nix/store/rxwcj8wx179db56cfwwiqjjha0kzcxj1-source.drv'
instantiated 'libcap-ng-0.8.5' -> '/nix/store/1m0sar2kw8j36fhmkchwhkqhh4rfrbp3-libcap-ng-0.8.5.drv'
checking access to '/nix/store/j3sna6r5nrrqj5b3pslyc520cycfa43m-source/pkgs/development/tools/misc/automake/automake-1.16.x.nix'
evaluating file '/nix/store/j3sna6r5nrrqj5b3pslyc520cycfa43m-source/pkgs/development/tools/misc/automake/automake-1.16.x.nix'
instantiated 'automake-1.16.5.tar.xz' -> '/nix/store/4kx9hmhf20jqjasrm5jqlhc8jyqakvdw-automake-1.16.5.tar.xz.drv'
instantiated 'automake-1.16.5' -> '/nix/store/l3v4wawlpwcw9c223ycg165yfvk96miq-automake-1.16.5.drv'
checking access to '/nix/store/j3sna6r5nrrqj5b3pslyc520cycfa43m-source/pkgs/by-name/in/installShellFiles/package.nix'
evaluating file '/nix/store/j3sna6r5nrrqj5b3pslyc520cycfa43m-source/pkgs/by-name/in/installShellFiles/package.nix'
copied source '/nix/store/j3sna6r5nrrqj5b3pslyc520cycfa43m-source/pkgs/by-name/in/installShellFiles/setup-hook.sh' -> '/nix/store/0yanklhkvs3ygb149mxayfvd8vwjqfra-setup-hook.sh'
instantiated 'install-shell-files' -> '/nix/store/1z35fgaprfn4rg5hqrzlwj4qa2f7f4p7-install-shell-files.drv'
instantiated 'pkg-config-0.29.2.tar.gz' -> '/nix/store/drvbwdy3sjf43gkgji9ga13hc805vkzg-pkg-config-0.29.2.tar.gz.drv'
instantiated 'pkg-config-0.29.2' -> '/nix/store/njbmgdz131kqsqm4j1ngbvgqny244w3c-pkg-config-0.29.2.drv'
instantiated 'pkg-config-wrapper-0.29.2' -> '/nix/store/gs0pi2k1py127vz63hx1wg9j3i6x4yl1-pkg-config-wrapper-0.29.2.drv'
copied source '/nix/store/j3sna6r5nrrqj5b3pslyc520cycfa43m-source/pkgs/by-name/ut/util-linux/rtcwake-search-PATH-for-shutdown.patch' -> '/nix/store/1j9sp0yd6jbcbkwsc5a826rxqy3lk6vh-rtcwake-search-PATH-for-shutdown.patch'
instantiated 'bits-only-build-when-cpu_set_t-is-available.patch' -> '/nix/store/0pbb02jyyjrf6fgin878c47pfwg2wxis-bits-only-build-when-cpu_set_t-is-available.patch.drv'
instantiated 'util-linux-2.41.1.tar.xz' -> '/nix/store/nv6mqidipm8qwv8n37x0sywbjspf9fcz-util-linux-2.41.1.tar.xz.drv'
instantiated 'util-linux-minimal-2.41.1' -> '/nix/store/04i5y1f21rhf2j4pp6h0xi86yyx25b3c-util-linux-minimal-2.41.1.drv'
copied source '/nix/store/j3sna6r5nrrqj5b3pslyc520cycfa43m-source/pkgs/development/libraries/ncurses/1001-ncurses-Support-gnuabielfv1-2.patch' -> '/nix/store/wxgpyw9pj7dw8f5876ai4j964frnhiiy-1001-ncurses-Support-gnuabielfv1-2.patch'
instantiated 'ncurses-6.5.tar.gz' -> '/nix/store/bi2ka7xzkp176yn8c46zz0d6x5b02big-ncurses-6.5.tar.gz.drv'
instantiated 'ncurses-6.5' -> '/nix/store/if4apf51pw3fvr0p7i1pq5879i19zs28-ncurses-6.5.drv'
instantiated 'openssl-3.5.1.tar.gz' -> '/nix/store/kdxfk9c3jkmvfgfjl1ilq9snz5ywnqzw-openssl-3.5.1.tar.gz.drv'
instantiated 'openssl-3.5.1' -> '/nix/store/ka1rgg9jrhim4p54h6cb4jih6g51qcww-openssl-3.5.1.drv'
instantiated 'mpdecimal-4.0.1.tar.gz' -> '/nix/store/d7faaz2w2q9ybnb0vdwr84airvhvn1j0-mpdecimal-4.0.1.tar.gz.drv'
instantiated 'mpdecimal-4.0.1' -> '/nix/store/3s9m6x5jqy3rvri90zmca8fs0y1pvaax-mpdecimal-4.0.1.drv'
instantiated 'expat-2.7.1.tar.xz' -> '/nix/store/c4w28v773z7iys8g7p2g3j9h99q9w9p9-expat-2.7.1.tar.xz.drv'
instantiated 'expat-2.7.1' -> '/nix/store/z6yzhinzmmzxffw1gw01x8zlzfygwr69-expat-2.7.1.drv'
instantiated 'bluez-5.83.tar.xz' -> '/nix/store/vrb1y8sg644gi8rivj4yaadinxnzs02b-bluez-5.83.tar.xz.drv'
instantiated 'bluez-headers-5.83' -> '/nix/store/9d1j45q4gmbbkxhlanl8qr1k7bkd0z86-bluez-headers-5.83.drv'
copied source '/nix/store/j3sna6r5nrrqj5b3pslyc520cycfa43m-source/pkgs/by-name/gd/gdbm/upstream-darwin-clock-nanosleep-fix.patch' -> '/nix/store/jw14p81ngrmmm1189rgkx28i030svjmw-upstream-darwin-clock-nanosleep-fix.patch'
copied source '/nix/store/j3sna6r5nrrqj5b3pslyc520cycfa43m-source/pkgs/by-name/gd/gdbm/upstream-lockwait-test-fixes.patch' -> '/nix/store/k3azmfbl1rjkflj90ahbr383vgcfs28a-upstream-lockwait-test-fixes.patch'
copied source '/nix/store/j3sna6r5nrrqj5b3pslyc520cycfa43m-source/pkgs/by-name/gd/gdbm/upstream-musl-ssize_t-fix.patch' -> '/nix/store/vjxyg7cyqq0s25dmma01xg57kp6ri4wg-upstream-musl-ssize_t-fix.patch'
instantiated 'gdbm-1.25.tar.gz' -> '/nix/store/qcmhqm2apw06h674lvcdpar1dibz301g-gdbm-1.25.tar.gz.drv'
instantiated 'gdbm-1.25' -> '/nix/store/bljn24ssmf3m8zlhws37vqndjzcvamfm-gdbm-1.25.drv'
checking access to '/nix/store/j3sna6r5nrrqj5b3pslyc520cycfa43m-source/pkgs/development/libraries/readline/readline-8.3-patches.nix'
evaluating file '/nix/store/j3sna6r5nrrqj5b3pslyc520cycfa43m-source/pkgs/development/libraries/readline/readline-8.3-patches.nix'
copied source '/nix/store/j3sna6r5nrrqj5b3pslyc520cycfa43m-source/pkgs/development/libraries/readline/link-against-ncurses.patch' -> '/nix/store/bw6aa38615ww5karcn8kslsf5hxgz412-link-against-ncurses.patch'
copied source '/nix/store/j3sna6r5nrrqj5b3pslyc520cycfa43m-source/pkgs/development/libraries/readline/no-arch_only-8.2.patch' -> '/nix/store/0v7w62jca8nw6w31zs4y2805jj670f6p-no-arch_only-8.2.patch'
instantiated 'readline83-001' -> '/nix/store/p50d8vnxkrw6nw3wsg5lnzfn4hqcks16-readline83-001.drv'
instantiated 'readline-8.3.tar.gz' -> '/nix/store/10ikjxkpgipnpisdmni6f1ryi4n3dvri-readline-8.3.tar.gz.drv'
instantiated 'readline-8.3p1' -> '/nix/store/pnpqvdqpjfqv1lj84hjwbdwm4qrvbxya-readline-8.3p1.drv'
instantiated 'nuke-references' -> '/nix/store/7nnwfbiibsgaia3ri7s1qswipqi8sjrk-nuke-references.drv'
checking access to '/nix/store/j3sna6r5nrrqj5b3pslyc520cycfa43m-source/pkgs/by-name/au/autoconf-archive/package.nix'
evaluating file '/nix/store/j3sna6r5nrrqj5b3pslyc520cycfa43m-source/pkgs/by-name/au/autoconf-archive/package.nix'
copied source '/nix/store/j3sna6r5nrrqj5b3pslyc520cycfa43m-source/pkgs/by-name/au/autoconf-archive/0001-ax_check_gl.m4-properly-quote-m4_fatal.patch' -> '/nix/store/iiqz3jwhkshha7g3md65nxfc92m3w7my-0001-ax_check_gl.m4-properly-quote-m4_fatal.patch'
copied source '/nix/store/j3sna6r5nrrqj5b3pslyc520cycfa43m-source/pkgs/by-name/au/autoconf-archive/0002-ax_check_glx.m4-properly-quote-m4_fatal.patch' -> '/nix/store/g33khik5vs4hh0wpj0zdxp4mjxf9l8z0-0002-ax_check_glx.m4-properly-quote-m4_fatal.patch'
copied source '/nix/store/j3sna6r5nrrqj5b3pslyc520cycfa43m-source/pkgs/by-name/au/autoconf-archive/0003-ax_switch_flags.m4-properly-quote-m4_fatal.patch' -> '/nix/store/p1pv3xh6x64mlmnjc3lyhw7baapljajg-0003-ax_switch_flags.m4-properly-quote-m4_fatal.patch'
instantiated 'autoconf-archive-2024.10.16.tar.xz' -> '/nix/store/qnqkspppb0zyrfbkljp6cgpk43903r2q-autoconf-archive-2024.10.16.tar.xz.drv'
instantiated 'autoconf-archive-2024.10.16' -> '/nix/store/hrp25fq4m1bbwnihypb0pl6d5cr33g4z-autoconf-archive-2024.10.16.drv'
copied source '/nix/store/j3sna6r5nrrqj5b3pslyc520cycfa43m-source/pkgs/development/interpreters/python/cpython/mimetypes.patch' -> '/nix/store/lpfs02z2i2hamz9f50p4bz6v0fs0600j-mimetypes.patch'
copied source '/nix/store/j3sna6r5nrrqj5b3pslyc520cycfa43m-source/pkgs/development/interpreters/python/sitecustomize.py' -> '/nix/store/gx4pa1m75g8rrrggj7gi3bg38m4lg3q5-sitecustomize.py'
checking access to '/nix/store/j3sna6r5nrrqj5b3pslyc520cycfa43m-source/pkgs/by-name/ma/mailcap/package.nix'
evaluating file '/nix/store/j3sna6r5nrrqj5b3pslyc520cycfa43m-source/pkgs/by-name/ma/mailcap/package.nix'
instantiated 'mailcap-2.1.54.tar.xz' -> '/nix/store/jl2vvqhn53isybnw901fykwchk386vz4-mailcap-2.1.54.tar.xz.drv'
instantiated 'mailcap-2.1.54' -> '/nix/store/qc5zy7v5mzh7w07r4ds92qyrfsnwmi33-mailcap-2.1.54.drv'
instantiated 'python-setup-hook.sh' -> '/nix/store/wp9cf1lvmswkd1h88rr12qjdcvzp7rxm-python-setup-hook.sh.drv'
instantiated 'Python-3.13.7.tar.xz' -> '/nix/store/vdqnk11hgf1ybqmc5gqnxnmdbmjhl1ar-Python-3.13.7.tar.xz.drv'
instantiated 'python3-3.13.7' -> '/nix/store/5di2g881hiam4gz0swd50cx210bkrvmk-python3-3.13.7.drv'
locking path '/nix/store/x071lwaz31qk7xplrrq6j0n0wbdnakla-kb2ny97bbsa279ncfb4zcpq0avs1lnvz-source'
lock acquired on '/nix/store/x071lwaz31qk7xplrrq6j0n0wbdnakla-kb2ny97bbsa279ncfb4zcpq0avs1lnvz-source.lock'
lock released on '/nix/store/x071lwaz31qk7xplrrq6j0n0wbdnakla-kb2ny97bbsa279ncfb4zcpq0avs1lnvz-source.lock'
copied source '/nix/store/kb2ny97bbsa279ncfb4zcpq0avs1lnvz-source' -> '/nix/store/x071lwaz31qk7xplrrq6j0n0wbdnakla-kb2ny97bbsa279ncfb4zcpq0avs1lnvz-source'
locking path '/nix/store/iybclww3frb9xm6y3x0hznxw0w40g2jy-rust-solana-tools-v1.51.drv'
lock acquired on '/nix/store/iybclww3frb9xm6y3x0hznxw0w40g2jy-rust-solana-tools-v1.51.drv.lock'
lock released on '/nix/store/iybclww3frb9xm6y3x0hznxw0w40g2jy-rust-solana-tools-v1.51.drv.lock'
instantiated 'rust-solana-tools-v1.51' -> '/nix/store/iybclww3frb9xm6y3x0hznxw0w40g2jy-rust-solana-tools-v1.51.drv'
evaluating uncached attribute 'packages.aarch64-linux.default'
evaluating uncached attribute 'packages.aarch64-linux.default'
evaluating uncached attribute 'packages.aarch64-linux.default.meta'
evaluating uncached attribute 'packages.aarch64-linux.default.meta'
evaluating uncached attribute 'packages.aarch64-linux.default.meta.outputsToInstall'
querying info about missing paths...
starting pool of 24 threads
checking substituter 'https://cache.nixos.org' for path '/nix/store/hfbqf880ja766mds8fd6k5pal6vyqv48-rust-solana-tools-v1.51'
querying info about '/nix/store/hfbqf880ja766mds8fd6k5pal6vyqv48-rust-solana-tools-v1.51' on 'https://cache.nixos.org'...
downloading 'https://cache.nixos.org/hfbqf880ja766mds8fd6k5pal6vyqv48.narinfo'...
starting download of https://cache.nixos.org/hfbqf880ja766mds8fd6k5pal6vyqv48.narinfo
finished download of 'https://cache.nixos.org/hfbqf880ja766mds8fd6k5pal6vyqv48.narinfo'; curl status = 0, HTTP status = 404, body = 3 bytes
checking substituter 'https://nix-on-droid.cachix.org' for path '/nix/store/hfbqf880ja766mds8fd6k5pal6vyqv48-rust-solana-tools-v1.51'
querying info about '/nix/store/hfbqf880ja766mds8fd6k5pal6vyqv48-rust-solana-tools-v1.51' on 'https://nix-on-droid.cachix.org'...
downloading 'https://nix-on-droid.cachix.org/hfbqf880ja766mds8fd6k5pal6vyqv48.narinfo'...
starting download of https://nix-on-droid.cachix.org/hfbqf880ja766mds8fd6k5pal6vyqv48.narinfo
finished download of 'https://nix-on-droid.cachix.org/hfbqf880ja766mds8fd6k5pal6vyqv48.narinfo'; curl status = 0, HTTP status = 404, body = 15 bytes
reaping 2 worker threads
this derivation will be built:
  /nix/store/iybclww3frb9xm6y3x0hznxw0w40g2jy-rust-solana-tools-v1.51.drv
building of '/nix/store/iybclww3frb9xm6y3x0hznxw0w40g2jy-rust-solana-tools-v1.51.drv^out' from .drv file: created
building of '/nix/store/iybclww3frb9xm6y3x0hznxw0w40g2jy-rust-solana-tools-v1.51.drv^out' from .drv file: woken up
querying info about missing paths...
starting pool of 24 threads
checking substituter 'https://cache.nixos.org' for path '/nix/store/hfbqf880ja766mds8fd6k5pal6vyqv48-rust-solana-tools-v1.51'
checking substituter 'https://nix-on-droid.cachix.org' for path '/nix/store/hfbqf880ja766mds8fd6k5pal6vyqv48-rust-solana-tools-v1.51'
reaping 2 worker threads
entered goal loop
building of '/nix/store/iybclww3frb9xm6y3x0hznxw0w40g2jy-rust-solana-tools-v1.51.drv^out' from .drv file: init
building of '/nix/store/iybclww3frb9xm6y3x0hznxw0w40g2jy-rust-solana-tools-v1.51.drv^out' from .drv file: loading derivation
building of '/nix/store/iybclww3frb9xm6y3x0hznxw0w40g2jy-rust-solana-tools-v1.51.drv^out' from .drv file: have derivation
substitution of '/nix/store/hfbqf880ja766mds8fd6k5pal6vyqv48-rust-solana-tools-v1.51': created
substitution of '/nix/store/hfbqf880ja766mds8fd6k5pal6vyqv48-rust-solana-tools-v1.51': woken up
substitution of '/nix/store/hfbqf880ja766mds8fd6k5pal6vyqv48-rust-solana-tools-v1.51': init
substitution of '/nix/store/hfbqf880ja766mds8fd6k5pal6vyqv48-rust-solana-tools-v1.51': trying next substituter
substitution of '/nix/store/hfbqf880ja766mds8fd6k5pal6vyqv48-rust-solana-tools-v1.51': trying next substituter
substitution of '/nix/store/hfbqf880ja766mds8fd6k5pal6vyqv48-rust-solana-tools-v1.51': trying next substituter
path '/nix/store/hfbqf880ja766mds8fd6k5pal6vyqv48-rust-solana-tools-v1.51' is required, but there is no substituter that can build it
substitution of '/nix/store/hfbqf880ja766mds8fd6k5pal6vyqv48-rust-solana-tools-v1.51': done
building of '/nix/store/iybclww3frb9xm6y3x0hznxw0w40g2jy-rust-solana-tools-v1.51.drv^out' from .drv file: waitee 'substitution of '/nix/store/hfbqf880ja766mds8fd6k5pal6vyqv48-rust-solana-tools-v1.51'' done; 0 left
building of '/nix/store/iybclww3frb9xm6y3x0hznxw0w40g2jy-rust-solana-tools-v1.51.drv^out' from .drv file: woken up
substitution of '/nix/store/hfbqf880ja766mds8fd6k5pal6vyqv48-rust-solana-tools-v1.51': goal destroyed
building of '/nix/store/iybclww3frb9xm6y3x0hznxw0w40g2jy-rust-solana-tools-v1.51.drv^out' from .drv file: all outputs substituted (maybe)
building of '/nix/store/5di2g881hiam4gz0swd50cx210bkrvmk-python3-3.13.7.drv^out' from .drv file: created
building of '/nix/store/5di2g881hiam4gz0swd50cx210bkrvmk-python3-3.13.7.drv^out' from .drv file: woken up
building of '/nix/store/74qvk0yp9n1pya3kb98l2lbwsdymkikp-stdenv-linux.drv^out' from .drv file: created
building of '/nix/store/74qvk0yp9n1pya3kb98l2lbwsdymkikp-stdenv-linux.drv^out' from .drv file: woken up
building of '/nix/store/kq4gk51b57mnl4jnpr4xya440hmb7fd3-bash-5.3p3.drv^out' from .drv file: created
building of '/nix/store/kq4gk51b57mnl4jnpr4xya440hmb7fd3-bash-5.3p3.drv^out' from .drv file: woken up
building of '/nix/store/kq4gk51b57mnl4jnpr4xya440hmb7fd3-bash-5.3p3.drv^out' from .drv file: init
building of '/nix/store/kq4gk51b57mnl4jnpr4xya440hmb7fd3-bash-5.3p3.drv^out' from .drv file: loading derivation
building of '/nix/store/kq4gk51b57mnl4jnpr4xya440hmb7fd3-bash-5.3p3.drv^out' from .drv file: have derivation
building of '/nix/store/kq4gk51b57mnl4jnpr4xya440hmb7fd3-bash-5.3p3.drv^out' from .drv file: done
building of '/nix/store/iybclww3frb9xm6y3x0hznxw0w40g2jy-rust-solana-tools-v1.51.drv^out' from .drv file: waitee 'building of '/nix/store/kq4gk51b57mnl4jnpr4xya440hmb7fd3-bash-5.3p3.drv^out' from .drv file' done; 2 left
building of '/nix/store/5di2g881hiam4gz0swd50cx210bkrvmk-python3-3.13.7.drv^out' from .drv file: init
building of '/nix/store/5di2g881hiam4gz0swd50cx210bkrvmk-python3-3.13.7.drv^out' from .drv file: loading derivation
building of '/nix/store/5di2g881hiam4gz0swd50cx210bkrvmk-python3-3.13.7.drv^out' from .drv file: have derivation
building of '/nix/store/5di2g881hiam4gz0swd50cx210bkrvmk-python3-3.13.7.drv^out' from .drv file: done
building of '/nix/store/iybclww3frb9xm6y3x0hznxw0w40g2jy-rust-solana-tools-v1.51.drv^out' from .drv file: waitee 'building of '/nix/store/5di2g881hiam4gz0swd50cx210bkrvmk-python3-3.13.7.drv^out' from .drv file' done; 1 left
building of '/nix/store/74qvk0yp9n1pya3kb98l2lbwsdymkikp-stdenv-linux.drv^out' from .drv file: init
building of '/nix/store/74qvk0yp9n1pya3kb98l2lbwsdymkikp-stdenv-linux.drv^out' from .drv file: loading derivation
building of '/nix/store/74qvk0yp9n1pya3kb98l2lbwsdymkikp-stdenv-linux.drv^out' from .drv file: have derivation
building of '/nix/store/74qvk0yp9n1pya3kb98l2lbwsdymkikp-stdenv-linux.drv^out' from .drv file: done
building of '/nix/store/iybclww3frb9xm6y3x0hznxw0w40g2jy-rust-solana-tools-v1.51.drv^out' from .drv file: waitee 'building of '/nix/store/74qvk0yp9n1pya3kb98l2lbwsdymkikp-stdenv-linux.drv^out' from .drv file' done; 0 left
building of '/nix/store/iybclww3frb9xm6y3x0hznxw0w40g2jy-rust-solana-tools-v1.51.drv^out' from .drv file: woken up
building of '/nix/store/74qvk0yp9n1pya3kb98l2lbwsdymkikp-stdenv-linux.drv^out' from .drv file: goal destroyed
building of '/nix/store/5di2g881hiam4gz0swd50cx210bkrvmk-python3-3.13.7.drv^out' from .drv file: goal destroyed
building of '/nix/store/kq4gk51b57mnl4jnpr4xya440hmb7fd3-bash-5.3p3.drv^out' from .drv file: goal destroyed
building of '/nix/store/iybclww3frb9xm6y3x0hznxw0w40g2jy-rust-solana-tools-v1.51.drv^out' from .drv file: all inputs realised
added input paths '/nix/store/0lmhp8dzgg4afxwrs19jz4y1wn3ch8jl-util-linux-minimal-2.41.1-lib', '/nix/store/0y5xmdb7qfvimjwbq7ibg1xdgkgjwqng-no-broken-symlinks.sh', '/nix/store/1r3nd7g6p0zbyyzmabypbxy7082llv64-gnused-4.9', '/nix/store/21hfs53hjb8spgp3558dn7cr0phs38kf-glibc-2.40-66-dev', '/nix/store/2pbchay2d31av00jpi35pwxd420paap3-expand-response-params', '/nix/store/2q5ipx9jd596qi21ib3x87qj4ln0yhp5-readline-8.3p1', '/nix/store/3161xhazkr55b1vi5h0a43zk377kf4sq-gcc-14.3.0-libgcc', '/nix/store/35chcfybpjnialk5qwnzls3kggsf7aa5-patch-2.8', '/nix/store/3qgmprg13s9sf9l9q5av2l8axrclmwjj-mailcap-2.1.54', '/nix/store/49spybp2k23p892159fi937x1axk9gvz-gcc-14.3.0', '/nix/store/5yzw0vhkyszf2d179m0qfkgxmp5wjjx4-move-docs.sh', '/nix/store/6kf7bh8xv5hd7lpg8g68nxywff5ndyps-ncurses-6.5', '/nix/store/7432dh2mawhlg0wxx59jihwcjhydl7ha-zlib-1.3.1', '/nix/store/7f0vb35apsmpbakqy7y1mwkbnmflkmzi-binutils-wrapper-2.44', '/nix/store/85clx3b0xkdf58jn161iy80y5223ilbi-compress-man-pages.sh', '/nix/store/8lks4k080ax4hxkagf8ffkhqi4xnwx87-file-5.45', '/nix/store/a25czk460v7wh2ag6rq5m3yalj14a79a-libffi-3.5.1', '/nix/store/a3azv3g02kik35w65rhrzsz778pvd84m-ed-1.21.1', '/nix/store/a65r9k46dxhyx2gn60bpx7j62anjdjr7-python3-3.13.7', '/nix/store/amn1xrjfnhn43qrfxsirdcdh5kyqs58z-findutils-4.10.0', '/nix/store/b6xhz878hhfhhlvs8jqlbra89asbycay-xgcc-14.3.0-libgcc', '/nix/store/cickvswrvann041nqxb0rxilc46svw1n-prune-libtool-files.sh', '/nix/store/cmzya9irvxzlkh7lfy6i82gbp0saxqj3-multiple-outputs.sh', '/nix/store/cv1d7p48379km6a85h4zp6kr86brh32q-audit-tmpdir.sh', '/nix/store/fp4bszjavnlf2v14j5asdyv2b8igc5cf-stdenv-linux', '/nix/store/fyaryjvghbkpfnsyw97hb3lyb37s1pd6-move-lib64.sh', '/nix/store/gmqsd3n2017kwgzxbwgchjp1cswh5y0r-gnu-config-2024-01-01', '/nix/store/gr5lxis42cps2zs2scizd713k06g65lf-gdbm-1.25-lib', '/nix/store/gv96kra90sf50bp2k67f649nw3qqlwx9-libidn2-2.3.8', '/nix/store/h891bg49kczhak7fdjzdx447cqglqhk9-bzip2-1.0.8', '/nix/store/hbzqihddwjfnqhjhlpvqczwgjh8ijy37-isl-0.20', '/nix/store/hf8w753nxqwkc5y5kjx33fx8fxw2dczp-gcc-wrapper-14.3.0', '/nix/store/hxmi7d6vbdgbzklm4icfk2y83ncw8la9-bash-5.3p3', '/nix/store/ics2w6dwhh4lvmv74d7axf4xc8b153wa-coreutils-9.7', '/nix/store/ix9i2xpaiflfdf42kb8ffsw21dar1a6i-update-autotools-gnu-config-scripts-hook', '/nix/store/jfwxk186hyci41lsdqf8al9yan74fhbf-sqlite-3.50.2', '/nix/store/kd4xwxjpjxi71jkm6ka0np72if9rm3y0-move-sbin.sh', '/nix/store/kmpf1kc4y9kpgs5b144rwip0ag10hcsh-attr-2.5.2', '/nix/store/kvg0iy4pn4dfpifbn6gfhwjyb0h9wcib-gmp-with-cxx-6.3.0', '/nix/store/l622p70vy8k5sh7y5wizi5f2mic6ynpg-source-stdenv.sh', '/nix/store/llc05p798waq7pnfnhmqsiz4b1l079rx-pcre2-10.44', '/nix/store/lmpnr58n2diy0hhdkzjn8ndlskrhyrx2-glibc-2.40-66-bin', '/nix/store/lwh15mvhglb07cmz0bqhk3scjgzk88h3-mpdecimal-4.0.1', '/nix/store/n4lmiw2n02pryilnv7902x3w21x9iz14-patchelf-0.15.2', '/nix/store/ncl3yfqazbldp4gsh0dz0qq8jyxxc73z-gzip-1.14', '/nix/store/ncnksaxi8fp9ipddny5pv763kgan2sm4-xz-5.8.1-bin', '/nix/store/nl55hbsk5fjq2kyz3rkry1flndqfr3ry-glibc-2.40-66', '/nix/store/nnail079mbwdc0zq7ajs2byvvpxildhq-libunistring-1.3', '/nix/store/p8rdzqgxjr0l2d5afr67b3b258x5pfs8-linux-headers-6.16', '/nix/store/p9p8g4z4rm57fgdpp3rnyv3zc0flldvr-tzdata-2025b', '/nix/store/pag6l61paj1dc9sv15l7bm5c17xn5kyk-move-systemd-user-units.sh', '/nix/store/pilsssjjdxvdphlg2h19p0bfx5q0jzkn-strip.sh', '/nix/store/q222gcn9izb0c9z8bg3w0l96xmjcf8s1-expat-2.7.1', '/nix/store/q4g8q49zsdy8n57l9iqxvh3ragf0h4h7-gnutar-1.35', '/nix/store/q91lr03jid1p1imznifypp0y0w80gwq9-gcc-14.3.0-lib', '/nix/store/rbiv5lk989aiz4px6ynlbhgmv80683w1-binutils-2.44', '/nix/store/rzlvprd99wlbiv2wsqgp23kmxhkm1yfr-openssl-3.5.1', '/nix/store/scs2d579yv21cir0m8mwjqprrnfklrr4-gmp-6.3.0', '/nix/store/sfnb951mnk07iprjwpjv08xlrs1m4jyc-mpfr-4.2.2', '/nix/store/shkw4qm9qcw5sc5n1k5jznc83ny02r39-default-builder.sh', '/nix/store/svbiz451cll2n27qr236x6vl25x14dkr-xz-5.8.1', '/nix/store/v19p6pcxds7wp7a2489yjvbnqn42lrlj-gawk-5.3.2', '/nix/store/v2i6say53v0al0s4gv7kpq178wp73qyl-gnugrep-3.12', '/nix/store/vik0p5cz9k5bz2qjzgd1vqvdpab20kcw-diffutils-3.12', '/nix/store/w2lnn2194wq210qkf3f54wygbymicivz-bzip2-1.0.8-bin', '/nix/store/wgrbkkaldkrlrni33ccvm3b6vbxzb656-make-symlinks-relative.sh', '/nix/store/wgzm8q1jx09y8rgi1sxwx8adigfz5aj3-binutils-2.44-lib', '/nix/store/x071lwaz31qk7xplrrq6j0n0wbdnakla-kb2ny97bbsa279ncfb4zcpq0avs1lnvz-source', '/nix/store/x8c40nfigps493a07sdr2pm5s9j1cdc0-patch-shebangs.sh', '/nix/store/x9wly19xwdfcbw0vbvj4k7yvzlab5as0-acl-2.3.2', '/nix/store/xf7sqlkig138jbfrwd9qk0livv3gncqy-gnumake-4.4.1', '/nix/store/xyff06pkhki3qy1ls77w10s0v79c9il0-reproducible-builds.sh', '/nix/store/z7k98578dfzi6l3hsvbivzm7hfqlk0zc-set-source-date-epoch-to-latest.sh', '/nix/store/zpj9jsfgfl03v9racmafysl6zkb66zcs-libmpc-1.3.1'
building of '/nix/store/iybclww3frb9xm6y3x0hznxw0w40g2jy-rust-solana-tools-v1.51.drv^out' from .drv file: woken up
building of '/nix/store/iybclww3frb9xm6y3x0hznxw0w40g2jy-rust-solana-tools-v1.51.drv^out' from .drv file: trying to build
locking path '/nix/store/hfbqf880ja766mds8fd6k5pal6vyqv48-rust-solana-tools-v1.51'
lock acquired on '/nix/store/hfbqf880ja766mds8fd6k5pal6vyqv48-rust-solana-tools-v1.51.lock'
removing invalid path '/nix/store/hfbqf880ja766mds8fd6k5pal6vyqv48-rust-solana-tools-v1.51'
starting build hook '/nix/store/wqlkf6dzgd6x8kk1jb2vh1pcabg68x9s-nix-2.18.8/bin/nix __build-remote'
cannot find machines file '/etc/nix/machines'
got 0 remote builders
hook reply is 'decline-permanently'
killing process 13986
building of '/nix/store/iybclww3frb9xm6y3x0hznxw0w40g2jy-rust-solana-tools-v1.51.drv^out' from .drv file: woken up
executing builder '/nix/store/hxmi7d6vbdgbzklm4icfk2y83ncw8la9-bash-5.3p3/bin/bash'
using builder args '-e /nix/store/l622p70vy8k5sh7y5wizi5f2mic6ynpg-source-stdenv.sh /nix/store/shkw4qm9qcw5sc5n1k5jznc83ny02r39-default-builder.sh'
sandbox setup: closing leaked FD 3
sandbox setup: closing leaked FD 4
sandbox setup: closing leaked FD 5
sandbox setup: closing leaked FD 6
sandbox setup: closing leaked FD 7
sandbox setup: closing leaked FD 8
sandbox setup: closing leaked FD 9
sandbox setup: closing leaked FD 10
sandbox setup: closing leaked FD 11
sandbox setup: closing leaked FD 12
sandbox setup: closing leaked FD 13
sandbox setup: closing leaked FD 14
sandbox setup: closing leaked FD 15
sandbox setup: closing leaked FD 16
sandbox setup: closing leaked FD 17
sandbox setup: closing leaked FD 18
sandbox setup: closing leaked FD 19
sandbox setup: closing leaked FD 20
sandbox setup: closing leaked FD 21
sandbox setup: closing leaked FD 22
sandbox setup: closing leaked FD 23
building '/nix/store/iybclww3frb9xm6y3x0hznxw0w40g2jy-rust-solana-tools-v1.51.drv'...
building of '/nix/store/iybclww3frb9xm6y3x0hznxw0w40g2jy-rust-solana-tools-v1.51.drv^out' from .drv file: got EOF
building of '/nix/store/iybclww3frb9xm6y3x0hznxw0w40g2jy-rust-solana-tools-v1.51.drv^out' from .drv file: woken up
building of '/nix/store/iybclww3frb9xm6y3x0hznxw0w40g2jy-rust-solana-tools-v1.51.drv^out' from .drv file: build done
killing process 13988
builder process for '/nix/store/iybclww3frb9xm6y3x0hznxw0w40g2jy-rust-solana-tools-v1.51.drv' finished
lock released on '/nix/store/hfbqf880ja766mds8fd6k5pal6vyqv48-rust-solana-tools-v1.51.lock'
building of '/nix/store/iybclww3frb9xm6y3x0hznxw0w40g2jy-rust-solana-tools-v1.51.drv^out' from .drv file: done
building of '/nix/store/iybclww3frb9xm6y3x0hznxw0w40g2jy-rust-solana-tools-v1.51.drv^out' from .drv file: goal destroyed
error: builder for '/nix/store/iybclww3frb9xm6y3x0hznxw0w40g2jy-rust-solana-tools-v1.51.drv' failed with exit code 1;
       last 10 log lines:
       > configure:
       > configure: run `python /tmp/nix-shell.6XzGuf/nix-build-rust-solana-tools-v1.51.drv-0/kb2ny97bbsa279ncfb4zcpq0avs1lnvz-source/x.py --help`
       > Running phase: buildPhase
       > Starting Rust build using x.py...
       > warn: Looks like you are trying to bootstrap Rust from a source that is neither a git clone nor distributed tarball.
       > This build may fail due to missing submodules unless you put them in place manually.
       > downloading https://static.rust-lang.org/dist/2024-11-28/rust-std-1.83.0-aarch64-unknown-linux-gnu.tar.xz
       > ERROR: unable to run `curl --version`: [Errno 2] No such file or directory: 'curl'
       > Please make sure it's installed and in the path.
       > Build completed unsuccessfully in 0:00:00
       For full logs, run 'nix log /nix/store/iybclww3frb9xm6y3x0hznxw0w40g2jy-rust-solana-tools-v1.51.drv'.
download thread shutting down
