Starting bootstrap build with custom scanner...
RUSTC=/home/mdupont/nix/vendor/rust/cargo2nix/submodules/rust/compiler/rustc_driver/simple_scanner
   Compiling proc-macro2 v1.0.101
   Compiling unicode-ident v1.0.18
   Compiling serde v1.0.219
   Compiling libc v0.2.174
   Compiling memchr v2.7.5
   Compiling cfg-if v1.0.1
   Compiling shlex v1.3.0
   Compiling autocfg v1.5.0
   Compiling equivalent v1.0.2
   Compiling foldhash v0.1.5
   Compiling allocator-api2 v0.2.21
   Compiling smallvec v1.15.1
   Compiling itoa v1.0.15
   Compiling bitflags v2.9.3
   Compiling stable_deref_trait v1.2.0
   Compiling log v0.4.27
   Compiling once_cell v1.21.3
   Compiling regex-syntax v0.8.5
   Compiling crossbeam-utils v0.8.21
   Compiling serde_json v1.0.142
   Compiling ryu v1.0.20
   Compiling either v1.15.0
   Compiling writeable v0.6.1
     Running `/home/mdupont/nix/vendor/rust/cargo2nix/submodules/rust/compiler/rustc_driver/simple_scanner --crate-name build_script_build --edition=2021 /home/mdupont/.cargo/registry/src/index.crates.io-1949cf8c6b5b557f/proc-macro2-1.0.101/build.rs --error-format=json --json=diagnostic-rendered-ansi,artifacts,future-incompat --crate-type bin --emit=dep-info,link -C embed-bitcode=no --cfg 'feature="default"' --cfg 'feature="proc-macro"' --cfg 'feature="span-locations"' --check-cfg 'cfg(docsrs,test)' --check-cfg 'cfg(feature, values("default", "nightly", "proc-macro", "span-locations"))' -C metadata=a0920391ea1edf8c -C extra-filename=-1d86321724f15636 --out-dir /mnt/data1/nix/vendor/rust/cargo2nix/submodules/rust/target/debug/build/proc-macro2-1d86321724f15636 -L dependency=/mnt/data1/nix/vendor/rust/cargo2nix/submodules/rust/target/debug/deps --cap-lints allow`
     Running `/home/mdupont/nix/vendor/rust/cargo2nix/submodules/rust/compiler/rustc_driver/simple_scanner --crate-name cfg_if --edition=2018 /home/mdupont/.cargo/registry/src/index.crates.io-1949cf8c6b5b557f/cfg-if-1.0.1/src/lib.rs --error-format=json --json=diagnostic-rendered-ansi,artifacts,future-incompat --crate-type lib --emit=dep-info,metadata,link -C embed-bitcode=no -C debuginfo=2 --check-cfg 'cfg(docsrs,test)' --check-cfg 'cfg(feature, values("core", "rustc-dep-of-std"))' -C metadata=37c2ca0648d94aec -C extra-filename=-03c73dea748456e6 --out-dir /mnt/data1/nix/vendor/rust/cargo2nix/submodules/rust/target/debug/deps -L dependency=/mnt/data1/nix/vendor/rust/cargo2nix/submodules/rust/target/debug/deps --cap-lints allow`
     Running `/home/mdupont/nix/vendor/rust/cargo2nix/submodules/rust/compiler/rustc_driver/simple_scanner --crate-name build_script_build --edition=2021 /home/mdupont/.cargo/registry/src/index.crates.io-1949cf8c6b5b557f/libc-0.2.174/build.rs --error-format=json --json=diagnostic-rendered-ansi,artifacts,future-incompat --crate-type bin --emit=dep-info,link -C embed-bitcode=no '--allow=clippy::used_underscore_binding' --allow=unused_qualifications '--warn=clippy::unnecessary_semicolon' '--allow=clippy::unnecessary_cast' '--allow=clippy::uninlined_format_args' '--warn=clippy::ptr_as_ptr' '--allow=clippy::non_minimal_cfg' '--allow=clippy::missing_safety_doc' '--warn=clippy::map_unwrap_or' '--warn=clippy::manual_assert' '--allow=clippy::identity_op' '--warn=clippy::explicit_iter_loop' '--allow=clippy::expl_impl_clone_on_copy' --cfg 'feature="default"' --cfg 'feature="extra_traits"' --cfg 'feature="std"' --check-cfg 'cfg(docsrs,test)' --check-cfg 'cfg(feature, values("align", "const-extern-fn", "default", "extra_traits", "rustc-dep-of-std", "rustc-std-workspace-core", "std", "use_std"))' -C metadata=9a1d779542a640ac -C extra-filename=-7f9485854192ad27 --out-dir /mnt/data1/nix/vendor/rust/cargo2nix/submodules/rust/target/debug/build/libc-7f9485854192ad27 -L dependency=/mnt/data1/nix/vendor/rust/cargo2nix/submodules/rust/target/debug/deps --cap-lints allow`
     Running `/home/mdupont/nix/vendor/rust/cargo2nix/submodules/rust/compiler/rustc_driver/simple_scanner --crate-name unicode_ident --edition=2018 /home/mdupont/.cargo/registry/src/index.crates.io-1949cf8c6b5b557f/unicode-ident-1.0.18/src/lib.rs --error-format=json --json=diagnostic-rendered-ansi,artifacts,future-incompat --crate-type lib --emit=dep-info,metadata,link -C embed-bitcode=no --check-cfg 'cfg(docsrs,test)' --check-cfg 'cfg(feature, values())' -C metadata=5518627b2a28cc97 -C extra-filename=-8285b95b08f858a0 --out-dir /mnt/data1/nix/vendor/rust/cargo2nix/submodules/rust/target/debug/deps -L dependency=/mnt/data1/nix/vendor/rust/cargo2nix/submodules/rust/target/debug/deps --cap-lints allow`
     Running `/home/mdupont/nix/vendor/rust/cargo2nix/submodules/rust/compiler/rustc_driver/simple_scanner --crate-name build_script_build --edition=2018 /home/mdupont/.cargo/registry/src/index.crates.io-1949cf8c6b5b557f/serde-1.0.219/build.rs --error-format=json --json=diagnostic-rendered-ansi,artifacts,future-incompat --crate-type bin --emit=dep-info,link -C embed-bitcode=no --cfg 'feature="alloc"' --cfg 'feature="default"' --cfg 'feature="derive"' --cfg 'feature="rc"' --cfg 'feature="serde_derive"' --cfg 'feature="std"' --check-cfg 'cfg(docsrs,test)' --check-cfg 'cfg(feature, values("alloc", "default", "derive", "rc", "serde_derive", "std", "unstable"))' -C metadata=ef9fcc26d3074b08 -C extra-filename=-46f82dc049f60acd --out-dir /mnt/data1/nix/vendor/rust/cargo2nix/submodules/rust/target/debug/build/serde-46f82dc049f60acd -L dependency=/mnt/data1/nix/vendor/rust/cargo2nix/submodules/rust/target/debug/deps --cap-lints allow`
     Running `/home/mdupont/nix/vendor/rust/cargo2nix/submodules/rust/compiler/rustc_driver/simple_scanner --crate-name build_script_build --edition=2021 /home/mdupont/.cargo/registry/src/index.crates.io-1949cf8c6b5b557f/libc-0.2.174/build.rs --error-format=json --json=diagnostic-rendered-ansi,artifacts,future-incompat --crate-type bin --emit=dep-info,link -C embed-bitcode=no '--allow=clippy::used_underscore_binding' --allow=unused_qualifications '--warn=clippy::unnecessary_semicolon' '--allow=clippy::unnecessary_cast' '--allow=clippy::uninlined_format_args' '--warn=clippy::ptr_as_ptr' '--allow=clippy::non_minimal_cfg' '--allow=clippy::missing_safety_doc' '--warn=clippy::map_unwrap_or' '--warn=clippy::manual_assert' '--allow=clippy::identity_op' '--warn=clippy::explicit_iter_loop' '--allow=clippy::expl_impl_clone_on_copy' --cfg 'feature="default"' --cfg 'feature="std"' --check-cfg 'cfg(docsrs,test)' --check-cfg 'cfg(feature, values("align", "const-extern-fn", "default", "extra_traits", "rustc-dep-of-std", "rustc-std-workspace-core", "std", "use_std"))' -C metadata=d6da9719fa624654 -C extra-filename=-46d4136c99baacf1 --out-dir /mnt/data1/nix/vendor/rust/cargo2nix/submodules/rust/target/debug/build/libc-46d4136c99baacf1 -L dependency=/mnt/data1/nix/vendor/rust/cargo2nix/submodules/rust/target/debug/deps --cap-lints allow`
     Running `/home/mdupont/nix/vendor/rust/cargo2nix/submodules/rust/compiler/rustc_driver/simple_scanner --crate-name memchr --edition=2021 /home/mdupont/.cargo/registry/src/index.crates.io-1949cf8c6b5b557f/memchr-2.7.5/src/lib.rs --error-format=json --json=diagnostic-rendered-ansi,artifacts,future-incompat --crate-type lib --emit=dep-info,metadata,link -C embed-bitcode=no -C debuginfo=2 --cfg 'feature="alloc"' --cfg 'feature="default"' --cfg 'feature="std"' --check-cfg 'cfg(docsrs,test)' --check-cfg 'cfg(feature, values("alloc", "core", "default", "libc", "logging", "rustc-dep-of-std", "std", "use_std"))' -C metadata=0f4f66fdb9868cba -C extra-filename=-31b9c6cef7758eb1 --out-dir /mnt/data1/nix/vendor/rust/cargo2nix/submodules/rust/target/debug/deps -L dependency=/mnt/data1/nix/vendor/rust/cargo2nix/submodules/rust/target/debug/deps --cap-lints allow`
     Running `/home/mdupont/nix/vendor/rust/cargo2nix/submodules/rust/compiler/rustc_driver/simple_scanner --crate-name shlex --edition=2015 /home/mdupont/.cargo/registry/src/index.crates.io-1949cf8c6b5b557f/shlex-1.3.0/src/lib.rs --error-format=json --json=diagnostic-rendered-ansi,artifacts,future-incompat --crate-type lib --emit=dep-info,metadata,link -C embed-bitcode=no -C debuginfo=2 --cfg 'feature="default"' --cfg 'feature="std"' --check-cfg 'cfg(docsrs,test)' --check-cfg 'cfg(feature, values("default", "std"))' -C metadata=c6a89a89c799e5c4 -C extra-filename=-2e877497c34528f0 --out-dir /mnt/data1/nix/vendor/rust/cargo2nix/submodules/rust/target/debug/deps -L dependency=/mnt/data1/nix/vendor/rust/cargo2nix/submodules/rust/target/debug/deps --cap-lints allow`
     Running `/home/mdupont/nix/vendor/rust/cargo2nix/submodules/rust/compiler/rustc_driver/simple_scanner --crate-name equivalent --edition=2015 /home/mdupont/.cargo/registry/src/index.crates.io-1949cf8c6b5b557f/equivalent-1.0.2/src/lib.rs --error-format=json --json=diagnostic-rendered-ansi,artifacts,future-incompat --crate-type lib --emit=dep-info,metadata,link -C embed-bitcode=no -C debuginfo=2 --check-cfg 'cfg(docsrs,test)' --check-cfg 'cfg(feature, values())' -C metadata=865b59eef04a05a7 -C extra-filename=-d30581aad3ba9acf --out-dir /mnt/data1/nix/vendor/rust/cargo2nix/submodules/rust/target/debug/deps -L dependency=/mnt/data1/nix/vendor/rust/cargo2nix/submodules/rust/target/debug/deps --cap-lints allow`
     Running `/home/mdupont/nix/vendor/rust/cargo2nix/submodules/rust/compiler/rustc_driver/simple_scanner --crate-name foldhash --edition=2021 /home/mdupont/.cargo/registry/src/index.crates.io-1949cf8c6b5b557f/foldhash-0.1.5/src/lib.rs --error-format=json --json=diagnostic-rendered-ansi,artifacts,future-incompat --crate-type lib --emit=dep-info,metadata,link -C embed-bitcode=no -C debuginfo=2 --cfg 'feature="std"' --check-cfg 'cfg(docsrs,test)' --check-cfg 'cfg(feature, values("default", "std"))' -C metadata=bac554a525a0b1f2 -C extra-filename=-3162a640e35e94c6 --out-dir /mnt/data1/nix/vendor/rust/cargo2nix/submodules/rust/target/debug/deps -L dependency=/mnt/data1/nix/vendor/rust/cargo2nix/submodules/rust/target/debug/deps --cap-lints allow`
     Running `/home/mdupont/nix/vendor/rust/cargo2nix/submodules/rust/compiler/rustc_driver/simple_scanner --crate-name allocator_api2 --edition=2018 /home/mdupont/.cargo/registry/src/index.crates.io-1949cf8c6b5b557f/allocator-api2-0.2.21/src/lib.rs --error-format=json --json=diagnostic-rendered-ansi,artifacts,future-incompat --crate-type lib --emit=dep-info,metadata,link -C embed-bitcode=no -C debuginfo=2 --warn=unexpected_cfgs --check-cfg 'cfg(no_global_oom_handling)' --cfg 'feature="alloc"' --check-cfg 'cfg(docsrs,test)' --check-cfg 'cfg(feature, values("alloc", "default", "fresh-rust", "nightly", "serde", "std"))' -C metadata=dfb725e0affce7c9 -C extra-filename=-9af59f5fb1d70f71 --out-dir /mnt/data1/nix/vendor/rust/cargo2nix/submodules/rust/target/debug/deps -L dependency=/mnt/data1/nix/vendor/rust/cargo2nix/submodules/rust/target/debug/deps --cap-lints allow`
     Running `/home/mdupont/nix/vendor/rust/cargo2nix/submodules/rust/compiler/rustc_driver/simple_scanner --crate-name itoa --edition=2018 /home/mdupont/.cargo/registry/src/index.crates.io-1949cf8c6b5b557f/itoa-1.0.15/src/lib.rs --error-format=json --json=diagnostic-rendered-ansi,artifacts,future-incompat --crate-type lib --emit=dep-info,metadata,link -C embed-bitcode=no -C debuginfo=2 --check-cfg 'cfg(docsrs,test)' --check-cfg 'cfg(feature, values("no-panic"))' -C metadata=eeaf39c303cd556f -C extra-filename=-cef57ad5f8bbe74e --out-dir /mnt/data1/nix/vendor/rust/cargo2nix/submodules/rust/target/debug/deps -L dependency=/mnt/data1/nix/vendor/rust/cargo2nix/submodules/rust/target/debug/deps --cap-lints allow`
     Running `/home/mdupont/nix/vendor/rust/cargo2nix/submodules/rust/compiler/rustc_driver/simple_scanner --crate-name smallvec --edition=2018 /home/mdupont/.cargo/registry/src/index.crates.io-1949cf8c6b5b557f/smallvec-1.15.1/src/lib.rs --error-format=json --json=diagnostic-rendered-ansi,artifacts,future-incompat --crate-type lib --emit=dep-info,metadata,link -C embed-bitcode=no -C debuginfo=2 --cfg 'feature="const_generics"' --cfg 'feature="drain_filter"' --cfg 'feature="may_dangle"' --cfg 'feature="union"' --check-cfg 'cfg(docsrs,test)' --check-cfg 'cfg(feature, values("arbitrary", "bincode", "const_generics", "const_new", "debugger_visualizer", "drain_filter", "drain_keep_rest", "impl_bincode", "malloc_size_of", "may_dangle", "serde", "specialization", "union", "unty", "write"))' -C metadata=1809df6bac940f75 -C extra-filename=-fe86491e01b8f91d --out-dir /mnt/data1/nix/vendor/rust/cargo2nix/submodules/rust/target/debug/deps -L dependency=/mnt/data1/nix/vendor/rust/cargo2nix/submodules/rust/target/debug/deps --cap-lints allow`
     Running `/home/mdupont/nix/vendor/rust/cargo2nix/submodules/rust/compiler/rustc_driver/simple_scanner --crate-name autocfg --edition=2015 /home/mdupont/.cargo/registry/src/index.crates.io-1949cf8c6b5b557f/autocfg-1.5.0/src/lib.rs --error-format=json --json=diagnostic-rendered-ansi,artifacts,future-incompat --crate-type lib --emit=dep-info,metadata,link -C embed-bitcode=no --check-cfg 'cfg(docsrs,test)' --check-cfg 'cfg(feature, values())' -C metadata=674648f7fa4c85ce -C extra-filename=-ab66ad43d4ad71fb --out-dir /mnt/data1/nix/vendor/rust/cargo2nix/submodules/rust/target/debug/deps -L dependency=/mnt/data1/nix/vendor/rust/cargo2nix/submodules/rust/target/debug/deps --cap-lints allow`
     Running `/home/mdupont/nix/vendor/rust/cargo2nix/submodules/rust/compiler/rustc_driver/simple_scanner --crate-name bitflags --edition=2021 /home/mdupont/.cargo/registry/src/index.crates.io-1949cf8c6b5b557f/bitflags-2.9.3/src/lib.rs --error-format=json --json=diagnostic-rendered-ansi,artifacts,future-incompat --crate-type lib --emit=dep-info,metadata,link -C embed-bitcode=no -C debuginfo=2 --cfg 'feature="std"' --check-cfg 'cfg(docsrs,test)' --check-cfg 'cfg(feature, values("arbitrary", "bytemuck", "example_generated", "serde", "std"))' -C metadata=6a7436e2591b1257 -C extra-filename=-94e1844d12d7ed7e --out-dir /mnt/data1/nix/vendor/rust/cargo2nix/submodules/rust/target/debug/deps -L dependency=/mnt/data1/nix/vendor/rust/cargo2nix/submodules/rust/target/debug/deps --cap-lints allow`
     Running `/home/mdupont/nix/vendor/rust/cargo2nix/submodules/rust/compiler/rustc_driver/simple_scanner --crate-name log --edition=2021 /home/mdupont/.cargo/registry/src/index.crates.io-1949cf8c6b5b557f/log-0.4.27/src/lib.rs --error-format=json --json=diagnostic-rendered-ansi,artifacts,future-incompat --crate-type lib --emit=dep-info,metadata,link -C embed-bitcode=no -C debuginfo=2 --cfg 'feature="std"' --check-cfg 'cfg(docsrs,test)' --check-cfg 'cfg(feature, values("kv", "kv_serde", "kv_std", "kv_sval", "kv_unstable", "kv_unstable_serde", "kv_unstable_std", "kv_unstable_sval", "max_level_debug", "max_level_error", "max_level_info", "max_level_off", "max_level_trace", "max_level_warn", "release_max_level_debug", "release_max_level_error", "release_max_level_info", "release_max_level_off", "release_max_level_trace", "release_max_level_warn", "serde", "std", "sval", "sval_ref", "value-bag"))' -C metadata=326ad0b9a906bc00 -C extra-filename=-cbecb290a7a28694 --out-dir /mnt/data1/nix/vendor/rust/cargo2nix/submodules/rust/target/debug/deps -L dependency=/mnt/data1/nix/vendor/rust/cargo2nix/submodules/rust/target/debug/deps --cap-lints allow`
     Running `/home/mdupont/nix/vendor/rust/cargo2nix/submodules/rust/compiler/rustc_driver/simple_scanner --crate-name stable_deref_trait --edition=2015 /home/mdupont/.cargo/registry/src/index.crates.io-1949cf8c6b5b557f/stable_deref_trait-1.2.0/src/lib.rs --error-format=json --json=diagnostic-rendered-ansi,artifacts,future-incompat --crate-type lib --emit=dep-info,metadata,link -C embed-bitcode=no -C debuginfo=2 --cfg 'feature="alloc"' --cfg 'feature="default"' --cfg 'feature="std"' --check-cfg 'cfg(docsrs,test)' --check-cfg 'cfg(feature, values("alloc", "default", "std"))' -C metadata=2cc52961bb63cf9e -C extra-filename=-461412e5eba216d6 --out-dir /mnt/data1/nix/vendor/rust/cargo2nix/submodules/rust/target/debug/deps -L dependency=/mnt/data1/nix/vendor/rust/cargo2nix/submodules/rust/target/debug/deps --cap-lints allow`
     Running `/home/mdupont/nix/vendor/rust/cargo2nix/submodules/rust/compiler/rustc_driver/simple_scanner --crate-name once_cell --edition=2021 /home/mdupont/.cargo/registry/src/index.crates.io-1949cf8c6b5b557f/once_cell-1.21.3/src/lib.rs --error-format=json --json=diagnostic-rendered-ansi,artifacts,future-incompat --crate-type lib --emit=dep-info,metadata,link -C embed-bitcode=no -C debuginfo=2 --cfg 'feature="alloc"' --cfg 'feature="default"' --cfg 'feature="race"' --cfg 'feature="std"' --check-cfg 'cfg(docsrs,test)' --check-cfg 'cfg(feature, values("alloc", "atomic-polyfill", "critical-section", "default", "parking_lot", "portable-atomic", "race", "std", "unstable"))' -C metadata=70f7939fc16bce2f -C extra-filename=-803291aaf70272e8 --out-dir /mnt/data1/nix/vendor/rust/cargo2nix/submodules/rust/target/debug/deps -L dependency=/mnt/data1/nix/vendor/rust/cargo2nix/submodules/rust/target/debug/deps --cap-lints allow`
     Running `/home/mdupont/nix/vendor/rust/cargo2nix/submodules/rust/compiler/rustc_driver/simple_scanner --crate-name regex_syntax --edition=2021 /home/mdupont/.cargo/registry/src/index.crates.io-1949cf8c6b5b557f/regex-syntax-0.8.5/src/lib.rs --error-format=json --json=diagnostic-rendered-ansi,artifacts,future-incompat --crate-type lib --emit=dep-info,metadata,link -C embed-bitcode=no -C debuginfo=2 --cfg 'feature="default"' --cfg 'feature="std"' --cfg 'feature="unicode"' --cfg 'feature="unicode-age"' --cfg 'feature="unicode-bool"' --cfg 'feature="unicode-case"' --cfg 'feature="unicode-gencat"' --cfg 'feature="unicode-perl"' --cfg 'feature="unicode-script"' --cfg 'feature="unicode-segment"' --check-cfg 'cfg(docsrs,test)' --check-cfg 'cfg(feature, values("arbitrary", "default", "std", "unicode", "unicode-age", "unicode-bool", "unicode-case", "unicode-gencat", "unicode-perl", "unicode-script", "unicode-segment"))' -C metadata=deff3fbfdfb6eb11 -C extra-filename=-cad04a484b3f3b99 --out-dir /mnt/data1/nix/vendor/rust/cargo2nix/submodules/rust/target/debug/deps -L dependency=/mnt/data1/nix/vendor/rust/cargo2nix/submodules/rust/target/debug/deps --cap-lints allow`
     Running `/home/mdupont/nix/vendor/rust/cargo2nix/submodules/rust/compiler/rustc_driver/simple_scanner --crate-name build_script_build --edition=2021 /home/mdupont/.cargo/registry/src/index.crates.io-1949cf8c6b5b557f/crossbeam-utils-0.8.21/build.rs --error-format=json --json=diagnostic-rendered-ansi,artifacts,future-incompat --crate-type bin --emit=dep-info,link -C embed-bitcode=no --warn=unexpected_cfgs '--allow=clippy::lint_groups_priority' '--allow=clippy::declare_interior_mutable_const' --check-cfg 'cfg(crossbeam_loom)' --check-cfg 'cfg(crossbeam_sanitize)' --cfg 'feature="default"' --cfg 'feature="std"' --check-cfg 'cfg(docsrs,test)' --check-cfg 'cfg(feature, values("default", "loom", "nightly", "std"))' -C metadata=0cb34ba5613ab141 -C extra-filename=-a9d14652a8847b22 --out-dir /mnt/data1/nix/vendor/rust/cargo2nix/submodules/rust/target/debug/build/crossbeam-utils-a9d14652a8847b22 -L dependency=/mnt/data1/nix/vendor/rust/cargo2nix/submodules/rust/target/debug/deps --cap-lints allow`
WITNESS_SYMBOL: {"symbol":"simple_scanner_start","from":"main","file":"simple_scanner.rs","line":120}
WITNESS_SYMBOL: {"symbol":"simple_scanner_start","from":"main","file":"simple_scanner.rs","line":120}
     Running `/home/mdupont/nix/vendor/rust/cargo2nix/submodules/rust/compiler/rustc_driver/simple_scanner --crate-name build_script_build --edition=2021 /home/mdupont/.cargo/registry/src/index.crates.io-1949cf8c6b5b557f/serde_json-1.0.142/build.rs --error-format=json --json=diagnostic-rendered-ansi,artifacts,future-incompat --crate-type bin --emit=dep-info,link -C embed-bitcode=no --cfg 'feature="alloc"' --cfg 'feature="default"' --cfg 'feature="std"' --cfg 'feature="unbounded_depth"' --check-cfg 'cfg(docsrs,test)' --check-cfg 'cfg(feature, values("alloc", "arbitrary_precision", "default", "float_roundtrip", "indexmap", "preserve_order", "raw_value", "std", "unbounded_depth"))' -C metadata=6663d520f48fd258 -C extra-filename=-472c6ea4c7341a0a --out-dir /mnt/data1/nix/vendor/rust/cargo2nix/submodules/rust/target/debug/build/serde_json-472c6ea4c7341a0a -L dependency=/mnt/data1/nix/vendor/rust/cargo2nix/submodules/rust/target/debug/deps --cap-lints allow`
WITNESS_SYMBOL: {"symbol":"simple_scanner_start","from":"main","file":"simple_scanner.rs","line":120}
WITNESS_SYMBOL: {"symbol":"simple_scanner_start","from":"main","file":"simple_scanner.rs","line":120}
WITNESS_SYMBOL: {"symbol":"simple_scanner_start","from":"main","file":"simple_scanner.rs","line":120}
WITNESS_SYMBOL: {"symbol":"simple_scanner_start","from":"main","file":"simple_scanner.rs","line":120}
WITNESS_SYMBOL: {"symbol":"simple_scanner_start","from":"main","file":"simple_scanner.rs","line":120}
WITNESS_SYMBOL: {"symbol":"simple_scanner_start","from":"main","file":"simple_scanner.rs","line":120}
     Running `/home/mdupont/nix/vendor/rust/cargo2nix/submodules/rust/compiler/rustc_driver/simple_scanner --crate-name either --edition=2021 /home/mdupont/.cargo/registry/src/index.crates.io-1949cf8c6b5b557f/either-1.15.0/src/lib.rs --error-format=json --json=diagnostic-rendered-ansi,artifacts,future-incompat --crate-type lib --emit=dep-info,metadata,link -C embed-bitcode=no -C debuginfo=2 --cfg 'feature="default"' --cfg 'feature="std"' --cfg 'feature="use_std"' --check-cfg 'cfg(docsrs,test)' --check-cfg 'cfg(feature, values("default", "serde", "std", "use_std"))' -C metadata=8084f05efd7a0baa -C extra-filename=-1ad441d2f6fb36f5 --out-dir /mnt/data1/nix/vendor/rust/cargo2nix/submodules/rust/target/debug/deps -L dependency=/mnt/data1/nix/vendor/rust/cargo2nix/submodules/rust/target/debug/deps --cap-lints allow`
WITNESS_SYMBOL: {"symbol":"simple_scanner_start","from":"main","file":"simple_scanner.rs","line":120}
WITNESS_SYMBOL: {"symbol":"simple_scanner_start","from":"main","file":"simple_scanner.rs","line":120}
WITNESS_SYMBOL: {"symbol":"simple_scanner_start","from":"main","file":"simple_scanner.rs","line":120}
SCAN_DIR: /mnt/data1/nix/vendor/rust/cargo2nix/submodules/rust/compiler/rustc_driver/scan_results
WITNESS_SYMBOL: {"symbol":"simple_scanner_start","from":"main","file":"simple_scanner.rs","line":120}
SAVED: 14 items to /mnt/data1/nix/vendor/rust/cargo2nix/submodules/rust/compiler/rustc_driver/scan_results/proc-macro2.json
SCAN_DIR: /mnt/data1/nix/vendor/rust/cargo2nix/submodules/rust/compiler/rustc_driver/scan_results
SCAN_DIR: /mnt/data1/nix/vendor/rust/cargo2nix/submodules/rust/compiler/rustc_driver/scan_results
SCAN_DIR: /mnt/data1/nix/vendor/rust/cargo2nix/submodules/rust/compiler/rustc_driver/scan_results
SCAN_DIR: /mnt/data1/nix/vendor/rust/cargo2nix/submodules/rust/compiler/rustc_driver/scan_results
SAVED: 12 items to /mnt/data1/nix/vendor/rust/cargo2nix/submodules/rust/compiler/rustc_driver/scan_results/memchr.json
SAVED: 2 items to /mnt/data1/nix/vendor/rust/cargo2nix/submodules/rust/compiler/rustc_driver/scan_results/cfg-if.json
SAVED: 10 items to /mnt/data1/nix/vendor/rust/cargo2nix/submodules/rust/compiler/rustc_driver/scan_results/libc.json
SAVED: 31 items to /mnt/data1/nix/vendor/rust/cargo2nix/submodules/rust/compiler/rustc_driver/scan_results/shlex.json
SCAN_DIR: /mnt/data1/nix/vendor/rust/cargo2nix/submodules/rust/compiler/rustc_driver/scan_results
     Running `/home/mdupont/nix/vendor/rust/cargo2nix/submodules/rust/compiler/rustc_driver/simple_scanner --crate-name writeable --edition=2021 /home/mdupont/.cargo/registry/src/index.crates.io-1949cf8c6b5b557f/writeable-0.6.1/src/lib.rs --error-format=json --json=diagnostic-rendered-ansi,artifacts,future-incompat --crate-type lib --emit=dep-info,metadata,link -C embed-bitcode=no -C debuginfo=2 --check-cfg 'cfg(docsrs,test)' --check-cfg 'cfg(feature, values("either"))' -C metadata=2af751b218281386 -C extra-filename=-b70b43d60a2deddd --out-dir /mnt/data1/nix/vendor/rust/cargo2nix/submodules/rust/target/debug/deps -L dependency=/mnt/data1/nix/vendor/rust/cargo2nix/submodules/rust/target/debug/deps --cap-lints allow`
     Running `/home/mdupont/nix/vendor/rust/cargo2nix/submodules/rust/compiler/rustc_driver/simple_scanner --crate-name ryu --edition=2018 /home/mdupont/.cargo/registry/src/index.crates.io-1949cf8c6b5b557f/ryu-1.0.20/src/lib.rs --error-format=json --json=diagnostic-rendered-ansi,artifacts,future-incompat --crate-type lib --emit=dep-info,metadata,link -C embed-bitcode=no -C debuginfo=2 --check-cfg 'cfg(docsrs,test)' --check-cfg 'cfg(feature, values("no-panic", "small"))' -C metadata=7d4fc68410134b05 -C extra-filename=-8c958d6f1a7b10d2 --out-dir /mnt/data1/nix/vendor/rust/cargo2nix/submodules/rust/target/debug/deps -L dependency=/mnt/data1/nix/vendor/rust/cargo2nix/submodules/rust/target/debug/deps --cap-lints allow`
SUMMARY_DIR: /mnt/data1/nix/vendor/rust/cargo2nix/submodules/rust/compiler/rustc_driver/scan_results
SAVED: 20 items to /mnt/data1/nix/vendor/rust/cargo2nix/submodules/rust/compiler/rustc_driver/scan_results/foldhash.json
SCAN_DIR: /mnt/data1/nix/vendor/rust/cargo2nix/submodules/rust/compiler/rustc_driver/scan_results
SCAN_DIR: /mnt/data1/nix/vendor/rust/cargo2nix/submodules/rust/compiler/rustc_driver/scan_results
WITNESS_SYMBOL: {"symbol":"simple_scanner_start","from":"main","file":"simple_scanner.rs","line":120}
SCAN_DIR: /mnt/data1/nix/vendor/rust/cargo2nix/submodules/rust/compiler/rustc_driver/scan_results
SAVED: 4 items to /mnt/data1/nix/vendor/rust/cargo2nix/submodules/rust/compiler/rustc_driver/scan_results/unicode-ident.json
WITNESS_SYMBOL: {"symbol":"simple_scanner_start","from":"main","file":"simple_scanner.rs","line":120}
SUMMARY: 2 item types saved to /mnt/data1/nix/vendor/rust/cargo2nix/submodules/rust/compiler/rustc_driver/scan_results/cfg-if_summary.json
SCAN_DIR: /mnt/data1/nix/vendor/rust/cargo2nix/submodules/rust/compiler/rustc_driver/scan_results
SAVED: 5 items to /mnt/data1/nix/vendor/rust/cargo2nix/submodules/rust/compiler/rustc_driver/scan_results/serde.json
SAVED: 18 items to /mnt/data1/nix/vendor/rust/cargo2nix/submodules/rust/compiler/rustc_driver/scan_results/bitflags.json
SAVED: 10 items to /mnt/data1/nix/vendor/rust/cargo2nix/submodules/rust/compiler/rustc_driver/scan_results/libc.json
WITNESS_SYMBOL: {"symbol":"simple_scanner_start","from":"main","file":"simple_scanner.rs","line":120}
SCAN_DIR: /mnt/data1/nix/vendor/rust/cargo2nix/submodules/rust/compiler/rustc_driver/scan_results
SCAN_DIR: /mnt/data1/nix/vendor/rust/cargo2nix/submodules/rust/compiler/rustc_driver/scan_results
SAVED: 6 items to /mnt/data1/nix/vendor/rust/cargo2nix/submodules/rust/compiler/rustc_driver/scan_results/equivalent.json
SAVED: 5 items to /mnt/data1/nix/vendor/rust/cargo2nix/submodules/rust/compiler/rustc_driver/scan_results/allocator-api2.json
WITNESS_SYMBOL: {"symbol":"simple_scanner_start","from":"main","file":"simple_scanner.rs","line":120}
WITNESS_SYMBOL: {"symbol":"simple_scanner_end","from":"main","file":"simple_scanner.rs","line":126}
SCAN_DIR: /mnt/data1/nix/vendor/rust/cargo2nix/submodules/rust/compiler/rustc_driver/scan_results
SUMMARY_DIR: /mnt/data1/nix/vendor/rust/cargo2nix/submodules/rust/compiler/rustc_driver/scan_results
SUMMARY: 6 item types saved to /mnt/data1/nix/vendor/rust/cargo2nix/submodules/rust/compiler/rustc_driver/scan_results/equivalent_summary.json
WITNESS_SYMBOL: {"symbol":"simple_scanner_start","from":"main","file":"simple_scanner.rs","line":120}
SAVED: 32 items to /mnt/data1/nix/vendor/rust/cargo2nix/submodules/rust/compiler/rustc_driver/scan_results/itoa.json
SCAN_DIR: /mnt/data1/nix/vendor/rust/cargo2nix/submodules/rust/compiler/rustc_driver/scan_results
SCAN_DIR: /mnt/data1/nix/vendor/rust/cargo2nix/submodules/rust/compiler/rustc_driver/scan_results
WITNESS_SYMBOL: {"symbol":"simple_scanner_start","from":"main","file":"simple_scanner.rs","line":120}
WITNESS_SYMBOL: {"symbol":"simple_scanner_start","from":"main","file":"simple_scanner.rs","line":120}
WITNESS_SYMBOL: {"symbol":"simple_scanner_end","from":"main","file":"simple_scanner.rs","line":126}
SAVED: 7 items to /mnt/data1/nix/vendor/rust/cargo2nix/submodules/rust/compiler/rustc_driver/scan_results/once_cell.json
   Compiling litemap v0.8.0
     Running `/home/mdupont/nix/vendor/rust/cargo2nix/submodules/rust/compiler/rustc_driver/simple_scanner --crate-name litemap --edition=2021 /home/mdupont/.cargo/registry/src/index.crates.io-1949cf8c6b5b557f/litemap-0.8.0/src/lib.rs --error-format=json --json=diagnostic-rendered-ansi,artifacts,future-incompat --crate-type lib --emit=dep-info,metadata,link -C embed-bitcode=no -C debuginfo=2 --cfg 'feature="alloc"' --check-cfg 'cfg(docsrs,test)' --check-cfg 'cfg(feature, values("alloc", "databake", "default", "serde", "testing", "yoke"))' -C metadata=67769f50e275a79d -C extra-filename=-335a5395cd1ff342 --out-dir /mnt/data1/nix/vendor/rust/cargo2nix/submodules/rust/target/debug/deps -L dependency=/mnt/data1/nix/vendor/rust/cargo2nix/submodules/rust/target/debug/deps --cap-lints allow`
SCAN_DIR: /mnt/data1/nix/vendor/rust/cargo2nix/submodules/rust/compiler/rustc_driver/scan_results
SCAN_DIR: /mnt/data1/nix/vendor/rust/cargo2nix/submodules/rust/compiler/rustc_driver/scan_results
SAVED: 32 items to /mnt/data1/nix/vendor/rust/cargo2nix/submodules/rust/compiler/rustc_driver/scan_results/stable_deref_trait.json
     Running `/home/mdupont/nix/vendor/rust/cargo2nix/submodules/rust/compiler/rustc_driver/simple_scanner --crate-name stable_deref_trait --edition=2015 /home/mdupont/.cargo/registry/src/index.crates.io-1949cf8c6b5b557f/stable_deref_trait-1.2.0/src/lib.rs --error-format=json --json=diagnostic-rendered-ansi,artifacts,future-incompat --crate-type lib --emit=dep-info,metadata,link -C embed-bitcode=no --cfg 'feature="alloc"' --check-cfg 'cfg(docsrs,test)' --check-cfg 'cfg(feature, values("alloc", "default", "std"))' -C metadata=8b91a9712b7e2ccf -C extra-filename=-6e9b3ffdff54b450 --out-dir /mnt/data1/nix/vendor/rust/cargo2nix/submodules/rust/target/debug/deps -L dependency=/mnt/data1/nix/vendor/rust/cargo2nix/submodules/rust/target/debug/deps --cap-lints allow`
SUMMARY_DIR: /mnt/data1/nix/vendor/rust/cargo2nix/submodules/rust/compiler/rustc_driver/scan_results
SUMMARY: 5 item types saved to /mnt/data1/nix/vendor/rust/cargo2nix/submodules/rust/compiler/rustc_driver/scan_results/serde_summary.json
SCAN_DIR: /mnt/data1/nix/vendor/rust/cargo2nix/submodules/rust/compiler/rustc_driver/scan_results
SAVED: 22 items to /mnt/data1/nix/vendor/rust/cargo2nix/submodules/rust/compiler/rustc_driver/scan_results/regex-syntax.json
WITNESS_SYMBOL: {"symbol":"simple_scanner_start","from":"main","file":"simple_scanner.rs","line":120}
WITNESS_SYMBOL: {"symbol":"simple_scanner_start","from":"main","file":"simple_scanner.rs","line":120}
SCAN_DIR: /mnt/data1/nix/vendor/rust/cargo2nix/submodules/rust/compiler/rustc_driver/scan_results
SAVED: 4 items to /mnt/data1/nix/vendor/rust/cargo2nix/submodules/rust/compiler/rustc_driver/scan_results/crossbeam-utils.json
SUMMARY_DIR: /mnt/data1/nix/vendor/rust/cargo2nix/submodules/rust/compiler/rustc_driver/scan_results
SUMMARY: 14 item types saved to /mnt/data1/nix/vendor/rust/cargo2nix/submodules/rust/compiler/rustc_driver/scan_results/proc-macro2_summary.json
SUMMARY_DIR: /mnt/data1/nix/vendor/rust/cargo2nix/submodules/rust/compiler/rustc_driver/scan_results
SUMMARY: 32 item types saved to /mnt/data1/nix/vendor/rust/cargo2nix/submodules/rust/compiler/rustc_driver/scan_results/stable_deref_trait_summary.json
WITNESS_SYMBOL: {"symbol":"simple_scanner_start","from":"main","file":"simple_scanner.rs","line":120}
WITNESS_SYMBOL: {"symbol":"simple_scanner_start","from":"main","file":"simple_scanner.rs","line":120}
SAVED: 74 items to /mnt/data1/nix/vendor/rust/cargo2nix/submodules/rust/compiler/rustc_driver/scan_results/log.json
SUMMARY_DIR: /mnt/data1/nix/vendor/rust/cargo2nix/submodules/rust/compiler/rustc_driver/scan_results
SUMMARY: 10 item types saved to /mnt/data1/nix/vendor/rust/cargo2nix/submodules/rust/compiler/rustc_driver/scan_results/libc_summary.json
SAVED: 125 items to /mnt/data1/nix/vendor/rust/cargo2nix/submodules/rust/compiler/rustc_driver/scan_results/smallvec.json
WITNESS_SYMBOL: {"symbol":"simple_scanner_start","from":"main","file":"simple_scanner.rs","line":120}
SCAN_DIR: /mnt/data1/nix/vendor/rust/cargo2nix/submodules/rust/compiler/rustc_driver/scan_results
SAVED: 12 items to /mnt/data1/nix/vendor/rust/cargo2nix/submodules/rust/compiler/rustc_driver/scan_results/ryu.json
WITNESS_SYMBOL: {"symbol":"simple_scanner_end","from":"main","file":"simple_scanner.rs","line":126}
SCAN_DIR: /mnt/data1/nix/vendor/rust/cargo2nix/submodules/rust/compiler/rustc_driver/scan_results
SCAN_DIR: /mnt/data1/nix/vendor/rust/cargo2nix/submodules/rust/compiler/rustc_driver/scan_results
SAVED: 2 items to /mnt/data1/nix/vendor/rust/cargo2nix/submodules/rust/compiler/rustc_driver/scan_results/serde_json.json
SCAN_DIR: /mnt/data1/nix/vendor/rust/cargo2nix/submodules/rust/compiler/rustc_driver/scan_results
WITNESS_SYMBOL: {"symbol":"simple_scanner_start","from":"main","file":"simple_scanner.rs","line":120}
SAVED: 26 items to /mnt/data1/nix/vendor/rust/cargo2nix/submodules/rust/compiler/rustc_driver/scan_results/writeable.json
   Compiling parking_lot_core v0.9.11
     Running `/home/mdupont/nix/vendor/rust/cargo2nix/submodules/rust/compiler/rustc_driver/simple_scanner --crate-name build_script_build --edition=2021 /home/mdupont/.cargo/registry/src/index.crates.io-1949cf8c6b5b557f/parking_lot_core-0.9.11/build.rs --error-format=json --json=diagnostic-rendered-ansi,artifacts,future-incompat --crate-type bin --emit=dep-info,link -C embed-bitcode=no --check-cfg 'cfg(docsrs,test)' --check-cfg 'cfg(feature, values("backtrace", "deadlock_detection", "nightly", "petgraph", "thread-id"))' -C metadata=8b1bcbedd9d8d740 -C extra-filename=-9a2ba2fc73fa9327 --out-dir /mnt/data1/nix/vendor/rust/cargo2nix/submodules/rust/target/debug/build/parking_lot_core-9a2ba2fc73fa9327 -L dependency=/mnt/data1/nix/vendor/rust/cargo2nix/submodules/rust/target/debug/deps --cap-lints allow`
SUMMARY_DIR: /mnt/data1/nix/vendor/rust/cargo2nix/submodules/rust/compiler/rustc_driver/scan_results
SUMMARY: 4 item types saved to /mnt/data1/nix/vendor/rust/cargo2nix/submodules/rust/compiler/rustc_driver/scan_results/crossbeam-utils_summary.json
WITNESS_SYMBOL: {"symbol":"simple_scanner_start","from":"main","file":"simple_scanner.rs","line":120}
SCAN_DIR: /mnt/data1/nix/vendor/rust/cargo2nix/submodules/rust/compiler/rustc_driver/scan_results
SUMMARY_DIR: /mnt/data1/nix/vendor/rust/cargo2nix/submodules/rust/compiler/rustc_driver/scan_results
SUMMARY: 2 item types saved to /mnt/data1/nix/vendor/rust/cargo2nix/submodules/rust/compiler/rustc_driver/scan_results/serde_json_summary.json
SAVED: 62 items to /mnt/data1/nix/vendor/rust/cargo2nix/submodules/rust/compiler/rustc_driver/scan_results/either.json
SCAN_DIR: /mnt/data1/nix/vendor/rust/cargo2nix/submodules/rust/compiler/rustc_driver/scan_results
SAVED: 9 items to /mnt/data1/nix/vendor/rust/cargo2nix/submodules/rust/compiler/rustc_driver/scan_results/litemap.json
SAVED: 28 items to /mnt/data1/nix/vendor/rust/cargo2nix/submodules/rust/compiler/rustc_driver/scan_results/autocfg.json
SUMMARY_DIR: /mnt/data1/nix/vendor/rust/cargo2nix/submodules/rust/compiler/rustc_driver/scan_results
SUMMARY: 4 item types saved to /mnt/data1/nix/vendor/rust/cargo2nix/submodules/rust/compiler/rustc_driver/scan_results/unicode-ident_summary.json
SCAN_DIR: /mnt/data1/nix/vendor/rust/cargo2nix/submodules/rust/compiler/rustc_driver/scan_results
SAVED: 32 items to /mnt/data1/nix/vendor/rust/cargo2nix/submodules/rust/compiler/rustc_driver/scan_results/stable_deref_trait.json
SUMMARY_DIR: /mnt/data1/nix/vendor/rust/cargo2nix/submodules/rust/compiler/rustc_driver/scan_results
SUMMARY: 32 item types saved to /mnt/data1/nix/vendor/rust/cargo2nix/submodules/rust/compiler/rustc_driver/scan_results/stable_deref_trait_summary.json
WITNESS_SYMBOL: {"symbol":"simple_scanner_start","from":"main","file":"simple_scanner.rs","line":120}
SUMMARY_DIR: /mnt/data1/nix/vendor/rust/cargo2nix/submodules/rust/compiler/rustc_driver/scan_results
SUMMARY: 32 item types saved to /mnt/data1/nix/vendor/rust/cargo2nix/submodules/rust/compiler/rustc_driver/scan_results/itoa_summary.json
WITNESS_SYMBOL: {"symbol":"simple_scanner_end","from":"main","file":"simple_scanner.rs","line":126}
SUMMARY_DIR: /mnt/data1/nix/vendor/rust/cargo2nix/submodules/rust/compiler/rustc_driver/scan_results
SUMMARY: 10 item types saved to /mnt/data1/nix/vendor/rust/cargo2nix/submodules/rust/compiler/rustc_driver/scan_results/libc_summary.json
WITNESS_SYMBOL: {"symbol":"simple_scanner_end","from":"main","file":"simple_scanner.rs","line":126}
SCAN_DIR: /mnt/data1/nix/vendor/rust/cargo2nix/submodules/rust/compiler/rustc_driver/scan_results
SAVED: 1 items to /mnt/data1/nix/vendor/rust/cargo2nix/submodules/rust/compiler/rustc_driver/scan_results/parking_lot_core.json
   Compiling getrandom v0.3.3
     Running `/home/mdupont/nix/vendor/rust/cargo2nix/submodules/rust/compiler/rustc_driver/simple_scanner --crate-name build_script_build --edition=2021 /home/mdupont/.cargo/registry/src/index.crates.io-1949cf8c6b5b557f/getrandom-0.3.3/build.rs --error-format=json --json=diagnostic-rendered-ansi,artifacts,future-incompat --crate-type bin --emit=dep-info,link -C embed-bitcode=no --warn=unexpected_cfgs --check-cfg 'cfg(getrandom_backend, values("custom", "efi_rng", "rdrand", "rndr", "linux_getrandom", "linux_raw", "wasm_js"))' --check-cfg 'cfg(getrandom_msan)' --check-cfg 'cfg(getrandom_windows_legacy)' --check-cfg 'cfg(getrandom_test_linux_fallback)' --check-cfg 'cfg(getrandom_test_linux_without_fallback)' --check-cfg 'cfg(getrandom_test_netbsd_fallback)' --check-cfg 'cfg(target_os, values("cygwin"))' --cfg 'feature="std"' --check-cfg 'cfg(docsrs,test)' --check-cfg 'cfg(feature, values("rustc-dep-of-std", "std", "wasm_js"))' -C metadata=ce20ffd54b2e3611 -C extra-filename=-dffce9c178c88403 --out-dir /mnt/data1/nix/vendor/rust/cargo2nix/submodules/rust/target/debug/build/getrandom-dffce9c178c88403 -L dependency=/mnt/data1/nix/vendor/rust/cargo2nix/submodules/rust/target/debug/deps --cap-lints allow`
WITNESS_SYMBOL: {"symbol":"simple_scanner_end","from":"main","file":"simple_scanner.rs","line":126}
   Compiling scopeguard v1.2.0
     Running `/home/mdupont/nix/vendor/rust/cargo2nix/submodules/rust/compiler/rustc_driver/simple_scanner --crate-name scopeguard --edition=2015 /home/mdupont/.cargo/registry/src/index.crates.io-1949cf8c6b5b557f/scopeguard-1.2.0/src/lib.rs --error-format=json --json=diagnostic-rendered-ansi,artifacts,future-incompat --crate-type lib --emit=dep-info,metadata,link -C embed-bitcode=no -C debuginfo=2 --check-cfg 'cfg(docsrs,test)' --check-cfg 'cfg(feature, values("default", "use_std"))' -C metadata=5b81f00cdfdadc18 -C extra-filename=-b546ecad8c52aa84 --out-dir /mnt/data1/nix/vendor/rust/cargo2nix/submodules/rust/target/debug/deps -L dependency=/mnt/data1/nix/vendor/rust/cargo2nix/submodules/rust/target/debug/deps --cap-lints allow`
SUMMARY_DIR: /mnt/data1/nix/vendor/rust/cargo2nix/submodules/rust/compiler/rustc_driver/scan_results
SUMMARY: 1 item types saved to /mnt/data1/nix/vendor/rust/cargo2nix/submodules/rust/compiler/rustc_driver/scan_results/parking_lot_core_summary.json
   Compiling pin-project-lite v0.2.16
     Running `/home/mdupont/nix/vendor/rust/cargo2nix/submodules/rust/compiler/rustc_driver/simple_scanner --crate-name pin_project_lite --edition=2018 /home/mdupont/.cargo/registry/src/index.crates.io-1949cf8c6b5b557f/pin-project-lite-0.2.16/src/lib.rs --error-format=json --json=diagnostic-rendered-ansi,artifacts,future-incompat --crate-type lib --emit=dep-info,metadata,link -C embed-bitcode=no -C debuginfo=2 --warn=unreachable_pub --warn=unexpected_cfgs '--warn=clippy::undocumented_unsafe_blocks' '--warn=clippy::transmute_undefined_repr' '--warn=clippy::trailing_empty_array' --warn=single_use_lifetimes --warn=rust_2018_idioms '--warn=clippy::pedantic' --warn=non_ascii_idents '--warn=clippy::inline_asm_x86_att_syntax' --warn=improper_ctypes_definitions --warn=improper_ctypes --warn=deprecated_safe '--warn=clippy::default_union_representation' '--warn=clippy::as_underscore' '--warn=clippy::as_ptr_cast_mut' '--warn=clippy::all' '--allow=clippy::unreadable_literal' '--allow=clippy::type_complexity' '--allow=clippy::too_many_lines' '--allow=clippy::too_many_arguments' '--allow=clippy::struct_field_names' '--allow=clippy::struct_excessive_bools' '--allow=clippy::single_match_else' '--allow=clippy::single_match' '--allow=clippy::similar_names' '--allow=clippy::range_plus_one' '--allow=clippy::nonminimal_bool' '--allow=clippy::naive_bytecount' '--allow=clippy::module_name_repetitions' '--allow=clippy::missing_errors_doc' '--allow=clippy::manual_range_contains' '--allow=clippy::manual_assert' '--allow=clippy::lint_groups_priority' '--allow=clippy::incompatible_msrv' '--allow=clippy::float_cmp' '--allow=clippy::doc_markdown' '--allow=clippy::declare_interior_mutable_const' '--allow=clippy::cast_lossless' '--allow=clippy::borrow_as_ptr' '--allow=clippy::bool_assert_comparison' --check-cfg 'cfg(docsrs,test)' --check-cfg 'cfg(feature, values())' -C metadata=26cd3dccbbf0b641 -C extra-filename=-1c7af79d2a15ed23 --out-dir /mnt/data1/nix/vendor/rust/cargo2nix/submodules/rust/target/debug/deps -L dependency=/mnt/data1/nix/vendor/rust/cargo2nix/submodules/rust/target/debug/deps --cap-lints allow`
SUMMARY_DIR: /mnt/data1/nix/vendor/rust/cargo2nix/submodules/rust/compiler/rustc_driver/scan_results
SUMMARY: 20 item types saved to /mnt/data1/nix/vendor/rust/cargo2nix/submodules/rust/compiler/rustc_driver/scan_results/foldhash_summary.json
WITNESS_SYMBOL: {"symbol":"simple_scanner_start","from":"main","file":"simple_scanner.rs","line":120}
SUMMARY_DIR: /mnt/data1/nix/vendor/rust/cargo2nix/submodules/rust/compiler/rustc_driver/scan_results
SUMMARY: 18 item types saved to /mnt/data1/nix/vendor/rust/cargo2nix/submodules/rust/compiler/rustc_driver/scan_results/bitflags_summary.json
SUMMARY_DIR: /mnt/data1/nix/vendor/rust/cargo2nix/submodules/rust/compiler/rustc_driver/scan_results
SUMMARY: 12 item types saved to /mnt/data1/nix/vendor/rust/cargo2nix/submodules/rust/compiler/rustc_driver/scan_results/ryu_summary.json
WITNESS_SYMBOL: {"symbol":"simple_scanner_start","from":"main","file":"simple_scanner.rs","line":120}
WITNESS_SYMBOL: {"symbol":"simple_scanner_start","from":"main","file":"simple_scanner.rs","line":120}
SCAN_DIR: /mnt/data1/nix/vendor/rust/cargo2nix/submodules/rust/compiler/rustc_driver/scan_results
SUMMARY_DIR: /mnt/data1/nix/vendor/rust/cargo2nix/submodules/rust/compiler/rustc_driver/scan_results
SUMMARY: 31 item types saved to /mnt/data1/nix/vendor/rust/cargo2nix/submodules/rust/compiler/rustc_driver/scan_results/shlex_summary.json
SAVED: 27 items to /mnt/data1/nix/vendor/rust/cargo2nix/submodules/rust/compiler/rustc_driver/scan_results/scopeguard.json
SUMMARY_DIR: /mnt/data1/nix/vendor/rust/cargo2nix/submodules/rust/compiler/rustc_driver/scan_results
SCAN_DIR: /mnt/data1/nix/vendor/rust/cargo2nix/submodules/rust/compiler/rustc_driver/scan_results
SAVED: 3 items to /mnt/data1/nix/vendor/rust/cargo2nix/submodules/rust/compiler/rustc_driver/scan_results/getrandom.json
SCAN_DIR: /mnt/data1/nix/vendor/rust/cargo2nix/submodules/rust/compiler/rustc_driver/scan_results
SUMMARY: 5 item types saved to /mnt/data1/nix/vendor/rust/cargo2nix/submodules/rust/compiler/rustc_driver/scan_results/once_cell_summary.json
SUMMARY_DIR: /mnt/data1/nix/vendor/rust/cargo2nix/submodules/rust/compiler/rustc_driver/scan_results
SUMMARY: 27 item types saved to /mnt/data1/nix/vendor/rust/cargo2nix/submodules/rust/compiler/rustc_driver/scan_results/scopeguard_summary.json
SAVED: 25 items to /mnt/data1/nix/vendor/rust/cargo2nix/submodules/rust/compiler/rustc_driver/scan_results/pin-project-lite.json
SUMMARY_DIR: /mnt/data1/nix/vendor/rust/cargo2nix/submodules/rust/compiler/rustc_driver/scan_results
SUMMARY: 3 item types saved to /mnt/data1/nix/vendor/rust/cargo2nix/submodules/rust/compiler/rustc_driver/scan_results/getrandom_summary.json
WITNESS_SYMBOL: {"symbol":"simple_scanner_end","from":"main","file":"simple_scanner.rs","line":126}
SUMMARY_DIR: /mnt/data1/nix/vendor/rust/cargo2nix/submodules/rust/compiler/rustc_driver/scan_results
   Compiling tracing-core v0.1.34
     Running `/home/mdupont/nix/vendor/rust/cargo2nix/submodules/rust/compiler/rustc_driver/simple_scanner --crate-name tracing_core --edition=2018 /home/mdupont/.cargo/registry/src/index.crates.io-1949cf8c6b5b557f/tracing-core-0.1.34/src/lib.rs --error-format=json --json=diagnostic-rendered-ansi,artifacts,future-incompat --crate-type lib --emit=dep-info,metadata,link -C embed-bitcode=no -C debuginfo=2 --warn=unexpected_cfgs --check-cfg 'cfg(flaky_tests)' --check-cfg 'cfg(tracing_unstable)' --check-cfg 'cfg(unsound_local_offset)' --cfg 'feature="default"' --cfg 'feature="once_cell"' --cfg 'feature="std"' --check-cfg 'cfg(docsrs,test)' --check-cfg 'cfg(feature, values("default", "once_cell", "std", "valuable"))' -C metadata=a066f43723aebb3f -C extra-filename=-76cb4f1395c837fb --out-dir /mnt/data1/nix/vendor/rust/cargo2nix/submodules/rust/target/debug/deps -L dependency=/mnt/data1/nix/vendor/rust/cargo2nix/submodules/rust/target/debug/deps --extern once_cell=/mnt/data1/nix/vendor/rust/cargo2nix/submodules/rust/target/debug/deps/libonce_cell-803291aaf70272e8.rmeta --cap-lints allow`
SUMMARY: 25 item types saved to /mnt/data1/nix/vendor/rust/cargo2nix/submodules/rust/compiler/rustc_driver/scan_results/pin-project-lite_summary.json
SUMMARY_DIR: /mnt/data1/nix/vendor/rust/cargo2nix/submodules/rust/compiler/rustc_driver/scan_results
SUMMARY: 74 item types saved to /mnt/data1/nix/vendor/rust/cargo2nix/submodules/rust/compiler/rustc_driver/scan_results/log_summary.json
SUMMARY_DIR: /mnt/data1/nix/vendor/rust/cargo2nix/submodules/rust/compiler/rustc_driver/scan_results
SUMMARY: 26 item types saved to /mnt/data1/nix/vendor/rust/cargo2nix/submodules/rust/compiler/rustc_driver/scan_results/writeable_summary.json
WITNESS_SYMBOL: {"symbol":"simple_scanner_end","from":"main","file":"simple_scanner.rs","line":126}
WITNESS_SYMBOL: {"symbol":"simple_scanner_end","from":"main","file":"simple_scanner.rs","line":126}
WITNESS_SYMBOL: {"symbol":"simple_scanner_end","from":"main","file":"simple_scanner.rs","line":126}
SUMMARY_DIR: /mnt/data1/nix/vendor/rust/cargo2nix/submodules/rust/compiler/rustc_driver/scan_results
SUMMARY: 28 item types saved to /mnt/data1/nix/vendor/rust/cargo2nix/submodules/rust/compiler/rustc_driver/scan_results/autocfg_summary.json
WITNESS_SYMBOL: {"symbol":"simple_scanner_end","from":"main","file":"simple_scanner.rs","line":126}
   Compiling rustix v1.0.8
   Compiling linux-raw-sys v0.9.4
   Compiling typenum v1.18.0
     Running `/home/mdupont/nix/vendor/rust/cargo2nix/submodules/rust/compiler/rustc_driver/simple_scanner --crate-name build_script_build --edition=2021 /home/mdupont/.cargo/registry/src/index.crates.io-1949cf8c6b5b557f/rustix-1.0.8/build.rs --error-format=json --json=diagnostic-rendered-ansi,artifacts,future-incompat --crate-type bin --emit=dep-info,link -C embed-bitcode=no --warn=unexpected_cfgs --check-cfg 'cfg(alloc_c_string)' --check-cfg 'cfg(alloc_ffi)' --check-cfg 'cfg(apple)' --check-cfg 'cfg(asm_experimental_arch)' --check-cfg 'cfg(bsd)' --check-cfg 'cfg(core_c_str)' --check-cfg 'cfg(core_ffi_c)' --check-cfg 'cfg(core_intrinsics)' --check-cfg 'cfg(criterion)' --check-cfg 'cfg(document_experimental_runtime_api)' --check-cfg 'cfg(error_in_core)' --check-cfg 'cfg(fix_y2038)' --check-cfg 'cfg(freebsdlike)' --check-cfg 'cfg(libc)' --check-cfg 'cfg(linux_kernel)' --check-cfg 'cfg(linux_like)' --check-cfg 'cfg(linux_raw)' --check-cfg 'cfg(netbsdlike)' --check-cfg 'cfg(rustc_attrs)' --check-cfg 'cfg(solarish)' --check-cfg 'cfg(staged_api)' --check-cfg 'cfg(static_assertions)' --check-cfg 'cfg(thumb_mode)' --check-cfg 'cfg(wasi)' --check-cfg 'cfg(wasi_ext)' --check-cfg 'cfg(wasip2)' --check-cfg 'cfg(target_arch, values("xtensa"))' --check-cfg 'cfg(target_os, values("cygwin"))' --cfg 'feature="alloc"' --cfg 'feature="default"' --cfg 'feature="fs"' --cfg 'feature="std"' --check-cfg 'cfg(docsrs,test)' --check-cfg 'cfg(feature, values("all-apis", "alloc", "core", "default", "event", "fs", "io_uring", "libc", "libc_errno", "linux_4_11", "linux_5_1", "linux_5_11", "linux_latest", "mm", "mount", "net", "param", "pipe", "process", "pty", "rand", "runtime", "rustc-dep-of-std", "rustc-std-workspace-alloc", "shm", "std", "stdio", "system", "termios", "thread", "time", "try_close", "use-explicitly-provided-auxv", "use-libc", "use-libc-auxv"))' -C metadata=2639bcc7a87342cf -C extra-filename=-541206f931f0a6b1 --out-dir /mnt/data1/nix/vendor/rust/cargo2nix/submodules/rust/target/debug/build/rustix-541206f931f0a6b1 -L dependency=/mnt/data1/nix/vendor/rust/cargo2nix/submodules/rust/target/debug/deps --cap-lints allow`
     Running `/home/mdupont/nix/vendor/rust/cargo2nix/submodules/rust/compiler/rustc_driver/simple_scanner --crate-name build_script_build --edition=2018 /home/mdupont/.cargo/registry/src/index.crates.io-1949cf8c6b5b557f/typenum-1.18.0/build.rs --error-format=json --json=diagnostic-rendered-ansi,artifacts,future-incompat --crate-type bin --emit=dep-info,link -C embed-bitcode=no --check-cfg 'cfg(docsrs,test)' --check-cfg 'cfg(feature, values("const-generics", "force_unix_path_separator", "i128", "no_std", "scale-info", "scale_info", "strict"))' -C metadata=55afca32033c7c78 -C extra-filename=-66bf6eb4ec9846c5 --out-dir /mnt/data1/nix/vendor/rust/cargo2nix/submodules/rust/target/debug/build/typenum-66bf6eb4ec9846c5 -L dependency=/mnt/data1/nix/vendor/rust/cargo2nix/submodules/rust/target/debug/deps --cap-lints allow`
     Running `/home/mdupont/nix/vendor/rust/cargo2nix/submodules/rust/compiler/rustc_driver/simple_scanner --crate-name linux_raw_sys --edition=2021 /home/mdupont/.cargo/registry/src/index.crates.io-1949cf8c6b5b557f/linux-raw-sys-0.9.4/src/lib.rs --error-format=json --json=diagnostic-rendered-ansi,artifacts,future-incompat --crate-type lib --emit=dep-info,metadata,link -C embed-bitcode=no -C debuginfo=2 --warn=unexpected_cfgs --check-cfg 'cfg(target_arch, values("xtensa"))' --cfg 'feature="elf"' --cfg 'feature="errno"' --cfg 'feature="general"' --cfg 'feature="ioctl"' --cfg 'feature="no_std"' --check-cfg 'cfg(docsrs,test)' --check-cfg 'cfg(feature, values("bootparam", "btrfs", "compiler_builtins", "core", "default", "elf", "elf_uapi", "errno", "general", "if_arp", "if_ether", "if_packet", "image", "io_uring", "ioctl", "landlock", "loop_device", "mempolicy", "net", "netlink", "no_std", "prctl", "ptrace", "rustc-dep-of-std", "std", "system", "xdp"))' -C metadata=e3f06dee761b885b -C extra-filename=-931fc91b66de1e93 --out-dir /mnt/data1/nix/vendor/rust/cargo2nix/submodules/rust/target/debug/deps -L dependency=/mnt/data1/nix/vendor/rust/cargo2nix/submodules/rust/target/debug/deps --cap-lints allow`
WITNESS_SYMBOL: {"symbol":"simple_scanner_start","from":"main","file":"simple_scanner.rs","line":120}
   Compiling version_check v0.9.5
     Running `/home/mdupont/nix/vendor/rust/cargo2nix/submodules/rust/compiler/rustc_driver/simple_scanner --crate-name version_check --edition=2015 /home/mdupont/.cargo/registry/src/index.crates.io-1949cf8c6b5b557f/version_check-0.9.5/src/lib.rs --error-format=json --json=diagnostic-rendered-ansi,artifacts,future-incompat --crate-type lib --emit=dep-info,metadata,link -C embed-bitcode=no --check-cfg 'cfg(docsrs,test)' --check-cfg 'cfg(feature, values())' -C metadata=89d72def91905a65 -C extra-filename=-cff5d988b23f749a --out-dir /mnt/data1/nix/vendor/rust/cargo2nix/submodules/rust/target/debug/deps -L dependency=/mnt/data1/nix/vendor/rust/cargo2nix/submodules/rust/target/debug/deps --cap-lints allow`
SUMMARY_DIR: /mnt/data1/nix/vendor/rust/cargo2nix/submodules/rust/compiler/rustc_driver/scan_results
SUMMARY: 62 item types saved to /mnt/data1/nix/vendor/rust/cargo2nix/submodules/rust/compiler/rustc_driver/scan_results/either_summary.json
SCAN_DIR: /mnt/data1/nix/vendor/rust/cargo2nix/submodules/rust/compiler/rustc_driver/scan_results
SAVED: 20 items to /mnt/data1/nix/vendor/rust/cargo2nix/submodules/rust/compiler/rustc_driver/scan_results/tracing-core.json
WITNESS_SYMBOL: {"symbol":"simple_scanner_end","from":"main","file":"simple_scanner.rs","line":126}
WITNESS_SYMBOL: {"symbol":"simple_scanner_start","from":"main","file":"simple_scanner.rs","line":120}
WITNESS_SYMBOL: {"symbol":"simple_scanner_end","from":"main","file":"simple_scanner.rs","line":126}
WITNESS_SYMBOL: {"symbol":"simple_scanner_start","from":"main","file":"simple_scanner.rs","line":120}
WITNESS_SYMBOL: {"symbol":"simple_scanner_start","from":"main","file":"simple_scanner.rs","line":120}
     Running `/mnt/data1/nix/vendor/rust/cargo2nix/submodules/rust/target/debug/build/serde_json-472c6ea4c7341a0a/build-script-build`
WITNESS_SYMBOL: {"symbol":"simple_scanner_start","from":"main","file":"simple_scanner.rs","line":120}
WITNESS_SYMBOL: {"symbol":"simple_scanner_end","from":"main","file":"simple_scanner.rs","line":126}
SUMMARY_DIR: /mnt/data1/nix/vendor/rust/cargo2nix/submodules/rust/compiler/rustc_driver/scan_results
   Compiling rustc-hash v2.1.1
     Running `/home/mdupont/nix/vendor/rust/cargo2nix/submodules/rust/compiler/rustc_driver/simple_scanner --crate-name rustc_hash --edition=2021 /home/mdupont/.cargo/registry/src/index.crates.io-1949cf8c6b5b557f/rustc-hash-2.1.1/src/lib.rs --error-format=json --json=diagnostic-rendered-ansi,artifacts,future-incompat --crate-type lib --emit=dep-info,metadata,link -C embed-bitcode=no -C debuginfo=2 --cfg 'feature="default"' --cfg 'feature="std"' --check-cfg 'cfg(docsrs,test)' --check-cfg 'cfg(feature, values("default", "nightly", "rand", "std"))' -C metadata=c579447e227e247a -C extra-filename=-a28c01df156478ff --out-dir /mnt/data1/nix/vendor/rust/cargo2nix/submodules/rust/target/debug/deps -L dependency=/mnt/data1/nix/vendor/rust/cargo2nix/submodules/rust/target/debug/deps --cap-lints allow`
SUMMARY: 9 item types saved to /mnt/data1/nix/vendor/rust/cargo2nix/submodules/rust/compiler/rustc_driver/scan_results/litemap_summary.json
SCAN_DIR: /mnt/data1/nix/vendor/rust/cargo2nix/submodules/rust/compiler/rustc_driver/scan_results
SCAN_DIR: /mnt/data1/nix/vendor/rust/cargo2nix/submodules/rust/compiler/rustc_driver/scan_results
   Compiling unicode-width v0.2.1
   Compiling thiserror v2.0.15
SCAN_DIR: /mnt/data1/nix/vendor/rust/cargo2nix/submodules/rust/compiler/rustc_driver/scan_results
SAVED: 10 items to /mnt/data1/nix/vendor/rust/cargo2nix/submodules/rust/compiler/rustc_driver/scan_results/rustix.json
     Running `/home/mdupont/nix/vendor/rust/cargo2nix/submodules/rust/compiler/rustc_driver/simple_scanner --crate-name build_script_build --edition=2021 /home/mdupont/.cargo/registry/src/index.crates.io-1949cf8c6b5b557f/thiserror-2.0.15/build.rs --error-format=json --json=diagnostic-rendered-ansi,artifacts,future-incompat --crate-type bin --emit=dep-info,link -C embed-bitcode=no --cfg 'feature="default"' --cfg 'feature="std"' --check-cfg 'cfg(docsrs,test)' --check-cfg 'cfg(feature, values("default", "std"))' -C metadata=157c0c35f00a26a1 -C extra-filename=-21e9c54297c54fba --out-dir /mnt/data1/nix/vendor/rust/cargo2nix/submodules/rust/target/debug/build/thiserror-21e9c54297c54fba -L dependency=/mnt/data1/nix/vendor/rust/cargo2nix/submodules/rust/target/debug/deps --cap-lints allow`
     Running `/home/mdupont/nix/vendor/rust/cargo2nix/submodules/rust/compiler/rustc_driver/simple_scanner --crate-name unicode_width --edition=2021 /home/mdupont/.cargo/registry/src/index.crates.io-1949cf8c6b5b557f/unicode-width-0.2.1/src/lib.rs --error-format=json --json=diagnostic-rendered-ansi,artifacts,future-incompat --crate-type lib --emit=dep-info,metadata,link -C embed-bitcode=no -C debuginfo=2 --cfg 'feature="cjk"' --cfg 'feature="default"' --check-cfg 'cfg(docsrs,test)' --check-cfg 'cfg(feature, values("cjk", "core", "default", "no_std", "rustc-dep-of-std", "std"))' -C metadata=ad917f4d3a08c8fd -C extra-filename=-b8c4d1f473e679c0 --out-dir /mnt/data1/nix/vendor/rust/cargo2nix/submodules/rust/target/debug/deps -L dependency=/mnt/data1/nix/vendor/rust/cargo2nix/submodules/rust/target/debug/deps --cap-lints allow`
SAVED: 25 items to /mnt/data1/nix/vendor/rust/cargo2nix/submodules/rust/compiler/rustc_driver/scan_results/typenum.json
SAVED: 21 items to /mnt/data1/nix/vendor/rust/cargo2nix/submodules/rust/compiler/rustc_driver/scan_results/version_check.json
WITNESS_SYMBOL: {"symbol":"simple_scanner_end","from":"main","file":"simple_scanner.rs","line":126}
SUMMARY_DIR: /mnt/data1/nix/vendor/rust/cargo2nix/submodules/rust/compiler/rustc_driver/scan_results
SCAN_DIR: /mnt/data1/nix/vendor/rust/cargo2nix/submodules/rust/compiler/rustc_driver/scan_results
WITNESS_SYMBOL: {"symbol":"simple_scanner_end","from":"main","file":"simple_scanner.rs","line":126}
SUMMARY: 125 item types saved to /mnt/data1/nix/vendor/rust/cargo2nix/submodules/rust/compiler/rustc_driver/scan_results/smallvec_summary.json
SAVED: 369 items to /mnt/data1/nix/vendor/rust/cargo2nix/submodules/rust/compiler/rustc_driver/scan_results/linux-raw-sys.json
   Compiling anstyle v1.0.11
     Running `/home/mdupont/nix/vendor/rust/cargo2nix/submodules/rust/compiler/rustc_driver/simple_scanner --crate-name anstyle --edition=2021 /home/mdupont/.cargo/registry/src/index.crates.io-1949cf8c6b5b557f/anstyle-1.0.11/src/lib.rs --error-format=json --json=diagnostic-rendered-ansi,artifacts,future-incompat --crate-type lib --emit=dep-info,metadata,link -C embed-bitcode=no -C debuginfo=2 --warn=rust_2018_idioms '--warn=clippy::zero_sized_map_values' '--warn=clippy::wildcard_imports' '--warn=clippy::verbose_file_reads' --warn=unused_qualifications --warn=unused_macro_rules --warn=unused_lifetimes --warn=unsafe_op_in_unsafe_fn --warn=unreachable_pub --warn=unnameable_types '--warn=clippy::uninlined_format_args' '--warn=clippy::trait_duplication_in_bounds' '--warn=clippy::todo' '--warn=clippy::string_to_string' '--warn=clippy::string_lit_as_bytes' '--warn=clippy::string_add_assign' '--warn=clippy::string_add' '--warn=clippy::str_to_string' '--warn=clippy::semicolon_if_nothing_returned' '--warn=clippy::self_named_module_files' '--warn=clippy::same_functions_in_if_condition' '--allow=clippy::result_large_err' '--warn=clippy::rest_pat_in_fully_bound_structs' '--warn=clippy::ref_option_ref' '--warn=clippy::redundant_feature_names' '--warn=clippy::rc_mutex' '--warn=clippy::ptr_as_ptr' '--warn=clippy::path_buf_push_overwrite' '--warn=clippy::negative_feature_names' '--warn=clippy::needless_for_each' '--allow=clippy::needless_continue' '--warn=clippy::mutex_integer' '--warn=clippy::mem_forget' '--warn=clippy::macro_use_imports' '--warn=clippy::lossy_float_literal' '--warn=clippy::linkedlist' '--allow=clippy::let_and_return' '--warn=clippy::large_types_passed_by_value' '--warn=clippy::large_stack_arrays' '--warn=clippy::large_digit_groups' '--warn=clippy::invalid_upcast_comparisons' '--warn=clippy::infinite_loop' '--warn=clippy::inefficient_to_string' '--warn=clippy::inconsistent_struct_constructor' '--warn=clippy::imprecise_flops' '--warn=clippy::implicit_clone' '--allow=clippy::if_same_then_else' '--warn=clippy::from_iter_instead_of_collect' '--warn=clippy::fn_params_excessive_bools' '--warn=clippy::float_cmp_const' '--warn=clippy::flat_map_option' '--warn=clippy::filter_map_next' '--warn=clippy::fallible_impl_from' '--warn=clippy::explicit_into_iter_loop' '--warn=clippy::explicit_deref_methods' '--warn=clippy::expl_impl_clone_on_copy' '--warn=clippy::enum_glob_use' '--warn=clippy::empty_enum' '--warn=clippy::doc_markdown' '--warn=clippy::debug_assert_with_mut_call' '--warn=clippy::dbg_macro' '--warn=clippy::create_dir' '--allow=clippy::collapsible_else_if' '--warn=clippy::checked_conversions' '--allow=clippy::branches_sharing_code' '--allow=clippy::bool_assert_comparison' --cfg 'feature="default"' --cfg 'feature="std"' --check-cfg 'cfg(docsrs,test)' --check-cfg 'cfg(feature, values("default", "std"))' -C metadata=b93d2d2cc5098120 -C extra-filename=-34da1d8f10e661b4 --out-dir /mnt/data1/nix/vendor/rust/cargo2nix/submodules/rust/target/debug/deps -L dependency=/mnt/data1/nix/vendor/rust/cargo2nix/submodules/rust/target/debug/deps --cap-lints allow`
   Compiling fastrand v2.3.0
     Running `/home/mdupont/nix/vendor/rust/cargo2nix/submodules/rust/compiler/rustc_driver/simple_scanner --crate-name fastrand --edition=2018 /home/mdupont/.cargo/registry/src/index.crates.io-1949cf8c6b5b557f/fastrand-2.3.0/src/lib.rs --error-format=json --json=diagnostic-rendered-ansi,artifacts,future-incompat --crate-type lib --emit=dep-info,metadata,link -C embed-bitcode=no -C debuginfo=2 --cfg 'feature="alloc"' --cfg 'feature="default"' --cfg 'feature="std"' --check-cfg 'cfg(docsrs,test)' --check-cfg 'cfg(feature, values("alloc", "default", "getrandom", "js", "std"))' -C metadata=e42d158922014b4f -C extra-filename=-072438159a6d2792 --out-dir /mnt/data1/nix/vendor/rust/cargo2nix/submodules/rust/target/debug/deps -L dependency=/mnt/data1/nix/vendor/rust/cargo2nix/submodules/rust/target/debug/deps --cap-lints allow`
WITNESS_SYMBOL: {"symbol":"simple_scanner_end","from":"main","file":"simple_scanner.rs","line":126}
WITNESS_SYMBOL: {"symbol":"simple_scanner_end","from":"main","file":"simple_scanner.rs","line":126}
WITNESS_SYMBOL: {"symbol":"simple_scanner_start","from":"main","file":"simple_scanner.rs","line":120}
WITNESS_SYMBOL: {"symbol":"simple_scanner_start","from":"main","file":"simple_scanner.rs","line":120}
WITNESS_SYMBOL: {"symbol":"simple_scanner_start","from":"main","file":"simple_scanner.rs","line":120}
SUMMARY_DIR: /mnt/data1/nix/vendor/rust/cargo2nix/submodules/rust/compiler/rustc_driver/scan_results
SUMMARY: 10 item types saved to /mnt/data1/nix/vendor/rust/cargo2nix/submodules/rust/compiler/rustc_driver/scan_results/rustix_summary.json
   Compiling itertools v0.12.1
     Running `/home/mdupont/nix/vendor/rust/cargo2nix/submodules/rust/compiler/rustc_driver/simple_scanner --crate-name itertools --edition=2018 /home/mdupont/.cargo/registry/src/index.crates.io-1949cf8c6b5b557f/itertools-0.12.1/src/lib.rs --error-format=json --json=diagnostic-rendered-ansi,artifacts,future-incompat --crate-type lib --emit=dep-info,metadata,link -C embed-bitcode=no -C debuginfo=2 --cfg 'feature="default"' --cfg 'feature="use_alloc"' --cfg 'feature="use_std"' --check-cfg 'cfg(docsrs,test)' --check-cfg 'cfg(feature, values("default", "use_alloc", "use_std"))' -C metadata=9f5e71f9ab6990cf -C extra-filename=-91603aba882aab90 --out-dir /mnt/data1/nix/vendor/rust/cargo2nix/submodules/rust/target/debug/deps -L dependency=/mnt/data1/nix/vendor/rust/cargo2nix/submodules/rust/target/debug/deps --extern either=/mnt/data1/nix/vendor/rust/cargo2nix/submodules/rust/target/debug/deps/libeither-1ad441d2f6fb36f5.rmeta --cap-lints allow`
SCAN_DIR: /mnt/data1/nix/vendor/rust/cargo2nix/submodules/rust/compiler/rustc_driver/scan_results
WITNESS_SYMBOL: {"symbol":"simple_scanner_start","from":"main","file":"simple_scanner.rs","line":120}
SCAN_DIR: /mnt/data1/nix/vendor/rust/cargo2nix/submodules/rust/compiler/rustc_driver/scan_results
     Running `/mnt/data1/nix/vendor/rust/cargo2nix/submodules/rust/target/debug/build/serde-46f82dc049f60acd/build-script-build`
SAVED: 7 items to /mnt/data1/nix/vendor/rust/cargo2nix/submodules/rust/compiler/rustc_driver/scan_results/unicode-width.json
SAVED: 27 items to /mnt/data1/nix/vendor/rust/cargo2nix/submodules/rust/compiler/rustc_driver/scan_results/rustc-hash.json
WITNESS_SYMBOL: {"symbol":"simple_scanner_start","from":"main","file":"simple_scanner.rs","line":120}
SCAN_DIR: /mnt/data1/nix/vendor/rust/cargo2nix/submodules/rust/compiler/rustc_driver/scan_results
WITNESS_SYMBOL: {"symbol":"simple_scanner_end","from":"main","file":"simple_scanner.rs","line":126}
SAVED: 12 items to /mnt/data1/nix/vendor/rust/cargo2nix/submodules/rust/compiler/rustc_driver/scan_results/thiserror.json
WITNESS_SYMBOL: {"symbol":"simple_scanner_end","from":"main","file":"simple_scanner.rs","line":126}
SCAN_DIR: /mnt/data1/nix/vendor/rust/cargo2nix/submodules/rust/compiler/rustc_driver/scan_results
SAVED: 10 items to /mnt/data1/nix/vendor/rust/cargo2nix/submodules/rust/compiler/rustc_driver/scan_results/anstyle.json
   Compiling strsim v0.11.1
     Running `/mnt/data1/nix/vendor/rust/cargo2nix/submodules/rust/target/debug/build/parking_lot_core-9a2ba2fc73fa9327/build-script-build`
     Running `/home/mdupont/nix/vendor/rust/cargo2nix/submodules/rust/compiler/rustc_driver/simple_scanner --crate-name strsim --edition=2015 /home/mdupont/.cargo/registry/src/index.crates.io-1949cf8c6b5b557f/strsim-0.11.1/src/lib.rs --error-format=json --json=diagnostic-rendered-ansi,artifacts,future-incompat --crate-type lib --emit=dep-info,metadata,link -C embed-bitcode=no -C debuginfo=2 --check-cfg 'cfg(docsrs,test)' --check-cfg 'cfg(feature, values())' -C metadata=ebc16447bf4e431e -C extra-filename=-3ccadeaa3ce6c207 --out-dir /mnt/data1/nix/vendor/rust/cargo2nix/submodules/rust/target/debug/deps -L dependency=/mnt/data1/nix/vendor/rust/cargo2nix/submodules/rust/target/debug/deps --cap-lints allow`
SUMMARY_DIR: /mnt/data1/nix/vendor/rust/cargo2nix/submodules/rust/compiler/rustc_driver/scan_results
SUMMARY: 25 item types saved to /mnt/data1/nix/vendor/rust/cargo2nix/submodules/rust/compiler/rustc_driver/scan_results/typenum_summary.json
SCAN_DIR: /mnt/data1/nix/vendor/rust/cargo2nix/submodules/rust/compiler/rustc_driver/scan_results
WITNESS_SYMBOL: {"symbol":"simple_scanner_start","from":"main","file":"simple_scanner.rs","line":120}
SAVED: 15 items to /mnt/data1/nix/vendor/rust/cargo2nix/submodules/rust/compiler/rustc_driver/scan_results/fastrand.json
   Compiling proc-macro-hack v0.5.20+deprecated
WITNESS_SYMBOL: {"symbol":"simple_scanner_end","from":"main","file":"simple_scanner.rs","line":126}
     Running `/home/mdupont/nix/vendor/rust/cargo2nix/submodules/rust/compiler/rustc_driver/simple_scanner --crate-name build_script_build --edition=2018 /home/mdupont/.cargo/registry/src/index.crates.io-1949cf8c6b5b557f/proc-macro-hack-0.5.20+deprecated/build.rs --error-format=json --json=diagnostic-rendered-ansi,artifacts,future-incompat --crate-type bin --emit=dep-info,link -C embed-bitcode=no --check-cfg 'cfg(docsrs,test)' --check-cfg 'cfg(feature, values())' -C metadata=94bbdb9d5ed9a0cb -C extra-filename=-b630597dfd7a68f5 --out-dir /mnt/data1/nix/vendor/rust/cargo2nix/submodules/rust/target/debug/build/proc-macro-hack-b630597dfd7a68f5 -L dependency=/mnt/data1/nix/vendor/rust/cargo2nix/submodules/rust/target/debug/deps --cap-lints allow`
WITNESS_SYMBOL: {"symbol":"simple_scanner_end","from":"main","file":"simple_scanner.rs","line":126}
SCAN_DIR: /mnt/data1/nix/vendor/rust/cargo2nix/submodules/rust/compiler/rustc_driver/scan_results
     Running `/mnt/data1/nix/vendor/rust/cargo2nix/submodules/rust/target/debug/build/proc-macro2-1d86321724f15636/build-script-build`
SUMMARY_DIR: /mnt/data1/nix/vendor/rust/cargo2nix/submodules/rust/compiler/rustc_driver/scan_results
SUMMARY: 12 item types saved to /mnt/data1/nix/vendor/rust/cargo2nix/submodules/rust/compiler/rustc_driver/scan_results/thiserror_summary.json
WITNESS_SYMBOL: {"symbol":"simple_scanner_start","from":"main","file":"simple_scanner.rs","line":120}
SUMMARY_DIR: /mnt/data1/nix/vendor/rust/cargo2nix/submodules/rust/compiler/rustc_driver/scan_results
SUMMARY: 27 item types saved to /mnt/data1/nix/vendor/rust/cargo2nix/submodules/rust/compiler/rustc_driver/scan_results/rustc-hash_summary.json
WITNESS_SYMBOL: {"symbol":"simple_scanner_end","from":"main","file":"simple_scanner.rs","line":126}
   Compiling unicode-xid v0.2.6
WITNESS_SYMBOL: {"symbol":"simple_scanner_start","from":"main","file":"simple_scanner.rs","line":120}
     Running `/home/mdupont/nix/vendor/rust/cargo2nix/submodules/rust/compiler/rustc_driver/simple_scanner --crate-name unicode_xid --edition=2015 /home/mdupont/.cargo/registry/src/index.crates.io-1949cf8c6b5b557f/unicode-xid-0.2.6/src/lib.rs --error-format=json --json=diagnostic-rendered-ansi,artifacts,future-incompat --crate-type lib --emit=dep-info,metadata,link -C embed-bitcode=no -C debuginfo=2 --cfg 'feature="default"' --check-cfg 'cfg(docsrs,test)' --check-cfg 'cfg(feature, values("bench", "default", "no_std"))' -C metadata=e98fd2e830fe9d32 -C extra-filename=-9bb9822d04a29acb --out-dir /mnt/data1/nix/vendor/rust/cargo2nix/submodules/rust/target/debug/deps -L dependency=/mnt/data1/nix/vendor/rust/cargo2nix/submodules/rust/target/debug/deps --cap-lints allow`
SAVED: 87 items to /mnt/data1/nix/vendor/rust/cargo2nix/submodules/rust/compiler/rustc_driver/scan_results/itertools.json
     Running `/mnt/data1/nix/vendor/rust/cargo2nix/submodules/rust/target/debug/build/crossbeam-utils-a9d14652a8847b22/build-script-build`
SCAN_DIR: /mnt/data1/nix/vendor/rust/cargo2nix/submodules/rust/compiler/rustc_driver/scan_results
     Running `/mnt/data1/nix/vendor/rust/cargo2nix/submodules/rust/target/debug/build/libc-7f9485854192ad27/build-script-build`
WITNESS_SYMBOL: {"symbol":"simple_scanner_end","from":"main","file":"simple_scanner.rs","line":126}
SCAN_DIR: /mnt/data1/nix/vendor/rust/cargo2nix/submodules/rust/compiler/rustc_driver/scan_results
SAVED: 5 items to /mnt/data1/nix/vendor/rust/cargo2nix/submodules/rust/compiler/rustc_driver/scan_results/proc-macro-hack.json
SUMMARY_DIR: /mnt/data1/nix/vendor/rust/cargo2nix/submodules/rust/compiler/rustc_driver/scan_results
SUMMARY: 21 item types saved to /mnt/data1/nix/vendor/rust/cargo2nix/submodules/rust/compiler/rustc_driver/scan_results/version_check_summary.json
WITNESS_SYMBOL: {"symbol":"simple_scanner_end","from":"main","file":"simple_scanner.rs","line":126}
     Running `/home/mdupont/nix/vendor/rust/cargo2nix/submodules/rust/compiler/rustc_driver/simple_scanner --crate-name crossbeam_utils --edition=2021 /home/mdupont/.cargo/registry/src/index.crates.io-1949cf8c6b5b557f/crossbeam-utils-0.8.21/src/lib.rs --error-format=json --json=diagnostic-rendered-ansi,artifacts,future-incompat --crate-type lib --emit=dep-info,metadata,link -C embed-bitcode=no -C debuginfo=2 --warn=unexpected_cfgs '--allow=clippy::lint_groups_priority' '--allow=clippy::declare_interior_mutable_const' --check-cfg 'cfg(crossbeam_loom)' --check-cfg 'cfg(crossbeam_sanitize)' --cfg 'feature="default"' --cfg 'feature="std"' --check-cfg 'cfg(docsrs,test)' --check-cfg 'cfg(feature, values("default", "loom", "nightly", "std"))' -C metadata=6ba8fa9f8404df96 -C extra-filename=-9adac586b3e8d315 --out-dir /mnt/data1/nix/vendor/rust/cargo2nix/submodules/rust/target/debug/deps -L dependency=/mnt/data1/nix/vendor/rust/cargo2nix/submodules/rust/target/debug/deps --cap-lints allow --check-cfg 'cfg(crossbeam_no_atomic,crossbeam_sanitize_thread)'`
   Compiling cpufeatures v0.2.17
WITNESS_SYMBOL: {"symbol":"simple_scanner_end","from":"main","file":"simple_scanner.rs","line":126}
     Running `/home/mdupont/nix/vendor/rust/cargo2nix/submodules/rust/compiler/rustc_driver/simple_scanner --crate-name cpufeatures --edition=2018 /home/mdupont/.cargo/registry/src/index.crates.io-1949cf8c6b5b557f/cpufeatures-0.2.17/src/lib.rs --error-format=json --json=diagnostic-rendered-ansi,artifacts,future-incompat --crate-type lib --emit=dep-info,metadata,link -C embed-bitcode=no -C debuginfo=2 --check-cfg 'cfg(docsrs,test)' --check-cfg 'cfg(feature, values())' -C metadata=de2d609b901cd181 -C extra-filename=-07f7ca30658eada8 --out-dir /mnt/data1/nix/vendor/rust/cargo2nix/submodules/rust/target/debug/deps -L dependency=/mnt/data1/nix/vendor/rust/cargo2nix/submodules/rust/target/debug/deps --cap-lints allow`
SAVED: 42 items to /mnt/data1/nix/vendor/rust/cargo2nix/submodules/rust/compiler/rustc_driver/scan_results/strsim.json
WITNESS_SYMBOL: {"symbol":"simple_scanner_start","from":"main","file":"simple_scanner.rs","line":120}
     Running `/mnt/data1/nix/vendor/rust/cargo2nix/submodules/rust/target/debug/build/libc-46d4136c99baacf1/build-script-build`
SUMMARY_DIR: /mnt/data1/nix/vendor/rust/cargo2nix/submodules/rust/compiler/rustc_driver/scan_results
SUMMARY: 5 item types saved to /mnt/data1/nix/vendor/rust/cargo2nix/submodules/rust/compiler/rustc_driver/scan_results/proc-macro-hack_summary.json
   Compiling arrayvec v0.7.6
     Running `/home/mdupont/nix/vendor/rust/cargo2nix/submodules/rust/compiler/rustc_driver/simple_scanner --crate-name arrayvec --edition=2018 /home/mdupont/.cargo/registry/src/index.crates.io-1949cf8c6b5b557f/arrayvec-0.7.6/src/lib.rs --error-format=json --json=diagnostic-rendered-ansi,artifacts,future-incompat --crate-type lib --emit=dep-info,metadata,link -C embed-bitcode=no -C debuginfo=2 --check-cfg 'cfg(docsrs,test)' --check-cfg 'cfg(feature, values("borsh", "default", "serde", "std", "zeroize"))' -C metadata=0a8c2b07d53765b7 -C extra-filename=-38ce704b0eb0eba1 --out-dir /mnt/data1/nix/vendor/rust/cargo2nix/submodules/rust/target/debug/deps -L dependency=/mnt/data1/nix/vendor/rust/cargo2nix/submodules/rust/target/debug/deps --cap-lints allow`
SCAN_DIR: /mnt/data1/nix/vendor/rust/cargo2nix/submodules/rust/compiler/rustc_driver/scan_results
SAVED: 8 items to /mnt/data1/nix/vendor/rust/cargo2nix/submodules/rust/compiler/rustc_driver/scan_results/unicode-xid.json
WITNESS_SYMBOL: {"symbol":"simple_scanner_start","from":"main","file":"simple_scanner.rs","line":120}
WITNESS_SYMBOL: {"symbol":"simple_scanner_start","from":"main","file":"simple_scanner.rs","line":120}
WITNESS_SYMBOL: {"symbol":"simple_scanner_start","from":"main","file":"simple_scanner.rs","line":120}
SCAN_DIR: /mnt/data1/nix/vendor/rust/cargo2nix/submodules/rust/compiler/rustc_driver/scan_results
SAVED: 10 items to /mnt/data1/nix/vendor/rust/cargo2nix/submodules/rust/compiler/rustc_driver/scan_results/crossbeam-utils.json
SCAN_DIR: /mnt/data1/nix/vendor/rust/cargo2nix/submodules/rust/compiler/rustc_driver/scan_results
SAVED: 14 items to /mnt/data1/nix/vendor/rust/cargo2nix/submodules/rust/compiler/rustc_driver/scan_results/arrayvec.json
SUMMARY_DIR: /mnt/data1/nix/vendor/rust/cargo2nix/submodules/rust/compiler/rustc_driver/scan_results
SUMMARY: 8 item types saved to /mnt/data1/nix/vendor/rust/cargo2nix/submodules/rust/compiler/rustc_driver/scan_results/unicode-xid_summary.json
SUMMARY_DIR: /mnt/data1/nix/vendor/rust/cargo2nix/submodules/rust/compiler/rustc_driver/scan_results
SUMMARY: 5 item types saved to /mnt/data1/nix/vendor/rust/cargo2nix/submodules/rust/compiler/rustc_driver/scan_results/allocator-api2_summary.json
SCAN_DIR: /mnt/data1/nix/vendor/rust/cargo2nix/submodules/rust/compiler/rustc_driver/scan_results
SAVED: 6 items to /mnt/data1/nix/vendor/rust/cargo2nix/submodules/rust/compiler/rustc_driver/scan_results/cpufeatures.json
     Running `/home/mdupont/nix/vendor/rust/cargo2nix/submodules/rust/compiler/rustc_driver/simple_scanner --crate-name libc --edition=2021 /home/mdupont/.cargo/registry/src/index.crates.io-1949cf8c6b5b557f/libc-0.2.174/src/lib.rs --error-format=json --json=diagnostic-rendered-ansi,artifacts,future-incompat --crate-type lib --emit=dep-info,metadata,link -C embed-bitcode=no -C debuginfo=2 '--allow=clippy::used_underscore_binding' --allow=unused_qualifications '--warn=clippy::unnecessary_semicolon' '--allow=clippy::unnecessary_cast' '--allow=clippy::uninlined_format_args' '--warn=clippy::ptr_as_ptr' '--allow=clippy::non_minimal_cfg' '--allow=clippy::missing_safety_doc' '--warn=clippy::map_unwrap_or' '--warn=clippy::manual_assert' '--allow=clippy::identity_op' '--warn=clippy::explicit_iter_loop' '--allow=clippy::expl_impl_clone_on_copy' --cfg 'feature="default"' --cfg 'feature="extra_traits"' --cfg 'feature="std"' --check-cfg 'cfg(docsrs,test)' --check-cfg 'cfg(feature, values("align", "const-extern-fn", "default", "extra_traits", "rustc-dep-of-std", "rustc-std-workspace-core", "std", "use_std"))' -C metadata=78d37fae47e9fd74 -C extra-filename=-ea591502e5075e1d --out-dir /mnt/data1/nix/vendor/rust/cargo2nix/submodules/rust/target/debug/deps -L dependency=/mnt/data1/nix/vendor/rust/cargo2nix/submodules/rust/target/debug/deps --cap-lints allow --cfg freebsd11 --cfg libc_const_extern_fn --check-cfg 'cfg(emscripten_old_stat_abi)' --check-cfg 'cfg(espidf_time32)' --check-cfg 'cfg(freebsd10)' --check-cfg 'cfg(freebsd11)' --check-cfg 'cfg(freebsd12)' --check-cfg 'cfg(freebsd13)' --check-cfg 'cfg(freebsd14)' --check-cfg 'cfg(freebsd15)' --check-cfg 'cfg(gnu_file_offset_bits64)' --check-cfg 'cfg(gnu_time_bits64)' --check-cfg 'cfg(libc_const_extern_fn)' --check-cfg 'cfg(libc_deny_warnings)' --check-cfg 'cfg(libc_thread_local)' --check-cfg 'cfg(libc_ctest)' --check-cfg 'cfg(linux_time_bits64)' --check-cfg 'cfg(musl_v1_2_3)' --check-cfg 'cfg(target_os,values("switch","aix","ohos","hurd","rtems","visionos","nuttx","cygwin"))' --check-cfg 'cfg(target_env,values("illumos","wasi","aix","ohos","nto71_iosock","nto80"))' --check-cfg 'cfg(target_arch,values("loongarch64","mips32r6","mips64r6","csky"))'`
     Running `/home/mdupont/nix/vendor/rust/cargo2nix/submodules/rust/compiler/rustc_driver/simple_scanner --crate-name libc --edition=2021 /home/mdupont/.cargo/registry/src/index.crates.io-1949cf8c6b5b557f/libc-0.2.174/src/lib.rs --error-format=json --json=diagnostic-rendered-ansi,artifacts,future-incompat --crate-type lib --emit=dep-info,metadata,link -C embed-bitcode=no '--allow=clippy::used_underscore_binding' --allow=unused_qualifications '--warn=clippy::unnecessary_semicolon' '--allow=clippy::unnecessary_cast' '--allow=clippy::uninlined_format_args' '--warn=clippy::ptr_as_ptr' '--allow=clippy::non_minimal_cfg' '--allow=clippy::missing_safety_doc' '--warn=clippy::map_unwrap_or' '--warn=clippy::manual_assert' '--allow=clippy::identity_op' '--warn=clippy::explicit_iter_loop' '--allow=clippy::expl_impl_clone_on_copy' --cfg 'feature="default"' --cfg 'feature="std"' --check-cfg 'cfg(docsrs,test)' --check-cfg 'cfg(feature, values("align", "const-extern-fn", "default", "extra_traits", "rustc-dep-of-std", "rustc-std-workspace-core", "std", "use_std"))' -C metadata=18f0133cb18e78ea -C extra-filename=-18e57f6ee9f0dceb --out-dir /mnt/data1/nix/vendor/rust/cargo2nix/submodules/rust/target/debug/deps -L dependency=/mnt/data1/nix/vendor/rust/cargo2nix/submodules/rust/target/debug/deps --cap-lints allow --cfg freebsd11 --cfg libc_const_extern_fn --check-cfg 'cfg(emscripten_old_stat_abi)' --check-cfg 'cfg(espidf_time32)' --check-cfg 'cfg(freebsd10)' --check-cfg 'cfg(freebsd11)' --check-cfg 'cfg(freebsd12)' --check-cfg 'cfg(freebsd13)' --check-cfg 'cfg(freebsd14)' --check-cfg 'cfg(freebsd15)' --check-cfg 'cfg(gnu_file_offset_bits64)' --check-cfg 'cfg(gnu_time_bits64)' --check-cfg 'cfg(libc_const_extern_fn)' --check-cfg 'cfg(libc_deny_warnings)' --check-cfg 'cfg(libc_thread_local)' --check-cfg 'cfg(libc_ctest)' --check-cfg 'cfg(linux_time_bits64)' --check-cfg 'cfg(musl_v1_2_3)' --check-cfg 'cfg(target_os,values("switch","aix","ohos","hurd","rtems","visionos","nuttx","cygwin"))' --check-cfg 'cfg(target_env,values("illumos","wasi","aix","ohos","nto71_iosock","nto80"))' --check-cfg 'cfg(target_arch,values("loongarch64","mips32r6","mips64r6","csky"))'`
SUMMARY_DIR: /mnt/data1/nix/vendor/rust/cargo2nix/submodules/rust/compiler/rustc_driver/scan_results
SUMMARY: 6 item types saved to /mnt/data1/nix/vendor/rust/cargo2nix/submodules/rust/compiler/rustc_driver/scan_results/cpufeatures_summary.json
WITNESS_SYMBOL: {"symbol":"simple_scanner_end","from":"main","file":"simple_scanner.rs","line":126}
WITNESS_SYMBOL: {"symbol":"simple_scanner_start","from":"main","file":"simple_scanner.rs","line":120}
   Compiling zerocopy v0.8.26
     Running `/home/mdupont/nix/vendor/rust/cargo2nix/submodules/rust/compiler/rustc_driver/simple_scanner --crate-name build_script_build --edition=2021 /home/mdupont/.cargo/registry/src/index.crates.io-1949cf8c6b5b557f/zerocopy-0.8.26/build.rs --error-format=json --json=diagnostic-rendered-ansi,artifacts,future-incompat --crate-type bin --emit=dep-info,link -C embed-bitcode=no --cfg 'feature="simd"' --check-cfg 'cfg(docsrs,test)' --check-cfg 'cfg(feature, values("__internal_use_only_features_that_work_on_stable", "alloc", "derive", "float-nightly", "simd", "simd-nightly", "std", "zerocopy-derive"))' -C metadata=8f647d818e39e4ed -C extra-filename=-52fd16a805d8a087 --out-dir /mnt/data1/nix/vendor/rust/cargo2nix/submodules/rust/target/debug/build/zerocopy-52fd16a805d8a087 -L dependency=/mnt/data1/nix/vendor/rust/cargo2nix/submodules/rust/target/debug/deps --cap-lints allow`
WITNESS_SYMBOL: {"symbol":"simple_scanner_end","from":"main","file":"simple_scanner.rs","line":126}
WITNESS_SYMBOL: {"symbol":"simple_scanner_start","from":"main","file":"simple_scanner.rs","line":120}
SCAN_DIR: /mnt/data1/nix/vendor/rust/cargo2nix/submodules/rust/compiler/rustc_driver/scan_results
SUMMARY_DIR: /mnt/data1/nix/vendor/rust/cargo2nix/submodules/rust/compiler/rustc_driver/scan_results
SAVED: 4 items to /mnt/data1/nix/vendor/rust/cargo2nix/submodules/rust/compiler/rustc_driver/scan_results/libc.json
WITNESS_SYMBOL: {"symbol":"simple_scanner_end","from":"main","file":"simple_scanner.rs","line":126}
SUMMARY: 42 item types saved to /mnt/data1/nix/vendor/rust/cargo2nix/submodules/rust/compiler/rustc_driver/scan_results/strsim_summary.json
SUMMARY_DIR: /mnt/data1/nix/vendor/rust/cargo2nix/submodules/rust/compiler/rustc_driver/scan_results
SUMMARY: 10 item types saved to /mnt/data1/nix/vendor/rust/cargo2nix/submodules/rust/compiler/rustc_driver/scan_results/anstyle_summary.json
SCAN_DIR: /mnt/data1/nix/vendor/rust/cargo2nix/submodules/rust/compiler/rustc_driver/scan_results
   Compiling rustc-hash v1.1.0
     Running `/home/mdupont/nix/vendor/rust/cargo2nix/submodules/rust/compiler/rustc_driver/simple_scanner --crate-name rustc_hash --edition=2015 /home/mdupont/.cargo/registry/src/index.crates.io-1949cf8c6b5b557f/rustc-hash-1.1.0/src/lib.rs --error-format=json --json=diagnostic-rendered-ansi,artifacts,future-incompat --crate-type lib --emit=dep-info,metadata,link -C embed-bitcode=no -C debuginfo=2 --cfg 'feature="default"' --cfg 'feature="std"' --check-cfg 'cfg(docsrs,test)' --check-cfg 'cfg(feature, values("default", "std"))' -C metadata=cb9ed2ea5a45173e -C extra-filename=-f32537f63dd93ea6 --out-dir /mnt/data1/nix/vendor/rust/cargo2nix/submodules/rust/target/debug/deps -L dependency=/mnt/data1/nix/vendor/rust/cargo2nix/submodules/rust/target/debug/deps --cap-lints allow`
     Running `/mnt/data1/nix/vendor/rust/cargo2nix/submodules/rust/target/debug/build/getrandom-dffce9c178c88403/build-script-build`
SUMMARY_DIR: /mnt/data1/nix/vendor/rust/cargo2nix/submodules/rust/compiler/rustc_driver/scan_results
SUMMARY: 7 item types saved to /mnt/data1/nix/vendor/rust/cargo2nix/submodules/rust/compiler/rustc_driver/scan_results/unicode-width_summary.json
   Compiling rustc-stable-hash v0.1.2
     Running `/home/mdupont/nix/vendor/rust/cargo2nix/submodules/rust/compiler/rustc_driver/simple_scanner --crate-name rustc_stable_hash --edition=2021 /home/mdupont/.cargo/registry/src/index.crates.io-1949cf8c6b5b557f/rustc-stable-hash-0.1.2/src/lib.rs --error-format=json --json=diagnostic-rendered-ansi,artifacts,future-incompat --crate-type lib --emit=dep-info,metadata,link -C embed-bitcode=no -C debuginfo=2 --cfg 'feature="nightly"' --check-cfg 'cfg(docsrs,test)' --check-cfg 'cfg(feature, values("nightly"))' -C metadata=827612ad37d4c24e -C extra-filename=-c5a9685e7e8ca24b --out-dir /mnt/data1/nix/vendor/rust/cargo2nix/submodules/rust/target/debug/deps -L dependency=/mnt/data1/nix/vendor/rust/cargo2nix/submodules/rust/target/debug/deps --cap-lints allow`
WITNESS_SYMBOL: {"symbol":"simple_scanner_end","from":"main","file":"simple_scanner.rs","line":126}
WITNESS_SYMBOL: {"symbol":"simple_scanner_start","from":"main","file":"simple_scanner.rs","line":120}
     Running `/home/mdupont/nix/vendor/rust/cargo2nix/submodules/rust/compiler/rustc_driver/simple_scanner --crate-name proc_macro2 --edition=2021 /home/mdupont/.cargo/registry/src/index.crates.io-1949cf8c6b5b557f/proc-macro2-1.0.101/src/lib.rs --error-format=json --json=diagnostic-rendered-ansi,artifacts,future-incompat --crate-type lib --emit=dep-info,metadata,link -C embed-bitcode=no --cfg 'feature="default"' --cfg 'feature="proc-macro"' --cfg 'feature="span-locations"' --check-cfg 'cfg(docsrs,test)' --check-cfg 'cfg(feature, values("default", "nightly", "proc-macro", "span-locations"))' -C metadata=efd8222c299570c6 -C extra-filename=-a22d745afa92dadf --out-dir /mnt/data1/nix/vendor/rust/cargo2nix/submodules/rust/target/debug/deps -L dependency=/mnt/data1/nix/vendor/rust/cargo2nix/submodules/rust/target/debug/deps --extern unicode_ident=/mnt/data1/nix/vendor/rust/cargo2nix/submodules/rust/target/debug/deps/libunicode_ident-8285b95b08f858a0.rmeta --cap-lints allow --cfg span_locations --cfg wrap_proc_macro --cfg proc_macro_span --cfg proc_macro_span_location --cfg proc_macro_span_file --check-cfg 'cfg(fuzzing)' --check-cfg 'cfg(no_is_available)' --check-cfg 'cfg(no_literal_byte_character)' --check-cfg 'cfg(no_literal_c_string)' --check-cfg 'cfg(no_source_text)' --check-cfg 'cfg(proc_macro_span)' --check-cfg 'cfg(proc_macro_span_file)' --check-cfg 'cfg(proc_macro_span_location)' --check-cfg 'cfg(procmacro2_backtrace)' --check-cfg 'cfg(procmacro2_build_probe)' --check-cfg 'cfg(procmacro2_nightly_testing)' --check-cfg 'cfg(procmacro2_semver_exempt)' --check-cfg 'cfg(randomize_layout)' --check-cfg 'cfg(span_locations)' --check-cfg 'cfg(super_unstable)' --check-cfg 'cfg(wrap_proc_macro)'`
SUMMARY_DIR: /mnt/data1/nix/vendor/rust/cargo2nix/submodules/rust/compiler/rustc_driver/scan_results
SUMMARY: 15 item types saved to /mnt/data1/nix/vendor/rust/cargo2nix/submodules/rust/compiler/rustc_driver/scan_results/fastrand_summary.json
   Compiling rustc_macros v0.0.0 (/mnt/data1/nix/vendor/rust/cargo2nix/submodules/rust/compiler/rustc_macros)
     Running `/home/mdupont/nix/vendor/rust/cargo2nix/submodules/rust/compiler/rustc_driver/simple_scanner --crate-name build_script_build --edition=2024 compiler/rustc_macros/build.rs --error-format=json --json=diagnostic-rendered-ansi,artifacts,future-incompat --crate-type bin --emit=dep-info,link -C embed-bitcode=no --check-cfg 'cfg(docsrs,test)' --check-cfg 'cfg(feature, values())' -C metadata=341390a3a033ea94 -C extra-filename=-1e16300cf4c44f12 --out-dir /mnt/data1/nix/vendor/rust/cargo2nix/submodules/rust/target/debug/build/rustc_macros-1e16300cf4c44f12 -C incremental=/mnt/data1/nix/vendor/rust/cargo2nix/submodules/rust/target/debug/incremental -L dependency=/mnt/data1/nix/vendor/rust/cargo2nix/submodules/rust/target/debug/deps`
SCAN_DIR: /mnt/data1/nix/vendor/rust/cargo2nix/submodules/rust/compiler/rustc_driver/scan_results
SUMMARY_DIR: /mnt/data1/nix/vendor/rust/cargo2nix/submodules/rust/compiler/rustc_driver/scan_results
SUMMARY: 12 item types saved to /mnt/data1/nix/vendor/rust/cargo2nix/submodules/rust/compiler/rustc_driver/scan_results/memchr_summary.json
WITNESS_SYMBOL: {"symbol":"simple_scanner_start","from":"main","file":"simple_scanner.rs","line":120}
SAVED: 7 items to /mnt/data1/nix/vendor/rust/cargo2nix/submodules/rust/compiler/rustc_driver/scan_results/zerocopy.json
SCAN_DIR: /mnt/data1/nix/vendor/rust/cargo2nix/submodules/rust/compiler/rustc_driver/scan_results
SAVED: 16 items to /mnt/data1/nix/vendor/rust/cargo2nix/submodules/rust/compiler/rustc_driver/scan_results/rustc-hash.json
WITNESS_SYMBOL: {"symbol":"simple_scanner_end","from":"main","file":"simple_scanner.rs","line":126}
WITNESS_SYMBOL: {"symbol":"simple_scanner_start","from":"main","file":"simple_scanner.rs","line":120}
WITNESS_SYMBOL: {"symbol":"simple_scanner_start","from":"main","file":"simple_scanner.rs","line":120}
WITNESS_SYMBOL: {"symbol":"simple_scanner_end","from":"main","file":"simple_scanner.rs","line":126}
   Compiling lock_api v0.4.13
     Running `/home/mdupont/nix/vendor/rust/cargo2nix/submodules/rust/compiler/rustc_driver/simple_scanner --crate-name build_script_build --edition=2021 /home/mdupont/.cargo/registry/src/index.crates.io-1949cf8c6b5b557f/lock_api-0.4.13/build.rs --error-format=json --json=diagnostic-rendered-ansi,artifacts,future-incompat --crate-type bin --emit=dep-info,link -C embed-bitcode=no --cfg 'feature="atomic_usize"' --cfg 'feature="default"' --check-cfg 'cfg(docsrs,test)' --check-cfg 'cfg(feature, values("arc_lock", "atomic_usize", "default", "nightly", "owning_ref", "serde"))' -C metadata=0eb012ca8ee9b200 -C extra-filename=-66d09ce7a0ef795a --out-dir /mnt/data1/nix/vendor/rust/cargo2nix/submodules/rust/target/debug/build/lock_api-66d09ce7a0ef795a -L dependency=/mnt/data1/nix/vendor/rust/cargo2nix/submodules/rust/target/debug/deps --extern autocfg=/mnt/data1/nix/vendor/rust/cargo2nix/submodules/rust/target/debug/deps/libautocfg-ab66ad43d4ad71fb.rlib --cap-lints allow`
WITNESS_SYMBOL: {"symbol":"simple_scanner_start","from":"main","file":"simple_scanner.rs","line":120}
SCAN_DIR: /mnt/data1/nix/vendor/rust/cargo2nix/submodules/rust/compiler/rustc_driver/scan_results
SAVED: 8 items to /mnt/data1/nix/vendor/rust/cargo2nix/submodules/rust/compiler/rustc_driver/scan_results/rustc-stable-hash.json
SCAN_DIR: /mnt/data1/nix/vendor/rust/cargo2nix/submodules/rust/compiler/rustc_driver/scan_results
SAVED: 4 items to /mnt/data1/nix/vendor/rust/cargo2nix/submodules/rust/compiler/rustc_driver/scan_results/libc.json
   Compiling unicode-properties v0.1.3
     Running `/home/mdupont/nix/vendor/rust/cargo2nix/submodules/rust/compiler/rustc_driver/simple_scanner --crate-name unicode_properties --edition=2021 /home/mdupont/.cargo/registry/src/index.crates.io-1949cf8c6b5b557f/unicode-properties-0.1.3/src/lib.rs --error-format=json --json=diagnostic-rendered-ansi,artifacts,future-incompat --crate-type lib --emit=dep-info,metadata,link -C embed-bitcode=no -C debuginfo=2 --cfg 'feature="emoji"' --cfg 'feature="general-category"' --check-cfg 'cfg(docsrs,test)' --check-cfg 'cfg(feature, values("default", "emoji", "general-category"))' -C metadata=f5df29321fddaf61 -C extra-filename=-4e80bcfa60999eb7 --out-dir /mnt/data1/nix/vendor/rust/cargo2nix/submodules/rust/target/debug/deps -L dependency=/mnt/data1/nix/vendor/rust/cargo2nix/submodules/rust/target/debug/deps --cap-lints allow`
SAVED: 83 items to /mnt/data1/nix/vendor/rust/cargo2nix/submodules/rust/compiler/rustc_driver/scan_results/proc-macro2.json
SCAN_DIR: /mnt/data1/nix/vendor/rust/cargo2nix/submodules/rust/compiler/rustc_driver/scan_results
SAVED: 1 items to /mnt/data1/nix/vendor/rust/cargo2nix/submodules/rust/compiler/rustc_driver/scan_results/rustc_macros.json
SUMMARY_DIR: /mnt/data1/nix/vendor/rust/cargo2nix/submodules/rust/compiler/rustc_driver/scan_results
SUMMARY: 16 item types saved to /mnt/data1/nix/vendor/rust/cargo2nix/submodules/rust/compiler/rustc_driver/scan_results/rustc-hash_summary.json
WITNESS_SYMBOL: {"symbol":"simple_scanner_end","from":"main","file":"simple_scanner.rs","line":126}
   Compiling thin-vec v0.2.14
     Running `/home/mdupont/nix/vendor/rust/cargo2nix/submodules/rust/compiler/rustc_driver/simple_scanner --crate-name thin_vec --edition=2018 /home/mdupont/.cargo/registry/src/index.crates.io-1949cf8c6b5b557f/thin-vec-0.2.14/src/lib.rs --error-format=json --json=diagnostic-rendered-ansi,artifacts,future-incompat --crate-type lib --emit=dep-info,metadata,link -C embed-bitcode=no -C debuginfo=2 --warn=unexpected_cfgs --check-cfg 'cfg(no_global_oom_handling)' --cfg 'feature="default"' --cfg 'feature="std"' --check-cfg 'cfg(docsrs,test)' --check-cfg 'cfg(feature, values("default", "gecko-ffi", "malloc_size_of", "serde", "std", "unstable"))' -C metadata=11c02bfa2ce91f33 -C extra-filename=-32d8b2df51c393fa --out-dir /mnt/data1/nix/vendor/rust/cargo2nix/submodules/rust/target/debug/deps -L dependency=/mnt/data1/nix/vendor/rust/cargo2nix/submodules/rust/target/debug/deps --cap-lints allow`
SUMMARY_DIR: /mnt/data1/nix/vendor/rust/cargo2nix/submodules/rust/compiler/rustc_driver/scan_results
SUMMARY_DIR: /mnt/data1/nix/vendor/rust/cargo2nix/submodules/rust/compiler/rustc_driver/scan_results
SUMMARY: 1 item types saved to /mnt/data1/nix/vendor/rust/cargo2nix/submodules/rust/compiler/rustc_driver/scan_results/rustc_macros_summary.json
SUMMARY: 7 item types saved to /mnt/data1/nix/vendor/rust/cargo2nix/submodules/rust/compiler/rustc_driver/scan_results/zerocopy_summary.json
WITNESS_SYMBOL: {"symbol":"simple_scanner_start","from":"main","file":"simple_scanner.rs","line":120}
WITNESS_SYMBOL: {"symbol":"simple_scanner_end","from":"main","file":"simple_scanner.rs","line":126}
WITNESS_SYMBOL: {"symbol":"simple_scanner_start","from":"main","file":"simple_scanner.rs","line":120}
SCAN_DIR: /mnt/data1/nix/vendor/rust/cargo2nix/submodules/rust/compiler/rustc_driver/scan_results
SAVED: 1 items to /mnt/data1/nix/vendor/rust/cargo2nix/submodules/rust/compiler/rustc_driver/scan_results/lock_api.json
WITNESS_SYMBOL: {"symbol":"simple_scanner_end","from":"main","file":"simple_scanner.rs","line":126}
   Compiling aho-corasick v1.1.3
     Running `/home/mdupont/nix/vendor/rust/cargo2nix/submodules/rust/compiler/rustc_driver/simple_scanner --crate-name aho_corasick --edition=2021 /home/mdupont/.cargo/registry/src/index.crates.io-1949cf8c6b5b557f/aho-corasick-1.1.3/src/lib.rs --error-format=json --json=diagnostic-rendered-ansi,artifacts,future-incompat --crate-type lib --emit=dep-info,metadata,link -C embed-bitcode=no -C debuginfo=2 --cfg 'feature="default"' --cfg 'feature="perf-literal"' --cfg 'feature="std"' --check-cfg 'cfg(docsrs,test)' --check-cfg 'cfg(feature, values("default", "logging", "perf-literal", "std"))' -C metadata=6b0d342e7aca5390 -C extra-filename=-22c58f580618bb46 --out-dir /mnt/data1/nix/vendor/rust/cargo2nix/submodules/rust/target/debug/deps -L dependency=/mnt/data1/nix/vendor/rust/cargo2nix/submodules/rust/target/debug/deps --extern memchr=/mnt/data1/nix/vendor/rust/cargo2nix/submodules/rust/target/debug/deps/libmemchr-31b9c6cef7758eb1.rmeta --cap-lints allow`
SCAN_DIR: /mnt/data1/nix/vendor/rust/cargo2nix/submodules/rust/compiler/rustc_driver/scan_results
SUMMARY_DIR: /mnt/data1/nix/vendor/rust/cargo2nix/submodules/rust/compiler/rustc_driver/scan_results
SAVED: 9 items to /mnt/data1/nix/vendor/rust/cargo2nix/submodules/rust/compiler/rustc_driver/scan_results/unicode-properties.json
SUMMARY: 1 item types saved to /mnt/data1/nix/vendor/rust/cargo2nix/submodules/rust/compiler/rustc_driver/scan_results/lock_api_summary.json
WITNESS_SYMBOL: {"symbol":"simple_scanner_end","from":"main","file":"simple_scanner.rs","line":126}
WITNESS_SYMBOL: {"symbol":"simple_scanner_start","from":"main","file":"simple_scanner.rs","line":120}
     Running `/mnt/data1/nix/vendor/rust/cargo2nix/submodules/rust/target/debug/build/rustix-541206f931f0a6b1/build-script-build`
WITNESS_SYMBOL: {"symbol":"simple_scanner_end","from":"main","file":"simple_scanner.rs","line":126}
SUMMARY_DIR: /mnt/data1/nix/vendor/rust/cargo2nix/submodules/rust/compiler/rustc_driver/scan_results
SUMMARY: 14 item types saved to /mnt/data1/nix/vendor/rust/cargo2nix/submodules/rust/compiler/rustc_driver/scan_results/arrayvec_summary.json
     Running `/mnt/data1/nix/vendor/rust/cargo2nix/submodules/rust/target/debug/build/typenum-66bf6eb4ec9846c5/build-script-build`
WITNESS_SYMBOL: {"symbol":"simple_scanner_end","from":"main","file":"simple_scanner.rs","line":126}
SUMMARY_DIR: /mnt/data1/nix/vendor/rust/cargo2nix/submodules/rust/compiler/rustc_driver/scan_results
SUMMARY: 20 item types saved to /mnt/data1/nix/vendor/rust/cargo2nix/submodules/rust/compiler/rustc_driver/scan_results/tracing-core_summary.json
     Running `/mnt/data1/nix/vendor/rust/cargo2nix/submodules/rust/target/debug/build/thiserror-21e9c54297c54fba/build-script-build`
   Compiling rustc_arena v0.0.0 (/mnt/data1/nix/vendor/rust/cargo2nix/submodules/rust/compiler/rustc_arena)
     Running `/home/mdupont/nix/vendor/rust/cargo2nix/submodules/rust/compiler/rustc_driver/simple_scanner --crate-name rustc_arena --edition=2024 compiler/rustc_arena/src/lib.rs --error-format=json --json=diagnostic-rendered-ansi,artifacts,future-incompat --crate-type lib --emit=dep-info,metadata,link -C embed-bitcode=no -C debuginfo=2 --check-cfg 'cfg(docsrs,test)' --check-cfg 'cfg(feature, values())' -C metadata=e1423c3ac6867669 -C extra-filename=-80acb178d9d087b0 --out-dir /mnt/data1/nix/vendor/rust/cargo2nix/submodules/rust/target/debug/deps -C incremental=/mnt/data1/nix/vendor/rust/cargo2nix/submodules/rust/target/debug/incremental -L dependency=/mnt/data1/nix/vendor/rust/cargo2nix/submodules/rust/target/debug/deps --extern smallvec=/mnt/data1/nix/vendor/rust/cargo2nix/submodules/rust/target/debug/deps/libsmallvec-fe86491e01b8f91d.rmeta`
SCAN_DIR: /mnt/data1/nix/vendor/rust/cargo2nix/submodules/rust/compiler/rustc_driver/scan_results
WITNESS_SYMBOL: {"symbol":"simple_scanner_start","from":"main","file":"simple_scanner.rs","line":120}
     Running `/home/mdupont/nix/vendor/rust/cargo2nix/submodules/rust/compiler/rustc_driver/simple_scanner --crate-name typenum --edition=2018 /home/mdupont/.cargo/registry/src/index.crates.io-1949cf8c6b5b557f/typenum-1.18.0/src/lib.rs --error-format=json --json=diagnostic-rendered-ansi,artifacts,future-incompat --crate-type lib --emit=dep-info,metadata,link -C embed-bitcode=no -C debuginfo=2 --check-cfg 'cfg(docsrs,test)' --check-cfg 'cfg(feature, values("const-generics", "force_unix_path_separator", "i128", "no_std", "scale-info", "scale_info", "strict"))' -C metadata=b7f31e4a7bdb4c02 -C extra-filename=-4d1a3eaac1612dc9 --out-dir /mnt/data1/nix/vendor/rust/cargo2nix/submodules/rust/target/debug/deps -L dependency=/mnt/data1/nix/vendor/rust/cargo2nix/submodules/rust/target/debug/deps --cap-lints allow`
SUMMARY_DIR: /mnt/data1/nix/vendor/rust/cargo2nix/submodules/rust/compiler/rustc_driver/scan_results
SUMMARY: 8 item types saved to /mnt/data1/nix/vendor/rust/cargo2nix/submodules/rust/compiler/rustc_driver/scan_results/rustc-stable-hash_summary.json
WITNESS_SYMBOL: {"symbol":"simple_scanner_start","from":"main","file":"simple_scanner.rs","line":120}
WITNESS_SYMBOL: {"symbol":"simple_scanner_start","from":"main","file":"simple_scanner.rs","line":120}
WITNESS_SYMBOL: {"symbol":"simple_scanner_end","from":"main","file":"simple_scanner.rs","line":126}
   Compiling ena v0.14.3
     Running `/mnt/data1/nix/vendor/rust/cargo2nix/submodules/rust/target/debug/build/proc-macro-hack-b630597dfd7a68f5/build-script-build`
     Running `/home/mdupont/nix/vendor/rust/cargo2nix/submodules/rust/compiler/rustc_driver/simple_scanner --crate-name ena --edition=2015 /home/mdupont/.cargo/registry/src/index.crates.io-1949cf8c6b5b557f/ena-0.14.3/src/lib.rs --error-format=json --json=diagnostic-rendered-ansi,artifacts,future-incompat --crate-type lib --emit=dep-info,metadata,link -C embed-bitcode=no -C debuginfo=2 --check-cfg 'cfg(docsrs,test)' --check-cfg 'cfg(feature, values("bench", "dogged", "persistent"))' -C metadata=d7880ed32def7f2e -C extra-filename=-a7f8d4d3a160db83 --out-dir /mnt/data1/nix/vendor/rust/cargo2nix/submodules/rust/target/debug/deps -L dependency=/mnt/data1/nix/vendor/rust/cargo2nix/submodules/rust/target/debug/deps --extern log=/mnt/data1/nix/vendor/rust/cargo2nix/submodules/rust/target/debug/deps/liblog-cbecb290a7a28694.rmeta --cap-lints allow`
SAVED: 104 items to /mnt/data1/nix/vendor/rust/cargo2nix/submodules/rust/compiler/rustc_driver/scan_results/thin-vec.json
WITNESS_SYMBOL: {"symbol":"simple_scanner_start","from":"main","file":"simple_scanner.rs","line":120}
WITNESS_SYMBOL: {"symbol":"simple_scanner_end","from":"main","file":"simple_scanner.rs","line":126}
WITNESS_SYMBOL: {"symbol":"simple_scanner_end","from":"main","file":"simple_scanner.rs","line":126}
SCAN_DIR: /mnt/data1/nix/vendor/rust/cargo2nix/submodules/rust/compiler/rustc_driver/scan_results
SCAN_DIR: /mnt/data1/nix/vendor/rust/cargo2nix/submodules/rust/compiler/rustc_driver/scan_results
SAVED: 23 items to /mnt/data1/nix/vendor/rust/cargo2nix/submodules/rust/compiler/rustc_driver/scan_results/typenum.json
SCAN_DIR: /mnt/data1/nix/vendor/rust/cargo2nix/submodules/rust/compiler/rustc_driver/scan_results
SCAN_DIR: /mnt/data1/nix/vendor/rust/cargo2nix/submodules/rust/compiler/rustc_driver/scan_results
   Compiling generic-array v0.14.7
     Running `/home/mdupont/nix/vendor/rust/cargo2nix/submodules/rust/compiler/rustc_driver/simple_scanner --crate-name build_script_build --edition=2015 /home/mdupont/.cargo/registry/src/index.crates.io-1949cf8c6b5b557f/generic-array-0.14.7/build.rs --error-format=json --json=diagnostic-rendered-ansi,artifacts,future-incompat --crate-type bin --emit=dep-info,link -C embed-bitcode=no --cfg 'feature="more_lengths"' --check-cfg 'cfg(docsrs,test)' --check-cfg 'cfg(feature, values("more_lengths", "serde", "zeroize"))' -C metadata=f8c81db40a38cf17 -C extra-filename=-60da4d3633c2c194 --out-dir /mnt/data1/nix/vendor/rust/cargo2nix/submodules/rust/target/debug/build/generic-array-60da4d3633c2c194 -L dependency=/mnt/data1/nix/vendor/rust/cargo2nix/submodules/rust/target/debug/deps --extern version_check=/mnt/data1/nix/vendor/rust/cargo2nix/submodules/rust/target/debug/deps/libversion_check-cff5d988b23f749a.rlib --cap-lints allow`
SAVED: 5 items to /mnt/data1/nix/vendor/rust/cargo2nix/submodules/rust/compiler/rustc_driver/scan_results/ena.json
SAVED: 14 items to /mnt/data1/nix/vendor/rust/cargo2nix/submodules/rust/compiler/rustc_driver/scan_results/aho-corasick.json
   Compiling rustc_hashes v0.0.0 (/mnt/data1/nix/vendor/rust/cargo2nix/submodules/rust/compiler/rustc_hashes)
     Running `/home/mdupont/nix/vendor/rust/cargo2nix/submodules/rust/compiler/rustc_driver/simple_scanner --crate-name proc_macro_hack --edition=2018 /home/mdupont/.cargo/registry/src/index.crates.io-1949cf8c6b5b557f/proc-macro-hack-0.5.20+deprecated/src/lib.rs --error-format=json --json=diagnostic-rendered-ansi,artifacts,future-incompat --crate-type proc-macro --emit=dep-info,link -C prefer-dynamic -C embed-bitcode=no --check-cfg 'cfg(docsrs,test)' --check-cfg 'cfg(feature, values())' -C metadata=dd6afff361391fd2 -C extra-filename=-f2e225e0d9b74159 --out-dir /mnt/data1/nix/vendor/rust/cargo2nix/submodules/rust/target/debug/deps -L dependency=/mnt/data1/nix/vendor/rust/cargo2nix/submodules/rust/target/debug/deps --extern proc_macro --cap-lints allow`
SAVED: 29 items to /mnt/data1/nix/vendor/rust/cargo2nix/submodules/rust/compiler/rustc_driver/scan_results/rustc_arena.json
     Running `/home/mdupont/nix/vendor/rust/cargo2nix/submodules/rust/compiler/rustc_driver/simple_scanner --crate-name rustc_hashes --edition=2024 compiler/rustc_hashes/src/lib.rs --error-format=json --json=diagnostic-rendered-ansi,artifacts,future-incompat --crate-type lib --emit=dep-info,metadata,link -C embed-bitcode=no -C debuginfo=2 --check-cfg 'cfg(docsrs,test)' --check-cfg 'cfg(feature, values())' -C metadata=b5efeb3adf153b7e -C extra-filename=-de6c0f5d416f3b25 --out-dir /mnt/data1/nix/vendor/rust/cargo2nix/submodules/rust/target/debug/deps -C incremental=/mnt/data1/nix/vendor/rust/cargo2nix/submodules/rust/target/debug/incremental -L dependency=/mnt/data1/nix/vendor/rust/cargo2nix/submodules/rust/target/debug/deps --extern rustc_stable_hash=/mnt/data1/nix/vendor/rust/cargo2nix/submodules/rust/target/debug/deps/librustc_stable_hash-c5a9685e7e8ca24b.rmeta`
WITNESS_SYMBOL: {"symbol":"simple_scanner_end","from":"main","file":"simple_scanner.rs","line":126}
WITNESS_SYMBOL: {"symbol":"simple_scanner_start","from":"main","file":"simple_scanner.rs","line":120}
WITNESS_SYMBOL: {"symbol":"simple_scanner_start","from":"main","file":"simple_scanner.rs","line":120}
WITNESS_SYMBOL: {"symbol":"simple_scanner_end","from":"main","file":"simple_scanner.rs","line":126}
     Running `/mnt/data1/nix/vendor/rust/cargo2nix/submodules/rust/target/debug/build/rustc_macros-1e16300cf4c44f12/build-script-build`
SCAN_DIR: /mnt/data1/nix/vendor/rust/cargo2nix/submodules/rust/compiler/rustc_driver/scan_results
   Compiling elsa v1.11.2
WITNESS_SYMBOL: {"symbol":"simple_scanner_start","from":"main","file":"simple_scanner.rs","line":120}
   Compiling rustc_graphviz v0.0.0 (/mnt/data1/nix/vendor/rust/cargo2nix/submodules/rust/compiler/rustc_graphviz)
     Running `/home/mdupont/nix/vendor/rust/cargo2nix/submodules/rust/compiler/rustc_driver/simple_scanner --crate-name elsa --edition=2018 /home/mdupont/.cargo/registry/src/index.crates.io-1949cf8c6b5b557f/elsa-1.11.2/src/lib.rs --error-format=json --json=diagnostic-rendered-ansi,artifacts,future-incompat --crate-type lib --emit=dep-info,metadata,link -C embed-bitcode=no -C debuginfo=2 --cfg 'feature="default"' --check-cfg 'cfg(docsrs,test)' --check-cfg 'cfg(feature, values("default", "indexmap"))' -C metadata=fedc70fe16c67366 -C extra-filename=-020b344f4c031e8d --out-dir /mnt/data1/nix/vendor/rust/cargo2nix/submodules/rust/target/debug/deps -L dependency=/mnt/data1/nix/vendor/rust/cargo2nix/submodules/rust/target/debug/deps --extern stable_deref_trait=/mnt/data1/nix/vendor/rust/cargo2nix/submodules/rust/target/debug/deps/libstable_deref_trait-461412e5eba216d6.rmeta --cap-lints allow`
     Running `/home/mdupont/nix/vendor/rust/cargo2nix/submodules/rust/compiler/rustc_driver/simple_scanner --crate-name rustc_graphviz --edition=2024 compiler/rustc_graphviz/src/lib.rs --error-format=json --json=diagnostic-rendered-ansi,artifacts,future-incompat --crate-type lib --emit=dep-info,metadata,link -C embed-bitcode=no -C debuginfo=2 --check-cfg 'cfg(docsrs,test)' --check-cfg 'cfg(feature, values())' -C metadata=7e98ad65ee09c16a -C extra-filename=-9cd11a19bb84556a --out-dir /mnt/data1/nix/vendor/rust/cargo2nix/submodules/rust/target/debug/deps -C incremental=/mnt/data1/nix/vendor/rust/cargo2nix/submodules/rust/target/debug/incremental -L dependency=/mnt/data1/nix/vendor/rust/cargo2nix/submodules/rust/target/debug/deps`
SAVED: 32 items to /mnt/data1/nix/vendor/rust/cargo2nix/submodules/rust/compiler/rustc_driver/scan_results/proc-macro-hack.json
WITNESS_SYMBOL: {"symbol":"simple_scanner_end","from":"main","file":"simple_scanner.rs","line":126}
     Running `/mnt/data1/nix/vendor/rust/cargo2nix/submodules/rust/target/debug/build/lock_api-66d09ce7a0ef795a/build-script-build`
SCAN_DIR: /mnt/data1/nix/vendor/rust/cargo2nix/submodules/rust/compiler/rustc_driver/scan_results
SAVED: 1 items to /mnt/data1/nix/vendor/rust/cargo2nix/submodules/rust/compiler/rustc_driver/scan_results/generic-array.json
WITNESS_SYMBOL: {"symbol":"simple_scanner_start","from":"main","file":"simple_scanner.rs","line":120}
WITNESS_SYMBOL: {"symbol":"simple_scanner_start","from":"main","file":"simple_scanner.rs","line":120}
SUMMARY_DIR: /mnt/data1/nix/vendor/rust/cargo2nix/submodules/rust/compiler/rustc_driver/scan_results
SUMMARY: 1 item types saved to /mnt/data1/nix/vendor/rust/cargo2nix/submodules/rust/compiler/rustc_driver/scan_results/generic-array_summary.json
SUMMARY_DIR: /mnt/data1/nix/vendor/rust/cargo2nix/submodules/rust/compiler/rustc_driver/scan_results
SUMMARY: 29 item types saved to /mnt/data1/nix/vendor/rust/cargo2nix/submodules/rust/compiler/rustc_driver/scan_results/rustc_arena_summary.json
SCAN_DIR: /mnt/data1/nix/vendor/rust/cargo2nix/submodules/rust/compiler/rustc_driver/scan_results
SCAN_DIR: /mnt/data1/nix/vendor/rust/cargo2nix/submodules/rust/compiler/rustc_driver/scan_results
SAVED: 9 items to /mnt/data1/nix/vendor/rust/cargo2nix/submodules/rust/compiler/rustc_driver/scan_results/elsa.json
SAVED: 19 items to /mnt/data1/nix/vendor/rust/cargo2nix/submodules/rust/compiler/rustc_driver/scan_results/rustc_graphviz.json
SCAN_DIR: /mnt/data1/nix/vendor/rust/cargo2nix/submodules/rust/compiler/rustc_driver/scan_results
SAVED: 15 items to /mnt/data1/nix/vendor/rust/cargo2nix/submodules/rust/compiler/rustc_driver/scan_results/rustc_hashes.json
SUMMARY_DIR: /mnt/data1/nix/vendor/rust/cargo2nix/submodules/rust/compiler/rustc_driver/scan_results
SUMMARY: 9 item types saved to /mnt/data1/nix/vendor/rust/cargo2nix/submodules/rust/compiler/rustc_driver/scan_results/unicode-properties_summary.json
WITNESS_SYMBOL: {"symbol":"simple_scanner_end","from":"main","file":"simple_scanner.rs","line":126}
SUMMARY_DIR: /mnt/data1/nix/vendor/rust/cargo2nix/submodules/rust/compiler/rustc_driver/scan_results
   Compiling rustc-literal-escaper v0.0.5
     Running `/home/mdupont/nix/vendor/rust/cargo2nix/submodules/rust/compiler/rustc_driver/simple_scanner --crate-name rustc_literal_escaper --edition=2021 /home/mdupont/.cargo/registry/src/index.crates.io-1949cf8c6b5b557f/rustc-literal-escaper-0.0.5/src/lib.rs --error-format=json --json=diagnostic-rendered-ansi,artifacts,future-incompat --crate-type lib --emit=dep-info,metadata,link -C embed-bitcode=no -C debuginfo=2 --check-cfg 'cfg(docsrs,test)' --check-cfg 'cfg(feature, values("rustc-dep-of-std"))' -C metadata=20dd52cf4fa4870b -C extra-filename=-c94d92d19013b504 --out-dir /mnt/data1/nix/vendor/rust/cargo2nix/submodules/rust/target/debug/deps -L dependency=/mnt/data1/nix/vendor/rust/cargo2nix/submodules/rust/target/debug/deps --cap-lints allow`
SUMMARY: 104 item types saved to /mnt/data1/nix/vendor/rust/cargo2nix/submodules/rust/compiler/rustc_driver/scan_results/thin-vec_summary.json
WITNESS_SYMBOL: {"symbol":"simple_scanner_end","from":"main","file":"simple_scanner.rs","line":126}
     Running `/home/mdupont/nix/vendor/rust/cargo2nix/submodules/rust/compiler/rustc_driver/simple_scanner --crate-name lock_api --edition=2021 /home/mdupont/.cargo/registry/src/index.crates.io-1949cf8c6b5b557f/lock_api-0.4.13/src/lib.rs --error-format=json --json=diagnostic-rendered-ansi,artifacts,future-incompat --crate-type lib --emit=dep-info,metadata,link -C embed-bitcode=no -C debuginfo=2 --cfg 'feature="atomic_usize"' --cfg 'feature="default"' --check-cfg 'cfg(docsrs,test)' --check-cfg 'cfg(feature, values("arc_lock", "atomic_usize", "default", "nightly", "owning_ref", "serde"))' -C metadata=8b9ee1585a8c2adb -C extra-filename=-8db04d50e321bf35 --out-dir /mnt/data1/nix/vendor/rust/cargo2nix/submodules/rust/target/debug/deps -L dependency=/mnt/data1/nix/vendor/rust/cargo2nix/submodules/rust/target/debug/deps --extern scopeguard=/mnt/data1/nix/vendor/rust/cargo2nix/submodules/rust/target/debug/deps/libscopeguard-b546ecad8c52aa84.rmeta --cap-lints allow --cfg has_const_fn_trait_bound --check-cfg 'cfg(has_const_fn_trait_bound)'`
WITNESS_SYMBOL: {"symbol":"simple_scanner_end","from":"main","file":"simple_scanner.rs","line":126}
WITNESS_SYMBOL: {"symbol":"simple_scanner_end","from":"main","file":"simple_scanner.rs","line":126}
   Compiling arrayref v0.3.9
     Running `/home/mdupont/nix/vendor/rust/cargo2nix/submodules/rust/compiler/rustc_driver/simple_scanner --crate-name arrayref --edition=2015 /home/mdupont/.cargo/registry/src/index.crates.io-1949cf8c6b5b557f/arrayref-0.3.9/src/lib.rs --error-format=json --json=diagnostic-rendered-ansi,artifacts,future-incompat --crate-type lib --emit=dep-info,metadata,link -C embed-bitcode=no -C debuginfo=2 --check-cfg 'cfg(docsrs,test)' --check-cfg 'cfg(feature, values())' -C metadata=182f9a8754d14ac8 -C extra-filename=-07b614999e020f27 --out-dir /mnt/data1/nix/vendor/rust/cargo2nix/submodules/rust/target/debug/deps -L dependency=/mnt/data1/nix/vendor/rust/cargo2nix/submodules/rust/target/debug/deps --cap-lints allow`
SUMMARY_DIR: /mnt/data1/nix/vendor/rust/cargo2nix/submodules/rust/compiler/rustc_driver/scan_results
SUMMARY: 15 item types saved to /mnt/data1/nix/vendor/rust/cargo2nix/submodules/rust/compiler/rustc_driver/scan_results/rustc_hashes_summary.json
   Compiling constant_time_eq v0.3.1
     Running `/home/mdupont/nix/vendor/rust/cargo2nix/submodules/rust/compiler/rustc_driver/simple_scanner --crate-name constant_time_eq --edition=2021 /home/mdupont/.cargo/registry/src/index.crates.io-1949cf8c6b5b557f/constant_time_eq-0.3.1/src/lib.rs --error-format=json --json=diagnostic-rendered-ansi,artifacts,future-incompat --crate-type lib --emit=dep-info,metadata,link -C embed-bitcode=no -C debuginfo=2 --check-cfg 'cfg(docsrs,test)' --check-cfg 'cfg(feature, values("count_instructions_test"))' -C metadata=325ceb7adb9ad726 -C extra-filename=-1221a573e043e8cb --out-dir /mnt/data1/nix/vendor/rust/cargo2nix/submodules/rust/target/debug/deps -L dependency=/mnt/data1/nix/vendor/rust/cargo2nix/submodules/rust/target/debug/deps --cap-lints allow`
   Compiling type-map v0.5.1
     Running `/mnt/data1/nix/vendor/rust/cargo2nix/submodules/rust/target/debug/build/zerocopy-52fd16a805d8a087/build-script-build`
     Running `/home/mdupont/nix/vendor/rust/cargo2nix/submodules/rust/compiler/rustc_driver/simple_scanner --crate-name type_map --edition=2018 /home/mdupont/.cargo/registry/src/index.crates.io-1949cf8c6b5b557f/type-map-0.5.1/src/lib.rs --error-format=json --json=diagnostic-rendered-ansi,artifacts,future-incompat --crate-type lib --emit=dep-info,metadata,link -C embed-bitcode=no -C debuginfo=2 --check-cfg 'cfg(docsrs,test)' --check-cfg 'cfg(feature, values())' -C metadata=650de3f332ad9791 -C extra-filename=-951cf0e4566e6e3a --out-dir /mnt/data1/nix/vendor/rust/cargo2nix/submodules/rust/target/debug/deps -L dependency=/mnt/data1/nix/vendor/rust/cargo2nix/submodules/rust/target/debug/deps --extern rustc_hash=/mnt/data1/nix/vendor/rust/cargo2nix/submodules/rust/target/debug/deps/librustc_hash-a28c01df156478ff.rmeta --cap-lints allow`
SUMMARY_DIR: /mnt/data1/nix/vendor/rust/cargo2nix/submodules/rust/compiler/rustc_driver/scan_results
WITNESS_SYMBOL: {"symbol":"simple_scanner_start","from":"main","file":"simple_scanner.rs","line":120}
WITNESS_SYMBOL: {"symbol":"simple_scanner_start","from":"main","file":"simple_scanner.rs","line":120}
SUMMARY: 19 item types saved to /mnt/data1/nix/vendor/rust/cargo2nix/submodules/rust/compiler/rustc_driver/scan_results/rustc_graphviz_summary.json
WITNESS_SYMBOL: {"symbol":"simple_scanner_start","from":"main","file":"simple_scanner.rs","line":120}
WITNESS_SYMBOL: {"symbol":"simple_scanner_start","from":"main","file":"simple_scanner.rs","line":120}
SCAN_DIR: /mnt/data1/nix/vendor/rust/cargo2nix/submodules/rust/compiler/rustc_driver/scan_results
SAVED: 11 items to /mnt/data1/nix/vendor/rust/cargo2nix/submodules/rust/compiler/rustc_driver/scan_results/lock_api.json
SCAN_DIR: /mnt/data1/nix/vendor/rust/cargo2nix/submodules/rust/compiler/rustc_driver/scan_results
WITNESS_SYMBOL: {"symbol":"simple_scanner_start","from":"main","file":"simple_scanner.rs","line":120}
SUMMARY_DIR: /mnt/data1/nix/vendor/rust/cargo2nix/submodules/rust/compiler/rustc_driver/scan_results
SUMMARY: 5 item types saved to /mnt/data1/nix/vendor/rust/cargo2nix/submodules/rust/compiler/rustc_driver/scan_results/ena_summary.json
SAVED: 36 items to /mnt/data1/nix/vendor/rust/cargo2nix/submodules/rust/compiler/rustc_driver/scan_results/rustc-literal-escaper.json
SCAN_DIR: /mnt/data1/nix/vendor/rust/cargo2nix/submodules/rust/compiler/rustc_driver/scan_results
SCAN_DIR: /mnt/data1/nix/vendor/rust/cargo2nix/submodules/rust/compiler/rustc_driver/scan_results
SAVED: 11 items to /mnt/data1/nix/vendor/rust/cargo2nix/submodules/rust/compiler/rustc_driver/scan_results/constant_time_eq.json
WITNESS_SYMBOL: {"symbol":"simple_scanner_end","from":"main","file":"simple_scanner.rs","line":126}
WITNESS_SYMBOL: {"symbol":"simple_scanner_end","from":"main","file":"simple_scanner.rs","line":126}
SAVED: 6 items to /mnt/data1/nix/vendor/rust/cargo2nix/submodules/rust/compiler/rustc_driver/scan_results/arrayref.json
SCAN_DIR: /mnt/data1/nix/vendor/rust/cargo2nix/submodules/rust/compiler/rustc_driver/scan_results
   Compiling scoped-tls v1.0.1
SUMMARY_DIR: /mnt/data1/nix/vendor/rust/cargo2nix/submodules/rust/compiler/rustc_driver/scan_results
     Running `/home/mdupont/nix/vendor/rust/cargo2nix/submodules/rust/compiler/rustc_driver/simple_scanner --crate-name scoped_tls --edition=2015 /home/mdupont/.cargo/registry/src/index.crates.io-1949cf8c6b5b557f/scoped-tls-1.0.1/src/lib.rs --error-format=json --json=diagnostic-rendered-ansi,artifacts,future-incompat --crate-type lib --emit=dep-info,metadata,link -C embed-bitcode=no -C debuginfo=2 --check-cfg 'cfg(docsrs,test)' --check-cfg 'cfg(feature, values())' -C metadata=a05e9754d017b147 -C extra-filename=-155134e5e6e6f52b --out-dir /mnt/data1/nix/vendor/rust/cargo2nix/submodules/rust/target/debug/deps -L dependency=/mnt/data1/nix/vendor/rust/cargo2nix/submodules/rust/target/debug/deps --cap-lints allow`
SAVED: 16 items to /mnt/data1/nix/vendor/rust/cargo2nix/submodules/rust/compiler/rustc_driver/scan_results/type-map.json
SUMMARY_DIR: /mnt/data1/nix/vendor/rust/cargo2nix/submodules/rust/compiler/rustc_driver/scan_results
SUMMARY: 6 item types saved to /mnt/data1/nix/vendor/rust/cargo2nix/submodules/rust/compiler/rustc_driver/scan_results/arrayref_summary.json
   Compiling adler2 v2.0.1
SUMMARY: 11 item types saved to /mnt/data1/nix/vendor/rust/cargo2nix/submodules/rust/compiler/rustc_driver/scan_results/constant_time_eq_summary.json
WITNESS_SYMBOL: {"symbol":"simple_scanner_end","from":"main","file":"simple_scanner.rs","line":126}
     Running `/home/mdupont/nix/vendor/rust/cargo2nix/submodules/rust/compiler/rustc_driver/simple_scanner --crate-name adler2 --edition=2021 /home/mdupont/.cargo/registry/src/index.crates.io-1949cf8c6b5b557f/adler2-2.0.1/src/lib.rs --error-format=json --json=diagnostic-rendered-ansi,artifacts,future-incompat --crate-type lib --emit=dep-info,metadata,link -C embed-bitcode=no -C debuginfo=2 --check-cfg 'cfg(docsrs,test)' --check-cfg 'cfg(feature, values("core", "default", "rustc-dep-of-std", "std"))' -C metadata=69c33723829c4730 -C extra-filename=-93b250417063aaae --out-dir /mnt/data1/nix/vendor/rust/cargo2nix/submodules/rust/target/debug/deps -L dependency=/mnt/data1/nix/vendor/rust/cargo2nix/submodules/rust/target/debug/deps --cap-lints allow`
     Running `/mnt/data1/nix/vendor/rust/cargo2nix/submodules/rust/target/debug/build/generic-array-60da4d3633c2c194/build-script-build`
     Running `/home/mdupont/nix/vendor/rust/cargo2nix/submodules/rust/compiler/rustc_driver/simple_scanner --crate-name zerocopy --edition=2021 /home/mdupont/.cargo/registry/src/index.crates.io-1949cf8c6b5b557f/zerocopy-0.8.26/src/lib.rs --error-format=json --json=diagnostic-rendered-ansi,artifacts,future-incompat --crate-type lib --emit=dep-info,metadata,link -C embed-bitcode=no -C debuginfo=2 --cfg 'feature="simd"' --check-cfg 'cfg(docsrs,test)' --check-cfg 'cfg(feature, values("__internal_use_only_features_that_work_on_stable", "alloc", "derive", "float-nightly", "simd", "simd-nightly", "std", "zerocopy-derive"))' -C metadata=5e3582e7060e3e6d -C extra-filename=-6df0efab3d1c39a1 --out-dir /mnt/data1/nix/vendor/rust/cargo2nix/submodules/rust/target/debug/deps -L dependency=/mnt/data1/nix/vendor/rust/cargo2nix/submodules/rust/target/debug/deps --cap-lints allow --cfg zerocopy_aarch64_simd_1_59_0 --cfg zerocopy_core_error_1_81_0 --cfg zerocopy_diagnostic_on_unimplemented_1_78_0 --cfg zerocopy_generic_bounds_in_const_fn_1_61_0 --cfg zerocopy_panic_in_const_and_vec_try_reserve_1_57_0 --cfg zerocopy_target_has_atomics_1_60_0 --check-cfg 'cfg(zerocopy_aarch64_simd_1_59_0)' --check-cfg 'cfg(rust, values("1.59.0"))' --check-cfg 'cfg(zerocopy_core_error_1_81_0)' --check-cfg 'cfg(rust, values("1.81.0"))' --check-cfg 'cfg(zerocopy_diagnostic_on_unimplemented_1_78_0)' --check-cfg 'cfg(rust, values("1.78.0"))' --check-cfg 'cfg(zerocopy_generic_bounds_in_const_fn_1_61_0)' --check-cfg 'cfg(rust, values("1.61.0"))' --check-cfg 'cfg(zerocopy_panic_in_const_and_vec_try_reserve_1_57_0)' --check-cfg 'cfg(rust, values("1.57.0"))' --check-cfg 'cfg(zerocopy_target_has_atomics_1_60_0)' --check-cfg 'cfg(rust, values("1.60.0"))' --check-cfg 'cfg(doc_cfg)' --check-cfg 'cfg(kani)' --check-cfg 'cfg(__ZEROCOPY_INTERNAL_USE_ONLY_NIGHTLY_FEATURES_IN_TESTS)' --check-cfg 'cfg(coverage_nightly)'`
WITNESS_SYMBOL: {"symbol":"simple_scanner_end","from":"main","file":"simple_scanner.rs","line":126}
WITNESS_SYMBOL: {"symbol":"simple_scanner_end","from":"main","file":"simple_scanner.rs","line":126}
WITNESS_SYMBOL: {"symbol":"simple_scanner_end","from":"main","file":"simple_scanner.rs","line":126}
   Compiling crc32fast v1.5.0
   Compiling fnv v1.0.7
     Running `/home/mdupont/nix/vendor/rust/cargo2nix/submodules/rust/compiler/rustc_driver/simple_scanner --crate-name build_script_build --edition=2021 /home/mdupont/.cargo/registry/src/index.crates.io-1949cf8c6b5b557f/crc32fast-1.5.0/build.rs --error-format=json --json=diagnostic-rendered-ansi,artifacts,future-incompat --crate-type bin --emit=dep-info,link -C embed-bitcode=no --cfg 'feature="default"' --cfg 'feature="std"' --check-cfg 'cfg(docsrs,test)' --check-cfg 'cfg(feature, values("default", "nightly", "std"))' -C metadata=4ea700191cd94901 -C extra-filename=-94b7a400588f813a --out-dir /mnt/data1/nix/vendor/rust/cargo2nix/submodules/rust/target/debug/build/crc32fast-94b7a400588f813a -L dependency=/mnt/data1/nix/vendor/rust/cargo2nix/submodules/rust/target/debug/deps --cap-lints allow`
     Running `/home/mdupont/nix/vendor/rust/cargo2nix/submodules/rust/compiler/rustc_driver/simple_scanner --crate-name fnv --edition=2015 /home/mdupont/.cargo/registry/src/index.crates.io-1949cf8c6b5b557f/fnv-1.0.7/lib.rs --error-format=json --json=diagnostic-rendered-ansi,artifacts,future-incompat --crate-type lib --emit=dep-info,metadata,link -C embed-bitcode=no -C debuginfo=2 --cfg 'feature="default"' --cfg 'feature="std"' --check-cfg 'cfg(docsrs,test)' --check-cfg 'cfg(feature, values("default", "std"))' -C metadata=b5134582cb064eb2 -C extra-filename=-ef4ec8c1d4189a62 --out-dir /mnt/data1/nix/vendor/rust/cargo2nix/submodules/rust/target/debug/deps -L dependency=/mnt/data1/nix/vendor/rust/cargo2nix/submodules/rust/target/debug/deps --cap-lints allow`
   Compiling icu_locale_data v2.0.0
     Running `/home/mdupont/nix/vendor/rust/cargo2nix/submodules/rust/compiler/rustc_driver/simple_scanner --crate-name build_script_build --edition=2021 /home/mdupont/.cargo/registry/src/index.crates.io-1949cf8c6b5b557f/icu_locale_data-2.0.0/build.rs --error-format=json --json=diagnostic-rendered-ansi,artifacts,future-incompat --crate-type bin --emit=dep-info,link -C embed-bitcode=no --warn=unexpected_cfgs --check-cfg 'cfg(icu4x_custom_data)' --check-cfg 'cfg(docsrs,test)' --check-cfg 'cfg(feature, values())' -C metadata=e83546be2490a3fa -C extra-filename=-73397d68a874f4fb --out-dir /mnt/data1/nix/vendor/rust/cargo2nix/submodules/rust/target/debug/build/icu_locale_data-73397d68a874f4fb -L dependency=/mnt/data1/nix/vendor/rust/cargo2nix/submodules/rust/target/debug/deps --cap-lints allow`
WITNESS_SYMBOL: {"symbol":"simple_scanner_start","from":"main","file":"simple_scanner.rs","line":120}
WITNESS_SYMBOL: {"symbol":"simple_scanner_start","from":"main","file":"simple_scanner.rs","line":120}
WITNESS_SYMBOL: {"symbol":"simple_scanner_start","from":"main","file":"simple_scanner.rs","line":120}
SUMMARY_DIR: /mnt/data1/nix/vendor/rust/cargo2nix/submodules/rust/compiler/rustc_driver/scan_results
SUMMARY: 9 item types saved to /mnt/data1/nix/vendor/rust/cargo2nix/submodules/rust/compiler/rustc_driver/scan_results/elsa_summary.json
SCAN_DIR: /mnt/data1/nix/vendor/rust/cargo2nix/submodules/rust/compiler/rustc_driver/scan_results
SAVED: 8 items to /mnt/data1/nix/vendor/rust/cargo2nix/submodules/rust/compiler/rustc_driver/scan_results/scoped-tls.json
SCAN_DIR: /mnt/data1/nix/vendor/rust/cargo2nix/submodules/rust/compiler/rustc_driver/scan_results
SAVED: 11 items to /mnt/data1/nix/vendor/rust/cargo2nix/submodules/rust/compiler/rustc_driver/scan_results/adler2.json
SUMMARY_DIR: /mnt/data1/nix/vendor/rust/cargo2nix/submodules/rust/compiler/rustc_driver/scan_results
SUMMARY: 29 item types saved to /mnt/data1/nix/vendor/rust/cargo2nix/submodules/rust/compiler/rustc_driver/scan_results/linux-raw-sys_summary.json
WITNESS_SYMBOL: {"symbol":"simple_scanner_start","from":"main","file":"simple_scanner.rs","line":120}
WITNESS_SYMBOL: {"symbol":"simple_scanner_start","from":"main","file":"simple_scanner.rs","line":120}
SUMMARY_DIR: /mnt/data1/nix/vendor/rust/cargo2nix/submodules/rust/compiler/rustc_driver/scan_results
SUMMARY: 36 item types saved to /mnt/data1/nix/vendor/rust/cargo2nix/submodules/rust/compiler/rustc_driver/scan_results/rustc-literal-escaper_summary.json
SUMMARY_DIR: /mnt/data1/nix/vendor/rust/cargo2nix/submodules/rust/compiler/rustc_driver/scan_results
SCAN_DIR: /mnt/data1/nix/vendor/rust/cargo2nix/submodules/rust/compiler/rustc_driver/scan_results
SUMMARY: 8 item types saved to /mnt/data1/nix/vendor/rust/cargo2nix/submodules/rust/compiler/rustc_driver/scan_results/scoped-tls_summary.json
SCAN_DIR: /mnt/data1/nix/vendor/rust/cargo2nix/submodules/rust/compiler/rustc_driver/scan_results
SAVED: 3 items to /mnt/data1/nix/vendor/rust/cargo2nix/submodules/rust/compiler/rustc_driver/scan_results/crc32fast.json
SCAN_DIR: /mnt/data1/nix/vendor/rust/cargo2nix/submodules/rust/compiler/rustc_driver/scan_results
WITNESS_SYMBOL: {"symbol":"simple_scanner_start","from":"main","file":"simple_scanner.rs","line":120}
SAVED: 14 items to /mnt/data1/nix/vendor/rust/cargo2nix/submodules/rust/compiler/rustc_driver/scan_results/fnv.json
SUMMARY_DIR: /mnt/data1/nix/vendor/rust/cargo2nix/submodules/rust/compiler/rustc_driver/scan_results
SUMMARY: 10 item types saved to /mnt/data1/nix/vendor/rust/cargo2nix/submodules/rust/compiler/rustc_driver/scan_results/crossbeam-utils_summary.json
WITNESS_SYMBOL: {"symbol":"simple_scanner_end","from":"main","file":"simple_scanner.rs","line":126}
SUMMARY_DIR: /mnt/data1/nix/vendor/rust/cargo2nix/submodules/rust/compiler/rustc_driver/scan_results
SUMMARY: 16 item types saved to /mnt/data1/nix/vendor/rust/cargo2nix/submodules/rust/compiler/rustc_driver/scan_results/type-map_summary.json
SUMMARY_DIR: /mnt/data1/nix/vendor/rust/cargo2nix/submodules/rust/compiler/rustc_driver/scan_results
SUMMARY: 11 item types saved to /mnt/data1/nix/vendor/rust/cargo2nix/submodules/rust/compiler/rustc_driver/scan_results/adler2_summary.json
   Compiling self_cell v1.2.0
     Running `/home/mdupont/nix/vendor/rust/cargo2nix/submodules/rust/compiler/rustc_driver/simple_scanner --crate-name self_cell --edition=2018 /home/mdupont/.cargo/registry/src/index.crates.io-1949cf8c6b5b557f/self_cell-1.2.0/src/lib.rs --error-format=json --json=diagnostic-rendered-ansi,artifacts,future-incompat --crate-type lib --emit=dep-info,metadata,link -C embed-bitcode=no -C debuginfo=2 --check-cfg 'cfg(docsrs,test)' --check-cfg 'cfg(feature, values("old_rust", "rustversion"))' -C metadata=6bdb25ce301b5ff8 -C extra-filename=-d0f7e22570bfe94e --out-dir /mnt/data1/nix/vendor/rust/cargo2nix/submodules/rust/target/debug/deps -L dependency=/mnt/data1/nix/vendor/rust/cargo2nix/submodules/rust/target/debug/deps --cap-lints allow`
SUMMARY_DIR: /mnt/data1/nix/vendor/rust/cargo2nix/submodules/rust/compiler/rustc_driver/scan_results
SUMMARY: 3 item types saved to /mnt/data1/nix/vendor/rust/cargo2nix/submodules/rust/compiler/rustc_driver/scan_results/crc32fast_summary.json
   Compiling rustc_lexer v0.0.0 (/mnt/data1/nix/vendor/rust/cargo2nix/submodules/rust/compiler/rustc_lexer)
     Running `/home/mdupont/nix/vendor/rust/cargo2nix/submodules/rust/compiler/rustc_driver/simple_scanner --crate-name rustc_lexer --edition=2024 compiler/rustc_lexer/src/lib.rs --error-format=json --json=diagnostic-rendered-ansi,artifacts,future-incompat --crate-type lib --emit=dep-info,metadata,link -C embed-bitcode=no -C debuginfo=2 --check-cfg 'cfg(docsrs,test)' --check-cfg 'cfg(feature, values())' -C metadata=9822d9313d70e7de -C extra-filename=-dbc245074fb86cb7 --out-dir /mnt/data1/nix/vendor/rust/cargo2nix/submodules/rust/target/debug/deps -C incremental=/mnt/data1/nix/vendor/rust/cargo2nix/submodules/rust/target/debug/incremental -L dependency=/mnt/data1/nix/vendor/rust/cargo2nix/submodules/rust/target/debug/deps --extern memchr=/mnt/data1/nix/vendor/rust/cargo2nix/submodules/rust/target/debug/deps/libmemchr-31b9c6cef7758eb1.rmeta --extern unicode_properties=/mnt/data1/nix/vendor/rust/cargo2nix/submodules/rust/target/debug/deps/libunicode_properties-4e80bcfa60999eb7.rmeta --extern unicode_xid=/mnt/data1/nix/vendor/rust/cargo2nix/submodules/rust/target/debug/deps/libunicode_xid-9bb9822d04a29acb.rmeta`
WITNESS_SYMBOL: {"symbol":"simple_scanner_start","from":"main","file":"simple_scanner.rs","line":120}
WITNESS_SYMBOL: {"symbol":"simple_scanner_start","from":"main","file":"simple_scanner.rs","line":120}
SAVED: 64 items to /mnt/data1/nix/vendor/rust/cargo2nix/submodules/rust/compiler/rustc_driver/scan_results/zerocopy.json
SUMMARY_DIR: /mnt/data1/nix/vendor/rust/cargo2nix/submodules/rust/compiler/rustc_driver/scan_results
SUMMARY: 32 item types saved to /mnt/data1/nix/vendor/rust/cargo2nix/submodules/rust/compiler/rustc_driver/scan_results/proc-macro-hack_summary.json
WITNESS_SYMBOL: {"symbol":"simple_scanner_end","from":"main","file":"simple_scanner.rs","line":126}
WITNESS_SYMBOL: {"symbol":"simple_scanner_end","from":"main","file":"simple_scanner.rs","line":126}
WITNESS_SYMBOL: {"symbol":"simple_scanner_end","from":"main","file":"simple_scanner.rs","line":126}
     Running `/home/mdupont/nix/vendor/rust/cargo2nix/submodules/rust/compiler/rustc_driver/simple_scanner --crate-name rustix --edition=2021 /home/mdupont/.cargo/registry/src/index.crates.io-1949cf8c6b5b557f/rustix-1.0.8/src/lib.rs --error-format=json --json=diagnostic-rendered-ansi,artifacts,future-incompat --crate-type lib --emit=dep-info,metadata,link -C embed-bitcode=no -C debuginfo=2 --warn=unexpected_cfgs --check-cfg 'cfg(alloc_c_string)' --check-cfg 'cfg(alloc_ffi)' --check-cfg 'cfg(apple)' --check-cfg 'cfg(asm_experimental_arch)' --check-cfg 'cfg(bsd)' --check-cfg 'cfg(core_c_str)' --check-cfg 'cfg(core_ffi_c)' --check-cfg 'cfg(core_intrinsics)' --check-cfg 'cfg(criterion)' --check-cfg 'cfg(document_experimental_runtime_api)' --check-cfg 'cfg(error_in_core)' --check-cfg 'cfg(fix_y2038)' --check-cfg 'cfg(freebsdlike)' --check-cfg 'cfg(libc)' --check-cfg 'cfg(linux_kernel)' --check-cfg 'cfg(linux_like)' --check-cfg 'cfg(linux_raw)' --check-cfg 'cfg(netbsdlike)' --check-cfg 'cfg(rustc_attrs)' --check-cfg 'cfg(solarish)' --check-cfg 'cfg(staged_api)' --check-cfg 'cfg(static_assertions)' --check-cfg 'cfg(thumb_mode)' --check-cfg 'cfg(wasi)' --check-cfg 'cfg(wasi_ext)' --check-cfg 'cfg(wasip2)' --check-cfg 'cfg(target_arch, values("xtensa"))' --check-cfg 'cfg(target_os, values("cygwin"))' --cfg 'feature="alloc"' --cfg 'feature="default"' --cfg 'feature="fs"' --cfg 'feature="std"' --check-cfg 'cfg(docsrs,test)' --check-cfg 'cfg(feature, values("all-apis", "alloc", "core", "default", "event", "fs", "io_uring", "libc", "libc_errno", "linux_4_11", "linux_5_1", "linux_5_11", "linux_latest", "mm", "mount", "net", "param", "pipe", "process", "pty", "rand", "runtime", "rustc-dep-of-std", "rustc-std-workspace-alloc", "shm", "std", "stdio", "system", "termios", "thread", "time", "try_close", "use-explicitly-provided-auxv", "use-libc", "use-libc-auxv"))' -C metadata=38a76b25a28cdcfb -C extra-filename=-cc18db4f32e9c75b --out-dir /mnt/data1/nix/vendor/rust/cargo2nix/submodules/rust/target/debug/deps -L dependency=/mnt/data1/nix/vendor/rust/cargo2nix/submodules/rust/target/debug/deps --extern bitflags=/mnt/data1/nix/vendor/rust/cargo2nix/submodules/rust/target/debug/deps/libbitflags-94e1844d12d7ed7e.rmeta --extern linux_raw_sys=/mnt/data1/nix/vendor/rust/cargo2nix/submodules/rust/target/debug/deps/liblinux_raw_sys-931fc91b66de1e93.rmeta --cap-lints allow --cfg static_assertions --cfg linux_raw --cfg linux_like --cfg linux_kernel`
SUMMARY_DIR: /mnt/data1/nix/vendor/rust/cargo2nix/submodules/rust/compiler/rustc_driver/scan_results
SUMMARY: 14 item types saved to /mnt/data1/nix/vendor/rust/cargo2nix/submodules/rust/compiler/rustc_driver/scan_results/fnv_summary.json
SCAN_DIR: /mnt/data1/nix/vendor/rust/cargo2nix/submodules/rust/compiler/rustc_driver/scan_results
SAVED: 1 items to /mnt/data1/nix/vendor/rust/cargo2nix/submodules/rust/compiler/rustc_driver/scan_results/icu_locale_data.json
SCAN_DIR: /mnt/data1/nix/vendor/rust/cargo2nix/submodules/rust/compiler/rustc_driver/scan_results
   Compiling miniz_oxide v0.8.9
     Running `/home/mdupont/nix/vendor/rust/cargo2nix/submodules/rust/compiler/rustc_driver/simple_scanner --crate-name miniz_oxide --edition=2021 /home/mdupont/.cargo/registry/src/index.crates.io-1949cf8c6b5b557f/miniz_oxide-0.8.9/src/lib.rs --error-format=json --json=diagnostic-rendered-ansi,artifacts,future-incompat --crate-type lib --emit=dep-info,metadata,link -C embed-bitcode=no -C debuginfo=2 --warn=unexpected_cfgs --check-cfg 'cfg(fuzzing)' --cfg 'feature="default"' --cfg 'feature="with-alloc"' --check-cfg 'cfg(docsrs,test)' --check-cfg 'cfg(feature, values("alloc", "block-boundary", "core", "default", "rustc-dep-of-std", "serde", "simd", "simd-adler32", "std", "with-alloc"))' -C metadata=31ee67747fee10d4 -C extra-filename=-3c4e33520cddccea --out-dir /mnt/data1/nix/vendor/rust/cargo2nix/submodules/rust/target/debug/deps -L dependency=/mnt/data1/nix/vendor/rust/cargo2nix/submodules/rust/target/debug/deps --extern adler2=/mnt/data1/nix/vendor/rust/cargo2nix/submodules/rust/target/debug/deps/libadler2-93b250417063aaae.rmeta --cap-lints allow`
SUMMARY_DIR: /mnt/data1/nix/vendor/rust/cargo2nix/submodules/rust/compiler/rustc_driver/scan_results
SUMMARY: 11 item types saved to /mnt/data1/nix/vendor/rust/cargo2nix/submodules/rust/compiler/rustc_driver/scan_results/lock_api_summary.json
SUMMARY_DIR: /mnt/data1/nix/vendor/rust/cargo2nix/submodules/rust/compiler/rustc_driver/scan_results
     Running `/home/mdupont/nix/vendor/rust/cargo2nix/submodules/rust/compiler/rustc_driver/simple_scanner --crate-name smallvec --edition=2018 /home/mdupont/.cargo/registry/src/index.crates.io-1949cf8c6b5b557f/smallvec-1.15.1/src/lib.rs --error-format=json --json=diagnostic-rendered-ansi,artifacts,future-incompat --crate-type lib --emit=dep-info,metadata,link -C embed-bitcode=no --cfg 'feature="const_generics"' --check-cfg 'cfg(docsrs,test)' --check-cfg 'cfg(feature, values("arbitrary", "bincode", "const_generics", "const_new", "debugger_visualizer", "drain_filter", "drain_keep_rest", "impl_bincode", "malloc_size_of", "may_dangle", "serde", "specialization", "union", "unty", "write"))' -C metadata=1de763b37a3c136e -C extra-filename=-62ec921ab788c240 --out-dir /mnt/data1/nix/vendor/rust/cargo2nix/submodules/rust/target/debug/deps -L dependency=/mnt/data1/nix/vendor/rust/cargo2nix/submodules/rust/target/debug/deps --cap-lints allow`
SAVED: 15 items to /mnt/data1/nix/vendor/rust/cargo2nix/submodules/rust/compiler/rustc_driver/scan_results/self_cell.json
SUMMARY: 83 item types saved to /mnt/data1/nix/vendor/rust/cargo2nix/submodules/rust/compiler/rustc_driver/scan_results/proc-macro2_summary.json
SUMMARY_DIR: /mnt/data1/nix/vendor/rust/cargo2nix/submodules/rust/compiler/rustc_driver/scan_results
SUMMARY: 1 item types saved to /mnt/data1/nix/vendor/rust/cargo2nix/submodules/rust/compiler/rustc_driver/scan_results/icu_locale_data_summary.json
SCAN_DIR: /mnt/data1/nix/vendor/rust/cargo2nix/submodules/rust/compiler/rustc_driver/scan_results
WITNESS_SYMBOL: {"symbol":"simple_scanner_start","from":"main","file":"simple_scanner.rs","line":120}
WITNESS_SYMBOL: {"symbol":"simple_scanner_start","from":"main","file":"simple_scanner.rs","line":120}
WITNESS_SYMBOL: {"symbol":"simple_scanner_start","from":"main","file":"simple_scanner.rs","line":120}
SAVED: 25 items to /mnt/data1/nix/vendor/rust/cargo2nix/submodules/rust/compiler/rustc_driver/scan_results/rustc_lexer.json
WITNESS_SYMBOL: {"symbol":"simple_scanner_end","from":"main","file":"simple_scanner.rs","line":126}
WITNESS_SYMBOL: {"symbol":"simple_scanner_end","from":"main","file":"simple_scanner.rs","line":126}
WITNESS_SYMBOL: {"symbol":"simple_scanner_end","from":"main","file":"simple_scanner.rs","line":126}
WITNESS_SYMBOL: {"symbol":"simple_scanner_end","from":"main","file":"simple_scanner.rs","line":126}
   Compiling crossbeam-epoch v0.9.18
   Compiling termcolor v1.4.1
     Running `/home/mdupont/nix/vendor/rust/cargo2nix/submodules/rust/compiler/rustc_driver/simple_scanner --crate-name crossbeam_epoch --edition=2021 /home/mdupont/.cargo/registry/src/index.crates.io-1949cf8c6b5b557f/crossbeam-epoch-0.9.18/src/lib.rs --error-format=json --json=diagnostic-rendered-ansi,artifacts,future-incompat --crate-type lib --emit=dep-info,metadata,link -C embed-bitcode=no -C debuginfo=2 --cfg 'feature="alloc"' --cfg 'feature="std"' --check-cfg 'cfg(docsrs,test)' --check-cfg 'cfg(feature, values("alloc", "default", "loom", "loom-crate", "nightly", "std"))' -C metadata=c3cd393c3d52f9cf -C extra-filename=-78c94985ad1ceb3a --out-dir /mnt/data1/nix/vendor/rust/cargo2nix/submodules/rust/target/debug/deps -L dependency=/mnt/data1/nix/vendor/rust/cargo2nix/submodules/rust/target/debug/deps --extern crossbeam_utils=/mnt/data1/nix/vendor/rust/cargo2nix/submodules/rust/target/debug/deps/libcrossbeam_utils-9adac586b3e8d315.rmeta --cap-lints allow`
     Running `/home/mdupont/nix/vendor/rust/cargo2nix/submodules/rust/compiler/rustc_driver/simple_scanner --crate-name termcolor --edition=2018 /home/mdupont/.cargo/registry/src/index.crates.io-1949cf8c6b5b557f/termcolor-1.4.1/src/lib.rs --error-format=json --json=diagnostic-rendered-ansi,artifacts,future-incompat --crate-type lib --emit=dep-info,metadata,link -C embed-bitcode=no -C debuginfo=2 --check-cfg 'cfg(docsrs,test)' --check-cfg 'cfg(feature, values())' -C metadata=e180006376fe25fb -C extra-filename=-c9b02eca1e37219c --out-dir /mnt/data1/nix/vendor/rust/cargo2nix/submodules/rust/target/debug/deps -L dependency=/mnt/data1/nix/vendor/rust/cargo2nix/submodules/rust/target/debug/deps --cap-lints allow`
SCAN_DIR: /mnt/data1/nix/vendor/rust/cargo2nix/submodules/rust/compiler/rustc_driver/scan_results
SAVED: 18 items to /mnt/data1/nix/vendor/rust/cargo2nix/submodules/rust/compiler/rustc_driver/scan_results/miniz_oxide.json
SCAN_DIR: /mnt/data1/nix/vendor/rust/cargo2nix/submodules/rust/compiler/rustc_driver/scan_results
SAVED: 45 items to /mnt/data1/nix/vendor/rust/cargo2nix/submodules/rust/compiler/rustc_driver/scan_results/rustix.json
WITNESS_SYMBOL: {"symbol":"simple_scanner_end","from":"main","file":"simple_scanner.rs","line":126}
SUMMARY_DIR: /mnt/data1/nix/vendor/rust/cargo2nix/submodules/rust/compiler/rustc_driver/scan_results
SUMMARY: 15 item types saved to /mnt/data1/nix/vendor/rust/cargo2nix/submodules/rust/compiler/rustc_driver/scan_results/self_cell_summary.json
   Compiling getopts v0.2.24
     Running `/home/mdupont/nix/vendor/rust/cargo2nix/submodules/rust/compiler/rustc_driver/simple_scanner --crate-name getopts --edition=2021 /home/mdupont/.cargo/registry/src/index.crates.io-1949cf8c6b5b557f/getopts-0.2.24/src/lib.rs --error-format=json --json=diagnostic-rendered-ansi,artifacts,future-incompat --crate-type lib --emit=dep-info,metadata,link -C embed-bitcode=no -C debuginfo=2 --cfg 'feature="default"' --cfg 'feature="unicode"' --check-cfg 'cfg(docsrs,test)' --check-cfg 'cfg(feature, values("core", "default", "rustc-dep-of-std", "std", "unicode"))' -C metadata=5b34bfb73695b02a -C extra-filename=-dada4778809b0dbb --out-dir /mnt/data1/nix/vendor/rust/cargo2nix/submodules/rust/target/debug/deps -L dependency=/mnt/data1/nix/vendor/rust/cargo2nix/submodules/rust/target/debug/deps --extern unicode_width=/mnt/data1/nix/vendor/rust/cargo2nix/submodules/rust/target/debug/deps/libunicode_width-b8c4d1f473e679c0.rmeta --cap-lints allow`
SCAN_DIR: /mnt/data1/nix/vendor/rust/cargo2nix/submodules/rust/compiler/rustc_driver/scan_results
   Compiling wasmparser v0.236.1
     Running `/home/mdupont/nix/vendor/rust/cargo2nix/submodules/rust/compiler/rustc_driver/simple_scanner --crate-name build_script_build --edition=2021 /home/mdupont/.cargo/registry/src/index.crates.io-1949cf8c6b5b557f/wasmparser-0.236.1/build.rs --error-format=json --json=diagnostic-rendered-ansi,artifacts,future-incompat --crate-type bin --emit=dep-info,link -C embed-bitcode=no '--allow=clippy::all' --warn=unused_import_braces --warn=unused_extern_crates --warn=unused-macro-rules --warn=unused-lifetimes --warn=unstable_features --deny=unsafe_code --warn=unsafe-op-in-unsafe-fn --warn=unsafe-attr-outside-unsafe '--warn=clippy::unnecessary_to_owned' '--warn=clippy::unnecessary_mut_passed' '--warn=clippy::unnecessary_fallible_conversions' '--warn=clippy::unnecessary_cast' '--warn=clippy::uninlined_format_args' --warn=unexpected_cfgs --warn=rust-2024-prelude-collisions --warn=rust-2024-incompatible-pat --warn=rust-2024-guarded-string-incompatible-syntax --warn=missing-unsafe-on-extern '--warn=clippy::map_clone' '--warn=clippy::manual_strip' --warn=keyword_idents_2024 --warn=deprecated-safe-2024 '--warn=clippy::clone_on_copy' '--warn=clippy::allow_attributes_without_reason' --check-cfg 'cfg(fuzzing)' --cfg 'feature="features"' --cfg 'feature="std"' --cfg 'feature="validate"' --check-cfg 'cfg(docsrs,test)' --check-cfg 'cfg(feature, values("component-model", "default", "features", "hash-collections", "prefer-btree-collections", "serde", "simd", "std", "validate"))' -C metadata=50c92c8119927176 -C extra-filename=-093e9affacbe7efb --out-dir /mnt/data1/nix/vendor/rust/cargo2nix/submodules/rust/target/debug/build/wasmparser-093e9affacbe7efb -L dependency=/mnt/data1/nix/vendor/rust/cargo2nix/submodules/rust/target/debug/deps --cap-lints allow`
   Compiling ident_case v1.0.1
     Running `/home/mdupont/nix/vendor/rust/cargo2nix/submodules/rust/compiler/rustc_driver/simple_scanner --crate-name ident_case --edition=2015 /home/mdupont/.cargo/registry/src/index.crates.io-1949cf8c6b5b557f/ident_case-1.0.1/src/lib.rs --error-format=json --json=diagnostic-rendered-ansi,artifacts,future-incompat --crate-type lib --emit=dep-info,metadata,link -C embed-bitcode=no --check-cfg 'cfg(docsrs,test)' --check-cfg 'cfg(feature, values())' -C metadata=b2b5bdd627fc7192 -C extra-filename=-30500f3a36672f90 --out-dir /mnt/data1/nix/vendor/rust/cargo2nix/submodules/rust/target/debug/deps -L dependency=/mnt/data1/nix/vendor/rust/cargo2nix/submodules/rust/target/debug/deps --cap-lints allow`
WITNESS_SYMBOL: {"symbol":"simple_scanner_end","from":"main","file":"simple_scanner.rs","line":126}
   Compiling quote v1.0.40
     Running `/home/mdupont/nix/vendor/rust/cargo2nix/submodules/rust/compiler/rustc_driver/simple_scanner --crate-name quote --edition=2018 /home/mdupont/.cargo/registry/src/index.crates.io-1949cf8c6b5b557f/quote-1.0.40/src/lib.rs --error-format=json --json=diagnostic-rendered-ansi,artifacts,future-incompat --crate-type lib --emit=dep-info,metadata,link -C embed-bitcode=no --cfg 'feature="default"' --cfg 'feature="proc-macro"' --check-cfg 'cfg(docsrs,test)' --check-cfg 'cfg(feature, values("default", "proc-macro"))' -C metadata=0d884a453531c403 -C extra-filename=-cc45a71580a33fbb --out-dir /mnt/data1/nix/vendor/rust/cargo2nix/submodules/rust/target/debug/deps -L dependency=/mnt/data1/nix/vendor/rust/cargo2nix/submodules/rust/target/debug/deps --extern proc_macro2=/mnt/data1/nix/vendor/rust/cargo2nix/submodules/rust/target/debug/deps/libproc_macro2-a22d745afa92dadf.rmeta --cap-lints allow`
WITNESS_SYMBOL: {"symbol":"simple_scanner_start","from":"main","file":"simple_scanner.rs","line":120}
WITNESS_SYMBOL: {"symbol":"simple_scanner_start","from":"main","file":"simple_scanner.rs","line":120}
SAVED: 125 items to /mnt/data1/nix/vendor/rust/cargo2nix/submodules/rust/compiler/rustc_driver/scan_results/smallvec.json
WITNESS_SYMBOL: {"symbol":"simple_scanner_start","from":"main","file":"simple_scanner.rs","line":120}
WITNESS_SYMBOL: {"symbol":"simple_scanner_start","from":"main","file":"simple_scanner.rs","line":120}
SCAN_DIR: /mnt/data1/nix/vendor/rust/cargo2nix/submodules/rust/compiler/rustc_driver/scan_results
SAVED: 15 items to /mnt/data1/nix/vendor/rust/cargo2nix/submodules/rust/compiler/rustc_driver/scan_results/crossbeam-epoch.json
WITNESS_SYMBOL: {"symbol":"simple_scanner_start","from":"main","file":"simple_scanner.rs","line":120}
SCAN_DIR: /mnt/data1/nix/vendor/rust/cargo2nix/submodules/rust/compiler/rustc_driver/scan_results
SCAN_DIR: /mnt/data1/nix/vendor/rust/cargo2nix/submodules/rust/compiler/rustc_driver/scan_results
SAVED: 4 items to /mnt/data1/nix/vendor/rust/cargo2nix/submodules/rust/compiler/rustc_driver/scan_results/wasmparser.json
SCAN_DIR: /mnt/data1/nix/vendor/rust/cargo2nix/submodules/rust/compiler/rustc_driver/scan_results
SCAN_DIR: /mnt/data1/nix/vendor/rust/cargo2nix/submodules/rust/compiler/rustc_driver/scan_results
SAVED: 8 items to /mnt/data1/nix/vendor/rust/cargo2nix/submodules/rust/compiler/rustc_driver/scan_results/ident_case.json
WITNESS_SYMBOL: {"symbol":"simple_scanner_start","from":"main","file":"simple_scanner.rs","line":120}
SAVED: 39 items to /mnt/data1/nix/vendor/rust/cargo2nix/submodules/rust/compiler/rustc_driver/scan_results/getopts.json
SAVED: 83 items to /mnt/data1/nix/vendor/rust/cargo2nix/submodules/rust/compiler/rustc_driver/scan_results/termcolor.json
SUMMARY_DIR: /mnt/data1/nix/vendor/rust/cargo2nix/submodules/rust/compiler/rustc_driver/scan_results
SUMMARY: 4 item types saved to /mnt/data1/nix/vendor/rust/cargo2nix/submodules/rust/compiler/rustc_driver/scan_results/wasmparser_summary.json
SCAN_DIR: /mnt/data1/nix/vendor/rust/cargo2nix/submodules/rust/compiler/rustc_driver/scan_results
SAVED: 30 items to /mnt/data1/nix/vendor/rust/cargo2nix/submodules/rust/compiler/rustc_driver/scan_results/quote.json
SUMMARY_DIR: /mnt/data1/nix/vendor/rust/cargo2nix/submodules/rust/compiler/rustc_driver/scan_results
SUMMARY: 8 item types saved to /mnt/data1/nix/vendor/rust/cargo2nix/submodules/rust/compiler/rustc_driver/scan_results/ident_case_summary.json
WITNESS_SYMBOL: {"symbol":"simple_scanner_end","from":"main","file":"simple_scanner.rs","line":126}
   Compiling object v0.37.3
     Running `/home/mdupont/nix/vendor/rust/cargo2nix/submodules/rust/compiler/rustc_driver/simple_scanner --crate-name build_script_build --edition=2018 /home/mdupont/.cargo/registry/src/index.crates.io-1949cf8c6b5b557f/object-0.37.3/build.rs --error-format=json --json=diagnostic-rendered-ansi,artifacts,future-incompat --crate-type bin --emit=dep-info,link -C embed-bitcode=no '--allow=clippy::uninlined_format_args' '--allow=clippy::type_complexity' '--allow=clippy::single_match' '--allow=clippy::should_implement_trait' '--allow=clippy::result_unit_err' '--allow=clippy::needless_lifetimes' '--allow=clippy::match_like_matches_macro' '--allow=clippy::manual_flatten' '--allow=clippy::field_reassign_with_default' '--allow=clippy::comparison_chain' '--allow=clippy::collapsible_match' '--allow=clippy::collapsible_if' '--allow=clippy::collapsible_else_if' --cfg 'feature="archive"' --cfg 'feature="coff"' --cfg 'feature="compression"' --cfg 'feature="default"' --cfg 'feature="elf"' --cfg 'feature="macho"' --cfg 'feature="pe"' --cfg 'feature="read"' --cfg 'feature="read_core"' --cfg 'feature="std"' --cfg 'feature="unaligned"' --cfg 'feature="wasm"' --cfg 'feature="write"' --cfg 'feature="write_core"' --cfg 'feature="write_std"' --cfg 'feature="xcoff"' --check-cfg 'cfg(docsrs,test)' --check-cfg 'cfg(feature, values("all", "alloc", "archive", "build", "build_core", "cargo-all", "coff", "compression", "core", "default", "doc", "elf", "macho", "pe", "read", "read_core", "rustc-dep-of-std", "std", "unaligned", "unstable", "unstable-all", "wasm", "write", "write_core", "write_std", "xcoff"))' -C metadata=45882aa0a0a61129 -C extra-filename=-a01bb2f225504a98 --out-dir /mnt/data1/nix/vendor/rust/cargo2nix/submodules/rust/target/debug/build/object-a01bb2f225504a98 -L dependency=/mnt/data1/nix/vendor/rust/cargo2nix/submodules/rust/target/debug/deps --cap-lints allow`
WITNESS_SYMBOL: {"symbol":"simple_scanner_end","from":"main","file":"simple_scanner.rs","line":126}
   Compiling twox-hash v2.1.1
     Running `/home/mdupont/nix/vendor/rust/cargo2nix/submodules/rust/compiler/rustc_driver/simple_scanner --crate-name twox_hash --edition=2021 /home/mdupont/.cargo/registry/src/index.crates.io-1949cf8c6b5b557f/twox-hash-2.1.1/src/lib.rs --error-format=json --json=diagnostic-rendered-ansi,artifacts,future-incompat --crate-type lib --emit=dep-info,metadata,link -C embed-bitcode=no -C debuginfo=2 --warn=unexpected_cfgs --check-cfg 'cfg(_internal_xxhash3_force_scalar)' --check-cfg 'cfg(_internal_xxhash3_force_neon)' --check-cfg 'cfg(_internal_xxhash3_force_sse2)' --check-cfg 'cfg(_internal_xxhash3_force_avx2)' --cfg 'feature="xxhash64"' --check-cfg 'cfg(docsrs,test)' --check-cfg 'cfg(feature, values("alloc", "default", "random", "serialize", "std", "xxhash32", "xxhash3_128", "xxhash3_64", "xxhash64"))' -C metadata=ca9368ac0a6bc8ae -C extra-filename=-4a72a440e4a23a82 --out-dir /mnt/data1/nix/vendor/rust/cargo2nix/submodules/rust/target/debug/deps -L dependency=/mnt/data1/nix/vendor/rust/cargo2nix/submodules/rust/target/debug/deps --cap-lints allow`
WITNESS_SYMBOL: {"symbol":"simple_scanner_end","from":"main","file":"simple_scanner.rs","line":126}
WITNESS_SYMBOL: {"symbol":"simple_scanner_end","from":"main","file":"simple_scanner.rs","line":126}
WITNESS_SYMBOL: {"symbol":"simple_scanner_start","from":"main","file":"simple_scanner.rs","line":120}
     Running `/mnt/data1/nix/vendor/rust/cargo2nix/submodules/rust/target/debug/build/icu_locale_data-73397d68a874f4fb/build-script-build`
     Running `/mnt/data1/nix/vendor/rust/cargo2nix/submodules/rust/target/debug/build/crc32fast-94b7a400588f813a/build-script-build`
     Running `/home/mdupont/nix/vendor/rust/cargo2nix/submodules/rust/compiler/rustc_driver/simple_scanner --crate-name icu_locale_data --edition=2021 /home/mdupont/.cargo/registry/src/index.crates.io-1949cf8c6b5b557f/icu_locale_data-2.0.0/src/lib.rs --error-format=json --json=diagnostic-rendered-ansi,artifacts,future-incompat --crate-type lib --emit=dep-info,metadata,link -C embed-bitcode=no -C debuginfo=2 --warn=unexpected_cfgs --check-cfg 'cfg(icu4x_custom_data)' --check-cfg 'cfg(docsrs,test)' --check-cfg 'cfg(feature, values())' -C metadata=ba2705b41b9d42da -C extra-filename=-9204330bd35660fd --out-dir /mnt/data1/nix/vendor/rust/cargo2nix/submodules/rust/target/debug/deps -L dependency=/mnt/data1/nix/vendor/rust/cargo2nix/submodules/rust/target/debug/deps --cap-lints allow --check-cfg 'cfg(icu4c_enable_renaming)'`
WITNESS_SYMBOL: {"symbol":"simple_scanner_start","from":"main","file":"simple_scanner.rs","line":120}
SUMMARY_DIR: /mnt/data1/nix/vendor/rust/cargo2nix/submodules/rust/compiler/rustc_driver/scan_results
SUMMARY: 25 item types saved to /mnt/data1/nix/vendor/rust/cargo2nix/submodules/rust/compiler/rustc_driver/scan_results/rustc_lexer_summary.json
SUMMARY_DIR: /mnt/data1/nix/vendor/rust/cargo2nix/submodules/rust/compiler/rustc_driver/scan_results
SUMMARY: 23 item types saved to /mnt/data1/nix/vendor/rust/cargo2nix/submodules/rust/compiler/rustc_driver/scan_results/typenum_summary.json
WITNESS_SYMBOL: {"symbol":"simple_scanner_end","from":"main","file":"simple_scanner.rs","line":126}
WITNESS_SYMBOL: {"symbol":"simple_scanner_end","from":"main","file":"simple_scanner.rs","line":126}
WITNESS_SYMBOL: {"symbol":"simple_scanner_start","from":"main","file":"simple_scanner.rs","line":120}
SCAN_DIR: /mnt/data1/nix/vendor/rust/cargo2nix/submodules/rust/compiler/rustc_driver/scan_results
SAVED: 19 items to /mnt/data1/nix/vendor/rust/cargo2nix/submodules/rust/compiler/rustc_driver/scan_results/twox-hash.json
   Compiling ref-cast v1.0.24
     Running `/home/mdupont/nix/vendor/rust/cargo2nix/submodules/rust/compiler/rustc_driver/simple_scanner --crate-name build_script_build --edition=2021 /home/mdupont/.cargo/registry/src/index.crates.io-1949cf8c6b5b557f/ref-cast-1.0.24/build.rs --error-format=json --json=diagnostic-rendered-ansi,artifacts,future-incompat --crate-type bin --emit=dep-info,link -C embed-bitcode=no --check-cfg 'cfg(docsrs,test)' --check-cfg 'cfg(feature, values())' -C metadata=a300aaf4ebf322a6 -C extra-filename=-f68735ad42f9ef74 --out-dir /mnt/data1/nix/vendor/rust/cargo2nix/submodules/rust/target/debug/build/ref-cast-f68735ad42f9ef74 -L dependency=/mnt/data1/nix/vendor/rust/cargo2nix/submodules/rust/target/debug/deps --cap-lints allow`
SCAN_DIR: /mnt/data1/nix/vendor/rust/cargo2nix/submodules/rust/compiler/rustc_driver/scan_results
SAVED: 4 items to /mnt/data1/nix/vendor/rust/cargo2nix/submodules/rust/compiler/rustc_driver/scan_results/object.json
SCAN_DIR: /mnt/data1/nix/vendor/rust/cargo2nix/submodules/rust/compiler/rustc_driver/scan_results
   Compiling dyn-clone v1.0.19
SAVED: 2 items to /mnt/data1/nix/vendor/rust/cargo2nix/submodules/rust/compiler/rustc_driver/scan_results/icu_locale_data.json
     Running `/home/mdupont/nix/vendor/rust/cargo2nix/submodules/rust/compiler/rustc_driver/simple_scanner --crate-name dyn_clone --edition=2018 /home/mdupont/.cargo/registry/src/index.crates.io-1949cf8c6b5b557f/dyn-clone-1.0.19/src/lib.rs --error-format=json --json=diagnostic-rendered-ansi,artifacts,future-incompat --crate-type lib --emit=dep-info,metadata,link -C embed-bitcode=no -C debuginfo=2 --check-cfg 'cfg(docsrs,test)' --check-cfg 'cfg(feature, values())' -C metadata=b58e7d242bca2384 -C extra-filename=-9d5a67afcd8a9f89 --out-dir /mnt/data1/nix/vendor/rust/cargo2nix/submodules/rust/target/debug/deps -L dependency=/mnt/data1/nix/vendor/rust/cargo2nix/submodules/rust/target/debug/deps --cap-lints allow`
SUMMARY_DIR: /mnt/data1/nix/vendor/rust/cargo2nix/submodules/rust/compiler/rustc_driver/scan_results
SUMMARY: 30 item types saved to /mnt/data1/nix/vendor/rust/cargo2nix/submodules/rust/compiler/rustc_driver/scan_results/quote_summary.json
     Running `/home/mdupont/nix/vendor/rust/cargo2nix/submodules/rust/compiler/rustc_driver/simple_scanner --crate-name generic_array --edition=2015 /home/mdupont/.cargo/registry/src/index.crates.io-1949cf8c6b5b557f/generic-array-0.14.7/src/lib.rs --error-format=json --json=diagnostic-rendered-ansi,artifacts,future-incompat --crate-type lib --emit=dep-info,metadata,link -C embed-bitcode=no -C debuginfo=2 --cfg 'feature="more_lengths"' --check-cfg 'cfg(docsrs,test)' --check-cfg 'cfg(feature, values("more_lengths", "serde", "zeroize"))' -C metadata=eda8d55d109e2182 -C extra-filename=-ca695b7bfca8747b --out-dir /mnt/data1/nix/vendor/rust/cargo2nix/submodules/rust/target/debug/deps -L dependency=/mnt/data1/nix/vendor/rust/cargo2nix/submodules/rust/target/debug/deps --extern typenum=/mnt/data1/nix/vendor/rust/cargo2nix/submodules/rust/target/debug/deps/libtypenum-4d1a3eaac1612dc9.rmeta --cap-lints allow --cfg relaxed_coherence`
SUMMARY_DIR: /mnt/data1/nix/vendor/rust/cargo2nix/submodules/rust/compiler/rustc_driver/scan_results
SUMMARY: 4 item types saved to /mnt/data1/nix/vendor/rust/cargo2nix/submodules/rust/compiler/rustc_driver/scan_results/object_summary.json
WITNESS_SYMBOL: {"symbol":"simple_scanner_start","from":"main","file":"simple_scanner.rs","line":120}
WITNESS_SYMBOL: {"symbol":"simple_scanner_end","from":"main","file":"simple_scanner.rs","line":126}
SUMMARY_DIR: /mnt/data1/nix/vendor/rust/cargo2nix/submodules/rust/compiler/rustc_driver/scan_results
SUMMARY: 2 item types saved to /mnt/data1/nix/vendor/rust/cargo2nix/submodules/rust/compiler/rustc_driver/scan_results/icu_locale_data_summary.json
WITNESS_SYMBOL: {"symbol":"simple_scanner_start","from":"main","file":"simple_scanner.rs","line":120}
SCAN_DIR: /mnt/data1/nix/vendor/rust/cargo2nix/submodules/rust/compiler/rustc_driver/scan_results
SAVED: 5 items to /mnt/data1/nix/vendor/rust/cargo2nix/submodules/rust/compiler/rustc_driver/scan_results/ref-cast.json
WITNESS_SYMBOL: {"symbol":"simple_scanner_start","from":"main","file":"simple_scanner.rs","line":120}
SUMMARY_DIR: /mnt/data1/nix/vendor/rust/cargo2nix/submodules/rust/compiler/rustc_driver/scan_results
SUMMARY: 19 item types saved to /mnt/data1/nix/vendor/rust/cargo2nix/submodules/rust/compiler/rustc_driver/scan_results/twox-hash_summary.json
   Compiling syn v2.0.106
SUMMARY_DIR: /mnt/data1/nix/vendor/rust/cargo2nix/submodules/rust/compiler/rustc_driver/scan_results
     Running `/home/mdupont/nix/vendor/rust/cargo2nix/submodules/rust/compiler/rustc_driver/simple_scanner --crate-name syn --edition=2021 /home/mdupont/.cargo/registry/src/index.crates.io-1949cf8c6b5b557f/syn-2.0.106/src/lib.rs --error-format=json --json=diagnostic-rendered-ansi,artifacts,future-incompat --crate-type lib --emit=dep-info,metadata,link -C embed-bitcode=no --cfg 'feature="clone-impls"' --cfg 'feature="default"' --cfg 'feature="derive"' --cfg 'feature="extra-traits"' --cfg 'feature="fold"' --cfg 'feature="full"' --cfg 'feature="parsing"' --cfg 'feature="printing"' --cfg 'feature="proc-macro"' --cfg 'feature="visit"' --cfg 'feature="visit-mut"' --check-cfg 'cfg(docsrs,test)' --check-cfg 'cfg(feature, values("clone-impls", "default", "derive", "extra-traits", "fold", "full", "parsing", "printing", "proc-macro", "test", "visit", "visit-mut"))' -C metadata=4a76dd3f4398c48e -C extra-filename=-8a30a9d5b6c06652 --out-dir /mnt/data1/nix/vendor/rust/cargo2nix/submodules/rust/target/debug/deps -L dependency=/mnt/data1/nix/vendor/rust/cargo2nix/submodules/rust/target/debug/deps --extern proc_macro2=/mnt/data1/nix/vendor/rust/cargo2nix/submodules/rust/target/debug/deps/libproc_macro2-a22d745afa92dadf.rmeta --extern quote=/mnt/data1/nix/vendor/rust/cargo2nix/submodules/rust/target/debug/deps/libquote-cc45a71580a33fbb.rmeta --extern unicode_ident=/mnt/data1/nix/vendor/rust/cargo2nix/submodules/rust/target/debug/deps/libunicode_ident-8285b95b08f858a0.rmeta --cap-lints allow`
WITNESS_SYMBOL: {"symbol":"simple_scanner_end","from":"main","file":"simple_scanner.rs","line":126}
SUMMARY: 83 item types saved to /mnt/data1/nix/vendor/rust/cargo2nix/submodules/rust/compiler/rustc_driver/scan_results/termcolor_summary.json
SUMMARY_DIR: /mnt/data1/nix/vendor/rust/cargo2nix/submodules/rust/compiler/rustc_driver/scan_results
SCAN_DIR: /mnt/data1/nix/vendor/rust/cargo2nix/submodules/rust/compiler/rustc_driver/scan_results
SUMMARY_DIR: /mnt/data1/nix/vendor/rust/cargo2nix/submodules/rust/compiler/rustc_driver/scan_results
SAVED: 17 items to /mnt/data1/nix/vendor/rust/cargo2nix/submodules/rust/compiler/rustc_driver/scan_results/dyn-clone.json
SUMMARY: 39 item types saved to /mnt/data1/nix/vendor/rust/cargo2nix/submodules/rust/compiler/rustc_driver/scan_results/getopts_summary.json
SUMMARY: 125 item types saved to /mnt/data1/nix/vendor/rust/cargo2nix/submodules/rust/compiler/rustc_driver/scan_results/smallvec_summary.json
     Running `/home/mdupont/nix/vendor/rust/cargo2nix/submodules/rust/compiler/rustc_driver/simple_scanner --crate-name crc32fast --edition=2021 /home/mdupont/.cargo/registry/src/index.crates.io-1949cf8c6b5b557f/crc32fast-1.5.0/src/lib.rs --error-format=json --json=diagnostic-rendered-ansi,artifacts,future-incompat --crate-type lib --emit=dep-info,metadata,link -C embed-bitcode=no -C debuginfo=2 --cfg 'feature="default"' --cfg 'feature="std"' --check-cfg 'cfg(docsrs,test)' --check-cfg 'cfg(feature, values("default", "nightly", "std"))' -C metadata=953d1ec34bc71b6e -C extra-filename=-018d711419aba293 --out-dir /mnt/data1/nix/vendor/rust/cargo2nix/submodules/rust/target/debug/deps -L dependency=/mnt/data1/nix/vendor/rust/cargo2nix/submodules/rust/target/debug/deps --extern cfg_if=/mnt/data1/nix/vendor/rust/cargo2nix/submodules/rust/target/debug/deps/libcfg_if-03c73dea748456e6.rmeta --cap-lints allow --cfg stable_arm_crc32_intrinsics --check-cfg 'cfg(stable_arm_crc32_intrinsics)'`
SCAN_DIR: /mnt/data1/nix/vendor/rust/cargo2nix/submodules/rust/compiler/rustc_driver/scan_results
SUMMARY_DIR: /mnt/data1/nix/vendor/rust/cargo2nix/submodules/rust/compiler/rustc_driver/scan_results
SUMMARY: 5 item types saved to /mnt/data1/nix/vendor/rust/cargo2nix/submodules/rust/compiler/rustc_driver/scan_results/ref-cast_summary.json
SAVED: 57 items to /mnt/data1/nix/vendor/rust/cargo2nix/submodules/rust/compiler/rustc_driver/scan_results/generic-array.json
WITNESS_SYMBOL: {"symbol":"simple_scanner_end","from":"main","file":"simple_scanner.rs","line":126}
WITNESS_SYMBOL: {"symbol":"simple_scanner_start","from":"main","file":"simple_scanner.rs","line":120}
   Compiling ruzstd v0.8.1
     Running `/home/mdupont/nix/vendor/rust/cargo2nix/submodules/rust/compiler/rustc_driver/simple_scanner --crate-name ruzstd --edition=2018 /home/mdupont/.cargo/registry/src/index.crates.io-1949cf8c6b5b557f/ruzstd-0.8.1/src/lib.rs --error-format=json --json=diagnostic-rendered-ansi,artifacts,future-incompat --crate-type lib --emit=dep-info,metadata,link -C embed-bitcode=no -C debuginfo=2 --cfg 'feature="default"' --cfg 'feature="hash"' --cfg 'feature="std"' --check-cfg 'cfg(docsrs,test)' --check-cfg 'cfg(feature, values("default", "fuzz_exports", "hash", "rustc-dep-of-std", "std"))' -C metadata=09a319a368e41f51 -C extra-filename=-3c6addd2d414bfe3 --out-dir /mnt/data1/nix/vendor/rust/cargo2nix/submodules/rust/target/debug/deps -L dependency=/mnt/data1/nix/vendor/rust/cargo2nix/submodules/rust/target/debug/deps --extern twox_hash=/mnt/data1/nix/vendor/rust/cargo2nix/submodules/rust/target/debug/deps/libtwox_hash-4a72a440e4a23a82.rmeta --cap-lints allow`
WITNESS_SYMBOL: {"symbol":"simple_scanner_start","from":"main","file":"simple_scanner.rs","line":120}
SUMMARY_DIR: /mnt/data1/nix/vendor/rust/cargo2nix/submodules/rust/compiler/rustc_driver/scan_results
SUMMARY: 17 item types saved to /mnt/data1/nix/vendor/rust/cargo2nix/submodules/rust/compiler/rustc_driver/scan_results/dyn-clone_summary.json
WITNESS_SYMBOL: {"symbol":"simple_scanner_end","from":"main","file":"simple_scanner.rs","line":126}
SCAN_DIR: /mnt/data1/nix/vendor/rust/cargo2nix/submodules/rust/compiler/rustc_driver/scan_results
SAVED: 79 items to /mnt/data1/nix/vendor/rust/cargo2nix/submodules/rust/compiler/rustc_driver/scan_results/syn.json
SCAN_DIR: /mnt/data1/nix/vendor/rust/cargo2nix/submodules/rust/compiler/rustc_driver/scan_results
SAVED: 15 items to /mnt/data1/nix/vendor/rust/cargo2nix/submodules/rust/compiler/rustc_driver/scan_results/crc32fast.json
   Compiling odht v0.3.1
     Running `/home/mdupont/nix/vendor/rust/cargo2nix/submodules/rust/compiler/rustc_driver/simple_scanner --crate-name odht --edition=2018 /home/mdupont/.cargo/registry/src/index.crates.io-1949cf8c6b5b557f/odht-0.3.1/src/lib.rs --error-format=json --json=diagnostic-rendered-ansi,artifacts,future-incompat --crate-type lib --emit=dep-info,metadata,link -C embed-bitcode=no -C debuginfo=2 --cfg 'feature="nightly"' --check-cfg 'cfg(docsrs,test)' --check-cfg 'cfg(feature, values("nightly", "no_simd"))' -C metadata=0c102dd0db0523fc -C extra-filename=-2cfe7d78f81a24bf --out-dir /mnt/data1/nix/vendor/rust/cargo2nix/submodules/rust/target/debug/deps -L dependency=/mnt/data1/nix/vendor/rust/cargo2nix/submodules/rust/target/debug/deps --extern cfg_if=/mnt/data1/nix/vendor/rust/cargo2nix/submodules/rust/target/debug/deps/libcfg_if-03c73dea748456e6.rmeta --cap-lints allow`
SUMMARY_DIR: /mnt/data1/nix/vendor/rust/cargo2nix/submodules/rust/compiler/rustc_driver/scan_results
SUMMARY: 4 item types saved to /mnt/data1/nix/vendor/rust/cargo2nix/submodules/rust/compiler/rustc_driver/scan_results/libc_summary.json
WITNESS_SYMBOL: {"symbol":"simple_scanner_end","from":"main","file":"simple_scanner.rs","line":126}
WITNESS_SYMBOL: {"symbol":"simple_scanner_start","from":"main","file":"simple_scanner.rs","line":120}
     Running `/mnt/data1/nix/vendor/rust/cargo2nix/submodules/rust/target/debug/build/wasmparser-093e9affacbe7efb/build-script-build`
SCAN_DIR: /mnt/data1/nix/vendor/rust/cargo2nix/submodules/rust/compiler/rustc_driver/scan_results
SAVED: 18 items to /mnt/data1/nix/vendor/rust/cargo2nix/submodules/rust/compiler/rustc_driver/scan_results/ruzstd.json
WITNESS_SYMBOL: {"symbol":"simple_scanner_start","from":"main","file":"simple_scanner.rs","line":120}
WITNESS_SYMBOL: {"symbol":"simple_scanner_end","from":"main","file":"simple_scanner.rs","line":126}
SUMMARY_DIR: /mnt/data1/nix/vendor/rust/cargo2nix/submodules/rust/compiler/rustc_driver/scan_results
SUMMARY: 15 item types saved to /mnt/data1/nix/vendor/rust/cargo2nix/submodules/rust/compiler/rustc_driver/scan_results/crossbeam-epoch_summary.json
   Compiling annotate-snippets v0.11.5
     Running `/home/mdupont/nix/vendor/rust/cargo2nix/submodules/rust/compiler/rustc_driver/simple_scanner --crate-name annotate_snippets --edition=2021 /home/mdupont/.cargo/registry/src/index.crates.io-1949cf8c6b5b557f/annotate-snippets-0.11.5/src/lib.rs --error-format=json --json=diagnostic-rendered-ansi,artifacts,future-incompat --crate-type lib --emit=dep-info,metadata,link -C embed-bitcode=no -C debuginfo=2 --warn=rust_2018_idioms '--warn=clippy::zero_sized_map_values' '--warn=clippy::wildcard_imports' '--warn=clippy::verbose_file_reads' --warn=unused_qualifications --warn=unused_macro_rules --warn=unused_lifetimes --warn=unsafe_op_in_unsafe_fn --warn=unreachable_pub '--warn=clippy::uninlined_format_args' '--warn=clippy::trait_duplication_in_bounds' '--warn=clippy::todo' '--warn=clippy::string_to_string' '--warn=clippy::string_lit_as_bytes' '--warn=clippy::string_add_assign' '--warn=clippy::string_add' '--warn=clippy::str_to_string' '--warn=clippy::semicolon_if_nothing_returned' '--warn=clippy::self_named_module_files' '--warn=clippy::same_functions_in_if_condition' '--allow=clippy::result_large_err' '--warn=clippy::rest_pat_in_fully_bound_structs' '--warn=clippy::ref_option_ref' '--warn=clippy::redundant_feature_names' '--warn=clippy::rc_mutex' '--warn=clippy::ptr_as_ptr' '--warn=clippy::path_buf_push_overwrite' '--warn=clippy::negative_feature_names' '--warn=clippy::needless_for_each' '--warn=clippy::needless_continue' '--warn=clippy::mutex_integer' '--warn=clippy::mem_forget' '--warn=clippy::macro_use_imports' '--warn=clippy::lossy_float_literal' '--warn=clippy::linkedlist' '--allow=clippy::let_and_return' '--warn=clippy::large_types_passed_by_value' '--warn=clippy::large_stack_arrays' '--warn=clippy::large_digit_groups' '--warn=clippy::invalid_upcast_comparisons' '--warn=clippy::infinite_loop' '--warn=clippy::inefficient_to_string' '--warn=clippy::inconsistent_struct_constructor' '--warn=clippy::imprecise_flops' '--warn=clippy::implicit_clone' '--allow=clippy::if_same_then_else' '--warn=clippy::from_iter_instead_of_collect' '--warn=clippy::fn_params_excessive_bools' '--warn=clippy::float_cmp_const' '--warn=clippy::flat_map_option' '--warn=clippy::filter_map_next' '--warn=clippy::fallible_impl_from' '--warn=clippy::explicit_into_iter_loop' '--warn=clippy::explicit_deref_methods' '--warn=clippy::expl_impl_clone_on_copy' '--warn=clippy::enum_glob_use' '--warn=clippy::empty_enum' '--warn=clippy::doc_markdown' '--warn=clippy::debug_assert_with_mut_call' '--warn=clippy::dbg_macro' '--warn=clippy::create_dir' '--allow=clippy::collapsible_else_if' '--warn=clippy::checked_conversions' '--allow=clippy::branches_sharing_code' '--allow=clippy::bool_assert_comparison' --cfg 'feature="default"' --check-cfg 'cfg(docsrs,test)' --check-cfg 'cfg(feature, values("default", "memchr", "simd", "testing-colors"))' -C metadata=065952e6852cf970 -C extra-filename=-a119273a50ed3531 --out-dir /mnt/data1/nix/vendor/rust/cargo2nix/submodules/rust/target/debug/deps -L dependency=/mnt/data1/nix/vendor/rust/cargo2nix/submodules/rust/target/debug/deps --extern anstyle=/mnt/data1/nix/vendor/rust/cargo2nix/submodules/rust/target/debug/deps/libanstyle-34da1d8f10e661b4.rmeta --extern unicode_width=/mnt/data1/nix/vendor/rust/cargo2nix/submodules/rust/target/debug/deps/libunicode_width-b8c4d1f473e679c0.rmeta --cap-lints allow`
WITNESS_SYMBOL: {"symbol":"simple_scanner_end","from":"main","file":"simple_scanner.rs","line":126}
SCAN_DIR: /mnt/data1/nix/vendor/rust/cargo2nix/submodules/rust/compiler/rustc_driver/scan_results
   Compiling jobserver v0.1.33
     Running `/home/mdupont/nix/vendor/rust/cargo2nix/submodules/rust/compiler/rustc_driver/simple_scanner --crate-name jobserver --edition=2021 /home/mdupont/.cargo/registry/src/index.crates.io-1949cf8c6b5b557f/jobserver-0.1.33/src/lib.rs --error-format=json --json=diagnostic-rendered-ansi,artifacts,future-incompat --crate-type lib --emit=dep-info,metadata,link -C embed-bitcode=no -C debuginfo=2 --check-cfg 'cfg(docsrs,test)' --check-cfg 'cfg(feature, values())' -C metadata=1a34e979c037b2b4 -C extra-filename=-2697a0062cd4a17c --out-dir /mnt/data1/nix/vendor/rust/cargo2nix/submodules/rust/target/debug/deps -L dependency=/mnt/data1/nix/vendor/rust/cargo2nix/submodules/rust/target/debug/deps --extern libc=/mnt/data1/nix/vendor/rust/cargo2nix/submodules/rust/target/debug/deps/liblibc-18e57f6ee9f0dceb.rmeta --cap-lints allow`
SUMMARY_DIR: /mnt/data1/nix/vendor/rust/cargo2nix/submodules/rust/compiler/rustc_driver/scan_results
SUMMARY: 15 item types saved to /mnt/data1/nix/vendor/rust/cargo2nix/submodules/rust/compiler/rustc_driver/scan_results/crc32fast_summary.json
SAVED: 37 items to /mnt/data1/nix/vendor/rust/cargo2nix/submodules/rust/compiler/rustc_driver/scan_results/odht.json
WITNESS_SYMBOL: {"symbol":"simple_scanner_start","from":"main","file":"simple_scanner.rs","line":120}
   Compiling crossbeam-deque v0.8.6
     Running `/home/mdupont/nix/vendor/rust/cargo2nix/submodules/rust/compiler/rustc_driver/simple_scanner --crate-name crossbeam_deque --edition=2021 /home/mdupont/.cargo/registry/src/index.crates.io-1949cf8c6b5b557f/crossbeam-deque-0.8.6/src/lib.rs --error-format=json --json=diagnostic-rendered-ansi,artifacts,future-incompat --crate-type lib --emit=dep-info,metadata,link -C embed-bitcode=no -C debuginfo=2 --warn=unexpected_cfgs '--allow=clippy::lint_groups_priority' '--allow=clippy::declare_interior_mutable_const' --check-cfg 'cfg(crossbeam_loom)' --check-cfg 'cfg(crossbeam_sanitize)' --cfg 'feature="default"' --cfg 'feature="std"' --check-cfg 'cfg(docsrs,test)' --check-cfg 'cfg(feature, values("default", "std"))' -C metadata=fc26206f4f90fe16 -C extra-filename=-8de9badfcbe54e50 --out-dir /mnt/data1/nix/vendor/rust/cargo2nix/submodules/rust/target/debug/deps -L dependency=/mnt/data1/nix/vendor/rust/cargo2nix/submodules/rust/target/debug/deps --extern crossbeam_epoch=/mnt/data1/nix/vendor/rust/cargo2nix/submodules/rust/target/debug/deps/libcrossbeam_epoch-78c94985ad1ceb3a.rmeta --extern crossbeam_utils=/mnt/data1/nix/vendor/rust/cargo2nix/submodules/rust/target/debug/deps/libcrossbeam_utils-9adac586b3e8d315.rmeta --cap-lints allow`
SCAN_DIR: /mnt/data1/nix/vendor/rust/cargo2nix/submodules/rust/compiler/rustc_driver/scan_results
SAVED: 4 items to /mnt/data1/nix/vendor/rust/cargo2nix/submodules/rust/compiler/rustc_driver/scan_results/annotate-snippets.json
WITNESS_SYMBOL: {"symbol":"simple_scanner_start","from":"main","file":"simple_scanner.rs","line":120}
WITNESS_SYMBOL: {"symbol":"simple_scanner_end","from":"main","file":"simple_scanner.rs","line":126}
SCAN_DIR: /mnt/data1/nix/vendor/rust/cargo2nix/submodules/rust/compiler/rustc_driver/scan_results
WITNESS_SYMBOL: {"symbol":"simple_scanner_start","from":"main","file":"simple_scanner.rs","line":120}
     Running `/home/mdupont/nix/vendor/rust/cargo2nix/submodules/rust/compiler/rustc_driver/simple_scanner --crate-name wasmparser --edition=2021 /home/mdupont/.cargo/registry/src/index.crates.io-1949cf8c6b5b557f/wasmparser-0.236.1/src/lib.rs --error-format=json --json=diagnostic-rendered-ansi,artifacts,future-incompat --crate-type lib --emit=dep-info,metadata,link -C embed-bitcode=no -C debuginfo=2 '--allow=clippy::all' --warn=unused_import_braces --warn=unused_extern_crates --warn=unused-macro-rules --warn=unused-lifetimes --warn=unstable_features --deny=unsafe_code --warn=unsafe-op-in-unsafe-fn --warn=unsafe-attr-outside-unsafe '--warn=clippy::unnecessary_to_owned' '--warn=clippy::unnecessary_mut_passed' '--warn=clippy::unnecessary_fallible_conversions' '--warn=clippy::unnecessary_cast' '--warn=clippy::uninlined_format_args' --warn=unexpected_cfgs --warn=rust-2024-prelude-collisions --warn=rust-2024-incompatible-pat --warn=rust-2024-guarded-string-incompatible-syntax --warn=missing-unsafe-on-extern '--warn=clippy::map_clone' '--warn=clippy::manual_strip' --warn=keyword_idents_2024 --warn=deprecated-safe-2024 '--warn=clippy::clone_on_copy' '--warn=clippy::allow_attributes_without_reason' --check-cfg 'cfg(fuzzing)' --cfg 'feature="features"' --cfg 'feature="std"' --cfg 'feature="validate"' --check-cfg 'cfg(docsrs,test)' --check-cfg 'cfg(feature, values("component-model", "default", "features", "hash-collections", "prefer-btree-collections", "serde", "simd", "std", "validate"))' -C metadata=0ca2f918c9e8531b -C extra-filename=-4a9ae8e5f4485bf4 --out-dir /mnt/data1/nix/vendor/rust/cargo2nix/submodules/rust/target/debug/deps -L dependency=/mnt/data1/nix/vendor/rust/cargo2nix/submodules/rust/target/debug/deps --extern bitflags=/mnt/data1/nix/vendor/rust/cargo2nix/submodules/rust/target/debug/deps/libbitflags-94e1844d12d7ed7e.rmeta --cap-lints allow --cfg core_error --check-cfg 'cfg(core_error)'`
SAVED: 26 items to /mnt/data1/nix/vendor/rust/cargo2nix/submodules/rust/compiler/rustc_driver/scan_results/jobserver.json
SCAN_DIR: /mnt/data1/nix/vendor/rust/cargo2nix/submodules/rust/compiler/rustc_driver/scan_results
SAVED: 3 items to /mnt/data1/nix/vendor/rust/cargo2nix/submodules/rust/compiler/rustc_driver/scan_results/crossbeam-deque.json
WITNESS_SYMBOL: {"symbol":"simple_scanner_end","from":"main","file":"simple_scanner.rs","line":126}
WITNESS_SYMBOL: {"symbol":"simple_scanner_start","from":"main","file":"simple_scanner.rs","line":120}
   Compiling rustc_apfloat v0.2.3+llvm-462a31f5a5ab
     Running `/home/mdupont/nix/vendor/rust/cargo2nix/submodules/rust/compiler/rustc_driver/simple_scanner --crate-name build_script_build --edition=2021 /home/mdupont/.cargo/registry/src/index.crates.io-1949cf8c6b5b557f/rustc_apfloat-0.2.3+llvm-462a31f5a5ab/build.rs --error-format=json --json=diagnostic-rendered-ansi,artifacts,future-incompat --crate-type bin --emit=dep-info,link -C embed-bitcode=no --check-cfg 'cfg(docsrs,test)' --check-cfg 'cfg(feature, values())' -C metadata=b8fa5888ffe8ab3d -C extra-filename=-3311f80bd1202afc --out-dir /mnt/data1/nix/vendor/rust/cargo2nix/submodules/rust/target/debug/build/rustc_apfloat-3311f80bd1202afc -L dependency=/mnt/data1/nix/vendor/rust/cargo2nix/submodules/rust/target/debug/deps --cap-lints allow`
SCAN_DIR: /mnt/data1/nix/vendor/rust/cargo2nix/submodules/rust/compiler/rustc_driver/scan_results
WITNESS_SYMBOL: {"symbol":"simple_scanner_end","from":"main","file":"simple_scanner.rs","line":126}
WITNESS_SYMBOL: {"symbol":"simple_scanner_end","from":"main","file":"simple_scanner.rs","line":126}
WITNESS_SYMBOL: {"symbol":"simple_scanner_end","from":"main","file":"simple_scanner.rs","line":126}
   Compiling rustc_error_codes v0.0.0 (/mnt/data1/nix/vendor/rust/cargo2nix/submodules/rust/compiler/rustc_error_codes)
     Running `/home/mdupont/nix/vendor/rust/cargo2nix/submodules/rust/compiler/rustc_driver/simple_scanner --crate-name rustc_error_codes --edition=2024 compiler/rustc_error_codes/src/lib.rs --error-format=json --json=diagnostic-rendered-ansi,artifacts,future-incompat --crate-type lib --emit=dep-info,metadata,link -C embed-bitcode=no -C debuginfo=2 --check-cfg 'cfg(docsrs,test)' --check-cfg 'cfg(feature, values())' -C metadata=8f8d5633530683f6 -C extra-filename=-f14b7c473c7558de --out-dir /mnt/data1/nix/vendor/rust/cargo2nix/submodules/rust/target/debug/deps -C incremental=/mnt/data1/nix/vendor/rust/cargo2nix/submodules/rust/target/debug/incremental -L dependency=/mnt/data1/nix/vendor/rust/cargo2nix/submodules/rust/target/debug/deps`
WITNESS_SYMBOL: {"symbol":"simple_scanner_end","from":"main","file":"simple_scanner.rs","line":126}
SAVED: 32 items to /mnt/data1/nix/vendor/rust/cargo2nix/submodules/rust/compiler/rustc_driver/scan_results/wasmparser.json
WITNESS_SYMBOL: {"symbol":"simple_scanner_start","from":"main","file":"simple_scanner.rs","line":120}
   Compiling semver v1.0.26
     Running `/mnt/data1/nix/vendor/rust/cargo2nix/submodules/rust/target/debug/build/ref-cast-f68735ad42f9ef74/build-script-build`
     Running `/home/mdupont/nix/vendor/rust/cargo2nix/submodules/rust/compiler/rustc_driver/simple_scanner --crate-name build_script_build --edition=2018 /home/mdupont/.cargo/registry/src/index.crates.io-1949cf8c6b5b557f/semver-1.0.26/build.rs --error-format=json --json=diagnostic-rendered-ansi,artifacts,future-incompat --crate-type bin --emit=dep-info,link -C embed-bitcode=no --cfg 'feature="default"' --cfg 'feature="serde"' --cfg 'feature="std"' --check-cfg 'cfg(docsrs,test)' --check-cfg 'cfg(feature, values("default", "serde", "std"))' -C metadata=cf3870f95b52b293 -C extra-filename=-3741075aa31af0c5 --out-dir /mnt/data1/nix/vendor/rust/cargo2nix/submodules/rust/target/debug/build/semver-3741075aa31af0c5 -L dependency=/mnt/data1/nix/vendor/rust/cargo2nix/submodules/rust/target/debug/deps --cap-lints allow`
SCAN_DIR: /mnt/data1/nix/vendor/rust/cargo2nix/submodules/rust/compiler/rustc_driver/scan_results
     Running `/mnt/data1/nix/vendor/rust/cargo2nix/submodules/rust/target/debug/build/object-a01bb2f225504a98/build-script-build`
SAVED: 3 items to /mnt/data1/nix/vendor/rust/cargo2nix/submodules/rust/compiler/rustc_driver/scan_results/rustc_apfloat.json
WITNESS_SYMBOL: {"symbol":"simple_scanner_start","from":"main","file":"simple_scanner.rs","line":120}
WITNESS_SYMBOL: {"symbol":"simple_scanner_start","from":"main","file":"simple_scanner.rs","line":120}
WITNESS_SYMBOL: {"symbol":"simple_scanner_end","from":"main","file":"simple_scanner.rs","line":126}
WITNESS_SYMBOL: {"symbol":"simple_scanner_end","from":"main","file":"simple_scanner.rs","line":126}
SUMMARY_DIR: /mnt/data1/nix/vendor/rust/cargo2nix/submodules/rust/compiler/rustc_driver/scan_results
SUMMARY: 3 item types saved to /mnt/data1/nix/vendor/rust/cargo2nix/submodules/rust/compiler/rustc_driver/scan_results/rustc_apfloat_summary.json
   Compiling datafrog v2.0.1
     Running `/home/mdupont/nix/vendor/rust/cargo2nix/submodules/rust/compiler/rustc_driver/simple_scanner --crate-name datafrog --edition=2018 /home/mdupont/.cargo/registry/src/index.crates.io-1949cf8c6b5b557f/datafrog-2.0.1/src/lib.rs --error-format=json --json=diagnostic-rendered-ansi,artifacts,future-incompat --crate-type lib --emit=dep-info,metadata,link -C embed-bitcode=no -C debuginfo=2 --check-cfg 'cfg(docsrs,test)' --check-cfg 'cfg(feature, values())' -C metadata=7290996d8d523af1 -C extra-filename=-25d01fdc91bdc3f6 --out-dir /mnt/data1/nix/vendor/rust/cargo2nix/submodules/rust/target/debug/deps -L dependency=/mnt/data1/nix/vendor/rust/cargo2nix/submodules/rust/target/debug/deps --cap-lints allow`
SCAN_DIR: /mnt/data1/nix/vendor/rust/cargo2nix/submodules/rust/compiler/rustc_driver/scan_results
SAVED: 5 items to /mnt/data1/nix/vendor/rust/cargo2nix/submodules/rust/compiler/rustc_driver/scan_results/semver.json
   Compiling num-traits v0.2.19
     Running `/home/mdupont/nix/vendor/rust/cargo2nix/submodules/rust/compiler/rustc_driver/simple_scanner --crate-name build_script_build --edition=2021 /home/mdupont/.cargo/registry/src/index.crates.io-1949cf8c6b5b557f/num-traits-0.2.19/build.rs --error-format=json --json=diagnostic-rendered-ansi,artifacts,future-incompat --crate-type bin --emit=dep-info,link -C embed-bitcode=no --cfg 'feature="default"' --cfg 'feature="i128"' --cfg 'feature="std"' --check-cfg 'cfg(docsrs,test)' --check-cfg 'cfg(feature, values("default", "i128", "libm", "std"))' -C metadata=7db543c5cb7f7a17 -C extra-filename=-cbc20e79f9a75ecb --out-dir /mnt/data1/nix/vendor/rust/cargo2nix/submodules/rust/target/debug/build/num-traits-cbc20e79f9a75ecb -L dependency=/mnt/data1/nix/vendor/rust/cargo2nix/submodules/rust/target/debug/deps --extern autocfg=/mnt/data1/nix/vendor/rust/cargo2nix/submodules/rust/target/debug/deps/libautocfg-ab66ad43d4ad71fb.rlib --cap-lints allow`
SCAN_DIR: /mnt/data1/nix/vendor/rust/cargo2nix/submodules/rust/compiler/rustc_driver/scan_results
SAVED: 1 items to /mnt/data1/nix/vendor/rust/cargo2nix/submodules/rust/compiler/rustc_driver/scan_results/rustc_error_codes.json
SUMMARY_DIR: /mnt/data1/nix/vendor/rust/cargo2nix/submodules/rust/compiler/rustc_driver/scan_results
SUMMARY: 18 item types saved to /mnt/data1/nix/vendor/rust/cargo2nix/submodules/rust/compiler/rustc_driver/scan_results/miniz_oxide_summary.json
SUMMARY_DIR: /mnt/data1/nix/vendor/rust/cargo2nix/submodules/rust/compiler/rustc_driver/scan_results
SUMMARY: 5 item types saved to /mnt/data1/nix/vendor/rust/cargo2nix/submodules/rust/compiler/rustc_driver/scan_results/semver_summary.json
WITNESS_SYMBOL: {"symbol":"simple_scanner_start","from":"main","file":"simple_scanner.rs","line":120}
SUMMARY_DIR: /mnt/data1/nix/vendor/rust/cargo2nix/submodules/rust/compiler/rustc_driver/scan_results
SUMMARY: 1 item types saved to /mnt/data1/nix/vendor/rust/cargo2nix/submodules/rust/compiler/rustc_driver/scan_results/rustc_error_codes_summary.json
   Compiling pkg-config v0.3.32
     Running `/home/mdupont/nix/vendor/rust/cargo2nix/submodules/rust/compiler/rustc_driver/simple_scanner --crate-name pkg_config --edition=2018 /home/mdupont/.cargo/registry/src/index.crates.io-1949cf8c6b5b557f/pkg-config-0.3.32/src/lib.rs --error-format=json --json=diagnostic-rendered-ansi,artifacts,future-incompat --crate-type lib --emit=dep-info,metadata,link -C embed-bitcode=no --check-cfg 'cfg(docsrs,test)' --check-cfg 'cfg(feature, values())' -C metadata=8c89f16be7dcf49d -C extra-filename=-ed8e80cc20ac34e0 --out-dir /mnt/data1/nix/vendor/rust/cargo2nix/submodules/rust/target/debug/deps -L dependency=/mnt/data1/nix/vendor/rust/cargo2nix/submodules/rust/target/debug/deps --cap-lints allow`
SUMMARY_DIR: /mnt/data1/nix/vendor/rust/cargo2nix/submodules/rust/compiler/rustc_driver/scan_results
SUMMARY: 3 item types saved to /mnt/data1/nix/vendor/rust/cargo2nix/submodules/rust/compiler/rustc_driver/scan_results/crossbeam-deque_summary.json
SUMMARY_DIR: /mnt/data1/nix/vendor/rust/cargo2nix/submodules/rust/compiler/rustc_driver/scan_results
SUMMARY: 24 item types saved to /mnt/data1/nix/vendor/rust/cargo2nix/submodules/rust/compiler/rustc_driver/scan_results/jobserver_summary.json
   Compiling utf8parse v0.2.2
     Running `/home/mdupont/nix/vendor/rust/cargo2nix/submodules/rust/compiler/rustc_driver/simple_scanner --crate-name utf8parse --edition=2018 /home/mdupont/.cargo/registry/src/index.crates.io-1949cf8c6b5b557f/utf8parse-0.2.2/src/lib.rs --error-format=json --json=diagnostic-rendered-ansi,artifacts,future-incompat --crate-type lib --emit=dep-info,metadata,link -C embed-bitcode=no -C debuginfo=2 --cfg 'feature="default"' --check-cfg 'cfg(docsrs,test)' --check-cfg 'cfg(feature, values("default", "nightly"))' -C metadata=e1295438f1763c9e -C extra-filename=-bd00c5d1f7655fad --out-dir /mnt/data1/nix/vendor/rust/cargo2nix/submodules/rust/target/debug/deps -L dependency=/mnt/data1/nix/vendor/rust/cargo2nix/submodules/rust/target/debug/deps --cap-lints allow`
WITNESS_SYMBOL: {"symbol":"simple_scanner_end","from":"main","file":"simple_scanner.rs","line":126}
WITNESS_SYMBOL: {"symbol":"simple_scanner_end","from":"main","file":"simple_scanner.rs","line":126}
WITNESS_SYMBOL: {"symbol":"simple_scanner_start","from":"main","file":"simple_scanner.rs","line":120}
   Compiling rustc_thread_pool v0.0.0 (/mnt/data1/nix/vendor/rust/cargo2nix/submodules/rust/compiler/rustc_thread_pool)
SCAN_DIR: /mnt/data1/nix/vendor/rust/cargo2nix/submodules/rust/compiler/rustc_driver/scan_results
SAVED: 1 items to /mnt/data1/nix/vendor/rust/cargo2nix/submodules/rust/compiler/rustc_driver/scan_results/num-traits.json
     Running `/home/mdupont/nix/vendor/rust/cargo2nix/submodules/rust/compiler/rustc_driver/simple_scanner --crate-name rustc_thread_pool --edition=2021 compiler/rustc_thread_pool/src/lib.rs --error-format=json --json=diagnostic-rendered-ansi,artifacts,future-incompat --crate-type lib --emit=dep-info,metadata,link -C embed-bitcode=no -C debuginfo=2 --check-cfg 'cfg(docsrs,test)' --check-cfg 'cfg(feature, values())' -C metadata=9515e706c093eac5 -C extra-filename=-8ef0104a6cd8424c --out-dir /mnt/data1/nix/vendor/rust/cargo2nix/submodules/rust/target/debug/deps -C incremental=/mnt/data1/nix/vendor/rust/cargo2nix/submodules/rust/target/debug/incremental -L dependency=/mnt/data1/nix/vendor/rust/cargo2nix/submodules/rust/target/debug/deps --extern crossbeam_deque=/mnt/data1/nix/vendor/rust/cargo2nix/submodules/rust/target/debug/deps/libcrossbeam_deque-8de9badfcbe54e50.rmeta --extern crossbeam_utils=/mnt/data1/nix/vendor/rust/cargo2nix/submodules/rust/target/debug/deps/libcrossbeam_utils-9adac586b3e8d315.rmeta --extern smallvec=/mnt/data1/nix/vendor/rust/cargo2nix/submodules/rust/target/debug/deps/libsmallvec-fe86491e01b8f91d.rmeta`
   Compiling anyhow v1.0.99
     Running `/home/mdupont/nix/vendor/rust/cargo2nix/submodules/rust/compiler/rustc_driver/simple_scanner --crate-name build_script_build --edition=2018 /home/mdupont/.cargo/registry/src/index.crates.io-1949cf8c6b5b557f/anyhow-1.0.99/build.rs --error-format=json --json=diagnostic-rendered-ansi,artifacts,future-incompat --crate-type bin --emit=dep-info,link -C embed-bitcode=no --cfg 'feature="default"' --cfg 'feature="std"' --check-cfg 'cfg(docsrs,test)' --check-cfg 'cfg(feature, values("backtrace", "default", "std"))' -C metadata=36bd46b4b2dbc80e -C extra-filename=-49ee3f9e6bb71a7b --out-dir /mnt/data1/nix/vendor/rust/cargo2nix/submodules/rust/target/debug/build/anyhow-49ee3f9e6bb71a7b -L dependency=/mnt/data1/nix/vendor/rust/cargo2nix/submodules/rust/target/debug/deps --cap-lints allow`
SUMMARY_DIR: /mnt/data1/nix/vendor/rust/cargo2nix/submodules/rust/compiler/rustc_driver/scan_results
SUMMARY: 1 item types saved to /mnt/data1/nix/vendor/rust/cargo2nix/submodules/rust/compiler/rustc_driver/scan_results/num-traits_summary.json
SCAN_DIR: /mnt/data1/nix/vendor/rust/cargo2nix/submodules/rust/compiler/rustc_driver/scan_results
SAVED: 24 items to /mnt/data1/nix/vendor/rust/cargo2nix/submodules/rust/compiler/rustc_driver/scan_results/datafrog.json
WITNESS_SYMBOL: {"symbol":"simple_scanner_start","from":"main","file":"simple_scanner.rs","line":120}
WITNESS_SYMBOL: {"symbol":"simple_scanner_start","from":"main","file":"simple_scanner.rs","line":120}
WITNESS_SYMBOL: {"symbol":"simple_scanner_start","from":"main","file":"simple_scanner.rs","line":120}
SUMMARY_DIR: /mnt/data1/nix/vendor/rust/cargo2nix/submodules/rust/compiler/rustc_driver/scan_results
SUMMARY: 37 item types saved to /mnt/data1/nix/vendor/rust/cargo2nix/submodules/rust/compiler/rustc_driver/scan_results/odht_summary.json
WITNESS_SYMBOL: {"symbol":"simple_scanner_end","from":"main","file":"simple_scanner.rs","line":126}
WITNESS_SYMBOL: {"symbol":"simple_scanner_start","from":"main","file":"simple_scanner.rs","line":120}
SCAN_DIR: /mnt/data1/nix/vendor/rust/cargo2nix/submodules/rust/compiler/rustc_driver/scan_results
   Compiling cc v1.2.16
     Running `/home/mdupont/nix/vendor/rust/cargo2nix/submodules/rust/compiler/rustc_driver/simple_scanner --crate-name cc --edition=2018 /home/mdupont/.cargo/registry/src/index.crates.io-1949cf8c6b5b557f/cc-1.2.16/src/lib.rs --error-format=json --json=diagnostic-rendered-ansi,artifacts,future-incompat --crate-type lib --emit=dep-info,metadata,link -C embed-bitcode=no --cfg 'feature="parallel"' --check-cfg 'cfg(docsrs,test)' --check-cfg 'cfg(feature, values("jobserver", "parallel"))' -C metadata=da4cd2691211e7b7 -C extra-filename=-436b02cffdc96910 --out-dir /mnt/data1/nix/vendor/rust/cargo2nix/submodules/rust/target/debug/deps -L dependency=/mnt/data1/nix/vendor/rust/cargo2nix/submodules/rust/target/debug/deps --extern jobserver=/mnt/data1/nix/vendor/rust/cargo2nix/submodules/rust/target/debug/deps/libjobserver-2697a0062cd4a17c.rmeta --extern libc=/mnt/data1/nix/vendor/rust/cargo2nix/submodules/rust/target/debug/deps/liblibc-18e57f6ee9f0dceb.rmeta --extern shlex=/mnt/data1/nix/vendor/rust/cargo2nix/submodules/rust/target/debug/deps/libshlex-2e877497c34528f0.rmeta --cap-lints allow`
SAVED: 8 items to /mnt/data1/nix/vendor/rust/cargo2nix/submodules/rust/compiler/rustc_driver/scan_results/utf8parse.json
SCAN_DIR: /mnt/data1/nix/vendor/rust/cargo2nix/submodules/rust/compiler/rustc_driver/scan_results
SCAN_DIR: /mnt/data1/nix/vendor/rust/cargo2nix/submodules/rust/compiler/rustc_driver/scan_results
SAVED: 13 items to /mnt/data1/nix/vendor/rust/cargo2nix/submodules/rust/compiler/rustc_driver/scan_results/anyhow.json
SAVED: 33 items to /mnt/data1/nix/vendor/rust/cargo2nix/submodules/rust/compiler/rustc_driver/scan_results/pkg-config.json
SUMMARY_DIR: /mnt/data1/nix/vendor/rust/cargo2nix/submodules/rust/compiler/rustc_driver/scan_results
SUMMARY: 8 item types saved to /mnt/data1/nix/vendor/rust/cargo2nix/submodules/rust/compiler/rustc_driver/scan_results/utf8parse_summary.json
SCAN_DIR: /mnt/data1/nix/vendor/rust/cargo2nix/submodules/rust/compiler/rustc_driver/scan_results
WITNESS_SYMBOL: {"symbol":"simple_scanner_end","from":"main","file":"simple_scanner.rs","line":126}
WITNESS_SYMBOL: {"symbol":"simple_scanner_end","from":"main","file":"simple_scanner.rs","line":126}
   Compiling flate2 v1.1.2
     Running `/home/mdupont/nix/vendor/rust/cargo2nix/submodules/rust/compiler/rustc_driver/simple_scanner --crate-name flate2 --edition=2018 /home/mdupont/.cargo/registry/src/index.crates.io-1949cf8c6b5b557f/flate2-1.1.2/src/lib.rs --error-format=json --json=diagnostic-rendered-ansi,artifacts,future-incompat --crate-type lib --emit=dep-info,metadata,link -C embed-bitcode=no -C debuginfo=2 --cfg 'feature="any_impl"' --cfg 'feature="default"' --cfg 'feature="miniz_oxide"' --cfg 'feature="rust_backend"' --check-cfg 'cfg(docsrs,test)' --check-cfg 'cfg(feature, values("any_impl", "any_zlib", "cloudflare-zlib-sys", "cloudflare_zlib", "default", "libz-ng-sys", "libz-rs-sys", "libz-sys", "miniz-sys", "miniz_oxide", "rust_backend", "zlib", "zlib-default", "zlib-ng", "zlib-ng-compat", "zlib-rs"))' -C metadata=70d0db3c170a880f -C extra-filename=-ee2852547dd94593 --out-dir /mnt/data1/nix/vendor/rust/cargo2nix/submodules/rust/target/debug/deps -L dependency=/mnt/data1/nix/vendor/rust/cargo2nix/submodules/rust/target/debug/deps --extern crc32fast=/mnt/data1/nix/vendor/rust/cargo2nix/submodules/rust/target/debug/deps/libcrc32fast-018d711419aba293.rmeta --extern miniz_oxide=/mnt/data1/nix/vendor/rust/cargo2nix/submodules/rust/target/debug/deps/libminiz_oxide-3c4e33520cddccea.rmeta --cap-lints allow`
WITNESS_SYMBOL: {"symbol":"simple_scanner_start","from":"main","file":"simple_scanner.rs","line":120}
   Compiling anstyle-parse v0.2.7
     Running `/home/mdupont/nix/vendor/rust/cargo2nix/submodules/rust/compiler/rustc_driver/simple_scanner --crate-name anstyle_parse --edition=2021 /home/mdupont/.cargo/registry/src/index.crates.io-1949cf8c6b5b557f/anstyle-parse-0.2.7/src/lib.rs --error-format=json --json=diagnostic-rendered-ansi,artifacts,future-incompat --crate-type lib --emit=dep-info,metadata,link -C embed-bitcode=no -C debuginfo=2 --warn=rust_2018_idioms '--warn=clippy::zero_sized_map_values' '--warn=clippy::wildcard_imports' '--warn=clippy::verbose_file_reads' --warn=unused_qualifications --warn=unused_macro_rules --warn=unused_lifetimes --warn=unsafe_op_in_unsafe_fn --warn=unreachable_pub --warn=unnameable_types '--warn=clippy::uninlined_format_args' '--warn=clippy::trait_duplication_in_bounds' '--warn=clippy::todo' '--warn=clippy::string_to_string' '--warn=clippy::string_lit_as_bytes' '--warn=clippy::string_add_assign' '--warn=clippy::string_add' '--warn=clippy::str_to_string' '--warn=clippy::semicolon_if_nothing_returned' '--warn=clippy::self_named_module_files' '--warn=clippy::same_functions_in_if_condition' '--allow=clippy::result_large_err' '--warn=clippy::rest_pat_in_fully_bound_structs' '--warn=clippy::ref_option_ref' '--warn=clippy::redundant_feature_names' '--warn=clippy::rc_mutex' '--warn=clippy::ptr_as_ptr' '--warn=clippy::path_buf_push_overwrite' '--warn=clippy::negative_feature_names' '--warn=clippy::needless_for_each' '--allow=clippy::needless_continue' '--warn=clippy::mutex_integer' '--warn=clippy::mem_forget' '--warn=clippy::macro_use_imports' '--warn=clippy::lossy_float_literal' '--warn=clippy::linkedlist' '--allow=clippy::let_and_return' '--warn=clippy::large_types_passed_by_value' '--warn=clippy::large_stack_arrays' '--warn=clippy::large_digit_groups' '--warn=clippy::invalid_upcast_comparisons' '--warn=clippy::infinite_loop' '--warn=clippy::inefficient_to_string' '--warn=clippy::inconsistent_struct_constructor' '--warn=clippy::imprecise_flops' '--warn=clippy::implicit_clone' '--allow=clippy::if_same_then_else' '--warn=clippy::from_iter_instead_of_collect' '--warn=clippy::fn_params_excessive_bools' '--warn=clippy::float_cmp_const' '--warn=clippy::flat_map_option' '--warn=clippy::filter_map_next' '--warn=clippy::fallible_impl_from' '--warn=clippy::explicit_into_iter_loop' '--warn=clippy::explicit_deref_methods' '--warn=clippy::expl_impl_clone_on_copy' '--warn=clippy::enum_glob_use' '--warn=clippy::empty_enum' '--warn=clippy::doc_markdown' '--warn=clippy::debug_assert_with_mut_call' '--warn=clippy::dbg_macro' '--warn=clippy::create_dir' '--allow=clippy::collapsible_else_if' '--warn=clippy::checked_conversions' '--allow=clippy::branches_sharing_code' '--allow=clippy::bool_assert_comparison' --cfg 'feature="default"' --cfg 'feature="utf8"' --check-cfg 'cfg(docsrs,test)' --check-cfg 'cfg(feature, values("core", "default", "utf8"))' -C metadata=06c59c24bb3b14a7 -C extra-filename=-2b7909e9ebd9bcaf --out-dir /mnt/data1/nix/vendor/rust/cargo2nix/submodules/rust/target/debug/deps -L dependency=/mnt/data1/nix/vendor/rust/cargo2nix/submodules/rust/target/debug/deps --extern utf8parse=/mnt/data1/nix/vendor/rust/cargo2nix/submodules/rust/target/debug/deps/libutf8parse-bd00c5d1f7655fad.rmeta --cap-lints allow`
SAVED: 55 items to /mnt/data1/nix/vendor/rust/cargo2nix/submodules/rust/compiler/rustc_driver/scan_results/rustc_thread_pool.json
SUMMARY_DIR: /mnt/data1/nix/vendor/rust/cargo2nix/submodules/rust/compiler/rustc_driver/scan_results
SUMMARY: 13 item types saved to /mnt/data1/nix/vendor/rust/cargo2nix/submodules/rust/compiler/rustc_driver/scan_results/anyhow_summary.json
SUMMARY_DIR: /mnt/data1/nix/vendor/rust/cargo2nix/submodules/rust/compiler/rustc_driver/scan_results
SUMMARY: 4 item types saved to /mnt/data1/nix/vendor/rust/cargo2nix/submodules/rust/compiler/rustc_driver/scan_results/annotate-snippets_summary.json
SCAN_DIR: /mnt/data1/nix/vendor/rust/cargo2nix/submodules/rust/compiler/rustc_driver/scan_results
WITNESS_SYMBOL: {"symbol":"simple_scanner_start","from":"main","file":"simple_scanner.rs","line":120}
WITNESS_SYMBOL: {"symbol":"simple_scanner_start","from":"main","file":"simple_scanner.rs","line":120}
SCAN_DIR: /mnt/data1/nix/vendor/rust/cargo2nix/submodules/rust/compiler/rustc_driver/scan_results
SAVED: 22 items to /mnt/data1/nix/vendor/rust/cargo2nix/submodules/rust/compiler/rustc_driver/scan_results/flate2.json
SCAN_DIR: /mnt/data1/nix/vendor/rust/cargo2nix/submodules/rust/compiler/rustc_driver/scan_results
SAVED: 24 items to /mnt/data1/nix/vendor/rust/cargo2nix/submodules/rust/compiler/rustc_driver/scan_results/anstyle-parse.json
WITNESS_SYMBOL: {"symbol":"simple_scanner_end","from":"main","file":"simple_scanner.rs","line":126}
SAVED: 52 items to /mnt/data1/nix/vendor/rust/cargo2nix/submodules/rust/compiler/rustc_driver/scan_results/cc.json
   Compiling icu_normalizer_data v2.0.0
     Running `/home/mdupont/nix/vendor/rust/cargo2nix/submodules/rust/compiler/rustc_driver/simple_scanner --crate-name build_script_build --edition=2021 /home/mdupont/.cargo/registry/src/index.crates.io-1949cf8c6b5b557f/icu_normalizer_data-2.0.0/build.rs --error-format=json --json=diagnostic-rendered-ansi,artifacts,future-incompat --crate-type bin --emit=dep-info,link -C embed-bitcode=no --warn=unexpected_cfgs --check-cfg 'cfg(icu4x_custom_data)' --check-cfg 'cfg(docsrs,test)' --check-cfg 'cfg(feature, values())' -C metadata=efcffcf647c28168 -C extra-filename=-78bf7c3ae52e1d76 --out-dir /mnt/data1/nix/vendor/rust/cargo2nix/submodules/rust/target/debug/build/icu_normalizer_data-78bf7c3ae52e1d76 -L dependency=/mnt/data1/nix/vendor/rust/cargo2nix/submodules/rust/target/debug/deps --cap-lints allow`
WITNESS_SYMBOL: {"symbol":"simple_scanner_end","from":"main","file":"simple_scanner.rs","line":126}
WITNESS_SYMBOL: {"symbol":"simple_scanner_end","from":"main","file":"simple_scanner.rs","line":126}
     Running `/mnt/data1/nix/vendor/rust/cargo2nix/submodules/rust/target/debug/build/num-traits-cbc20e79f9a75ecb/build-script-build`
     Running `/mnt/data1/nix/vendor/rust/cargo2nix/submodules/rust/target/debug/build/rustc_apfloat-3311f80bd1202afc/build-script-build`
WITNESS_SYMBOL: {"symbol":"simple_scanner_start","from":"main","file":"simple_scanner.rs","line":120}
     Running `/home/mdupont/nix/vendor/rust/cargo2nix/submodules/rust/compiler/rustc_driver/simple_scanner --crate-name rustc_apfloat --edition=2021 /home/mdupont/.cargo/registry/src/index.crates.io-1949cf8c6b5b557f/rustc_apfloat-0.2.3+llvm-462a31f5a5ab/src/lib.rs --error-format=json --json=diagnostic-rendered-ansi,artifacts,future-incompat --crate-type lib --emit=dep-info,metadata,link -C embed-bitcode=no -C debuginfo=2 --check-cfg 'cfg(docsrs,test)' --check-cfg 'cfg(feature, values())' -C metadata=e1f045337bc6d38e -C extra-filename=-084f7299bef128fe --out-dir /mnt/data1/nix/vendor/rust/cargo2nix/submodules/rust/target/debug/deps -L dependency=/mnt/data1/nix/vendor/rust/cargo2nix/submodules/rust/target/debug/deps --extern bitflags=/mnt/data1/nix/vendor/rust/cargo2nix/submodules/rust/target/debug/deps/libbitflags-94e1844d12d7ed7e.rmeta --extern smallvec=/mnt/data1/nix/vendor/rust/cargo2nix/submodules/rust/target/debug/deps/libsmallvec-fe86491e01b8f91d.rmeta --cap-lints allow`
SCAN_DIR: /mnt/data1/nix/vendor/rust/cargo2nix/submodules/rust/compiler/rustc_driver/scan_results
SAVED: 1 items to /mnt/data1/nix/vendor/rust/cargo2nix/submodules/rust/compiler/rustc_driver/scan_results/icu_normalizer_data.json
SUMMARY_DIR: /mnt/data1/nix/vendor/rust/cargo2nix/submodules/rust/compiler/rustc_driver/scan_results
SUMMARY: 33 item types saved to /mnt/data1/nix/vendor/rust/cargo2nix/submodules/rust/compiler/rustc_driver/scan_results/pkg-config_summary.json
SUMMARY_DIR: /mnt/data1/nix/vendor/rust/cargo2nix/submodules/rust/compiler/rustc_driver/scan_results
SUMMARY: 1 item types saved to /mnt/data1/nix/vendor/rust/cargo2nix/submodules/rust/compiler/rustc_driver/scan_results/icu_normalizer_data_summary.json
WITNESS_SYMBOL: {"symbol":"simple_scanner_end","from":"main","file":"simple_scanner.rs","line":126}
SUMMARY_DIR: /mnt/data1/nix/vendor/rust/cargo2nix/submodules/rust/compiler/rustc_driver/scan_results
     Running `/mnt/data1/nix/vendor/rust/cargo2nix/submodules/rust/target/debug/build/semver-3741075aa31af0c5/build-script-build`
SUMMARY_DIR: /mnt/data1/nix/vendor/rust/cargo2nix/submodules/rust/compiler/rustc_driver/scan_results
SUMMARY: 24 item types saved to /mnt/data1/nix/vendor/rust/cargo2nix/submodules/rust/compiler/rustc_driver/scan_results/anstyle-parse_summary.json
SUMMARY: 24 item types saved to /mnt/data1/nix/vendor/rust/cargo2nix/submodules/rust/compiler/rustc_driver/scan_results/datafrog_summary.json
WITNESS_SYMBOL: {"symbol":"simple_scanner_start","from":"main","file":"simple_scanner.rs","line":120}
SCAN_DIR: /mnt/data1/nix/vendor/rust/cargo2nix/submodules/rust/compiler/rustc_driver/scan_results
SAVED: 26 items to /mnt/data1/nix/vendor/rust/cargo2nix/submodules/rust/compiler/rustc_driver/scan_results/rustc_apfloat.json
WITNESS_SYMBOL: {"symbol":"simple_scanner_end","from":"main","file":"simple_scanner.rs","line":126}
WITNESS_SYMBOL: {"symbol":"simple_scanner_end","from":"main","file":"simple_scanner.rs","line":126}
   Compiling polonius-engine v0.13.0
     Running `/home/mdupont/nix/vendor/rust/cargo2nix/submodules/rust/compiler/rustc_driver/simple_scanner --crate-name polonius_engine --edition=2015 /home/mdupont/.cargo/registry/src/index.crates.io-1949cf8c6b5b557f/polonius-engine-0.13.0/src/lib.rs --error-format=json --json=diagnostic-rendered-ansi,artifacts,future-incompat --crate-type lib --emit=dep-info,metadata,link -C embed-bitcode=no -C debuginfo=2 --check-cfg 'cfg(docsrs,test)' --check-cfg 'cfg(feature, values())' -C metadata=72ac70bf06d1bed1 -C extra-filename=-6f430ac046540bed --out-dir /mnt/data1/nix/vendor/rust/cargo2nix/submodules/rust/target/debug/deps -L dependency=/mnt/data1/nix/vendor/rust/cargo2nix/submodules/rust/target/debug/deps --extern datafrog=/mnt/data1/nix/vendor/rust/cargo2nix/submodules/rust/target/debug/deps/libdatafrog-25d01fdc91bdc3f6.rmeta --extern log=/mnt/data1/nix/vendor/rust/cargo2nix/submodules/rust/target/debug/deps/liblog-cbecb290a7a28694.rmeta --extern rustc_hash=/mnt/data1/nix/vendor/rust/cargo2nix/submodules/rust/target/debug/deps/librustc_hash-f32537f63dd93ea6.rmeta --cap-lints allow`
   Compiling icu_properties_data v2.0.1
     Running `/home/mdupont/nix/vendor/rust/cargo2nix/submodules/rust/compiler/rustc_driver/simple_scanner --crate-name build_script_build --edition=2021 /home/mdupont/.cargo/registry/src/index.crates.io-1949cf8c6b5b557f/icu_properties_data-2.0.1/build.rs --error-format=json --json=diagnostic-rendered-ansi,artifacts,future-incompat --crate-type bin --emit=dep-info,link -C embed-bitcode=no --warn=unexpected_cfgs --check-cfg 'cfg(icu4x_custom_data)' --check-cfg 'cfg(docsrs,test)' --check-cfg 'cfg(feature, values())' -C metadata=5490897f8dbec53a -C extra-filename=-0c85973e70ff5bb6 --out-dir /mnt/data1/nix/vendor/rust/cargo2nix/submodules/rust/target/debug/build/icu_properties_data-0c85973e70ff5bb6 -L dependency=/mnt/data1/nix/vendor/rust/cargo2nix/submodules/rust/target/debug/deps --cap-lints allow`
   Compiling tinyvec_macros v0.1.1
     Running `/home/mdupont/nix/vendor/rust/cargo2nix/submodules/rust/compiler/rustc_driver/simple_scanner --crate-name tinyvec_macros --edition=2018 /home/mdupont/.cargo/registry/src/index.crates.io-1949cf8c6b5b557f/tinyvec_macros-0.1.1/src/lib.rs --error-format=json --json=diagnostic-rendered-ansi,artifacts,future-incompat --crate-type lib --emit=dep-info,metadata,link -C embed-bitcode=no -C debuginfo=2 --check-cfg 'cfg(docsrs,test)' --check-cfg 'cfg(feature, values())' -C metadata=bb516871934ac6ed -C extra-filename=-df100fb683c5452e --out-dir /mnt/data1/nix/vendor/rust/cargo2nix/submodules/rust/target/debug/deps -L dependency=/mnt/data1/nix/vendor/rust/cargo2nix/submodules/rust/target/debug/deps --cap-lints allow`
WITNESS_SYMBOL: {"symbol":"simple_scanner_start","from":"main","file":"simple_scanner.rs","line":120}
SCAN_DIR: /mnt/data1/nix/vendor/rust/cargo2nix/submodules/rust/compiler/rustc_driver/scan_results
SAVED: 10 items to /mnt/data1/nix/vendor/rust/cargo2nix/submodules/rust/compiler/rustc_driver/scan_results/polonius-engine.json
WITNESS_SYMBOL: {"symbol":"simple_scanner_start","from":"main","file":"simple_scanner.rs","line":120}
WITNESS_SYMBOL: {"symbol":"simple_scanner_start","from":"main","file":"simple_scanner.rs","line":120}
SCAN_DIR: /mnt/data1/nix/vendor/rust/cargo2nix/submodules/rust/compiler/rustc_driver/scan_results
SAVED: 1 items to /mnt/data1/nix/vendor/rust/cargo2nix/submodules/rust/compiler/rustc_driver/scan_results/tinyvec_macros.json
     Running `/home/mdupont/nix/vendor/rust/cargo2nix/submodules/rust/compiler/rustc_driver/simple_scanner --crate-name num_traits --edition=2021 /home/mdupont/.cargo/registry/src/index.crates.io-1949cf8c6b5b557f/num-traits-0.2.19/src/lib.rs --error-format=json --json=diagnostic-rendered-ansi,artifacts,future-incompat --crate-type lib --emit=dep-info,metadata,link -C embed-bitcode=no -C debuginfo=2 --cfg 'feature="default"' --cfg 'feature="i128"' --cfg 'feature="std"' --check-cfg 'cfg(docsrs,test)' --check-cfg 'cfg(feature, values("default", "i128", "libm", "std"))' -C metadata=0a74846f4fea7471 -C extra-filename=-e6d0bd78a2aa48f9 --out-dir /mnt/data1/nix/vendor/rust/cargo2nix/submodules/rust/target/debug/deps -L dependency=/mnt/data1/nix/vendor/rust/cargo2nix/submodules/rust/target/debug/deps --cap-lints allow --cfg has_total_cmp --check-cfg 'cfg(has_total_cmp)'`
SCAN_DIR: /mnt/data1/nix/vendor/rust/cargo2nix/submodules/rust/compiler/rustc_driver/scan_results
SUMMARY_DIR: /mnt/data1/nix/vendor/rust/cargo2nix/submodules/rust/compiler/rustc_driver/scan_results
SUMMARY: 1 item types saved to /mnt/data1/nix/vendor/rust/cargo2nix/submodules/rust/compiler/rustc_driver/scan_results/tinyvec_macros_summary.json
SAVED: 1 items to /mnt/data1/nix/vendor/rust/cargo2nix/submodules/rust/compiler/rustc_driver/scan_results/icu_properties_data.json
SUMMARY_DIR: /mnt/data1/nix/vendor/rust/cargo2nix/submodules/rust/compiler/rustc_driver/scan_results
SUMMARY: 57 item types saved to /mnt/data1/nix/vendor/rust/cargo2nix/submodules/rust/compiler/rustc_driver/scan_results/generic-array_summary.json
WITNESS_SYMBOL: {"symbol":"simple_scanner_end","from":"main","file":"simple_scanner.rs","line":126}
SUMMARY_DIR: /mnt/data1/nix/vendor/rust/cargo2nix/submodules/rust/compiler/rustc_driver/scan_results
SUMMARY: 1 item types saved to /mnt/data1/nix/vendor/rust/cargo2nix/submodules/rust/compiler/rustc_driver/scan_results/icu_properties_data_summary.json
WITNESS_SYMBOL: {"symbol":"simple_scanner_end","from":"main","file":"simple_scanner.rs","line":126}
   Compiling tinyvec v1.9.0
     Running `/home/mdupont/nix/vendor/rust/cargo2nix/submodules/rust/compiler/rustc_driver/simple_scanner --crate-name tinyvec --edition=2018 /home/mdupont/.cargo/registry/src/index.crates.io-1949cf8c6b5b557f/tinyvec-1.9.0/src/lib.rs --error-format=json --json=diagnostic-rendered-ansi,artifacts,future-incompat --crate-type lib --emit=dep-info,metadata,link -C embed-bitcode=no -C debuginfo=2 --cfg 'feature="alloc"' --cfg 'feature="default"' --cfg 'feature="tinyvec_macros"' --check-cfg 'cfg(docsrs,test)' --check-cfg 'cfg(feature, values("alloc", "arbitrary", "borsh", "debugger_visualizer", "default", "experimental_write_impl", "generic-array", "grab_spare_slice", "latest_stable_rust", "nightly_slice_partition_dedup", "real_blackbox", "rustc_1_40", "rustc_1_55", "rustc_1_57", "rustc_1_61", "serde", "std", "tinyvec_macros"))' -C metadata=97793869b316e197 -C extra-filename=-5551a2e06015920e --out-dir /mnt/data1/nix/vendor/rust/cargo2nix/submodules/rust/target/debug/deps -L dependency=/mnt/data1/nix/vendor/rust/cargo2nix/submodules/rust/target/debug/deps --extern tinyvec_macros=/mnt/data1/nix/vendor/rust/cargo2nix/submodules/rust/target/debug/deps/libtinyvec_macros-df100fb683c5452e.rmeta --cap-lints allow`
     Running `/mnt/data1/nix/vendor/rust/cargo2nix/submodules/rust/target/debug/build/icu_normalizer_data-78bf7c3ae52e1d76/build-script-build`
WITNESS_SYMBOL: {"symbol":"simple_scanner_start","from":"main","file":"simple_scanner.rs","line":120}
   Compiling crypto-common v0.1.6
     Running `/home/mdupont/nix/vendor/rust/cargo2nix/submodules/rust/compiler/rustc_driver/simple_scanner --crate-name crypto_common --edition=2018 /home/mdupont/.cargo/registry/src/index.crates.io-1949cf8c6b5b557f/crypto-common-0.1.6/src/lib.rs --error-format=json --json=diagnostic-rendered-ansi,artifacts,future-incompat --crate-type lib --emit=dep-info,metadata,link -C embed-bitcode=no -C debuginfo=2 --cfg 'feature="std"' --check-cfg 'cfg(docsrs,test)' --check-cfg 'cfg(feature, values("getrandom", "rand_core", "std"))' -C metadata=0d9f288c6df63ba9 -C extra-filename=-577f66f921789734 --out-dir /mnt/data1/nix/vendor/rust/cargo2nix/submodules/rust/target/debug/deps -L dependency=/mnt/data1/nix/vendor/rust/cargo2nix/submodules/rust/target/debug/deps --extern generic_array=/mnt/data1/nix/vendor/rust/cargo2nix/submodules/rust/target/debug/deps/libgeneric_array-ca695b7bfca8747b.rmeta --extern typenum=/mnt/data1/nix/vendor/rust/cargo2nix/submodules/rust/target/debug/deps/libtypenum-4d1a3eaac1612dc9.rmeta --cap-lints allow`
WITNESS_SYMBOL: {"symbol":"simple_scanner_start","from":"main","file":"simple_scanner.rs","line":120}
SUMMARY_DIR: /mnt/data1/nix/vendor/rust/cargo2nix/submodules/rust/compiler/rustc_driver/scan_results
SUMMARY: 14 item types saved to /mnt/data1/nix/vendor/rust/cargo2nix/submodules/rust/compiler/rustc_driver/scan_results/aho-corasick_summary.json
SCAN_DIR: /mnt/data1/nix/vendor/rust/cargo2nix/submodules/rust/compiler/rustc_driver/scan_results
SAVED: 73 items to /mnt/data1/nix/vendor/rust/cargo2nix/submodules/rust/compiler/rustc_driver/scan_results/num-traits.json
WITNESS_SYMBOL: {"symbol":"simple_scanner_end","from":"main","file":"simple_scanner.rs","line":126}
   Compiling block-buffer v0.10.4
     Running `/home/mdupont/nix/vendor/rust/cargo2nix/submodules/rust/compiler/rustc_driver/simple_scanner --crate-name block_buffer --edition=2018 /home/mdupont/.cargo/registry/src/index.crates.io-1949cf8c6b5b557f/block-buffer-0.10.4/src/lib.rs --error-format=json --json=diagnostic-rendered-ansi,artifacts,future-incompat --crate-type lib --emit=dep-info,metadata,link -C embed-bitcode=no -C debuginfo=2 --check-cfg 'cfg(docsrs,test)' --check-cfg 'cfg(feature, values())' -C metadata=62425ff2568eeca8 -C extra-filename=-5134b00a8b4cd8c5 --out-dir /mnt/data1/nix/vendor/rust/cargo2nix/submodules/rust/target/debug/deps -L dependency=/mnt/data1/nix/vendor/rust/cargo2nix/submodules/rust/target/debug/deps --extern generic_array=/mnt/data1/nix/vendor/rust/cargo2nix/submodules/rust/target/debug/deps/libgeneric_array-ca695b7bfca8747b.rmeta --cap-lints allow`
WITNESS_SYMBOL: {"symbol":"simple_scanner_start","from":"main","file":"simple_scanner.rs","line":120}
SCAN_DIR: /mnt/data1/nix/vendor/rust/cargo2nix/submodules/rust/compiler/rustc_driver/scan_results
SAVED: 12 items to /mnt/data1/nix/vendor/rust/cargo2nix/submodules/rust/compiler/rustc_driver/scan_results/tinyvec.json
SCAN_DIR: /mnt/data1/nix/vendor/rust/cargo2nix/submodules/rust/compiler/rustc_driver/scan_results
SAVED: 32 items to /mnt/data1/nix/vendor/rust/cargo2nix/submodules/rust/compiler/rustc_driver/scan_results/crypto-common.json
WITNESS_SYMBOL: {"symbol":"simple_scanner_start","from":"main","file":"simple_scanner.rs","line":120}
WITNESS_SYMBOL: {"symbol":"simple_scanner_end","from":"main","file":"simple_scanner.rs","line":126}
     Running `/mnt/data1/nix/vendor/rust/cargo2nix/submodules/rust/target/debug/build/anyhow-49ee3f9e6bb71a7b/build-script-build`
SCAN_DIR: /mnt/data1/nix/vendor/rust/cargo2nix/submodules/rust/compiler/rustc_driver/scan_results
SAVED: 20 items to /mnt/data1/nix/vendor/rust/cargo2nix/submodules/rust/compiler/rustc_driver/scan_results/block-buffer.json
SUMMARY_DIR: /mnt/data1/nix/vendor/rust/cargo2nix/submodules/rust/compiler/rustc_driver/scan_results
SUMMARY: 32 item types saved to /mnt/data1/nix/vendor/rust/cargo2nix/submodules/rust/compiler/rustc_driver/scan_results/crypto-common_summary.json
WITNESS_SYMBOL: {"symbol":"simple_scanner_end","from":"main","file":"simple_scanner.rs","line":126}
     Running `/home/mdupont/nix/vendor/rust/cargo2nix/submodules/rust/compiler/rustc_driver/simple_scanner --crate-name icu_normalizer_data --edition=2021 /home/mdupont/.cargo/registry/src/index.crates.io-1949cf8c6b5b557f/icu_normalizer_data-2.0.0/src/lib.rs --error-format=json --json=diagnostic-rendered-ansi,artifacts,future-incompat --crate-type lib --emit=dep-info,metadata,link -C embed-bitcode=no -C debuginfo=2 --warn=unexpected_cfgs --check-cfg 'cfg(icu4x_custom_data)' --check-cfg 'cfg(docsrs,test)' --check-cfg 'cfg(feature, values())' -C metadata=f9083e06ec04f389 -C extra-filename=-710724bf650224b6 --out-dir /mnt/data1/nix/vendor/rust/cargo2nix/submodules/rust/target/debug/deps -L dependency=/mnt/data1/nix/vendor/rust/cargo2nix/submodules/rust/target/debug/deps --cap-lints allow --check-cfg 'cfg(icu4c_enable_renaming)'`
WITNESS_SYMBOL: {"symbol":"simple_scanner_end","from":"main","file":"simple_scanner.rs","line":126}
WITNESS_SYMBOL: {"symbol":"simple_scanner_end","from":"main","file":"simple_scanner.rs","line":126}
   Compiling same-file v1.0.6
     Running `/home/mdupont/nix/vendor/rust/cargo2nix/submodules/rust/compiler/rustc_driver/simple_scanner --crate-name same_file --edition=2018 /home/mdupont/.cargo/registry/src/index.crates.io-1949cf8c6b5b557f/same-file-1.0.6/src/lib.rs --error-format=json --json=diagnostic-rendered-ansi,artifacts,future-incompat --crate-type lib --emit=dep-info,metadata,link -C embed-bitcode=no -C debuginfo=2 --check-cfg 'cfg(docsrs,test)' --check-cfg 'cfg(feature, values())' -C metadata=22f6ad120d5f5c3d -C extra-filename=-7e6cb25f76624a2e --out-dir /mnt/data1/nix/vendor/rust/cargo2nix/submodules/rust/target/debug/deps -L dependency=/mnt/data1/nix/vendor/rust/cargo2nix/submodules/rust/target/debug/deps --cap-lints allow`
     Running `/mnt/data1/nix/vendor/rust/cargo2nix/submodules/rust/target/debug/build/icu_properties_data-0c85973e70ff5bb6/build-script-build`
WITNESS_SYMBOL: {"symbol":"simple_scanner_start","from":"main","file":"simple_scanner.rs","line":120}
     Running `/home/mdupont/nix/vendor/rust/cargo2nix/submodules/rust/compiler/rustc_driver/simple_scanner --crate-name icu_properties_data --edition=2021 /home/mdupont/.cargo/registry/src/index.crates.io-1949cf8c6b5b557f/icu_properties_data-2.0.1/src/lib.rs --error-format=json --json=diagnostic-rendered-ansi,artifacts,future-incompat --crate-type lib --emit=dep-info,metadata,link -C embed-bitcode=no -C debuginfo=2 --warn=unexpected_cfgs --check-cfg 'cfg(icu4x_custom_data)' --check-cfg 'cfg(docsrs,test)' --check-cfg 'cfg(feature, values())' -C metadata=ae2f0233d2f8601d -C extra-filename=-95a925229a6d4b2e --out-dir /mnt/data1/nix/vendor/rust/cargo2nix/submodules/rust/target/debug/deps -L dependency=/mnt/data1/nix/vendor/rust/cargo2nix/submodules/rust/target/debug/deps --cap-lints allow --check-cfg 'cfg(icu4c_enable_renaming)'`
SUMMARY_DIR: /mnt/data1/nix/vendor/rust/cargo2nix/submodules/rust/compiler/rustc_driver/scan_results
SUMMARY: 20 item types saved to /mnt/data1/nix/vendor/rust/cargo2nix/submodules/rust/compiler/rustc_driver/scan_results/block-buffer_summary.json
SCAN_DIR: /mnt/data1/nix/vendor/rust/cargo2nix/submodules/rust/compiler/rustc_driver/scan_results
SAVED: 2 items to /mnt/data1/nix/vendor/rust/cargo2nix/submodules/rust/compiler/rustc_driver/scan_results/icu_normalizer_data.json
WITNESS_SYMBOL: {"symbol":"simple_scanner_start","from":"main","file":"simple_scanner.rs","line":120}
WITNESS_SYMBOL: {"symbol":"simple_scanner_end","from":"main","file":"simple_scanner.rs","line":126}
SUMMARY_DIR: /mnt/data1/nix/vendor/rust/cargo2nix/submodules/rust/compiler/rustc_driver/scan_results
SUMMARY: 2 item types saved to /mnt/data1/nix/vendor/rust/cargo2nix/submodules/rust/compiler/rustc_driver/scan_results/icu_normalizer_data_summary.json
WITNESS_SYMBOL: {"symbol":"simple_scanner_start","from":"main","file":"simple_scanner.rs","line":120}
SCAN_DIR: /mnt/data1/nix/vendor/rust/cargo2nix/submodules/rust/compiler/rustc_driver/scan_results
   Compiling digest v0.10.7
     Running `/home/mdupont/nix/vendor/rust/cargo2nix/submodules/rust/compiler/rustc_driver/simple_scanner --crate-name digest --edition=2018 /home/mdupont/.cargo/registry/src/index.crates.io-1949cf8c6b5b557f/digest-0.10.7/src/lib.rs --error-format=json --json=diagnostic-rendered-ansi,artifacts,future-incompat --crate-type lib --emit=dep-info,metadata,link -C embed-bitcode=no -C debuginfo=2 --cfg 'feature="alloc"' --cfg 'feature="block-buffer"' --cfg 'feature="core-api"' --cfg 'feature="default"' --cfg 'feature="std"' --check-cfg 'cfg(docsrs,test)' --check-cfg 'cfg(feature, values("alloc", "blobby", "block-buffer", "const-oid", "core-api", "default", "dev", "mac", "oid", "rand_core", "std", "subtle"))' -C metadata=8f8c062ed5dc9d5e -C extra-filename=-2832ab3f6d42faa1 --out-dir /mnt/data1/nix/vendor/rust/cargo2nix/submodules/rust/target/debug/deps -L dependency=/mnt/data1/nix/vendor/rust/cargo2nix/submodules/rust/target/debug/deps --extern block_buffer=/mnt/data1/nix/vendor/rust/cargo2nix/submodules/rust/target/debug/deps/libblock_buffer-5134b00a8b4cd8c5.rmeta --extern crypto_common=/mnt/data1/nix/vendor/rust/cargo2nix/submodules/rust/target/debug/deps/libcrypto_common-577f66f921789734.rmeta --cap-lints allow`
SAVED: 14 items to /mnt/data1/nix/vendor/rust/cargo2nix/submodules/rust/compiler/rustc_driver/scan_results/same-file.json
SCAN_DIR: /mnt/data1/nix/vendor/rust/cargo2nix/submodules/rust/compiler/rustc_driver/scan_results
SAVED: 2 items to /mnt/data1/nix/vendor/rust/cargo2nix/submodules/rust/compiler/rustc_driver/scan_results/icu_properties_data.json
WITNESS_SYMBOL: {"symbol":"simple_scanner_end","from":"main","file":"simple_scanner.rs","line":126}
   Compiling is_terminal_polyfill v1.70.1
     Running `/home/mdupont/nix/vendor/rust/cargo2nix/submodules/rust/compiler/rustc_driver/simple_scanner --crate-name is_terminal_polyfill --edition=2021 /home/mdupont/.cargo/registry/src/index.crates.io-1949cf8c6b5b557f/is_terminal_polyfill-1.70.1/src/lib.rs --error-format=json --json=diagnostic-rendered-ansi,artifacts,future-incompat --crate-type lib --emit=dep-info,metadata,link -C embed-bitcode=no -C debuginfo=2 '--warn=clippy::zero_sized_map_values' '--warn=clippy::wildcard_imports' '--warn=clippy::verbose_file_reads' --warn=unused_qualifications --warn=unused_macro_rules --warn=unused_lifetimes --warn=unsafe_op_in_unsafe_fn --warn=unreachable_pub '--warn=clippy::trait_duplication_in_bounds' '--warn=clippy::todo' '--warn=clippy::string_to_string' '--warn=clippy::string_lit_as_bytes' '--warn=clippy::string_add_assign' '--warn=clippy::string_add' '--warn=clippy::str_to_string' '--warn=clippy::single_match_else' '--warn=clippy::semicolon_if_nothing_returned' '--warn=clippy::self_named_module_files' '--warn=clippy::same_functions_in_if_condition' --warn=rust_2018_idioms '--warn=clippy::rest_pat_in_fully_bound_structs' '--warn=clippy::ref_option_ref' '--warn=clippy::redundant_feature_names' '--warn=clippy::rc_mutex' '--warn=clippy::ptr_as_ptr' '--warn=clippy::path_buf_push_overwrite' '--warn=clippy::negative_feature_names' '--warn=clippy::needless_for_each' '--warn=clippy::needless_continue' '--warn=clippy::mutex_integer' '--warn=clippy::mem_forget' '--warn=clippy::match_wildcard_for_single_variants' '--warn=clippy::macro_use_imports' '--warn=clippy::lossy_float_literal' '--warn=clippy::linkedlist' '--allow=clippy::let_and_return' '--warn=clippy::large_types_passed_by_value' '--warn=clippy::large_stack_arrays' '--warn=clippy::large_digit_groups' '--warn=clippy::invalid_upcast_comparisons' '--warn=clippy::infinite_loop' '--warn=clippy::inefficient_to_string' '--warn=clippy::inconsistent_struct_constructor' '--warn=clippy::imprecise_flops' '--warn=clippy::implicit_clone' '--allow=clippy::if_same_then_else' '--warn=clippy::from_iter_instead_of_collect' '--warn=clippy::fn_params_excessive_bools' '--warn=clippy::float_cmp_const' '--warn=clippy::flat_map_option' '--warn=clippy::filter_map_next' '--warn=clippy::fallible_impl_from' '--warn=clippy::explicit_into_iter_loop' '--warn=clippy::explicit_deref_methods' '--warn=clippy::expl_impl_clone_on_copy' '--warn=clippy::enum_glob_use' '--warn=clippy::empty_enum' '--warn=clippy::doc_markdown' '--warn=clippy::debug_assert_with_mut_call' '--warn=clippy::dbg_macro' '--warn=clippy::create_dir' '--allow=clippy::collapsible_else_if' '--warn=clippy::checked_conversions' '--allow=clippy::branches_sharing_code' '--allow=clippy::bool_assert_comparison' --cfg 'feature="default"' --check-cfg 'cfg(docsrs,test)' --check-cfg 'cfg(feature, values("default"))' -C metadata=b0eb7ca1f1200280 -C extra-filename=-762168ca127226ff --out-dir /mnt/data1/nix/vendor/rust/cargo2nix/submodules/rust/target/debug/deps -L dependency=/mnt/data1/nix/vendor/rust/cargo2nix/submodules/rust/target/debug/deps --cap-lints allow`
WITNESS_SYMBOL: {"symbol":"simple_scanner_start","from":"main","file":"simple_scanner.rs","line":120}
SUMMARY_DIR: /mnt/data1/nix/vendor/rust/cargo2nix/submodules/rust/compiler/rustc_driver/scan_results
SUMMARY: 4 item types saved to /mnt/data1/nix/vendor/rust/cargo2nix/submodules/rust/compiler/rustc_driver/scan_results/libc_summary.json
SUMMARY_DIR: /mnt/data1/nix/vendor/rust/cargo2nix/submodules/rust/compiler/rustc_driver/scan_results
SUMMARY: 14 item types saved to /mnt/data1/nix/vendor/rust/cargo2nix/submodules/rust/compiler/rustc_driver/scan_results/same-file_summary.json
SCAN_DIR: /mnt/data1/nix/vendor/rust/cargo2nix/submodules/rust/compiler/rustc_driver/scan_results
SUMMARY_DIR: /mnt/data1/nix/vendor/rust/cargo2nix/submodules/rust/compiler/rustc_driver/scan_results
SUMMARY: 22 item types saved to /mnt/data1/nix/vendor/rust/cargo2nix/submodules/rust/compiler/rustc_driver/scan_results/flate2_summary.json
WITNESS_SYMBOL: {"symbol":"simple_scanner_end","from":"main","file":"simple_scanner.rs","line":126}
SAVED: 30 items to /mnt/data1/nix/vendor/rust/cargo2nix/submodules/rust/compiler/rustc_driver/scan_results/digest.json
WITNESS_SYMBOL: {"symbol":"simple_scanner_start","from":"main","file":"simple_scanner.rs","line":120}
   Compiling walkdir v2.5.0
     Running `/home/mdupont/nix/vendor/rust/cargo2nix/submodules/rust/compiler/rustc_driver/simple_scanner --crate-name walkdir --edition=2018 /home/mdupont/.cargo/registry/src/index.crates.io-1949cf8c6b5b557f/walkdir-2.5.0/src/lib.rs --error-format=json --json=diagnostic-rendered-ansi,artifacts,future-incompat --crate-type lib --emit=dep-info,metadata,link -C embed-bitcode=no -C debuginfo=2 --check-cfg 'cfg(docsrs,test)' --check-cfg 'cfg(feature, values())' -C metadata=345beca7c4e3142e -C extra-filename=-b45cc7a5574640d8 --out-dir /mnt/data1/nix/vendor/rust/cargo2nix/submodules/rust/target/debug/deps -L dependency=/mnt/data1/nix/vendor/rust/cargo2nix/submodules/rust/target/debug/deps --extern same_file=/mnt/data1/nix/vendor/rust/cargo2nix/submodules/rust/target/debug/deps/libsame_file-7e6cb25f76624a2e.rmeta --cap-lints allow`
SCAN_DIR: /mnt/data1/nix/vendor/rust/cargo2nix/submodules/rust/compiler/rustc_driver/scan_results
SUMMARY_DIR: /mnt/data1/nix/vendor/rust/cargo2nix/submodules/rust/compiler/rustc_driver/scan_results
SUMMARY: 16 item types saved to /mnt/data1/nix/vendor/rust/cargo2nix/submodules/rust/compiler/rustc_driver/scan_results/ruzstd_summary.json
SAVED: 4 items to /mnt/data1/nix/vendor/rust/cargo2nix/submodules/rust/compiler/rustc_driver/scan_results/is_terminal_polyfill.json
SUMMARY_DIR: /mnt/data1/nix/vendor/rust/cargo2nix/submodules/rust/compiler/rustc_driver/scan_results
SUMMARY: 4 item types saved to /mnt/data1/nix/vendor/rust/cargo2nix/submodules/rust/compiler/rustc_driver/scan_results/is_terminal_polyfill_summary.json
     Running `/home/mdupont/nix/vendor/rust/cargo2nix/submodules/rust/compiler/rustc_driver/simple_scanner --crate-name anyhow --edition=2018 /home/mdupont/.cargo/registry/src/index.crates.io-1949cf8c6b5b557f/anyhow-1.0.99/src/lib.rs --error-format=json --json=diagnostic-rendered-ansi,artifacts,future-incompat --crate-type lib --emit=dep-info,metadata,link -C embed-bitcode=no -C debuginfo=2 --cfg 'feature="default"' --cfg 'feature="std"' --check-cfg 'cfg(docsrs,test)' --check-cfg 'cfg(feature, values("backtrace", "default", "std"))' -C metadata=f7e286d812900842 -C extra-filename=-87134d7cf89df545 --out-dir /mnt/data1/nix/vendor/rust/cargo2nix/submodules/rust/target/debug/deps -L dependency=/mnt/data1/nix/vendor/rust/cargo2nix/submodules/rust/target/debug/deps --cap-lints allow --cfg std_backtrace --cfg error_generic_member_access --check-cfg 'cfg(anyhow_build_probe)' --check-cfg 'cfg(anyhow_nightly_testing)' --check-cfg 'cfg(anyhow_no_core_error)' --check-cfg 'cfg(anyhow_no_core_unwind_safe)' --check-cfg 'cfg(anyhow_no_fmt_arguments_as_str)' --check-cfg 'cfg(anyhow_no_ptr_addr_of)' --check-cfg 'cfg(anyhow_no_unsafe_op_in_unsafe_fn_lint)' --check-cfg 'cfg(error_generic_member_access)' --check-cfg 'cfg(std_backtrace)'`
SUMMARY_DIR: /mnt/data1/nix/vendor/rust/cargo2nix/submodules/rust/compiler/rustc_driver/scan_results
SUMMARY: 2 item types saved to /mnt/data1/nix/vendor/rust/cargo2nix/submodules/rust/compiler/rustc_driver/scan_results/icu_properties_data_summary.json
WITNESS_SYMBOL: {"symbol":"simple_scanner_end","from":"main","file":"simple_scanner.rs","line":126}
WITNESS_SYMBOL: {"symbol":"simple_scanner_start","from":"main","file":"simple_scanner.rs","line":120}
   Compiling anstyle-query v1.1.4
     Running `/home/mdupont/nix/vendor/rust/cargo2nix/submodules/rust/compiler/rustc_driver/simple_scanner --crate-name anstyle_query --edition=2021 /home/mdupont/.cargo/registry/src/index.crates.io-1949cf8c6b5b557f/anstyle-query-1.1.4/src/lib.rs --error-format=json --json=diagnostic-rendered-ansi,artifacts,future-incompat --crate-type lib --emit=dep-info,metadata,link -C embed-bitcode=no -C debuginfo=2 --warn=rust_2018_idioms '--warn=clippy::zero_sized_map_values' '--warn=clippy::wildcard_imports' '--warn=clippy::verbose_file_reads' --warn=unused_qualifications --warn=unused_macro_rules --warn=unused_lifetimes --warn=unsafe_op_in_unsafe_fn --warn=unreachable_pub --warn=unnameable_types '--warn=clippy::uninlined_format_args' '--warn=clippy::trait_duplication_in_bounds' '--warn=clippy::todo' '--warn=clippy::string_to_string' '--warn=clippy::string_lit_as_bytes' '--warn=clippy::string_add_assign' '--warn=clippy::string_add' '--warn=clippy::str_to_string' '--warn=clippy::semicolon_if_nothing_returned' '--warn=clippy::self_named_module_files' '--warn=clippy::same_functions_in_if_condition' '--allow=clippy::result_large_err' '--warn=clippy::rest_pat_in_fully_bound_structs' '--warn=clippy::ref_option_ref' '--warn=clippy::redundant_feature_names' '--warn=clippy::rc_mutex' '--warn=clippy::ptr_as_ptr' '--warn=clippy::path_buf_push_overwrite' '--warn=clippy::negative_feature_names' '--warn=clippy::needless_for_each' '--allow=clippy::needless_continue' '--warn=clippy::mutex_integer' '--warn=clippy::mem_forget' '--warn=clippy::macro_use_imports' '--warn=clippy::lossy_float_literal' '--warn=clippy::linkedlist' '--allow=clippy::let_and_return' '--warn=clippy::large_types_passed_by_value' '--warn=clippy::large_stack_arrays' '--warn=clippy::large_digit_groups' '--warn=clippy::invalid_upcast_comparisons' '--warn=clippy::infinite_loop' '--warn=clippy::inefficient_to_string' '--warn=clippy::inconsistent_struct_constructor' '--warn=clippy::imprecise_flops' '--warn=clippy::implicit_clone' '--allow=clippy::if_same_then_else' '--warn=clippy::from_iter_instead_of_collect' '--warn=clippy::fn_params_excessive_bools' '--warn=clippy::float_cmp_const' '--warn=clippy::flat_map_option' '--warn=clippy::filter_map_next' '--warn=clippy::fallible_impl_from' '--warn=clippy::explicit_into_iter_loop' '--warn=clippy::explicit_deref_methods' '--warn=clippy::expl_impl_clone_on_copy' '--warn=clippy::enum_glob_use' '--warn=clippy::empty_enum' '--warn=clippy::doc_markdown' '--warn=clippy::debug_assert_with_mut_call' '--warn=clippy::dbg_macro' '--warn=clippy::create_dir' '--allow=clippy::collapsible_else_if' '--warn=clippy::checked_conversions' '--allow=clippy::branches_sharing_code' '--allow=clippy::bool_assert_comparison' --check-cfg 'cfg(docsrs,test)' --check-cfg 'cfg(feature, values())' -C metadata=b92054c1cac0f2b5 -C extra-filename=-c96bec766f4c2c31 --out-dir /mnt/data1/nix/vendor/rust/cargo2nix/submodules/rust/target/debug/deps -L dependency=/mnt/data1/nix/vendor/rust/cargo2nix/submodules/rust/target/debug/deps --cap-lints allow`
WITNESS_SYMBOL: {"symbol":"simple_scanner_end","from":"main","file":"simple_scanner.rs","line":126}
SCAN_DIR: /mnt/data1/nix/vendor/rust/cargo2nix/submodules/rust/compiler/rustc_driver/scan_results
WITNESS_SYMBOL: {"symbol":"simple_scanner_start","from":"main","file":"simple_scanner.rs","line":120}
SAVED: 37 items to /mnt/data1/nix/vendor/rust/cargo2nix/submodules/rust/compiler/rustc_driver/scan_results/walkdir.json
   Compiling camino v1.1.11
     Running `/home/mdupont/nix/vendor/rust/cargo2nix/submodules/rust/compiler/rustc_driver/simple_scanner --crate-name build_script_build --edition=2018 /home/mdupont/.cargo/registry/src/index.crates.io-1949cf8c6b5b557f/camino-1.1.11/build.rs --error-format=json --json=diagnostic-rendered-ansi,artifacts,future-incompat --crate-type bin --emit=dep-info,link -C embed-bitcode=no --cfg 'feature="serde"' --cfg 'feature="serde1"' --check-cfg 'cfg(docsrs,test)' --check-cfg 'cfg(feature, values("proptest", "proptest1", "serde", "serde1"))' -C metadata=35970573a63071a5 -C extra-filename=-4ff44f74dc90cf55 --out-dir /mnt/data1/nix/vendor/rust/cargo2nix/submodules/rust/target/debug/build/camino-4ff44f74dc90cf55 -L dependency=/mnt/data1/nix/vendor/rust/cargo2nix/submodules/rust/target/debug/deps --cap-lints allow`
SCAN_DIR: /mnt/data1/nix/vendor/rust/cargo2nix/submodules/rust/compiler/rustc_driver/scan_results
SUMMARY_DIR: /mnt/data1/nix/vendor/rust/cargo2nix/submodules/rust/compiler/rustc_driver/scan_results
WITNESS_SYMBOL: {"symbol":"simple_scanner_end","from":"main","file":"simple_scanner.rs","line":126}
SAVED: 28 items to /mnt/data1/nix/vendor/rust/cargo2nix/submodules/rust/compiler/rustc_driver/scan_results/anyhow.json
SUMMARY: 10 item types saved to /mnt/data1/nix/vendor/rust/cargo2nix/submodules/rust/compiler/rustc_driver/scan_results/polonius-engine_summary.json
   Compiling colorchoice v1.0.4
WITNESS_SYMBOL: {"symbol":"simple_scanner_start","from":"main","file":"simple_scanner.rs","line":120}
     Running `/home/mdupont/nix/vendor/rust/cargo2nix/submodules/rust/compiler/rustc_driver/simple_scanner --crate-name colorchoice --edition=2021 /home/mdupont/.cargo/registry/src/index.crates.io-1949cf8c6b5b557f/colorchoice-1.0.4/src/lib.rs --error-format=json --json=diagnostic-rendered-ansi,artifacts,future-incompat --crate-type lib --emit=dep-info,metadata,link -C embed-bitcode=no -C debuginfo=2 --warn=rust_2018_idioms '--warn=clippy::zero_sized_map_values' '--warn=clippy::wildcard_imports' '--warn=clippy::verbose_file_reads' --warn=unused_qualifications --warn=unused_macro_rules --warn=unused_lifetimes --warn=unsafe_op_in_unsafe_fn --warn=unreachable_pub --warn=unnameable_types '--warn=clippy::uninlined_format_args' '--warn=clippy::trait_duplication_in_bounds' '--warn=clippy::todo' '--warn=clippy::string_to_string' '--warn=clippy::string_lit_as_bytes' '--warn=clippy::string_add_assign' '--warn=clippy::string_add' '--warn=clippy::str_to_string' '--warn=clippy::semicolon_if_nothing_returned' '--warn=clippy::self_named_module_files' '--warn=clippy::same_functions_in_if_condition' '--allow=clippy::result_large_err' '--warn=clippy::rest_pat_in_fully_bound_structs' '--warn=clippy::ref_option_ref' '--warn=clippy::redundant_feature_names' '--warn=clippy::rc_mutex' '--warn=clippy::ptr_as_ptr' '--warn=clippy::path_buf_push_overwrite' '--warn=clippy::negative_feature_names' '--warn=clippy::needless_for_each' '--allow=clippy::needless_continue' '--warn=clippy::mutex_integer' '--warn=clippy::mem_forget' '--warn=clippy::macro_use_imports' '--warn=clippy::lossy_float_literal' '--warn=clippy::linkedlist' '--allow=clippy::let_and_return' '--warn=clippy::large_types_passed_by_value' '--warn=clippy::large_stack_arrays' '--warn=clippy::large_digit_groups' '--warn=clippy::invalid_upcast_comparisons' '--warn=clippy::infinite_loop' '--warn=clippy::inefficient_to_string' '--warn=clippy::inconsistent_struct_constructor' '--warn=clippy::imprecise_flops' '--warn=clippy::implicit_clone' '--allow=clippy::if_same_then_else' '--warn=clippy::from_iter_instead_of_collect' '--warn=clippy::fn_params_excessive_bools' '--warn=clippy::float_cmp_const' '--warn=clippy::flat_map_option' '--warn=clippy::filter_map_next' '--warn=clippy::fallible_impl_from' '--warn=clippy::explicit_into_iter_loop' '--warn=clippy::explicit_deref_methods' '--warn=clippy::expl_impl_clone_on_copy' '--warn=clippy::enum_glob_use' '--warn=clippy::empty_enum' '--warn=clippy::doc_markdown' '--warn=clippy::debug_assert_with_mut_call' '--warn=clippy::dbg_macro' '--warn=clippy::create_dir' '--allow=clippy::collapsible_else_if' '--warn=clippy::checked_conversions' '--allow=clippy::branches_sharing_code' '--allow=clippy::bool_assert_comparison' --check-cfg 'cfg(docsrs,test)' --check-cfg 'cfg(feature, values())' -C metadata=337b46478175de47 -C extra-filename=-f1d75f1f51e02938 --out-dir /mnt/data1/nix/vendor/rust/cargo2nix/submodules/rust/target/debug/deps -L dependency=/mnt/data1/nix/vendor/rust/cargo2nix/submodules/rust/target/debug/deps --cap-lints allow`
WITNESS_SYMBOL: {"symbol":"simple_scanner_end","from":"main","file":"simple_scanner.rs","line":126}
WITNESS_SYMBOL: {"symbol":"simple_scanner_start","from":"main","file":"simple_scanner.rs","line":120}
SCAN_DIR: /mnt/data1/nix/vendor/rust/cargo2nix/submodules/rust/compiler/rustc_driver/scan_results
SAVED: 5 items to /mnt/data1/nix/vendor/rust/cargo2nix/submodules/rust/compiler/rustc_driver/scan_results/camino.json
   Compiling percent-encoding v2.3.1
     Running `/home/mdupont/nix/vendor/rust/cargo2nix/submodules/rust/compiler/rustc_driver/simple_scanner --crate-name percent_encoding --edition=2018 /home/mdupont/.cargo/registry/src/index.crates.io-1949cf8c6b5b557f/percent-encoding-2.3.1/src/lib.rs --error-format=json --json=diagnostic-rendered-ansi,artifacts,future-incompat --crate-type lib --emit=dep-info,metadata,link -C embed-bitcode=no -C debuginfo=2 --cfg 'feature="alloc"' --cfg 'feature="std"' --check-cfg 'cfg(docsrs,test)' --check-cfg 'cfg(feature, values("alloc", "default", "std"))' -C metadata=d7746a007d80b2ff -C extra-filename=-8bacd4e301257c0e --out-dir /mnt/data1/nix/vendor/rust/cargo2nix/submodules/rust/target/debug/deps -L dependency=/mnt/data1/nix/vendor/rust/cargo2nix/submodules/rust/target/debug/deps --cap-lints allow`
SCAN_DIR: /mnt/data1/nix/vendor/rust/cargo2nix/submodules/rust/compiler/rustc_driver/scan_results
SAVED: 11 items to /mnt/data1/nix/vendor/rust/cargo2nix/submodules/rust/compiler/rustc_driver/scan_results/anstyle-query.json
WITNESS_SYMBOL: {"symbol":"simple_scanner_start","from":"main","file":"simple_scanner.rs","line":120}
SUMMARY_DIR: /mnt/data1/nix/vendor/rust/cargo2nix/submodules/rust/compiler/rustc_driver/scan_results
SUMMARY: 26 item types saved to /mnt/data1/nix/vendor/rust/cargo2nix/submodules/rust/compiler/rustc_driver/scan_results/rustc_apfloat_summary.json
SUMMARY_DIR: /mnt/data1/nix/vendor/rust/cargo2nix/submodules/rust/compiler/rustc_driver/scan_results
SUMMARY: 11 item types saved to /mnt/data1/nix/vendor/rust/cargo2nix/submodules/rust/compiler/rustc_driver/scan_results/anstyle-query_summary.json
SCAN_DIR: /mnt/data1/nix/vendor/rust/cargo2nix/submodules/rust/compiler/rustc_driver/scan_results
WITNESS_SYMBOL: {"symbol":"simple_scanner_end","from":"main","file":"simple_scanner.rs","line":126}
SAVED: 10 items to /mnt/data1/nix/vendor/rust/cargo2nix/submodules/rust/compiler/rustc_driver/scan_results/colorchoice.json
WITNESS_SYMBOL: {"symbol":"simple_scanner_start","from":"main","file":"simple_scanner.rs","line":120}
SUMMARY_DIR: /mnt/data1/nix/vendor/rust/cargo2nix/submodules/rust/compiler/rustc_driver/scan_results
SUMMARY: 5 item types saved to /mnt/data1/nix/vendor/rust/cargo2nix/submodules/rust/compiler/rustc_driver/scan_results/camino_summary.json
SUMMARY_DIR: /mnt/data1/nix/vendor/rust/cargo2nix/submodules/rust/compiler/rustc_driver/scan_results
SUMMARY: 30 item types saved to /mnt/data1/nix/vendor/rust/cargo2nix/submodules/rust/compiler/rustc_driver/scan_results/digest_summary.json
SUMMARY_DIR: /mnt/data1/nix/vendor/rust/cargo2nix/submodules/rust/compiler/rustc_driver/scan_results
SUMMARY: 22 item types saved to /mnt/data1/nix/vendor/rust/cargo2nix/submodules/rust/compiler/rustc_driver/scan_results/regex-syntax_summary.json
   Compiling thiserror v1.0.69
     Running `/home/mdupont/nix/vendor/rust/cargo2nix/submodules/rust/compiler/rustc_driver/simple_scanner --crate-name build_script_build --edition=2021 /home/mdupont/.cargo/registry/src/index.crates.io-1949cf8c6b5b557f/thiserror-1.0.69/build.rs --error-format=json --json=diagnostic-rendered-ansi,artifacts,future-incompat --crate-type bin --emit=dep-info,link -C embed-bitcode=no --check-cfg 'cfg(docsrs,test)' --check-cfg 'cfg(feature, values())' -C metadata=aa0bd8ec310a8511 -C extra-filename=-a532691b25010fbc --out-dir /mnt/data1/nix/vendor/rust/cargo2nix/submodules/rust/target/debug/build/thiserror-a532691b25010fbc -L dependency=/mnt/data1/nix/vendor/rust/cargo2nix/submodules/rust/target/debug/deps --cap-lints allow`
WITNESS_SYMBOL: {"symbol":"simple_scanner_end","from":"main","file":"simple_scanner.rs","line":126}
SCAN_DIR: /mnt/data1/nix/vendor/rust/cargo2nix/submodules/rust/compiler/rustc_driver/scan_results
SUMMARY_DIR: /mnt/data1/nix/vendor/rust/cargo2nix/submodules/rust/compiler/rustc_driver/scan_results
SUMMARY: 10 item types saved to /mnt/data1/nix/vendor/rust/cargo2nix/submodules/rust/compiler/rustc_driver/scan_results/colorchoice_summary.json
SAVED: 28 items to /mnt/data1/nix/vendor/rust/cargo2nix/submodules/rust/compiler/rustc_driver/scan_results/percent-encoding.json
     Running `/home/mdupont/nix/vendor/rust/cargo2nix/submodules/rust/compiler/rustc_driver/simple_scanner --crate-name parking_lot_core --edition=2021 /home/mdupont/.cargo/registry/src/index.crates.io-1949cf8c6b5b557f/parking_lot_core-0.9.11/src/lib.rs --error-format=json --json=diagnostic-rendered-ansi,artifacts,future-incompat --crate-type lib --emit=dep-info,metadata,link -C embed-bitcode=no -C debuginfo=2 --check-cfg 'cfg(docsrs,test)' --check-cfg 'cfg(feature, values("backtrace", "deadlock_detection", "nightly", "petgraph", "thread-id"))' -C metadata=7d7fb5308a60e4e2 -C extra-filename=-da8e66df61ae479d --out-dir /mnt/data1/nix/vendor/rust/cargo2nix/submodules/rust/target/debug/deps -L dependency=/mnt/data1/nix/vendor/rust/cargo2nix/submodules/rust/target/debug/deps --extern cfg_if=/mnt/data1/nix/vendor/rust/cargo2nix/submodules/rust/target/debug/deps/libcfg_if-03c73dea748456e6.rmeta --extern libc=/mnt/data1/nix/vendor/rust/cargo2nix/submodules/rust/target/debug/deps/liblibc-ea591502e5075e1d.rmeta --extern smallvec=/mnt/data1/nix/vendor/rust/cargo2nix/submodules/rust/target/debug/deps/libsmallvec-fe86491e01b8f91d.rmeta --cap-lints allow --check-cfg 'cfg(tsan_enabled)'`
WITNESS_SYMBOL: {"symbol":"simple_scanner_end","from":"main","file":"simple_scanner.rs","line":126}
WITNESS_SYMBOL: {"symbol":"simple_scanner_start","from":"main","file":"simple_scanner.rs","line":120}
WITNESS_SYMBOL: {"symbol":"simple_scanner_end","from":"main","file":"simple_scanner.rs","line":126}
     Running `/home/mdupont/nix/vendor/rust/cargo2nix/submodules/rust/compiler/rustc_driver/simple_scanner --crate-name getrandom --edition=2021 /home/mdupont/.cargo/registry/src/index.crates.io-1949cf8c6b5b557f/getrandom-0.3.3/src/lib.rs --error-format=json --json=diagnostic-rendered-ansi,artifacts,future-incompat --crate-type lib --emit=dep-info,metadata,link -C embed-bitcode=no -C debuginfo=2 --warn=unexpected_cfgs --check-cfg 'cfg(getrandom_backend, values("custom", "efi_rng", "rdrand", "rndr", "linux_getrandom", "linux_raw", "wasm_js"))' --check-cfg 'cfg(getrandom_msan)' --check-cfg 'cfg(getrandom_windows_legacy)' --check-cfg 'cfg(getrandom_test_linux_fallback)' --check-cfg 'cfg(getrandom_test_linux_without_fallback)' --check-cfg 'cfg(getrandom_test_netbsd_fallback)' --check-cfg 'cfg(target_os, values("cygwin"))' --cfg 'feature="std"' --check-cfg 'cfg(docsrs,test)' --check-cfg 'cfg(feature, values("rustc-dep-of-std", "std", "wasm_js"))' -C metadata=7de72604f9d90b17 -C extra-filename=-c934994e37decbcc --out-dir /mnt/data1/nix/vendor/rust/cargo2nix/submodules/rust/target/debug/deps -L dependency=/mnt/data1/nix/vendor/rust/cargo2nix/submodules/rust/target/debug/deps --extern cfg_if=/mnt/data1/nix/vendor/rust/cargo2nix/submodules/rust/target/debug/deps/libcfg_if-03c73dea748456e6.rmeta --extern libc=/mnt/data1/nix/vendor/rust/cargo2nix/submodules/rust/target/debug/deps/liblibc-ea591502e5075e1d.rmeta --cap-lints allow`
SUMMARY_DIR: /mnt/data1/nix/vendor/rust/cargo2nix/submodules/rust/compiler/rustc_driver/scan_results
SUMMARY: 37 item types saved to /mnt/data1/nix/vendor/rust/cargo2nix/submodules/rust/compiler/rustc_driver/scan_results/walkdir_summary.json
SUMMARY_DIR: /mnt/data1/nix/vendor/rust/cargo2nix/submodules/rust/compiler/rustc_driver/scan_results
SUMMARY: 55 item types saved to /mnt/data1/nix/vendor/rust/cargo2nix/submodules/rust/compiler/rustc_driver/scan_results/rustc_thread_pool_summary.json
   Compiling sha2 v0.10.9
     Running `/home/mdupont/nix/vendor/rust/cargo2nix/submodules/rust/compiler/rustc_driver/simple_scanner --crate-name sha2 --edition=2018 /home/mdupont/.cargo/registry/src/index.crates.io-1949cf8c6b5b557f/sha2-0.10.9/src/lib.rs --error-format=json --json=diagnostic-rendered-ansi,artifacts,future-incompat --crate-type lib --emit=dep-info,metadata,link -C embed-bitcode=no -C debuginfo=2 --cfg 'feature="default"' --cfg 'feature="std"' --check-cfg 'cfg(docsrs,test)' --check-cfg 'cfg(feature, values("asm", "asm-aarch64", "compress", "default", "force-soft", "force-soft-compact", "loongarch64_asm", "oid", "sha2-asm", "std"))' -C metadata=8f37b8754bf23cd5 -C extra-filename=-85b9f2b68ed7e130 --out-dir /mnt/data1/nix/vendor/rust/cargo2nix/submodules/rust/target/debug/deps -L dependency=/mnt/data1/nix/vendor/rust/cargo2nix/submodules/rust/target/debug/deps --extern cfg_if=/mnt/data1/nix/vendor/rust/cargo2nix/submodules/rust/target/debug/deps/libcfg_if-03c73dea748456e6.rmeta --extern cpufeatures=/mnt/data1/nix/vendor/rust/cargo2nix/submodules/rust/target/debug/deps/libcpufeatures-07f7ca30658eada8.rmeta --extern digest=/mnt/data1/nix/vendor/rust/cargo2nix/submodules/rust/target/debug/deps/libdigest-2832ab3f6d42faa1.rmeta --cap-lints allow`
WITNESS_SYMBOL: {"symbol":"simple_scanner_start","from":"main","file":"simple_scanner.rs","line":120}
SCAN_DIR: /mnt/data1/nix/vendor/rust/cargo2nix/submodules/rust/compiler/rustc_driver/scan_results
SAVED: 10 items to /mnt/data1/nix/vendor/rust/cargo2nix/submodules/rust/compiler/rustc_driver/scan_results/thiserror.json
SCAN_DIR: /mnt/data1/nix/vendor/rust/cargo2nix/submodules/rust/compiler/rustc_driver/scan_results
WITNESS_SYMBOL: {"symbol":"simple_scanner_start","from":"main","file":"simple_scanner.rs","line":120}
WITNESS_SYMBOL: {"symbol":"simple_scanner_start","from":"main","file":"simple_scanner.rs","line":120}
SAVED: 10 items to /mnt/data1/nix/vendor/rust/cargo2nix/submodules/rust/compiler/rustc_driver/scan_results/parking_lot_core.json
SCAN_DIR: /mnt/data1/nix/vendor/rust/cargo2nix/submodules/rust/compiler/rustc_driver/scan_results
SAVED: 11 items to /mnt/data1/nix/vendor/rust/cargo2nix/submodules/rust/compiler/rustc_driver/scan_results/getrandom.json
SUMMARY_DIR: /mnt/data1/nix/vendor/rust/cargo2nix/submodules/rust/compiler/rustc_driver/scan_results
SCAN_DIR: /mnt/data1/nix/vendor/rust/cargo2nix/submodules/rust/compiler/rustc_driver/scan_results
SUMMARY: 28 item types saved to /mnt/data1/nix/vendor/rust/cargo2nix/submodules/rust/compiler/rustc_driver/scan_results/percent-encoding_summary.json
SAVED: 22 items to /mnt/data1/nix/vendor/rust/cargo2nix/submodules/rust/compiler/rustc_driver/scan_results/sha2.json
WITNESS_SYMBOL: {"symbol":"simple_scanner_end","from":"main","file":"simple_scanner.rs","line":126}
SUMMARY_DIR: /mnt/data1/nix/vendor/rust/cargo2nix/submodules/rust/compiler/rustc_driver/scan_results
SUMMARY: 28 item types saved to /mnt/data1/nix/vendor/rust/cargo2nix/submodules/rust/compiler/rustc_driver/scan_results/anyhow_summary.json
WITNESS_SYMBOL: {"symbol":"simple_scanner_end","from":"main","file":"simple_scanner.rs","line":126}
   Compiling memmap2 v0.2.3
     Running `/home/mdupont/nix/vendor/rust/cargo2nix/submodules/rust/compiler/rustc_driver/simple_scanner --crate-name memmap2 --edition=2018 /home/mdupont/.cargo/registry/src/index.crates.io-1949cf8c6b5b557f/memmap2-0.2.3/src/lib.rs --error-format=json --json=diagnostic-rendered-ansi,artifacts,future-incompat --crate-type lib --emit=dep-info,metadata,link -C embed-bitcode=no -C debuginfo=2 --check-cfg 'cfg(docsrs,test)' --check-cfg 'cfg(feature, values())' -C metadata=7582bf587999ad56 -C extra-filename=-63be23c20429f94f --out-dir /mnt/data1/nix/vendor/rust/cargo2nix/submodules/rust/target/debug/deps -L dependency=/mnt/data1/nix/vendor/rust/cargo2nix/submodules/rust/target/debug/deps --extern libc=/mnt/data1/nix/vendor/rust/cargo2nix/submodules/rust/target/debug/deps/liblibc-ea591502e5075e1d.rmeta --cap-lints allow`
SUMMARY_DIR: /mnt/data1/nix/vendor/rust/cargo2nix/submodules/rust/compiler/rustc_driver/scan_results
SUMMARY: 10 item types saved to /mnt/data1/nix/vendor/rust/cargo2nix/submodules/rust/compiler/rustc_driver/scan_results/thiserror_summary.json
   Compiling perf-event-open-sys v3.0.0
     Running `/home/mdupont/nix/vendor/rust/cargo2nix/submodules/rust/compiler/rustc_driver/simple_scanner --crate-name perf_event_open_sys --edition=2018 /home/mdupont/.cargo/registry/src/index.crates.io-1949cf8c6b5b557f/perf-event-open-sys-3.0.0/src/lib.rs --error-format=json --json=diagnostic-rendered-ansi,artifacts,future-incompat --crate-type lib --emit=dep-info,metadata,link -C embed-bitcode=no -C debuginfo=2 --check-cfg 'cfg(docsrs,test)' --check-cfg 'cfg(feature, values())' -C metadata=6a1ca5a72a17917b -C extra-filename=-358f6464307d8c21 --out-dir /mnt/data1/nix/vendor/rust/cargo2nix/submodules/rust/target/debug/deps -L dependency=/mnt/data1/nix/vendor/rust/cargo2nix/submodules/rust/target/debug/deps --extern libc=/mnt/data1/nix/vendor/rust/cargo2nix/submodules/rust/target/debug/deps/liblibc-ea591502e5075e1d.rmeta --cap-lints allow`
SUMMARY_DIR: /mnt/data1/nix/vendor/rust/cargo2nix/submodules/rust/compiler/rustc_driver/scan_results
SUMMARY: 87 item types saved to /mnt/data1/nix/vendor/rust/cargo2nix/submodules/rust/compiler/rustc_driver/scan_results/itertools_summary.json
WITNESS_SYMBOL: {"symbol":"simple_scanner_start","from":"main","file":"simple_scanner.rs","line":120}
WITNESS_SYMBOL: {"symbol":"simple_scanner_start","from":"main","file":"simple_scanner.rs","line":120}
SCAN_DIR: /mnt/data1/nix/vendor/rust/cargo2nix/submodules/rust/compiler/rustc_driver/scan_results
SCAN_DIR: /mnt/data1/nix/vendor/rust/cargo2nix/submodules/rust/compiler/rustc_driver/scan_results
SAVED: 5 items to /mnt/data1/nix/vendor/rust/cargo2nix/submodules/rust/compiler/rustc_driver/scan_results/perf-event-open-sys.json
WITNESS_SYMBOL: {"symbol":"simple_scanner_end","from":"main","file":"simple_scanner.rs","line":126}
SAVED: 30 items to /mnt/data1/nix/vendor/rust/cargo2nix/submodules/rust/compiler/rustc_driver/scan_results/memmap2.json
WITNESS_SYMBOL: {"symbol":"simple_scanner_end","from":"main","file":"simple_scanner.rs","line":126}
     Running `/home/mdupont/nix/vendor/rust/cargo2nix/submodules/rust/compiler/rustc_driver/simple_scanner --crate-name jobserver --edition=2021 /home/mdupont/.cargo/registry/src/index.crates.io-1949cf8c6b5b557f/jobserver-0.1.33/src/lib.rs --error-format=json --json=diagnostic-rendered-ansi,artifacts,future-incompat --crate-type lib --emit=dep-info,metadata,link -C embed-bitcode=no -C debuginfo=2 --check-cfg 'cfg(docsrs,test)' --check-cfg 'cfg(feature, values())' -C metadata=510c51e6dfe41bfe -C extra-filename=-1686f744cb2bedaa --out-dir /mnt/data1/nix/vendor/rust/cargo2nix/submodules/rust/target/debug/deps -L dependency=/mnt/data1/nix/vendor/rust/cargo2nix/submodules/rust/target/debug/deps --extern libc=/mnt/data1/nix/vendor/rust/cargo2nix/submodules/rust/target/debug/deps/liblibc-ea591502e5075e1d.rmeta --cap-lints allow`
SUMMARY_DIR: /mnt/data1/nix/vendor/rust/cargo2nix/submodules/rust/compiler/rustc_driver/scan_results
SUMMARY: 11 item types saved to /mnt/data1/nix/vendor/rust/cargo2nix/submodules/rust/compiler/rustc_driver/scan_results/getrandom_summary.json
   Compiling md-5 v0.10.6
WITNESS_SYMBOL: {"symbol":"simple_scanner_start","from":"main","file":"simple_scanner.rs","line":120}
     Running `/home/mdupont/nix/vendor/rust/cargo2nix/submodules/rust/compiler/rustc_driver/simple_scanner --crate-name md5 --edition=2018 /home/mdupont/.cargo/registry/src/index.crates.io-1949cf8c6b5b557f/md-5-0.10.6/src/lib.rs --error-format=json --json=diagnostic-rendered-ansi,artifacts,future-incompat --crate-type lib --emit=dep-info,metadata,link -C embed-bitcode=no -C debuginfo=2 --cfg 'feature="default"' --cfg 'feature="std"' --check-cfg 'cfg(docsrs,test)' --check-cfg 'cfg(feature, values("asm", "default", "force-soft", "loongarch64_asm", "md5-asm", "oid", "std"))' -C metadata=b0b8af70784b0a3a -C extra-filename=-f3ac776677c81121 --out-dir /mnt/data1/nix/vendor/rust/cargo2nix/submodules/rust/target/debug/deps -L dependency=/mnt/data1/nix/vendor/rust/cargo2nix/submodules/rust/target/debug/deps --extern cfg_if=/mnt/data1/nix/vendor/rust/cargo2nix/submodules/rust/target/debug/deps/libcfg_if-03c73dea748456e6.rmeta --extern digest=/mnt/data1/nix/vendor/rust/cargo2nix/submodules/rust/target/debug/deps/libdigest-2832ab3f6d42faa1.rmeta --cap-lints allow`
SCAN_DIR: /mnt/data1/nix/vendor/rust/cargo2nix/submodules/rust/compiler/rustc_driver/scan_results
SAVED: 26 items to /mnt/data1/nix/vendor/rust/cargo2nix/submodules/rust/compiler/rustc_driver/scan_results/jobserver.json
WITNESS_SYMBOL: {"symbol":"simple_scanner_start","from":"main","file":"simple_scanner.rs","line":120}
SUMMARY_DIR: /mnt/data1/nix/vendor/rust/cargo2nix/submodules/rust/compiler/rustc_driver/scan_results
SUMMARY: 10 item types saved to /mnt/data1/nix/vendor/rust/cargo2nix/submodules/rust/compiler/rustc_driver/scan_results/parking_lot_core_summary.json
SCAN_DIR: /mnt/data1/nix/vendor/rust/cargo2nix/submodules/rust/compiler/rustc_driver/scan_results
SAVED: 21 items to /mnt/data1/nix/vendor/rust/cargo2nix/submodules/rust/compiler/rustc_driver/scan_results/md-5.json
SUMMARY_DIR: /mnt/data1/nix/vendor/rust/cargo2nix/submodules/rust/compiler/rustc_driver/scan_results
SUMMARY: 52 item types saved to /mnt/data1/nix/vendor/rust/cargo2nix/submodules/rust/compiler/rustc_driver/scan_results/cc_summary.json
SUMMARY_DIR: /mnt/data1/nix/vendor/rust/cargo2nix/submodules/rust/compiler/rustc_driver/scan_results
SUMMARY: 30 item types saved to /mnt/data1/nix/vendor/rust/cargo2nix/submodules/rust/compiler/rustc_driver/scan_results/memmap2_summary.json
WITNESS_SYMBOL: {"symbol":"simple_scanner_end","from":"main","file":"simple_scanner.rs","line":126}
   Compiling parking_lot v0.12.4
     Running `/home/mdupont/nix/vendor/rust/cargo2nix/submodules/rust/compiler/rustc_driver/simple_scanner --crate-name parking_lot --edition=2021 /home/mdupont/.cargo/registry/src/index.crates.io-1949cf8c6b5b557f/parking_lot-0.12.4/src/lib.rs --error-format=json --json=diagnostic-rendered-ansi,artifacts,future-incompat --crate-type lib --emit=dep-info,metadata,link -C embed-bitcode=no -C debuginfo=2 --cfg 'feature="default"' --check-cfg 'cfg(docsrs,test)' --check-cfg 'cfg(feature, values("arc_lock", "deadlock_detection", "default", "hardware-lock-elision", "nightly", "owning_ref", "send_guard", "serde"))' -C metadata=903411aa41918d9a -C extra-filename=-fc43e38afb162de5 --out-dir /mnt/data1/nix/vendor/rust/cargo2nix/submodules/rust/target/debug/deps -L dependency=/mnt/data1/nix/vendor/rust/cargo2nix/submodules/rust/target/debug/deps --extern lock_api=/mnt/data1/nix/vendor/rust/cargo2nix/submodules/rust/target/debug/deps/liblock_api-8db04d50e321bf35.rmeta --extern parking_lot_core=/mnt/data1/nix/vendor/rust/cargo2nix/submodules/rust/target/debug/deps/libparking_lot_core-da8e66df61ae479d.rmeta --cap-lints allow`
WITNESS_SYMBOL: {"symbol":"simple_scanner_end","from":"main","file":"simple_scanner.rs","line":126}
   Compiling sha1 v0.10.6
     Running `/home/mdupont/nix/vendor/rust/cargo2nix/submodules/rust/compiler/rustc_driver/simple_scanner --crate-name sha1 --edition=2018 /home/mdupont/.cargo/registry/src/index.crates.io-1949cf8c6b5b557f/sha1-0.10.6/src/lib.rs --error-format=json --json=diagnostic-rendered-ansi,artifacts,future-incompat --crate-type lib --emit=dep-info,metadata,link -C embed-bitcode=no -C debuginfo=2 --cfg 'feature="default"' --cfg 'feature="std"' --check-cfg 'cfg(docsrs,test)' --check-cfg 'cfg(feature, values("asm", "compress", "default", "force-soft", "loongarch64_asm", "oid", "sha1-asm", "std"))' -C metadata=b41e244fb6fd8587 -C extra-filename=-c905082aa1a162b6 --out-dir /mnt/data1/nix/vendor/rust/cargo2nix/submodules/rust/target/debug/deps -L dependency=/mnt/data1/nix/vendor/rust/cargo2nix/submodules/rust/target/debug/deps --extern cfg_if=/mnt/data1/nix/vendor/rust/cargo2nix/submodules/rust/target/debug/deps/libcfg_if-03c73dea748456e6.rmeta --extern cpufeatures=/mnt/data1/nix/vendor/rust/cargo2nix/submodules/rust/target/debug/deps/libcpufeatures-07f7ca30658eada8.rmeta --extern digest=/mnt/data1/nix/vendor/rust/cargo2nix/submodules/rust/target/debug/deps/libdigest-2832ab3f6d42faa1.rmeta --cap-lints allow`
WITNESS_SYMBOL: {"symbol":"simple_scanner_start","from":"main","file":"simple_scanner.rs","line":120}
SUMMARY_DIR: /mnt/data1/nix/vendor/rust/cargo2nix/submodules/rust/compiler/rustc_driver/scan_results
SUMMARY: 21 item types saved to /mnt/data1/nix/vendor/rust/cargo2nix/submodules/rust/compiler/rustc_driver/scan_results/md-5_summary.json
SCAN_DIR: /mnt/data1/nix/vendor/rust/cargo2nix/submodules/rust/compiler/rustc_driver/scan_results
SAVED: 27 items to /mnt/data1/nix/vendor/rust/cargo2nix/submodules/rust/compiler/rustc_driver/scan_results/parking_lot.json
WITNESS_SYMBOL: {"symbol":"simple_scanner_end","from":"main","file":"simple_scanner.rs","line":126}
WITNESS_SYMBOL: {"symbol":"simple_scanner_start","from":"main","file":"simple_scanner.rs","line":120}
SUMMARY_DIR: /mnt/data1/nix/vendor/rust/cargo2nix/submodules/rust/compiler/rustc_driver/scan_results
SUMMARY: 5 item types saved to /mnt/data1/nix/vendor/rust/cargo2nix/submodules/rust/compiler/rustc_driver/scan_results/perf-event-open-sys_summary.json
   Compiling rand_core v0.9.3
     Running `/home/mdupont/nix/vendor/rust/cargo2nix/submodules/rust/compiler/rustc_driver/simple_scanner --crate-name rand_core --edition=2021 /home/mdupont/.cargo/registry/src/index.crates.io-1949cf8c6b5b557f/rand_core-0.9.3/src/lib.rs --error-format=json --json=diagnostic-rendered-ansi,artifacts,future-incompat --crate-type lib --emit=dep-info,metadata,link -C embed-bitcode=no -C debuginfo=2 --cfg 'feature="os_rng"' --cfg 'feature="std"' --check-cfg 'cfg(docsrs,test)' --check-cfg 'cfg(feature, values("os_rng", "serde", "std"))' -C metadata=4268af3f075242f0 -C extra-filename=-767822df9d231001 --out-dir /mnt/data1/nix/vendor/rust/cargo2nix/submodules/rust/target/debug/deps -L dependency=/mnt/data1/nix/vendor/rust/cargo2nix/submodules/rust/target/debug/deps --extern getrandom=/mnt/data1/nix/vendor/rust/cargo2nix/submodules/rust/target/debug/deps/libgetrandom-c934994e37decbcc.rmeta --cap-lints allow`
SCAN_DIR: /mnt/data1/nix/vendor/rust/cargo2nix/submodules/rust/compiler/rustc_driver/scan_results
SAVED: 21 items to /mnt/data1/nix/vendor/rust/cargo2nix/submodules/rust/compiler/rustc_driver/scan_results/sha1.json
WITNESS_SYMBOL: {"symbol":"simple_scanner_end","from":"main","file":"simple_scanner.rs","line":126}
SUMMARY_DIR: /mnt/data1/nix/vendor/rust/cargo2nix/submodules/rust/compiler/rustc_driver/scan_results
SUMMARY: 22 item types saved to /mnt/data1/nix/vendor/rust/cargo2nix/submodules/rust/compiler/rustc_driver/scan_results/sha2_summary.json
   Compiling termize v0.2.0
     Running `/home/mdupont/nix/vendor/rust/cargo2nix/submodules/rust/compiler/rustc_driver/simple_scanner --crate-name termize --edition=2024 /home/mdupont/.cargo/registry/src/index.crates.io-1949cf8c6b5b557f/termize-0.2.0/src/lib.rs --error-format=json --json=diagnostic-rendered-ansi,artifacts,future-incompat --crate-type lib --emit=dep-info,metadata,link -C embed-bitcode=no -C debuginfo=2 --check-cfg 'cfg(docsrs,test)' --check-cfg 'cfg(feature, values())' -C metadata=ba9246087dd38068 -C extra-filename=-6edf76188dac5185 --out-dir /mnt/data1/nix/vendor/rust/cargo2nix/submodules/rust/target/debug/deps -L dependency=/mnt/data1/nix/vendor/rust/cargo2nix/submodules/rust/target/debug/deps --extern libc=/mnt/data1/nix/vendor/rust/cargo2nix/submodules/rust/target/debug/deps/liblibc-ea591502e5075e1d.rmeta --cap-lints allow`
WITNESS_SYMBOL: {"symbol":"simple_scanner_end","from":"main","file":"simple_scanner.rs","line":126}
WITNESS_SYMBOL: {"symbol":"simple_scanner_end","from":"main","file":"simple_scanner.rs","line":126}
WITNESS_SYMBOL: {"symbol":"simple_scanner_start","from":"main","file":"simple_scanner.rs","line":120}
     Running `/mnt/data1/nix/vendor/rust/cargo2nix/submodules/rust/target/debug/build/camino-4ff44f74dc90cf55/build-script-build`
   Compiling anstream v0.6.20
     Running `/home/mdupont/nix/vendor/rust/cargo2nix/submodules/rust/compiler/rustc_driver/simple_scanner --crate-name anstream --edition=2021 /home/mdupont/.cargo/registry/src/index.crates.io-1949cf8c6b5b557f/anstream-0.6.20/src/lib.rs --error-format=json --json=diagnostic-rendered-ansi,artifacts,future-incompat --crate-type lib --emit=dep-info,metadata,link -C embed-bitcode=no -C debuginfo=2 --warn=rust_2018_idioms '--warn=clippy::zero_sized_map_values' '--warn=clippy::wildcard_imports' '--warn=clippy::verbose_file_reads' --warn=unused_qualifications --warn=unused_macro_rules --warn=unused_lifetimes --warn=unsafe_op_in_unsafe_fn --warn=unreachable_pub --warn=unnameable_types '--warn=clippy::uninlined_format_args' '--warn=clippy::trait_duplication_in_bounds' '--warn=clippy::todo' '--warn=clippy::string_to_string' '--warn=clippy::string_lit_as_bytes' '--warn=clippy::string_add_assign' '--warn=clippy::string_add' '--warn=clippy::str_to_string' '--warn=clippy::semicolon_if_nothing_returned' '--warn=clippy::self_named_module_files' '--warn=clippy::same_functions_in_if_condition' '--allow=clippy::result_large_err' '--warn=clippy::rest_pat_in_fully_bound_structs' '--warn=clippy::ref_option_ref' '--warn=clippy::redundant_feature_names' '--warn=clippy::rc_mutex' '--warn=clippy::ptr_as_ptr' '--warn=clippy::path_buf_push_overwrite' '--warn=clippy::negative_feature_names' '--warn=clippy::needless_for_each' '--allow=clippy::needless_continue' '--warn=clippy::mutex_integer' '--warn=clippy::mem_forget' '--warn=clippy::macro_use_imports' '--warn=clippy::lossy_float_literal' '--warn=clippy::linkedlist' '--allow=clippy::let_and_return' '--warn=clippy::large_types_passed_by_value' '--warn=clippy::large_stack_arrays' '--warn=clippy::large_digit_groups' '--warn=clippy::invalid_upcast_comparisons' '--warn=clippy::infinite_loop' '--warn=clippy::inefficient_to_string' '--warn=clippy::inconsistent_struct_constructor' '--warn=clippy::imprecise_flops' '--warn=clippy::implicit_clone' '--allow=clippy::if_same_then_else' '--warn=clippy::from_iter_instead_of_collect' '--warn=clippy::fn_params_excessive_bools' '--warn=clippy::float_cmp_const' '--warn=clippy::flat_map_option' '--warn=clippy::filter_map_next' '--warn=clippy::fallible_impl_from' '--warn=clippy::explicit_into_iter_loop' '--warn=clippy::explicit_deref_methods' '--warn=clippy::expl_impl_clone_on_copy' '--warn=clippy::enum_glob_use' '--warn=clippy::empty_enum' '--warn=clippy::doc_markdown' '--warn=clippy::debug_assert_with_mut_call' '--warn=clippy::dbg_macro' '--warn=clippy::create_dir' '--allow=clippy::collapsible_else_if' '--warn=clippy::checked_conversions' '--allow=clippy::branches_sharing_code' '--allow=clippy::bool_assert_comparison' --cfg 'feature="auto"' --cfg 'feature="default"' --cfg 'feature="wincon"' --check-cfg 'cfg(docsrs,test)' --check-cfg 'cfg(feature, values("auto", "default", "test", "wincon"))' -C metadata=105e9fd0a93d9e25 -C extra-filename=-1396a4f29ff86b3e --out-dir /mnt/data1/nix/vendor/rust/cargo2nix/submodules/rust/target/debug/deps -L dependency=/mnt/data1/nix/vendor/rust/cargo2nix/submodules/rust/target/debug/deps --extern anstyle=/mnt/data1/nix/vendor/rust/cargo2nix/submodules/rust/target/debug/deps/libanstyle-34da1d8f10e661b4.rmeta --extern anstyle_parse=/mnt/data1/nix/vendor/rust/cargo2nix/submodules/rust/target/debug/deps/libanstyle_parse-2b7909e9ebd9bcaf.rmeta --extern anstyle_query=/mnt/data1/nix/vendor/rust/cargo2nix/submodules/rust/target/debug/deps/libanstyle_query-c96bec766f4c2c31.rmeta --extern colorchoice=/mnt/data1/nix/vendor/rust/cargo2nix/submodules/rust/target/debug/deps/libcolorchoice-f1d75f1f51e02938.rmeta --extern is_terminal_polyfill=/mnt/data1/nix/vendor/rust/cargo2nix/submodules/rust/target/debug/deps/libis_terminal_polyfill-762168ca127226ff.rmeta --extern utf8parse=/mnt/data1/nix/vendor/rust/cargo2nix/submodules/rust/target/debug/deps/libutf8parse-bd00c5d1f7655fad.rmeta --cap-lints allow`
WITNESS_SYMBOL: {"symbol":"simple_scanner_end","from":"main","file":"simple_scanner.rs","line":126}
SCAN_DIR: /mnt/data1/nix/vendor/rust/cargo2nix/submodules/rust/compiler/rustc_driver/scan_results
SUMMARY_DIR: /mnt/data1/nix/vendor/rust/cargo2nix/submodules/rust/compiler/rustc_driver/scan_results
SUMMARY: 24 item types saved to /mnt/data1/nix/vendor/rust/cargo2nix/submodules/rust/compiler/rustc_driver/scan_results/jobserver_summary.json
SAVED: 27 items to /mnt/data1/nix/vendor/rust/cargo2nix/submodules/rust/compiler/rustc_driver/scan_results/rand_core.json
   Compiling regex-automata v0.4.9
     Running `/home/mdupont/nix/vendor/rust/cargo2nix/submodules/rust/compiler/rustc_driver/simple_scanner --crate-name regex_automata --edition=2021 /home/mdupont/.cargo/registry/src/index.crates.io-1949cf8c6b5b557f/regex-automata-0.4.9/src/lib.rs --error-format=json --json=diagnostic-rendered-ansi,artifacts,future-incompat --crate-type lib --emit=dep-info,metadata,link -C embed-bitcode=no -C debuginfo=2 --cfg 'feature="alloc"' --cfg 'feature="dfa-onepass"' --cfg 'feature="dfa-search"' --cfg 'feature="hybrid"' --cfg 'feature="meta"' --cfg 'feature="nfa"' --cfg 'feature="nfa-backtrack"' --cfg 'feature="nfa-pikevm"' --cfg 'feature="nfa-thompson"' --cfg 'feature="perf"' --cfg 'feature="perf-inline"' --cfg 'feature="perf-literal"' --cfg 'feature="perf-literal-multisubstring"' --cfg 'feature="perf-literal-substring"' --cfg 'feature="std"' --cfg 'feature="syntax"' --cfg 'feature="unicode"' --cfg 'feature="unicode-age"' --cfg 'feature="unicode-bool"' --cfg 'feature="unicode-case"' --cfg 'feature="unicode-gencat"' --cfg 'feature="unicode-perl"' --cfg 'feature="unicode-script"' --cfg 'feature="unicode-segment"' --cfg 'feature="unicode-word-boundary"' --check-cfg 'cfg(docsrs,test)' --check-cfg 'cfg(feature, values("alloc", "default", "dfa", "dfa-build", "dfa-onepass", "dfa-search", "hybrid", "internal-instrument", "internal-instrument-pikevm", "logging", "meta", "nfa", "nfa-backtrack", "nfa-pikevm", "nfa-thompson", "perf", "perf-inline", "perf-literal", "perf-literal-multisubstring", "perf-literal-substring", "std", "syntax", "unicode", "unicode-age", "unicode-bool", "unicode-case", "unicode-gencat", "unicode-perl", "unicode-script", "unicode-segment", "unicode-word-boundary"))' -C metadata=270bf5578994273a -C extra-filename=-1086d98e26bb955c --out-dir /mnt/data1/nix/vendor/rust/cargo2nix/submodules/rust/target/debug/deps -L dependency=/mnt/data1/nix/vendor/rust/cargo2nix/submodules/rust/target/debug/deps --extern aho_corasick=/mnt/data1/nix/vendor/rust/cargo2nix/submodules/rust/target/debug/deps/libaho_corasick-22c58f580618bb46.rmeta --extern memchr=/mnt/data1/nix/vendor/rust/cargo2nix/submodules/rust/target/debug/deps/libmemchr-31b9c6cef7758eb1.rmeta --extern regex_syntax=/mnt/data1/nix/vendor/rust/cargo2nix/submodules/rust/target/debug/deps/libregex_syntax-cad04a484b3f3b99.rmeta --cap-lints allow`
WITNESS_SYMBOL: {"symbol":"simple_scanner_start","from":"main","file":"simple_scanner.rs","line":120}
WITNESS_SYMBOL: {"symbol":"simple_scanner_end","from":"main","file":"simple_scanner.rs","line":126}
WITNESS_SYMBOL: {"symbol":"simple_scanner_start","from":"main","file":"simple_scanner.rs","line":120}
SCAN_DIR: /mnt/data1/nix/vendor/rust/cargo2nix/submodules/rust/compiler/rustc_driver/scan_results
SAVED: 2 items to /mnt/data1/nix/vendor/rust/cargo2nix/submodules/rust/compiler/rustc_driver/scan_results/termize.json
     Running `/mnt/data1/nix/vendor/rust/cargo2nix/submodules/rust/target/debug/build/thiserror-a532691b25010fbc/build-script-build`
WITNESS_SYMBOL: {"symbol":"simple_scanner_end","from":"main","file":"simple_scanner.rs","line":126}
WITNESS_SYMBOL: {"symbol":"simple_scanner_start","from":"main","file":"simple_scanner.rs","line":120}
WITNESS_SYMBOL: {"symbol":"simple_scanner_end","from":"main","file":"simple_scanner.rs","line":126}
SCAN_DIR: /mnt/data1/nix/vendor/rust/cargo2nix/submodules/rust/compiler/rustc_driver/scan_results
SAVED: 18 items to /mnt/data1/nix/vendor/rust/cargo2nix/submodules/rust/compiler/rustc_driver/scan_results/anstream.json
   Compiling rustc_parse_format v0.0.0 (/mnt/data1/nix/vendor/rust/cargo2nix/submodules/rust/compiler/rustc_parse_format)
     Running `/home/mdupont/nix/vendor/rust/cargo2nix/submodules/rust/compiler/rustc_driver/simple_scanner --crate-name rustc_parse_format --edition=2024 compiler/rustc_parse_format/src/lib.rs --error-format=json --json=diagnostic-rendered-ansi,artifacts,future-incompat --crate-type lib --emit=dep-info,metadata,link -C embed-bitcode=no -C debuginfo=2 --check-cfg 'cfg(docsrs,test)' --check-cfg 'cfg(feature, values())' -C metadata=6746e7fa09f64539 -C extra-filename=-bd5da78d68aafd54 --out-dir /mnt/data1/nix/vendor/rust/cargo2nix/submodules/rust/target/debug/deps -C incremental=/mnt/data1/nix/vendor/rust/cargo2nix/submodules/rust/target/debug/incremental -L dependency=/mnt/data1/nix/vendor/rust/cargo2nix/submodules/rust/target/debug/deps --extern rustc_literal_escaper=/mnt/data1/nix/vendor/rust/cargo2nix/submodules/rust/target/debug/deps/librustc_literal_escaper-c94d92d19013b504.rmeta --extern rustc_lexer=/mnt/data1/nix/vendor/rust/cargo2nix/submodules/rust/target/debug/deps/librustc_lexer-dbc245074fb86cb7.rmeta`
   Compiling utf8_iter v1.0.4
SUMMARY_DIR: /mnt/data1/nix/vendor/rust/cargo2nix/submodules/rust/compiler/rustc_driver/scan_results
SUMMARY: 2 item types saved to /mnt/data1/nix/vendor/rust/cargo2nix/submodules/rust/compiler/rustc_driver/scan_results/termize_summary.json
   Compiling regex-syntax v0.6.29
     Running `/home/mdupont/nix/vendor/rust/cargo2nix/submodules/rust/compiler/rustc_driver/simple_scanner --crate-name utf8_iter --edition=2021 /home/mdupont/.cargo/registry/src/index.crates.io-1949cf8c6b5b557f/utf8_iter-1.0.4/src/lib.rs --error-format=json --json=diagnostic-rendered-ansi,artifacts,future-incompat --crate-type lib --emit=dep-info,metadata,link -C embed-bitcode=no -C debuginfo=2 --check-cfg 'cfg(docsrs,test)' --check-cfg 'cfg(feature, values())' -C metadata=78fc92a2aaf57385 -C extra-filename=-9badd7b29162177e --out-dir /mnt/data1/nix/vendor/rust/cargo2nix/submodules/rust/target/debug/deps -L dependency=/mnt/data1/nix/vendor/rust/cargo2nix/submodules/rust/target/debug/deps --cap-lints allow`
     Running `/home/mdupont/nix/vendor/rust/cargo2nix/submodules/rust/compiler/rustc_driver/simple_scanner --crate-name regex_syntax --edition=2018 /home/mdupont/.cargo/registry/src/index.crates.io-1949cf8c6b5b557f/regex-syntax-0.6.29/src/lib.rs --error-format=json --json=diagnostic-rendered-ansi,artifacts,future-incompat --crate-type lib --emit=dep-info,metadata,link -C embed-bitcode=no -C debuginfo=2 --cfg 'feature="default"' --cfg 'feature="unicode"' --cfg 'feature="unicode-age"' --cfg 'feature="unicode-bool"' --cfg 'feature="unicode-case"' --cfg 'feature="unicode-gencat"' --cfg 'feature="unicode-perl"' --cfg 'feature="unicode-script"' --cfg 'feature="unicode-segment"' --check-cfg 'cfg(docsrs,test)' --check-cfg 'cfg(feature, values("default", "unicode", "unicode-age", "unicode-bool", "unicode-case", "unicode-gencat", "unicode-perl", "unicode-script", "unicode-segment"))' -C metadata=db80a6e36296cb38 -C extra-filename=-c7ac060b50ba114d --out-dir /mnt/data1/nix/vendor/rust/cargo2nix/submodules/rust/target/debug/deps -L dependency=/mnt/data1/nix/vendor/rust/cargo2nix/submodules/rust/target/debug/deps --cap-lints allow`
SCAN_DIR: /mnt/data1/nix/vendor/rust/cargo2nix/submodules/rust/compiler/rustc_driver/scan_results
SAVED: 12 items to /mnt/data1/nix/vendor/rust/cargo2nix/submodules/rust/compiler/rustc_driver/scan_results/regex-automata.json
WITNESS_SYMBOL: {"symbol":"simple_scanner_start","from":"main","file":"simple_scanner.rs","line":120}
SUMMARY_DIR: /mnt/data1/nix/vendor/rust/cargo2nix/submodules/rust/compiler/rustc_driver/scan_results
SUMMARY: 21 item types saved to /mnt/data1/nix/vendor/rust/cargo2nix/submodules/rust/compiler/rustc_driver/scan_results/sha1_summary.json
WITNESS_SYMBOL: {"symbol":"simple_scanner_end","from":"main","file":"simple_scanner.rs","line":126}
WITNESS_SYMBOL: {"symbol":"simple_scanner_start","from":"main","file":"simple_scanner.rs","line":120}
WITNESS_SYMBOL: {"symbol":"simple_scanner_start","from":"main","file":"simple_scanner.rs","line":120}
   Compiling lazy_static v1.5.0
     Running `/home/mdupont/nix/vendor/rust/cargo2nix/submodules/rust/compiler/rustc_driver/simple_scanner --crate-name lazy_static --edition=2015 /home/mdupont/.cargo/registry/src/index.crates.io-1949cf8c6b5b557f/lazy_static-1.5.0/src/lib.rs --error-format=json --json=diagnostic-rendered-ansi,artifacts,future-incompat --crate-type lib --emit=dep-info,metadata,link -C embed-bitcode=no -C debuginfo=2 --check-cfg 'cfg(docsrs,test)' --check-cfg 'cfg(feature, values("spin", "spin_no_std"))' -C metadata=a9d4627131b7b1d4 -C extra-filename=-d149c9d00b525cb0 --out-dir /mnt/data1/nix/vendor/rust/cargo2nix/submodules/rust/target/debug/deps -L dependency=/mnt/data1/nix/vendor/rust/cargo2nix/submodules/rust/target/debug/deps --cap-lints allow`
SCAN_DIR: /mnt/data1/nix/vendor/rust/cargo2nix/submodules/rust/compiler/rustc_driver/scan_results
SCAN_DIR: /mnt/data1/nix/vendor/rust/cargo2nix/submodules/rust/compiler/rustc_driver/scan_results
SAVED: 18 items to /mnt/data1/nix/vendor/rust/cargo2nix/submodules/rust/compiler/rustc_driver/scan_results/regex-syntax.json
SAVED: 16 items to /mnt/data1/nix/vendor/rust/cargo2nix/submodules/rust/compiler/rustc_driver/scan_results/utf8_iter.json
WITNESS_SYMBOL: {"symbol":"simple_scanner_start","from":"main","file":"simple_scanner.rs","line":120}
SUMMARY_DIR: /mnt/data1/nix/vendor/rust/cargo2nix/submodules/rust/compiler/rustc_driver/scan_results
SUMMARY: 26 item types saved to /mnt/data1/nix/vendor/rust/cargo2nix/submodules/rust/compiler/rustc_driver/scan_results/parking_lot_summary.json
SUMMARY_DIR: /mnt/data1/nix/vendor/rust/cargo2nix/submodules/rust/compiler/rustc_driver/scan_results
SUMMARY: 27 item types saved to /mnt/data1/nix/vendor/rust/cargo2nix/submodules/rust/compiler/rustc_driver/scan_results/rand_core_summary.json
SCAN_DIR: /mnt/data1/nix/vendor/rust/cargo2nix/submodules/rust/compiler/rustc_driver/scan_results
SAVED: 8 items to /mnt/data1/nix/vendor/rust/cargo2nix/submodules/rust/compiler/rustc_driver/scan_results/lazy_static.json
WITNESS_SYMBOL: {"symbol":"simple_scanner_end","from":"main","file":"simple_scanner.rs","line":126}
SUMMARY_DIR: /mnt/data1/nix/vendor/rust/cargo2nix/submodules/rust/compiler/rustc_driver/scan_results
   Compiling rand_xoshiro v0.7.0
SUMMARY: 8 item types saved to /mnt/data1/nix/vendor/rust/cargo2nix/submodules/rust/compiler/rustc_driver/scan_results/lazy_static_summary.json
     Running `/home/mdupont/nix/vendor/rust/cargo2nix/submodules/rust/compiler/rustc_driver/simple_scanner --crate-name rand_xoshiro --edition=2021 /home/mdupont/.cargo/registry/src/index.crates.io-1949cf8c6b5b557f/rand_xoshiro-0.7.0/src/lib.rs --error-format=json --json=diagnostic-rendered-ansi,artifacts,future-incompat --crate-type lib --emit=dep-info,metadata,link -C embed-bitcode=no -C debuginfo=2 --check-cfg 'cfg(docsrs,test)' --check-cfg 'cfg(feature, values("serde"))' -C metadata=c7b94879dc56a78a -C extra-filename=-d9e5c5a4649797ad --out-dir /mnt/data1/nix/vendor/rust/cargo2nix/submodules/rust/target/debug/deps -L dependency=/mnt/data1/nix/vendor/rust/cargo2nix/submodules/rust/target/debug/deps --extern rand_core=/mnt/data1/nix/vendor/rust/cargo2nix/submodules/rust/target/debug/deps/librand_core-767822df9d231001.rmeta --cap-lints allow`
SCAN_DIR: /mnt/data1/nix/vendor/rust/cargo2nix/submodules/rust/compiler/rustc_driver/scan_results
SUMMARY_DIR: /mnt/data1/nix/vendor/rust/cargo2nix/submodules/rust/compiler/rustc_driver/scan_results
SUMMARY: 16 item types saved to /mnt/data1/nix/vendor/rust/cargo2nix/submodules/rust/compiler/rustc_driver/scan_results/utf8_iter_summary.json
WITNESS_SYMBOL: {"symbol":"simple_scanner_end","from":"main","file":"simple_scanner.rs","line":126}
   Compiling vcpkg v0.2.15
     Running `/home/mdupont/nix/vendor/rust/cargo2nix/submodules/rust/compiler/rustc_driver/simple_scanner --crate-name vcpkg --edition=2015 /home/mdupont/.cargo/registry/src/index.crates.io-1949cf8c6b5b557f/vcpkg-0.2.15/src/lib.rs --error-format=json --json=diagnostic-rendered-ansi,artifacts,future-incompat --crate-type lib --emit=dep-info,metadata,link -C embed-bitcode=no --check-cfg 'cfg(docsrs,test)' --check-cfg 'cfg(feature, values())' -C metadata=0e7afd7094863bb5 -C extra-filename=-a69ac35005e27261 --out-dir /mnt/data1/nix/vendor/rust/cargo2nix/submodules/rust/target/debug/deps -L dependency=/mnt/data1/nix/vendor/rust/cargo2nix/submodules/rust/target/debug/deps --cap-lints allow`
WITNESS_SYMBOL: {"symbol":"simple_scanner_end","from":"main","file":"simple_scanner.rs","line":126}
SAVED: 22 items to /mnt/data1/nix/vendor/rust/cargo2nix/submodules/rust/compiler/rustc_driver/scan_results/rustc_parse_format.json
   Compiling measureme v12.0.3
WITNESS_SYMBOL: {"symbol":"simple_scanner_start","from":"main","file":"simple_scanner.rs","line":120}
WITNESS_SYMBOL: {"symbol":"simple_scanner_end","from":"main","file":"simple_scanner.rs","line":126}
     Running `/home/mdupont/nix/vendor/rust/cargo2nix/submodules/rust/compiler/rustc_driver/simple_scanner --crate-name measureme --edition=2018 /home/mdupont/.cargo/registry/src/index.crates.io-1949cf8c6b5b557f/measureme-12.0.3/src/lib.rs --error-format=json --json=diagnostic-rendered-ansi,artifacts,future-incompat --crate-type lib --emit=dep-info,metadata,link -C embed-bitcode=no -C debuginfo=2 --check-cfg 'cfg(docsrs,test)' --check-cfg 'cfg(feature, values("nightly"))' -C metadata=81c0957cff05838c -C extra-filename=-0a448e22a09e1804 --out-dir /mnt/data1/nix/vendor/rust/cargo2nix/submodules/rust/target/debug/deps -L dependency=/mnt/data1/nix/vendor/rust/cargo2nix/submodules/rust/target/debug/deps --extern log=/mnt/data1/nix/vendor/rust/cargo2nix/submodules/rust/target/debug/deps/liblog-cbecb290a7a28694.rmeta --extern memmap2=/mnt/data1/nix/vendor/rust/cargo2nix/submodules/rust/target/debug/deps/libmemmap2-63be23c20429f94f.rmeta --extern parking_lot=/mnt/data1/nix/vendor/rust/cargo2nix/submodules/rust/target/debug/deps/libparking_lot-fc43e38afb162de5.rmeta --extern perf_event_open_sys=/mnt/data1/nix/vendor/rust/cargo2nix/submodules/rust/target/debug/deps/libperf_event_open_sys-358f6464307d8c21.rmeta --extern rustc_hash=/mnt/data1/nix/vendor/rust/cargo2nix/submodules/rust/target/debug/deps/librustc_hash-f32537f63dd93ea6.rmeta --extern smallvec=/mnt/data1/nix/vendor/rust/cargo2nix/submodules/rust/target/debug/deps/libsmallvec-fe86491e01b8f91d.rmeta --cap-lints allow`
   Compiling heck v0.5.0
   Compiling overload v0.1.1
     Running `/home/mdupont/nix/vendor/rust/cargo2nix/submodules/rust/compiler/rustc_driver/simple_scanner --crate-name heck --edition=2021 /home/mdupont/.cargo/registry/src/index.crates.io-1949cf8c6b5b557f/heck-0.5.0/src/lib.rs --error-format=json --json=diagnostic-rendered-ansi,artifacts,future-incompat --crate-type lib --emit=dep-info,metadata,link -C embed-bitcode=no --check-cfg 'cfg(docsrs,test)' --check-cfg 'cfg(feature, values())' -C metadata=f6cb43c6c247b7b5 -C extra-filename=-539a634a6e029139 --out-dir /mnt/data1/nix/vendor/rust/cargo2nix/submodules/rust/target/debug/deps -L dependency=/mnt/data1/nix/vendor/rust/cargo2nix/submodules/rust/target/debug/deps --cap-lints allow`
     Running `/home/mdupont/nix/vendor/rust/cargo2nix/submodules/rust/compiler/rustc_driver/simple_scanner --crate-name overload --edition=2018 /home/mdupont/.cargo/registry/src/index.crates.io-1949cf8c6b5b557f/overload-0.1.1/src/lib.rs --error-format=json --json=diagnostic-rendered-ansi,artifacts,future-incompat --crate-type lib --emit=dep-info,metadata,link -C embed-bitcode=no -C debuginfo=2 --check-cfg 'cfg(docsrs,test)' --check-cfg 'cfg(feature, values())' -C metadata=2da77180e54d198e -C extra-filename=-202e94e4c7a1dafa --out-dir /mnt/data1/nix/vendor/rust/cargo2nix/submodules/rust/target/debug/deps -L dependency=/mnt/data1/nix/vendor/rust/cargo2nix/submodules/rust/target/debug/deps --cap-lints allow`
WITNESS_SYMBOL: {"symbol":"simple_scanner_end","from":"main","file":"simple_scanner.rs","line":126}
SCAN_DIR: /mnt/data1/nix/vendor/rust/cargo2nix/submodules/rust/compiler/rustc_driver/scan_results
SAVED: 33 items to /mnt/data1/nix/vendor/rust/cargo2nix/submodules/rust/compiler/rustc_driver/scan_results/rand_xoshiro.json
WITNESS_SYMBOL: {"symbol":"simple_scanner_start","from":"main","file":"simple_scanner.rs","line":120}
   Compiling clap_lex v0.7.5
     Running `/home/mdupont/nix/vendor/rust/cargo2nix/submodules/rust/compiler/rustc_driver/simple_scanner --crate-name clap_lex --edition=2021 /home/mdupont/.cargo/registry/src/index.crates.io-1949cf8c6b5b557f/clap_lex-0.7.5/src/lib.rs --error-format=json --json=diagnostic-rendered-ansi,artifacts,future-incompat --crate-type lib --emit=dep-info,metadata,link -C embed-bitcode=no -C debuginfo=2 --warn=rust_2018_idioms '--warn=clippy::zero_sized_map_values' '--warn=clippy::verbose_file_reads' --warn=unused_qualifications --warn=unused_macro_rules --warn=unused_lifetimes --warn=unsafe_op_in_unsafe_fn --warn=unreachable_pub --allow=unnameable_types '--warn=clippy::uninlined_format_args' '--warn=clippy::trait_duplication_in_bounds' '--warn=clippy::todo' '--warn=clippy::string_lit_as_bytes' '--warn=clippy::string_add_assign' '--warn=clippy::semicolon_if_nothing_returned' '--warn=clippy::self_named_module_files' '--warn=clippy::same_functions_in_if_condition' '--allow=clippy::result_large_err' '--warn=clippy::rest_pat_in_fully_bound_structs' '--warn=clippy::ref_option_ref' '--warn=clippy::redundant_feature_names' '--warn=clippy::rc_mutex' '--warn=clippy::ptr_as_ptr' '--warn=clippy::path_buf_push_overwrite' '--warn=clippy::negative_feature_names' '--warn=clippy::needless_for_each' '--allow=clippy::needless_continue' '--warn=clippy::mutex_integer' '--allow=clippy::multiple_bound_locations' '--warn=clippy::mem_forget' '--warn=clippy::macro_use_imports' '--warn=clippy::lossy_float_literal' '--warn=clippy::linkedlist' '--allow=clippy::let_and_return' '--warn=clippy::large_types_passed_by_value' '--warn=clippy::large_stack_arrays' '--warn=clippy::large_digit_groups' '--warn=clippy::invalid_upcast_comparisons' '--warn=clippy::infinite_loop' '--warn=clippy::inefficient_to_string' '--warn=clippy::inconsistent_struct_constructor' '--warn=clippy::imprecise_flops' '--warn=clippy::implicit_clone' '--allow=clippy::if_same_then_else' '--warn=clippy::from_iter_instead_of_collect' '--warn=clippy::fn_params_excessive_bools' '--warn=clippy::float_cmp_const' '--warn=clippy::flat_map_option' '--warn=clippy::filter_map_next' '--warn=clippy::fallible_impl_from' '--warn=clippy::explicit_into_iter_loop' '--warn=clippy::explicit_deref_methods' '--warn=clippy::expl_impl_clone_on_copy' '--warn=clippy::enum_glob_use' '--warn=clippy::empty_enum' '--warn=clippy::doc_markdown' '--warn=clippy::debug_assert_with_mut_call' '--warn=clippy::dbg_macro' '--warn=clippy::create_dir' '--allow=clippy::collapsible_else_if' '--warn=clippy::checked_conversions' '--allow=clippy::branches_sharing_code' '--allow=clippy::bool_assert_comparison' '--allow=clippy::blocks_in_conditions' '--allow=clippy::assigning_clones' --check-cfg 'cfg(docsrs,test)' --check-cfg 'cfg(feature, values())' -C metadata=f655238cfff18bc1 -C extra-filename=-7cb3534221f75b45 --out-dir /mnt/data1/nix/vendor/rust/cargo2nix/submodules/rust/target/debug/deps -L dependency=/mnt/data1/nix/vendor/rust/cargo2nix/submodules/rust/target/debug/deps --cap-lints allow`
WITNESS_SYMBOL: {"symbol":"simple_scanner_start","from":"main","file":"simple_scanner.rs","line":120}
WITNESS_SYMBOL: {"symbol":"simple_scanner_start","from":"main","file":"simple_scanner.rs","line":120}
WITNESS_SYMBOL: {"symbol":"simple_scanner_end","from":"main","file":"simple_scanner.rs","line":126}
WITNESS_SYMBOL: {"symbol":"simple_scanner_start","from":"main","file":"simple_scanner.rs","line":120}
SCAN_DIR: /mnt/data1/nix/vendor/rust/cargo2nix/submodules/rust/compiler/rustc_driver/scan_results
SAVED: 14 items to /mnt/data1/nix/vendor/rust/cargo2nix/submodules/rust/compiler/rustc_driver/scan_results/measureme.json
SUMMARY_DIR: /mnt/data1/nix/vendor/rust/cargo2nix/submodules/rust/compiler/rustc_driver/scan_results
SUMMARY: 18 item types saved to /mnt/data1/nix/vendor/rust/cargo2nix/submodules/rust/compiler/rustc_driver/scan_results/anstream_summary.json
SCAN_DIR: /mnt/data1/nix/vendor/rust/cargo2nix/submodules/rust/compiler/rustc_driver/scan_results
SAVED: 22 items to /mnt/data1/nix/vendor/rust/cargo2nix/submodules/rust/compiler/rustc_driver/scan_results/heck.json
SCAN_DIR: /mnt/data1/nix/vendor/rust/cargo2nix/submodules/rust/compiler/rustc_driver/scan_results
SUMMARY_DIR: /mnt/data1/nix/vendor/rust/cargo2nix/submodules/rust/compiler/rustc_driver/scan_results
   Compiling sharded-slab v0.1.7
WITNESS_SYMBOL: {"symbol":"simple_scanner_start","from":"main","file":"simple_scanner.rs","line":120}
     Running `/home/mdupont/nix/vendor/rust/cargo2nix/submodules/rust/compiler/rustc_driver/simple_scanner --crate-name sharded_slab --edition=2018 /home/mdupont/.cargo/registry/src/index.crates.io-1949cf8c6b5b557f/sharded-slab-0.1.7/src/lib.rs --error-format=json --json=diagnostic-rendered-ansi,artifacts,future-incompat --crate-type lib --emit=dep-info,metadata,link -C embed-bitcode=no -C debuginfo=2 --check-cfg 'cfg(docsrs,test)' --check-cfg 'cfg(feature, values("loom"))' -C metadata=1638eda6dc1a09bc -C extra-filename=-aed88dc587e4885c --out-dir /mnt/data1/nix/vendor/rust/cargo2nix/submodules/rust/target/debug/deps -L dependency=/mnt/data1/nix/vendor/rust/cargo2nix/submodules/rust/target/debug/deps --extern lazy_static=/mnt/data1/nix/vendor/rust/cargo2nix/submodules/rust/target/debug/deps/liblazy_static-d149c9d00b525cb0.rmeta --cap-lints allow`
SCAN_DIR: /mnt/data1/nix/vendor/rust/cargo2nix/submodules/rust/compiler/rustc_driver/scan_results
SAVED: 4 items to /mnt/data1/nix/vendor/rust/cargo2nix/submodules/rust/compiler/rustc_driver/scan_results/overload.json
SUMMARY: 64 item types saved to /mnt/data1/nix/vendor/rust/cargo2nix/submodules/rust/compiler/rustc_driver/scan_results/zerocopy_summary.json
SUMMARY_DIR: /mnt/data1/nix/vendor/rust/cargo2nix/submodules/rust/compiler/rustc_driver/scan_results
SCAN_DIR: /mnt/data1/nix/vendor/rust/cargo2nix/submodules/rust/compiler/rustc_driver/scan_results
SUMMARY: 4 item types saved to /mnt/data1/nix/vendor/rust/cargo2nix/submodules/rust/compiler/rustc_driver/scan_results/overload_summary.json
SAVED: 18 items to /mnt/data1/nix/vendor/rust/cargo2nix/submodules/rust/compiler/rustc_driver/scan_results/clap_lex.json
SAVED: 39 items to /mnt/data1/nix/vendor/rust/cargo2nix/submodules/rust/compiler/rustc_driver/scan_results/vcpkg.json
WITNESS_SYMBOL: {"symbol":"simple_scanner_end","from":"main","file":"simple_scanner.rs","line":126}
WITNESS_SYMBOL: {"symbol":"simple_scanner_start","from":"main","file":"simple_scanner.rs","line":120}
   Compiling nu-ansi-term v0.46.0
     Running `/home/mdupont/nix/vendor/rust/cargo2nix/submodules/rust/compiler/rustc_driver/simple_scanner --crate-name nu_ansi_term --edition=2018 /home/mdupont/.cargo/registry/src/index.crates.io-1949cf8c6b5b557f/nu-ansi-term-0.46.0/src/lib.rs --error-format=json --json=diagnostic-rendered-ansi,artifacts,future-incompat --crate-type lib --emit=dep-info,metadata,link -C embed-bitcode=no -C debuginfo=2 --check-cfg 'cfg(docsrs,test)' --check-cfg 'cfg(feature, values("derive_serde_style", "serde"))' -C metadata=822577273ea7734c -C extra-filename=-a50c33c8737a9c9c --out-dir /mnt/data1/nix/vendor/rust/cargo2nix/submodules/rust/target/debug/deps -L dependency=/mnt/data1/nix/vendor/rust/cargo2nix/submodules/rust/target/debug/deps --extern overload=/mnt/data1/nix/vendor/rust/cargo2nix/submodules/rust/target/debug/deps/liboverload-202e94e4c7a1dafa.rmeta --cap-lints allow`
SCAN_DIR: /mnt/data1/nix/vendor/rust/cargo2nix/submodules/rust/compiler/rustc_driver/scan_results
SAVED: 43 items to /mnt/data1/nix/vendor/rust/cargo2nix/submodules/rust/compiler/rustc_driver/scan_results/sharded-slab.json
SUMMARY_DIR: /mnt/data1/nix/vendor/rust/cargo2nix/submodules/rust/compiler/rustc_driver/scan_results
SUMMARY: 22 item types saved to /mnt/data1/nix/vendor/rust/cargo2nix/submodules/rust/compiler/rustc_driver/scan_results/heck_summary.json
WITNESS_SYMBOL: {"symbol":"simple_scanner_start","from":"main","file":"simple_scanner.rs","line":120}
SCAN_DIR: /mnt/data1/nix/vendor/rust/cargo2nix/submodules/rust/compiler/rustc_driver/scan_results
SAVED: 20 items to /mnt/data1/nix/vendor/rust/cargo2nix/submodules/rust/compiler/rustc_driver/scan_results/nu-ansi-term.json
SUMMARY_DIR: /mnt/data1/nix/vendor/rust/cargo2nix/submodules/rust/compiler/rustc_driver/scan_results
SUMMARY: 18 item types saved to /mnt/data1/nix/vendor/rust/cargo2nix/submodules/rust/compiler/rustc_driver/scan_results/clap_lex_summary.json
SUMMARY_DIR: /mnt/data1/nix/vendor/rust/cargo2nix/submodules/rust/compiler/rustc_driver/scan_results
SUMMARY: 22 item types saved to /mnt/data1/nix/vendor/rust/cargo2nix/submodules/rust/compiler/rustc_driver/scan_results/rustc_parse_format_summary.json
WITNESS_SYMBOL: {"symbol":"simple_scanner_end","from":"main","file":"simple_scanner.rs","line":126}
   Compiling ppv-lite86 v0.2.21
     Running `/home/mdupont/nix/vendor/rust/cargo2nix/submodules/rust/compiler/rustc_driver/simple_scanner --crate-name ppv_lite86 --edition=2021 /home/mdupont/.cargo/registry/src/index.crates.io-1949cf8c6b5b557f/ppv-lite86-0.2.21/src/lib.rs --error-format=json --json=diagnostic-rendered-ansi,artifacts,future-incompat --crate-type lib --emit=dep-info,metadata,link -C embed-bitcode=no -C debuginfo=2 --cfg 'feature="simd"' --cfg 'feature="std"' --check-cfg 'cfg(docsrs,test)' --check-cfg 'cfg(feature, values("default", "no_simd", "simd", "std"))' -C metadata=a32ec46f5b7fd70f -C extra-filename=-f111b64f55436fc2 --out-dir /mnt/data1/nix/vendor/rust/cargo2nix/submodules/rust/target/debug/deps -L dependency=/mnt/data1/nix/vendor/rust/cargo2nix/submodules/rust/target/debug/deps --extern zerocopy=/mnt/data1/nix/vendor/rust/cargo2nix/submodules/rust/target/debug/deps/libzerocopy-6df0efab3d1c39a1.rmeta --cap-lints allow`
WITNESS_SYMBOL: {"symbol":"simple_scanner_end","from":"main","file":"simple_scanner.rs","line":126}
SUMMARY_DIR: /mnt/data1/nix/vendor/rust/cargo2nix/submodules/rust/compiler/rustc_driver/scan_results
SUMMARY: 33 item types saved to /mnt/data1/nix/vendor/rust/cargo2nix/submodules/rust/compiler/rustc_driver/scan_results/rand_xoshiro_summary.json
SUMMARY_DIR: /mnt/data1/nix/vendor/rust/cargo2nix/submodules/rust/compiler/rustc_driver/scan_results
WITNESS_SYMBOL: {"symbol":"simple_scanner_start","from":"main","file":"simple_scanner.rs","line":120}
SUMMARY: 39 item types saved to /mnt/data1/nix/vendor/rust/cargo2nix/submodules/rust/compiler/rustc_driver/scan_results/vcpkg_summary.json
   Compiling clap_builder v4.5.44
     Running `/home/mdupont/nix/vendor/rust/cargo2nix/submodules/rust/compiler/rustc_driver/simple_scanner --crate-name clap_builder --edition=2021 /home/mdupont/.cargo/registry/src/index.crates.io-1949cf8c6b5b557f/clap_builder-4.5.44/src/lib.rs --error-format=json --json=diagnostic-rendered-ansi,artifacts,future-incompat --crate-type lib --emit=dep-info,metadata,link -C embed-bitcode=no -C debuginfo=2 --warn=rust_2018_idioms '--warn=clippy::zero_sized_map_values' '--warn=clippy::verbose_file_reads' --warn=unused_qualifications --warn=unused_macro_rules --warn=unused_lifetimes --warn=unsafe_op_in_unsafe_fn --warn=unreachable_pub --allow=unnameable_types '--warn=clippy::uninlined_format_args' '--warn=clippy::trait_duplication_in_bounds' '--warn=clippy::todo' '--warn=clippy::string_lit_as_bytes' '--warn=clippy::string_add_assign' '--warn=clippy::semicolon_if_nothing_returned' '--warn=clippy::self_named_module_files' '--warn=clippy::same_functions_in_if_condition' '--allow=clippy::result_large_err' '--warn=clippy::rest_pat_in_fully_bound_structs' '--warn=clippy::ref_option_ref' '--warn=clippy::redundant_feature_names' '--warn=clippy::rc_mutex' '--warn=clippy::ptr_as_ptr' '--warn=clippy::path_buf_push_overwrite' '--warn=clippy::negative_feature_names' '--warn=clippy::needless_for_each' '--allow=clippy::needless_continue' '--warn=clippy::mutex_integer' '--allow=clippy::multiple_bound_locations' '--warn=clippy::mem_forget' '--warn=clippy::macro_use_imports' '--warn=clippy::lossy_float_literal' '--warn=clippy::linkedlist' '--allow=clippy::let_and_return' '--warn=clippy::large_types_passed_by_value' '--warn=clippy::large_stack_arrays' '--warn=clippy::large_digit_groups' '--warn=clippy::invalid_upcast_comparisons' '--warn=clippy::infinite_loop' '--warn=clippy::inefficient_to_string' '--warn=clippy::inconsistent_struct_constructor' '--warn=clippy::imprecise_flops' '--warn=clippy::implicit_clone' '--allow=clippy::if_same_then_else' '--warn=clippy::from_iter_instead_of_collect' '--warn=clippy::fn_params_excessive_bools' '--warn=clippy::float_cmp_const' '--warn=clippy::flat_map_option' '--warn=clippy::filter_map_next' '--warn=clippy::fallible_impl_from' '--warn=clippy::explicit_into_iter_loop' '--warn=clippy::explicit_deref_methods' '--warn=clippy::expl_impl_clone_on_copy' '--warn=clippy::enum_glob_use' '--warn=clippy::empty_enum' '--warn=clippy::doc_markdown' '--warn=clippy::debug_assert_with_mut_call' '--warn=clippy::dbg_macro' '--warn=clippy::create_dir' '--allow=clippy::collapsible_else_if' '--warn=clippy::checked_conversions' '--allow=clippy::branches_sharing_code' '--allow=clippy::bool_assert_comparison' '--allow=clippy::blocks_in_conditions' '--allow=clippy::assigning_clones' --cfg 'feature="color"' --cfg 'feature="error-context"' --cfg 'feature="help"' --cfg 'feature="std"' --cfg 'feature="suggestions"' --cfg 'feature="usage"' --check-cfg 'cfg(docsrs,test)' --check-cfg 'cfg(feature, values("cargo", "color", "debug", "default", "deprecated", "env", "error-context", "help", "std", "string", "suggestions", "unicode", "unstable-doc", "unstable-ext", "unstable-styles", "unstable-v5", "usage", "wrap_help"))' -C metadata=abdf6314fe923532 -C extra-filename=-516ddda363a0a370 --out-dir /mnt/data1/nix/vendor/rust/cargo2nix/submodules/rust/target/debug/deps -L dependency=/mnt/data1/nix/vendor/rust/cargo2nix/submodules/rust/target/debug/deps --extern anstream=/mnt/data1/nix/vendor/rust/cargo2nix/submodules/rust/target/debug/deps/libanstream-1396a4f29ff86b3e.rmeta --extern anstyle=/mnt/data1/nix/vendor/rust/cargo2nix/submodules/rust/target/debug/deps/libanstyle-34da1d8f10e661b4.rmeta --extern clap_lex=/mnt/data1/nix/vendor/rust/cargo2nix/submodules/rust/target/debug/deps/libclap_lex-7cb3534221f75b45.rmeta --extern strsim=/mnt/data1/nix/vendor/rust/cargo2nix/submodules/rust/target/debug/deps/libstrsim-3ccadeaa3ce6c207.rmeta --cap-lints allow`
SCAN_DIR: /mnt/data1/nix/vendor/rust/cargo2nix/submodules/rust/compiler/rustc_driver/scan_results
SAVED: 8 items to /mnt/data1/nix/vendor/rust/cargo2nix/submodules/rust/compiler/rustc_driver/scan_results/ppv-lite86.json
WITNESS_SYMBOL: {"symbol":"simple_scanner_end","from":"main","file":"simple_scanner.rs","line":126}
WITNESS_SYMBOL: {"symbol":"simple_scanner_start","from":"main","file":"simple_scanner.rs","line":120}
WITNESS_SYMBOL: {"symbol":"simple_scanner_end","from":"main","file":"simple_scanner.rs","line":126}
   Compiling form_urlencoded v1.2.1
     Running `/home/mdupont/nix/vendor/rust/cargo2nix/submodules/rust/compiler/rustc_driver/simple_scanner --crate-name form_urlencoded --edition=2018 /home/mdupont/.cargo/registry/src/index.crates.io-1949cf8c6b5b557f/form_urlencoded-1.2.1/src/lib.rs --error-format=json --json=diagnostic-rendered-ansi,artifacts,future-incompat --crate-type lib --emit=dep-info,metadata,link -C embed-bitcode=no -C debuginfo=2 --cfg 'feature="alloc"' --cfg 'feature="std"' --check-cfg 'cfg(docsrs,test)' --check-cfg 'cfg(feature, values("alloc", "default", "std"))' -C metadata=477517c29dd06bb0 -C extra-filename=-371f518e7e08e17c --out-dir /mnt/data1/nix/vendor/rust/cargo2nix/submodules/rust/target/debug/deps -L dependency=/mnt/data1/nix/vendor/rust/cargo2nix/submodules/rust/target/debug/deps --extern percent_encoding=/mnt/data1/nix/vendor/rust/cargo2nix/submodules/rust/target/debug/deps/libpercent_encoding-8bacd4e301257c0e.rmeta --cap-lints allow`
SCAN_DIR: /mnt/data1/nix/vendor/rust/cargo2nix/submodules/rust/compiler/rustc_driver/scan_results
WITNESS_SYMBOL: {"symbol":"simple_scanner_end","from":"main","file":"simple_scanner.rs","line":126}
SAVED: 20 items to /mnt/data1/nix/vendor/rust/cargo2nix/submodules/rust/compiler/rustc_driver/scan_results/clap_builder.json
   Compiling tracing-log v0.2.0
     Running `/home/mdupont/nix/vendor/rust/cargo2nix/submodules/rust/compiler/rustc_driver/simple_scanner --crate-name tracing_log --edition=2018 /home/mdupont/.cargo/registry/src/index.crates.io-1949cf8c6b5b557f/tracing-log-0.2.0/src/lib.rs --error-format=json --json=diagnostic-rendered-ansi,artifacts,future-incompat --crate-type lib --emit=dep-info,metadata,link -C embed-bitcode=no -C debuginfo=2 --cfg 'feature="log-tracer"' --cfg 'feature="std"' --check-cfg 'cfg(docsrs,test)' --check-cfg 'cfg(feature, values("ahash", "default", "interest-cache", "log-tracer", "lru", "std"))' -C metadata=aac42340d80a2ab0 -C extra-filename=-d7ff40e50ce03120 --out-dir /mnt/data1/nix/vendor/rust/cargo2nix/submodules/rust/target/debug/deps -L dependency=/mnt/data1/nix/vendor/rust/cargo2nix/submodules/rust/target/debug/deps --extern log=/mnt/data1/nix/vendor/rust/cargo2nix/submodules/rust/target/debug/deps/liblog-cbecb290a7a28694.rmeta --extern once_cell=/mnt/data1/nix/vendor/rust/cargo2nix/submodules/rust/target/debug/deps/libonce_cell-803291aaf70272e8.rmeta --extern tracing_core=/mnt/data1/nix/vendor/rust/cargo2nix/submodules/rust/target/debug/deps/libtracing_core-76cb4f1395c837fb.rmeta --cap-lints allow`
SUMMARY_DIR: /mnt/data1/nix/vendor/rust/cargo2nix/submodules/rust/compiler/rustc_driver/scan_results
SUMMARY: 14 item types saved to /mnt/data1/nix/vendor/rust/cargo2nix/submodules/rust/compiler/rustc_driver/scan_results/measureme_summary.json
   Compiling thread_local v1.1.9
     Running `/home/mdupont/nix/vendor/rust/cargo2nix/submodules/rust/compiler/rustc_driver/simple_scanner --crate-name thread_local --edition=2021 /home/mdupont/.cargo/registry/src/index.crates.io-1949cf8c6b5b557f/thread_local-1.1.9/src/lib.rs --error-format=json --json=diagnostic-rendered-ansi,artifacts,future-incompat --crate-type lib --emit=dep-info,metadata,link -C embed-bitcode=no -C debuginfo=2 --check-cfg 'cfg(docsrs,test)' --check-cfg 'cfg(feature, values("nightly"))' -C metadata=b13d494a3c706311 -C extra-filename=-3b17ad4331db1ad0 --out-dir /mnt/data1/nix/vendor/rust/cargo2nix/submodules/rust/target/debug/deps -L dependency=/mnt/data1/nix/vendor/rust/cargo2nix/submodules/rust/target/debug/deps --extern cfg_if=/mnt/data1/nix/vendor/rust/cargo2nix/submodules/rust/target/debug/deps/libcfg_if-03c73dea748456e6.rmeta --cap-lints allow`
SUMMARY_DIR: /mnt/data1/nix/vendor/rust/cargo2nix/submodules/rust/compiler/rustc_driver/scan_results
SUMMARY: 73 item types saved to /mnt/data1/nix/vendor/rust/cargo2nix/submodules/rust/compiler/rustc_driver/scan_results/num-traits_summary.json
WITNESS_SYMBOL: {"symbol":"simple_scanner_end","from":"main","file":"simple_scanner.rs","line":126}
   Compiling winnow v0.7.12
WITNESS_SYMBOL: {"symbol":"simple_scanner_start","from":"main","file":"simple_scanner.rs","line":120}
     Running `/home/mdupont/nix/vendor/rust/cargo2nix/submodules/rust/compiler/rustc_driver/simple_scanner --crate-name winnow --edition=2021 /home/mdupont/.cargo/registry/src/index.crates.io-1949cf8c6b5b557f/winnow-0.7.12/src/lib.rs --error-format=json --json=diagnostic-rendered-ansi,artifacts,future-incompat --crate-type lib --emit=dep-info,metadata,link -C embed-bitcode=no -C debuginfo=2 --warn=rust_2018_idioms '--warn=clippy::zero_sized_map_values' '--allow=clippy::wildcard_imports' '--warn=clippy::verbose_file_reads' --warn=unused_macro_rules --warn=unused_lifetimes --warn=unsafe_op_in_unsafe_fn --warn=unreachable_pub --warn=unnameable_types '--warn=clippy::uninlined_format_args' '--warn=clippy::trait_duplication_in_bounds' '--warn=clippy::todo' '--warn=clippy::string_to_string' '--warn=clippy::string_lit_as_bytes' '--warn=clippy::string_add_assign' '--warn=clippy::string_add' '--warn=clippy::str_to_string' '--warn=clippy::semicolon_if_nothing_returned' '--warn=clippy::same_functions_in_if_condition' '--allow=clippy::result_large_err' '--warn=clippy::rest_pat_in_fully_bound_structs' '--warn=clippy::ref_option_ref' '--warn=clippy::redundant_feature_names' '--warn=clippy::rc_mutex' '--warn=clippy::ptr_as_ptr' '--warn=clippy::path_buf_push_overwrite' '--warn=clippy::negative_feature_names' '--warn=clippy::needless_for_each' '--allow=clippy::needless_continue' '--warn=clippy::mutex_integer' '--warn=clippy::mem_forget' '--warn=clippy::macro_use_imports' '--warn=clippy::lossy_float_literal' '--warn=clippy::linkedlist' '--allow=clippy::let_and_return' '--warn=clippy::large_types_passed_by_value' '--warn=clippy::large_stack_arrays' '--warn=clippy::large_digit_groups' '--warn=clippy::invalid_upcast_comparisons' '--warn=clippy::infinite_loop' '--warn=clippy::inefficient_to_string' '--warn=clippy::inconsistent_struct_constructor' '--warn=clippy::imprecise_flops' '--warn=clippy::implicit_clone' '--allow=clippy::if_same_then_else' '--warn=clippy::from_iter_instead_of_collect' '--warn=clippy::fn_params_excessive_bools' '--warn=clippy::float_cmp_const' '--warn=clippy::flat_map_option' '--warn=clippy::filter_map_next' '--warn=clippy::fallible_impl_from' '--warn=clippy::explicit_into_iter_loop' '--warn=clippy::explicit_deref_methods' '--warn=clippy::expl_impl_clone_on_copy' '--warn=clippy::enum_glob_use' '--warn=clippy::empty_enum' '--warn=clippy::doc_markdown' '--warn=clippy::debug_assert_with_mut_call' '--warn=clippy::dbg_macro' '--warn=clippy::create_dir' '--allow=clippy::collapsible_else_if' '--warn=clippy::checked_conversions' '--allow=clippy::branches_sharing_code' '--allow=clippy::bool_assert_comparison' --cfg 'feature="alloc"' --cfg 'feature="default"' --cfg 'feature="std"' --check-cfg 'cfg(docsrs,test)' --check-cfg 'cfg(feature, values("alloc", "debug", "default", "simd", "std", "unstable-doc", "unstable-recover"))' -C metadata=3147fab4b4b77ded -C extra-filename=-1c1fb6b7a9755c9f --out-dir /mnt/data1/nix/vendor/rust/cargo2nix/submodules/rust/target/debug/deps -L dependency=/mnt/data1/nix/vendor/rust/cargo2nix/submodules/rust/target/debug/deps --cap-lints allow`
SUMMARY_DIR: /mnt/data1/nix/vendor/rust/cargo2nix/submodules/rust/compiler/rustc_driver/scan_results
SUMMARY: 20 item types saved to /mnt/data1/nix/vendor/rust/cargo2nix/submodules/rust/compiler/rustc_driver/scan_results/nu-ansi-term_summary.json
WITNESS_SYMBOL: {"symbol":"simple_scanner_start","from":"main","file":"simple_scanner.rs","line":120}
SUMMARY_DIR: /mnt/data1/nix/vendor/rust/cargo2nix/submodules/rust/compiler/rustc_driver/scan_results
SUMMARY: 12 item types saved to /mnt/data1/nix/vendor/rust/cargo2nix/submodules/rust/compiler/rustc_driver/scan_results/tinyvec_summary.json
SCAN_DIR: /mnt/data1/nix/vendor/rust/cargo2nix/submodules/rust/compiler/rustc_driver/scan_results
SCAN_DIR: /mnt/data1/nix/vendor/rust/cargo2nix/submodules/rust/compiler/rustc_driver/scan_results
SAVED: 32 items to /mnt/data1/nix/vendor/rust/cargo2nix/submodules/rust/compiler/rustc_driver/scan_results/form_urlencoded.json
WITNESS_SYMBOL: {"symbol":"simple_scanner_start","from":"main","file":"simple_scanner.rs","line":120}
SAVED: 50 items to /mnt/data1/nix/vendor/rust/cargo2nix/submodules/rust/compiler/rustc_driver/scan_results/tracing-log.json
WITNESS_SYMBOL: {"symbol":"simple_scanner_start","from":"main","file":"simple_scanner.rs","line":120}
SCAN_DIR: /mnt/data1/nix/vendor/rust/cargo2nix/submodules/rust/compiler/rustc_driver/scan_results
SAVED: 48 items to /mnt/data1/nix/vendor/rust/cargo2nix/submodules/rust/compiler/rustc_driver/scan_results/thread_local.json
SCAN_DIR: /mnt/data1/nix/vendor/rust/cargo2nix/submodules/rust/compiler/rustc_driver/scan_results
SAVED: 25 items to /mnt/data1/nix/vendor/rust/cargo2nix/submodules/rust/compiler/rustc_driver/scan_results/winnow.json
WITNESS_SYMBOL: {"symbol":"simple_scanner_end","from":"main","file":"simple_scanner.rs","line":126}
   Compiling unicode-normalization v0.1.24
     Running `/home/mdupont/nix/vendor/rust/cargo2nix/submodules/rust/compiler/rustc_driver/simple_scanner --crate-name unicode_normalization --edition=2018 /home/mdupont/.cargo/registry/src/index.crates.io-1949cf8c6b5b557f/unicode-normalization-0.1.24/src/lib.rs --error-format=json --json=diagnostic-rendered-ansi,artifacts,future-incompat --crate-type lib --emit=dep-info,metadata,link -C embed-bitcode=no -C debuginfo=2 --cfg 'feature="default"' --cfg 'feature="std"' --check-cfg 'cfg(docsrs,test)' --check-cfg 'cfg(feature, values("default", "std"))' -C metadata=1de666744c406f97 -C extra-filename=-11e3a4d90289fb16 --out-dir /mnt/data1/nix/vendor/rust/cargo2nix/submodules/rust/target/debug/deps -L dependency=/mnt/data1/nix/vendor/rust/cargo2nix/submodules/rust/target/debug/deps --extern tinyvec=/mnt/data1/nix/vendor/rust/cargo2nix/submodules/rust/target/debug/deps/libtinyvec-5551a2e06015920e.rmeta --cap-lints allow`
WITNESS_SYMBOL: {"symbol":"simple_scanner_end","from":"main","file":"simple_scanner.rs","line":126}
WITNESS_SYMBOL: {"symbol":"simple_scanner_start","from":"main","file":"simple_scanner.rs","line":120}
   Compiling winnow v0.5.40
SUMMARY_DIR: /mnt/data1/nix/vendor/rust/cargo2nix/submodules/rust/compiler/rustc_driver/scan_results
SUMMARY: 50 item types saved to /mnt/data1/nix/vendor/rust/cargo2nix/submodules/rust/compiler/rustc_driver/scan_results/tracing-log_summary.json
     Running `/home/mdupont/nix/vendor/rust/cargo2nix/submodules/rust/compiler/rustc_driver/simple_scanner --crate-name winnow --edition=2021 /home/mdupont/.cargo/registry/src/index.crates.io-1949cf8c6b5b557f/winnow-0.5.40/src/lib.rs --error-format=json --json=diagnostic-rendered-ansi,artifacts,future-incompat --crate-type lib --emit=dep-info,metadata,link -C embed-bitcode=no -C debuginfo=2 --cfg 'feature="alloc"' --cfg 'feature="default"' --cfg 'feature="std"' --check-cfg 'cfg(docsrs,test)' --check-cfg 'cfg(feature, values("alloc", "debug", "default", "simd", "std", "unstable-doc", "unstable-recover"))' -C metadata=d7d541a2d5516d5c -C extra-filename=-48aaba091a0bb1b5 --out-dir /mnt/data1/nix/vendor/rust/cargo2nix/submodules/rust/target/debug/deps -L dependency=/mnt/data1/nix/vendor/rust/cargo2nix/submodules/rust/target/debug/deps --cap-lints allow`
SUMMARY_DIR: /mnt/data1/nix/vendor/rust/cargo2nix/submodules/rust/compiler/rustc_driver/scan_results
SUMMARY: 32 item types saved to /mnt/data1/nix/vendor/rust/cargo2nix/submodules/rust/compiler/rustc_driver/scan_results/form_urlencoded_summary.json
SCAN_DIR: /mnt/data1/nix/vendor/rust/cargo2nix/submodules/rust/compiler/rustc_driver/scan_results
SAVED: 26 items to /mnt/data1/nix/vendor/rust/cargo2nix/submodules/rust/compiler/rustc_driver/scan_results/unicode-normalization.json
SUMMARY_DIR: /mnt/data1/nix/vendor/rust/cargo2nix/submodules/rust/compiler/rustc_driver/scan_results
SUMMARY: 43 item types saved to /mnt/data1/nix/vendor/rust/cargo2nix/submodules/rust/compiler/rustc_driver/scan_results/rustix_summary.json
WITNESS_SYMBOL: {"symbol":"simple_scanner_start","from":"main","file":"simple_scanner.rs","line":120}
SCAN_DIR: /mnt/data1/nix/vendor/rust/cargo2nix/submodules/rust/compiler/rustc_driver/scan_results
SAVED: 25 items to /mnt/data1/nix/vendor/rust/cargo2nix/submodules/rust/compiler/rustc_driver/scan_results/winnow.json
WITNESS_SYMBOL: {"symbol":"simple_scanner_end","from":"main","file":"simple_scanner.rs","line":126}
SUMMARY_DIR: /mnt/data1/nix/vendor/rust/cargo2nix/submodules/rust/compiler/rustc_driver/scan_results
SUMMARY: 48 item types saved to /mnt/data1/nix/vendor/rust/cargo2nix/submodules/rust/compiler/rustc_driver/scan_results/thread_local_summary.json
   Compiling siphasher v1.0.1
     Running `/home/mdupont/nix/vendor/rust/cargo2nix/submodules/rust/compiler/rustc_driver/simple_scanner --crate-name siphasher --edition=2018 /home/mdupont/.cargo/registry/src/index.crates.io-1949cf8c6b5b557f/siphasher-1.0.1/src/lib.rs --error-format=json --json=diagnostic-rendered-ansi,artifacts,future-incompat --crate-type lib --emit=dep-info,metadata,link -C embed-bitcode=no -C debuginfo=2 --cfg 'feature="default"' --cfg 'feature="std"' --check-cfg 'cfg(docsrs,test)' --check-cfg 'cfg(feature, values("default", "serde", "serde_json", "serde_no_std", "serde_std", "std"))' -C metadata=da1d4474a5961eba -C extra-filename=-7c1552b8576267b4 --out-dir /mnt/data1/nix/vendor/rust/cargo2nix/submodules/rust/target/debug/deps -L dependency=/mnt/data1/nix/vendor/rust/cargo2nix/submodules/rust/target/debug/deps --cap-lints allow`
WITNESS_SYMBOL: {"symbol":"simple_scanner_end","from":"main","file":"simple_scanner.rs","line":126}
   Compiling getrandom v0.2.16
     Running `/home/mdupont/nix/vendor/rust/cargo2nix/submodules/rust/compiler/rustc_driver/simple_scanner --crate-name getrandom --edition=2018 /home/mdupont/.cargo/registry/src/index.crates.io-1949cf8c6b5b557f/getrandom-0.2.16/src/lib.rs --error-format=json --json=diagnostic-rendered-ansi,artifacts,future-incompat --crate-type lib --emit=dep-info,metadata,link -C embed-bitcode=no -C debuginfo=2 --cfg 'feature="std"' --check-cfg 'cfg(docsrs,test)' --check-cfg 'cfg(feature, values("compiler_builtins", "core", "custom", "js", "js-sys", "linux_disable_fallback", "rdrand", "rustc-dep-of-std", "std", "test-in-browser", "wasm-bindgen"))' -C metadata=d4d6a1addd8c8b6f -C extra-filename=-70229d41329590a6 --out-dir /mnt/data1/nix/vendor/rust/cargo2nix/submodules/rust/target/debug/deps -L dependency=/mnt/data1/nix/vendor/rust/cargo2nix/submodules/rust/target/debug/deps --extern cfg_if=/mnt/data1/nix/vendor/rust/cargo2nix/submodules/rust/target/debug/deps/libcfg_if-03c73dea748456e6.rmeta --extern libc=/mnt/data1/nix/vendor/rust/cargo2nix/submodules/rust/target/debug/deps/liblibc-ea591502e5075e1d.rmeta --cap-lints allow`
WITNESS_SYMBOL: {"symbol":"simple_scanner_end","from":"main","file":"simple_scanner.rs","line":126}
   Compiling unicode-width v0.1.14
     Running `/home/mdupont/nix/vendor/rust/cargo2nix/submodules/rust/compiler/rustc_driver/simple_scanner --crate-name unicode_width --edition=2021 /home/mdupont/.cargo/registry/src/index.crates.io-1949cf8c6b5b557f/unicode-width-0.1.14/src/lib.rs --error-format=json --json=diagnostic-rendered-ansi,artifacts,future-incompat --crate-type lib --emit=dep-info,metadata,link -C embed-bitcode=no -C debuginfo=2 --cfg 'feature="cjk"' --cfg 'feature="default"' --check-cfg 'cfg(docsrs,test)' --check-cfg 'cfg(feature, values("cjk", "compiler_builtins", "core", "default", "no_std", "rustc-dep-of-std", "std"))' -C metadata=7d31469cc1fdbe56 -C extra-filename=-4c7a73551c4704b9 --out-dir /mnt/data1/nix/vendor/rust/cargo2nix/submodules/rust/target/debug/deps -L dependency=/mnt/data1/nix/vendor/rust/cargo2nix/submodules/rust/target/debug/deps --cap-lints allow`
WITNESS_SYMBOL: {"symbol":"simple_scanner_start","from":"main","file":"simple_scanner.rs","line":120}
WITNESS_SYMBOL: {"symbol":"simple_scanner_start","from":"main","file":"simple_scanner.rs","line":120}
SCAN_DIR: /mnt/data1/nix/vendor/rust/cargo2nix/submodules/rust/compiler/rustc_driver/scan_results
SAVED: 6 items to /mnt/data1/nix/vendor/rust/cargo2nix/submodules/rust/compiler/rustc_driver/scan_results/siphasher.json
SCAN_DIR: /mnt/data1/nix/vendor/rust/cargo2nix/submodules/rust/compiler/rustc_driver/scan_results
SAVED: 11 items to /mnt/data1/nix/vendor/rust/cargo2nix/submodules/rust/compiler/rustc_driver/scan_results/getrandom.json
WITNESS_SYMBOL: {"symbol":"simple_scanner_start","from":"main","file":"simple_scanner.rs","line":120}
SCAN_DIR: /mnt/data1/nix/vendor/rust/cargo2nix/submodules/rust/compiler/rustc_driver/scan_results
SAVED: 7 items to /mnt/data1/nix/vendor/rust/cargo2nix/submodules/rust/compiler/rustc_driver/scan_results/unicode-width.json
WITNESS_SYMBOL: {"symbol":"simple_scanner_end","from":"main","file":"simple_scanner.rs","line":126}
   Compiling toml_write v0.1.2
     Running `/home/mdupont/nix/vendor/rust/cargo2nix/submodules/rust/compiler/rustc_driver/simple_scanner --crate-name toml_write --edition=2021 /home/mdupont/.cargo/registry/src/index.crates.io-1949cf8c6b5b557f/toml_write-0.1.2/src/lib.rs --error-format=json --json=diagnostic-rendered-ansi,artifacts,future-incompat --crate-type lib --emit=dep-info,metadata,link -C embed-bitcode=no -C debuginfo=2 --warn=rust_2018_idioms '--warn=clippy::zero_sized_map_values' '--warn=clippy::wildcard_imports' '--warn=clippy::verbose_file_reads' --warn=unused_qualifications --warn=unused_macro_rules --warn=unused_lifetimes --warn=unsafe_op_in_unsafe_fn --warn=unreachable_pub --allow=unnameable_types '--warn=clippy::uninlined_format_args' '--warn=clippy::trait_duplication_in_bounds' '--warn=clippy::todo' '--warn=clippy::string_to_string' '--warn=clippy::string_lit_as_bytes' '--warn=clippy::string_add_assign' '--warn=clippy::string_add' '--warn=clippy::str_to_string' '--warn=clippy::semicolon_if_nothing_returned' '--warn=clippy::self_named_module_files' '--warn=clippy::same_functions_in_if_condition' '--allow=clippy::result_large_err' '--warn=clippy::rest_pat_in_fully_bound_structs' '--warn=clippy::ref_option_ref' '--warn=clippy::redundant_feature_names' '--warn=clippy::rc_mutex' '--warn=clippy::ptr_as_ptr' '--warn=clippy::path_buf_push_overwrite' '--warn=clippy::negative_feature_names' '--warn=clippy::needless_for_each' '--allow=clippy::needless_continue' '--warn=clippy::mutex_integer' '--warn=clippy::mem_forget' '--warn=clippy::macro_use_imports' '--warn=clippy::lossy_float_literal' '--warn=clippy::linkedlist' '--allow=clippy::let_and_return' '--warn=clippy::large_types_passed_by_value' '--warn=clippy::large_stack_arrays' '--warn=clippy::large_digit_groups' '--warn=clippy::invalid_upcast_comparisons' '--warn=clippy::infinite_loop' '--warn=clippy::inefficient_to_string' '--warn=clippy::inconsistent_struct_constructor' '--warn=clippy::imprecise_flops' '--warn=clippy::implicit_clone' '--allow=clippy::if_same_then_else' '--warn=clippy::from_iter_instead_of_collect' '--warn=clippy::fn_params_excessive_bools' '--warn=clippy::float_cmp_const' '--warn=clippy::flat_map_option' '--warn=clippy::filter_map_next' '--warn=clippy::fallible_impl_from' '--warn=clippy::explicit_into_iter_loop' '--warn=clippy::explicit_deref_methods' '--warn=clippy::expl_impl_clone_on_copy' '--warn=clippy::enum_glob_use' '--warn=clippy::empty_enum' '--warn=clippy::doc_markdown' '--warn=clippy::debug_assert_with_mut_call' '--warn=clippy::dbg_macro' '--warn=clippy::create_dir' '--allow=clippy::collapsible_else_if' '--warn=clippy::checked_conversions' '--allow=clippy::branches_sharing_code' '--allow=clippy::bool_assert_comparison' --cfg 'feature="alloc"' --cfg 'feature="default"' --cfg 'feature="std"' --check-cfg 'cfg(docsrs,test)' --check-cfg 'cfg(feature, values("alloc", "default", "std"))' -C metadata=1e0e27682427da56 -C extra-filename=-f20ba7bcda4f25f8 --out-dir /mnt/data1/nix/vendor/rust/cargo2nix/submodules/rust/target/debug/deps -L dependency=/mnt/data1/nix/vendor/rust/cargo2nix/submodules/rust/target/debug/deps --cap-lints allow`
WITNESS_SYMBOL: {"symbol":"simple_scanner_end","from":"main","file":"simple_scanner.rs","line":126}
   Compiling typeid v1.0.3
WITNESS_SYMBOL: {"symbol":"simple_scanner_start","from":"main","file":"simple_scanner.rs","line":120}
     Running `/home/mdupont/nix/vendor/rust/cargo2nix/submodules/rust/compiler/rustc_driver/simple_scanner --crate-name build_script_build --edition=2018 /home/mdupont/.cargo/registry/src/index.crates.io-1949cf8c6b5b557f/typeid-1.0.3/build.rs --error-format=json --json=diagnostic-rendered-ansi,artifacts,future-incompat --crate-type bin --emit=dep-info,link -C embed-bitcode=no --check-cfg 'cfg(docsrs,test)' --check-cfg 'cfg(feature, values())' -C metadata=1b21db8bdfe87e3a -C extra-filename=-95e6d55cb6d3a277 --out-dir /mnt/data1/nix/vendor/rust/cargo2nix/submodules/rust/target/debug/build/typeid-95e6d55cb6d3a277 -L dependency=/mnt/data1/nix/vendor/rust/cargo2nix/submodules/rust/target/debug/deps --cap-lints allow`
SCAN_DIR: /mnt/data1/nix/vendor/rust/cargo2nix/submodules/rust/compiler/rustc_driver/scan_results
SAVED: 15 items to /mnt/data1/nix/vendor/rust/cargo2nix/submodules/rust/compiler/rustc_driver/scan_results/toml_write.json
SUMMARY_DIR: /mnt/data1/nix/vendor/rust/cargo2nix/submodules/rust/compiler/rustc_driver/scan_results
SUMMARY: 11 item types saved to /mnt/data1/nix/vendor/rust/cargo2nix/submodules/rust/compiler/rustc_driver/scan_results/getrandom_summary.json
WITNESS_SYMBOL: {"symbol":"simple_scanner_start","from":"main","file":"simple_scanner.rs","line":120}
SUMMARY_DIR: /mnt/data1/nix/vendor/rust/cargo2nix/submodules/rust/compiler/rustc_driver/scan_results
SUMMARY: 8 item types saved to /mnt/data1/nix/vendor/rust/cargo2nix/submodules/rust/compiler/rustc_driver/scan_results/ppv-lite86_summary.json
SCAN_DIR: /mnt/data1/nix/vendor/rust/cargo2nix/submodules/rust/compiler/rustc_driver/scan_results
SAVED: 5 items to /mnt/data1/nix/vendor/rust/cargo2nix/submodules/rust/compiler/rustc_driver/scan_results/typeid.json
SUMMARY_DIR: /mnt/data1/nix/vendor/rust/cargo2nix/submodules/rust/compiler/rustc_driver/scan_results
SUMMARY: 5 item types saved to /mnt/data1/nix/vendor/rust/cargo2nix/submodules/rust/compiler/rustc_driver/scan_results/typeid_summary.json
WITNESS_SYMBOL: {"symbol":"simple_scanner_end","from":"main","file":"simple_scanner.rs","line":126}
WITNESS_SYMBOL: {"symbol":"simple_scanner_end","from":"main","file":"simple_scanner.rs","line":126}
   Compiling tempfile v3.20.0
     Running `/home/mdupont/nix/vendor/rust/cargo2nix/submodules/rust/compiler/rustc_driver/simple_scanner --crate-name tempfile --edition=2021 /home/mdupont/.cargo/registry/src/index.crates.io-1949cf8c6b5b557f/tempfile-3.20.0/src/lib.rs --error-format=json --json=diagnostic-rendered-ansi,artifacts,future-incompat --crate-type lib --emit=dep-info,metadata,link -C embed-bitcode=no -C debuginfo=2 --cfg 'feature="default"' --cfg 'feature="getrandom"' --check-cfg 'cfg(docsrs,test)' --check-cfg 'cfg(feature, values("default", "getrandom", "nightly", "unstable-windows-keep-open-tempfile"))' -C metadata=f843f74ccd7051d4 -C extra-filename=-300915d657ee9b94 --out-dir /mnt/data1/nix/vendor/rust/cargo2nix/submodules/rust/target/debug/deps -L dependency=/mnt/data1/nix/vendor/rust/cargo2nix/submodules/rust/target/debug/deps --extern fastrand=/mnt/data1/nix/vendor/rust/cargo2nix/submodules/rust/target/debug/deps/libfastrand-072438159a6d2792.rmeta --extern getrandom=/mnt/data1/nix/vendor/rust/cargo2nix/submodules/rust/target/debug/deps/libgetrandom-c934994e37decbcc.rmeta --extern once_cell=/mnt/data1/nix/vendor/rust/cargo2nix/submodules/rust/target/debug/deps/libonce_cell-803291aaf70272e8.rmeta --extern rustix=/mnt/data1/nix/vendor/rust/cargo2nix/submodules/rust/target/debug/deps/librustix-cc18db4f32e9c75b.rmeta --cap-lints allow`
WITNESS_SYMBOL: {"symbol":"simple_scanner_end","from":"main","file":"simple_scanner.rs","line":126}
   Compiling rand_chacha v0.9.0
     Running `/home/mdupont/nix/vendor/rust/cargo2nix/submodules/rust/compiler/rustc_driver/simple_scanner --crate-name rand_chacha --edition=2021 /home/mdupont/.cargo/registry/src/index.crates.io-1949cf8c6b5b557f/rand_chacha-0.9.0/src/lib.rs --error-format=json --json=diagnostic-rendered-ansi,artifacts,future-incompat --crate-type lib --emit=dep-info,metadata,link -C embed-bitcode=no -C debuginfo=2 --cfg 'feature="default"' --cfg 'feature="std"' --check-cfg 'cfg(docsrs,test)' --check-cfg 'cfg(feature, values("default", "os_rng", "serde", "std"))' -C metadata=3c00dc71e2bb3a37 -C extra-filename=-85ab544f05b8b31a --out-dir /mnt/data1/nix/vendor/rust/cargo2nix/submodules/rust/target/debug/deps -L dependency=/mnt/data1/nix/vendor/rust/cargo2nix/submodules/rust/target/debug/deps --extern ppv_lite86=/mnt/data1/nix/vendor/rust/cargo2nix/submodules/rust/target/debug/deps/libppv_lite86-f111b64f55436fc2.rmeta --extern rand_core=/mnt/data1/nix/vendor/rust/cargo2nix/submodules/rust/target/debug/deps/librand_core-767822df9d231001.rmeta --cap-lints allow`
SUMMARY_DIR: /mnt/data1/nix/vendor/rust/cargo2nix/submodules/rust/compiler/rustc_driver/scan_results
SUMMARY: 6 item types saved to /mnt/data1/nix/vendor/rust/cargo2nix/submodules/rust/compiler/rustc_driver/scan_results/siphasher_summary.json
   Compiling rand_core v0.6.4
     Running `/home/mdupont/nix/vendor/rust/cargo2nix/submodules/rust/compiler/rustc_driver/simple_scanner --crate-name rand_core --edition=2018 /home/mdupont/.cargo/registry/src/index.crates.io-1949cf8c6b5b557f/rand_core-0.6.4/src/lib.rs --error-format=json --json=diagnostic-rendered-ansi,artifacts,future-incompat --crate-type lib --emit=dep-info,metadata,link -C embed-bitcode=no -C debuginfo=2 --cfg 'feature="alloc"' --cfg 'feature="getrandom"' --cfg 'feature="std"' --check-cfg 'cfg(docsrs,test)' --check-cfg 'cfg(feature, values("alloc", "getrandom", "serde", "serde1", "std"))' -C metadata=5c888c6b74fa73c6 -C extra-filename=-3e7b8055ee78120c --out-dir /mnt/data1/nix/vendor/rust/cargo2nix/submodules/rust/target/debug/deps -L dependency=/mnt/data1/nix/vendor/rust/cargo2nix/submodules/rust/target/debug/deps --extern getrandom=/mnt/data1/nix/vendor/rust/cargo2nix/submodules/rust/target/debug/deps/libgetrandom-70229d41329590a6.rmeta --cap-lints allow`
WITNESS_SYMBOL: {"symbol":"simple_scanner_start","from":"main","file":"simple_scanner.rs","line":120}
WITNESS_SYMBOL: {"symbol":"simple_scanner_start","from":"main","file":"simple_scanner.rs","line":120}
SUMMARY_DIR: /mnt/data1/nix/vendor/rust/cargo2nix/submodules/rust/compiler/rustc_driver/scan_results
SUMMARY: 7 item types saved to /mnt/data1/nix/vendor/rust/cargo2nix/submodules/rust/compiler/rustc_driver/scan_results/unicode-width_summary.json
WITNESS_SYMBOL: {"symbol":"simple_scanner_start","from":"main","file":"simple_scanner.rs","line":120}
SCAN_DIR: /mnt/data1/nix/vendor/rust/cargo2nix/submodules/rust/compiler/rustc_driver/scan_results
SAVED: 19 items to /mnt/data1/nix/vendor/rust/cargo2nix/submodules/rust/compiler/rustc_driver/scan_results/tempfile.json
SUMMARY_DIR: /mnt/data1/nix/vendor/rust/cargo2nix/submodules/rust/compiler/rustc_driver/scan_results
SUMMARY: 15 item types saved to /mnt/data1/nix/vendor/rust/cargo2nix/submodules/rust/compiler/rustc_driver/scan_results/toml_write_summary.json
SCAN_DIR: /mnt/data1/nix/vendor/rust/cargo2nix/submodules/rust/compiler/rustc_driver/scan_results
SAVED: 6 items to /mnt/data1/nix/vendor/rust/cargo2nix/submodules/rust/compiler/rustc_driver/scan_results/rand_chacha.json
SCAN_DIR: /mnt/data1/nix/vendor/rust/cargo2nix/submodules/rust/compiler/rustc_driver/scan_results
SAVED: 23 items to /mnt/data1/nix/vendor/rust/cargo2nix/submodules/rust/compiler/rustc_driver/scan_results/rand_core.json
WITNESS_SYMBOL: {"symbol":"simple_scanner_end","from":"main","file":"simple_scanner.rs","line":126}
WITNESS_SYMBOL: {"symbol":"simple_scanner_end","from":"main","file":"simple_scanner.rs","line":126}
   Compiling rayon-core v1.13.0
     Running `/home/mdupont/nix/vendor/rust/cargo2nix/submodules/rust/compiler/rustc_driver/simple_scanner --crate-name build_script_build --edition=2021 /home/mdupont/.cargo/registry/src/index.crates.io-1949cf8c6b5b557f/rayon-core-1.13.0/build.rs --error-format=json --json=diagnostic-rendered-ansi,artifacts,future-incompat --crate-type bin --emit=dep-info,link -C embed-bitcode=no --check-cfg 'cfg(docsrs,test)' --check-cfg 'cfg(feature, values("web_spin_lock"))' -C metadata=89dfa87c56628fcd -C extra-filename=-e2a1c0d176dc2add --out-dir /mnt/data1/nix/vendor/rust/cargo2nix/submodules/rust/target/debug/build/rayon-core-e2a1c0d176dc2add -L dependency=/mnt/data1/nix/vendor/rust/cargo2nix/submodules/rust/target/debug/deps --cap-lints allow`
   Compiling unicode-script v0.5.7
     Running `/home/mdupont/nix/vendor/rust/cargo2nix/submodules/rust/compiler/rustc_driver/simple_scanner --crate-name unicode_script --edition=2018 /home/mdupont/.cargo/registry/src/index.crates.io-1949cf8c6b5b557f/unicode-script-0.5.7/src/lib.rs --error-format=json --json=diagnostic-rendered-ansi,artifacts,future-incompat --crate-type lib --emit=dep-info,metadata,link -C embed-bitcode=no -C debuginfo=2 --check-cfg 'cfg(docsrs,test)' --check-cfg 'cfg(feature, values("bench", "compiler_builtins", "core", "rustc-dep-of-std", "std"))' -C metadata=aa8f0c5d00b6d3cf -C extra-filename=-af30e858fc4216c0 --out-dir /mnt/data1/nix/vendor/rust/cargo2nix/submodules/rust/target/debug/deps -L dependency=/mnt/data1/nix/vendor/rust/cargo2nix/submodules/rust/target/debug/deps --cap-lints allow`
WITNESS_SYMBOL: {"symbol":"simple_scanner_end","from":"main","file":"simple_scanner.rs","line":126}
WITNESS_SYMBOL: {"symbol":"simple_scanner_end","from":"main","file":"simple_scanner.rs","line":126}
   Compiling rustc_proc_macro v0.0.0 (/mnt/data1/nix/vendor/rust/cargo2nix/submodules/rust/compiler/rustc_proc_macro)
     Running `/home/mdupont/nix/vendor/rust/cargo2nix/submodules/rust/compiler/rustc_driver/simple_scanner --crate-name rustc_proc_macro --edition=2024 compiler/rustc_proc_macro/../../library/proc_macro/src/lib.rs --error-format=json --json=diagnostic-rendered-ansi,artifacts,future-incompat --crate-type lib --emit=dep-info,metadata,link -C embed-bitcode=no -C debuginfo=2 --check-cfg 'cfg(docsrs,test)' --check-cfg 'cfg(feature, values("rustc-dep-of-std"))' -C metadata=bb4dbdc41a963a51 -C extra-filename=-327df7c39b1a0526 --out-dir /mnt/data1/nix/vendor/rust/cargo2nix/submodules/rust/target/debug/deps -C incremental=/mnt/data1/nix/vendor/rust/cargo2nix/submodules/rust/target/debug/incremental -L dependency=/mnt/data1/nix/vendor/rust/cargo2nix/submodules/rust/target/debug/deps --extern rustc_literal_escaper=/mnt/data1/nix/vendor/rust/cargo2nix/submodules/rust/target/debug/deps/librustc_literal_escaper-c94d92d19013b504.rmeta`
WITNESS_SYMBOL: {"symbol":"simple_scanner_end","from":"main","file":"simple_scanner.rs","line":126}
WITNESS_SYMBOL: {"symbol":"simple_scanner_start","from":"main","file":"simple_scanner.rs","line":120}
   Compiling static_assertions v1.1.0
     Running `/home/mdupont/nix/vendor/rust/cargo2nix/submodules/rust/compiler/rustc_driver/simple_scanner --crate-name static_assertions --edition=2015 /home/mdupont/.cargo/registry/src/index.crates.io-1949cf8c6b5b557f/static_assertions-1.1.0/src/lib.rs --error-format=json --json=diagnostic-rendered-ansi,artifacts,future-incompat --crate-type lib --emit=dep-info,metadata,link -C embed-bitcode=no -C debuginfo=2 --check-cfg 'cfg(docsrs,test)' --check-cfg 'cfg(feature, values("nightly"))' -C metadata=b46b27c85573ebdf -C extra-filename=-5e3b464b538aaf18 --out-dir /mnt/data1/nix/vendor/rust/cargo2nix/submodules/rust/target/debug/deps -L dependency=/mnt/data1/nix/vendor/rust/cargo2nix/submodules/rust/target/debug/deps --cap-lints allow`
WITNESS_SYMBOL: {"symbol":"simple_scanner_start","from":"main","file":"simple_scanner.rs","line":120}
   Compiling option-ext v0.2.0
     Running `/home/mdupont/nix/vendor/rust/cargo2nix/submodules/rust/compiler/rustc_driver/simple_scanner --crate-name option_ext --edition=2015 /home/mdupont/.cargo/registry/src/index.crates.io-1949cf8c6b5b557f/option-ext-0.2.0/src/lib.rs --error-format=json --json=diagnostic-rendered-ansi,artifacts,future-incompat --crate-type lib --emit=dep-info,metadata,link -C embed-bitcode=no -C debuginfo=2 --check-cfg 'cfg(docsrs,test)' --check-cfg 'cfg(feature, values())' -C metadata=1c083365d4c3843c -C extra-filename=-f40cadf237712105 --out-dir /mnt/data1/nix/vendor/rust/cargo2nix/submodules/rust/target/debug/deps -L dependency=/mnt/data1/nix/vendor/rust/cargo2nix/submodules/rust/target/debug/deps --cap-lints allow`
SCAN_DIR: /mnt/data1/nix/vendor/rust/cargo2nix/submodules/rust/compiler/rustc_driver/scan_results
SAVED: 1 items to /mnt/data1/nix/vendor/rust/cargo2nix/submodules/rust/compiler/rustc_driver/scan_results/rayon-core.json
SCAN_DIR: /mnt/data1/nix/vendor/rust/cargo2nix/submodules/rust/compiler/rustc_driver/scan_results
WITNESS_SYMBOL: {"symbol":"simple_scanner_start","from":"main","file":"simple_scanner.rs","line":120}
SUMMARY_DIR: /mnt/data1/nix/vendor/rust/cargo2nix/submodules/rust/compiler/rustc_driver/scan_results
SUMMARY: 1 item types saved to /mnt/data1/nix/vendor/rust/cargo2nix/submodules/rust/compiler/rustc_driver/scan_results/rayon-core_summary.json
SUMMARY_DIR: /mnt/data1/nix/vendor/rust/cargo2nix/submodules/rust/compiler/rustc_driver/scan_results
SUMMARY: 43 item types saved to /mnt/data1/nix/vendor/rust/cargo2nix/submodules/rust/compiler/rustc_driver/scan_results/sharded-slab_summary.json
SAVED: 25 items to /mnt/data1/nix/vendor/rust/cargo2nix/submodules/rust/compiler/rustc_driver/scan_results/unicode-script.json
WITNESS_SYMBOL: {"symbol":"simple_scanner_start","from":"main","file":"simple_scanner.rs","line":120}
WITNESS_SYMBOL: {"symbol":"simple_scanner_start","from":"main","file":"simple_scanner.rs","line":120}
SCAN_DIR: /mnt/data1/nix/vendor/rust/cargo2nix/submodules/rust/compiler/rustc_driver/scan_results
SAVED: 10 items to /mnt/data1/nix/vendor/rust/cargo2nix/submodules/rust/compiler/rustc_driver/scan_results/static_assertions.json
SUMMARY_DIR: /mnt/data1/nix/vendor/rust/cargo2nix/submodules/rust/compiler/rustc_driver/scan_results
SCAN_DIR: /mnt/data1/nix/vendor/rust/cargo2nix/submodules/rust/compiler/rustc_driver/scan_results
SUMMARY: 10 item types saved to /mnt/data1/nix/vendor/rust/cargo2nix/submodules/rust/compiler/rustc_driver/scan_results/static_assertions_summary.json
SCAN_DIR: /mnt/data1/nix/vendor/rust/cargo2nix/submodules/rust/compiler/rustc_driver/scan_results
SAVED: 2 items to /mnt/data1/nix/vendor/rust/cargo2nix/submodules/rust/compiler/rustc_driver/scan_results/option-ext.json
WITNESS_SYMBOL: {"symbol":"simple_scanner_end","from":"main","file":"simple_scanner.rs","line":126}
SUMMARY_DIR: /mnt/data1/nix/vendor/rust/cargo2nix/submodules/rust/compiler/rustc_driver/scan_results
SUMMARY: 2 item types saved to /mnt/data1/nix/vendor/rust/cargo2nix/submodules/rust/compiler/rustc_driver/scan_results/option-ext_summary.json
SAVED: 94 items to /mnt/data1/nix/vendor/rust/cargo2nix/submodules/rust/compiler/rustc_driver/scan_results/rustc_proc_macro.json
   Compiling phf_shared v0.11.3
     Running `/home/mdupont/nix/vendor/rust/cargo2nix/submodules/rust/compiler/rustc_driver/simple_scanner --crate-name phf_shared --edition=2021 /home/mdupont/.cargo/registry/src/index.crates.io-1949cf8c6b5b557f/phf_shared-0.11.3/src/lib.rs --error-format=json --json=diagnostic-rendered-ansi,artifacts,future-incompat --crate-type lib --emit=dep-info,metadata,link -C embed-bitcode=no -C debuginfo=2 --cfg 'feature="default"' --cfg 'feature="std"' --check-cfg 'cfg(docsrs,test)' --check-cfg 'cfg(feature, values("default", "std", "uncased", "unicase"))' -C metadata=285d3317c5c366b2 -C extra-filename=-b99c3778e6d26b58 --out-dir /mnt/data1/nix/vendor/rust/cargo2nix/submodules/rust/target/debug/deps -L dependency=/mnt/data1/nix/vendor/rust/cargo2nix/submodules/rust/target/debug/deps --extern siphasher=/mnt/data1/nix/vendor/rust/cargo2nix/submodules/rust/target/debug/deps/libsiphasher-7c1552b8576267b4.rmeta --cap-lints allow`
WITNESS_SYMBOL: {"symbol":"simple_scanner_end","from":"main","file":"simple_scanner.rs","line":126}
WITNESS_SYMBOL: {"symbol":"simple_scanner_end","from":"main","file":"simple_scanner.rs","line":126}
WITNESS_SYMBOL: {"symbol":"simple_scanner_end","from":"main","file":"simple_scanner.rs","line":126}
     Running `/mnt/data1/nix/vendor/rust/cargo2nix/submodules/rust/target/debug/build/typeid-95e6d55cb6d3a277/build-script-build`
   Compiling dirs-sys v0.5.0
     Running `/home/mdupont/nix/vendor/rust/cargo2nix/submodules/rust/compiler/rustc_driver/simple_scanner --crate-name dirs_sys --edition=2015 /home/mdupont/.cargo/registry/src/index.crates.io-1949cf8c6b5b557f/dirs-sys-0.5.0/src/lib.rs --error-format=json --json=diagnostic-rendered-ansi,artifacts,future-incompat --crate-type lib --emit=dep-info,metadata,link -C embed-bitcode=no -C debuginfo=2 --check-cfg 'cfg(docsrs,test)' --check-cfg 'cfg(feature, values())' -C metadata=9eb011efd3cf28b0 -C extra-filename=-7b37c54862ce5c58 --out-dir /mnt/data1/nix/vendor/rust/cargo2nix/submodules/rust/target/debug/deps -L dependency=/mnt/data1/nix/vendor/rust/cargo2nix/submodules/rust/target/debug/deps --extern libc=/mnt/data1/nix/vendor/rust/cargo2nix/submodules/rust/target/debug/deps/liblibc-ea591502e5075e1d.rmeta --extern option_ext=/mnt/data1/nix/vendor/rust/cargo2nix/submodules/rust/target/debug/deps/liboption_ext-f40cadf237712105.rmeta --cap-lints allow`
SUMMARY_DIR: /mnt/data1/nix/vendor/rust/cargo2nix/submodules/rust/compiler/rustc_driver/scan_results
SUMMARY: 23 item types saved to /mnt/data1/nix/vendor/rust/cargo2nix/submodules/rust/compiler/rustc_driver/scan_results/rand_core_summary.json
WITNESS_SYMBOL: {"symbol":"simple_scanner_end","from":"main","file":"simple_scanner.rs","line":126}
   Compiling ordered-float v2.10.1
     Running `/home/mdupont/nix/vendor/rust/cargo2nix/submodules/rust/compiler/rustc_driver/simple_scanner --crate-name ordered_float --edition=2018 /home/mdupont/.cargo/registry/src/index.crates.io-1949cf8c6b5b557f/ordered-float-2.10.1/src/lib.rs --error-format=json --json=diagnostic-rendered-ansi,artifacts,future-incompat --crate-type lib --emit=dep-info,metadata,link -C embed-bitcode=no -C debuginfo=2 --cfg 'feature="default"' --cfg 'feature="std"' --check-cfg 'cfg(docsrs,test)' --check-cfg 'cfg(feature, values("arbitrary", "default", "proptest", "rand", "randtest", "rkyv", "schemars", "serde", "std"))' -C metadata=81d7c4d6029facdb -C extra-filename=-1d086ce4a4fb37c7 --out-dir /mnt/data1/nix/vendor/rust/cargo2nix/submodules/rust/target/debug/deps -L dependency=/mnt/data1/nix/vendor/rust/cargo2nix/submodules/rust/target/debug/deps --extern num_traits=/mnt/data1/nix/vendor/rust/cargo2nix/submodules/rust/target/debug/deps/libnum_traits-e6d0bd78a2aa48f9.rmeta --cap-lints allow`
WITNESS_SYMBOL: {"symbol":"simple_scanner_start","from":"main","file":"simple_scanner.rs","line":120}
   Compiling libloading v0.8.8
     Running `/home/mdupont/nix/vendor/rust/cargo2nix/submodules/rust/compiler/rustc_driver/simple_scanner --crate-name libloading --edition=2015 /home/mdupont/.cargo/registry/src/index.crates.io-1949cf8c6b5b557f/libloading-0.8.8/src/lib.rs --error-format=json --json=diagnostic-rendered-ansi,artifacts,future-incompat --crate-type lib --emit=dep-info,metadata,link -C embed-bitcode=no -C debuginfo=2 --warn=unexpected_cfgs --check-cfg 'cfg(libloading_docs)' --check-cfg 'cfg(target_os, values("cygwin"))' --check-cfg 'cfg(docsrs,test)' --check-cfg 'cfg(feature, values())' -C metadata=e09bf84d0d389659 -C extra-filename=-cdda8ba087e4de54 --out-dir /mnt/data1/nix/vendor/rust/cargo2nix/submodules/rust/target/debug/deps -L dependency=/mnt/data1/nix/vendor/rust/cargo2nix/submodules/rust/target/debug/deps --extern cfg_if=/mnt/data1/nix/vendor/rust/cargo2nix/submodules/rust/target/debug/deps/libcfg_if-03c73dea748456e6.rmeta --cap-lints allow`
SUMMARY_DIR: /mnt/data1/nix/vendor/rust/cargo2nix/submodules/rust/compiler/rustc_driver/scan_results
SUMMARY: 6 item types saved to /mnt/data1/nix/vendor/rust/cargo2nix/submodules/rust/compiler/rustc_driver/scan_results/rand_chacha_summary.json
SCAN_DIR: /mnt/data1/nix/vendor/rust/cargo2nix/submodules/rust/compiler/rustc_driver/scan_results
WITNESS_SYMBOL: {"symbol":"simple_scanner_start","from":"main","file":"simple_scanner.rs","line":120}
SAVED: 95 items to /mnt/data1/nix/vendor/rust/cargo2nix/submodules/rust/compiler/rustc_driver/scan_results/phf_shared.json
WITNESS_SYMBOL: {"symbol":"simple_scanner_start","from":"main","file":"simple_scanner.rs","line":120}
WITNESS_SYMBOL: {"symbol":"simple_scanner_start","from":"main","file":"simple_scanner.rs","line":120}
SCAN_DIR: /mnt/data1/nix/vendor/rust/cargo2nix/submodules/rust/compiler/rustc_driver/scan_results
SCAN_DIR: /mnt/data1/nix/vendor/rust/cargo2nix/submodules/rust/compiler/rustc_driver/scan_results
SCAN_DIR: /mnt/data1/nix/vendor/rust/cargo2nix/submodules/rust/compiler/rustc_driver/scan_results
SAVED: 16 items to /mnt/data1/nix/vendor/rust/cargo2nix/submodules/rust/compiler/rustc_driver/scan_results/dirs-sys.json
SAVED: 10 items to /mnt/data1/nix/vendor/rust/cargo2nix/submodules/rust/compiler/rustc_driver/scan_results/libloading.json
WITNESS_SYMBOL: {"symbol":"simple_scanner_end","from":"main","file":"simple_scanner.rs","line":126}
   Compiling rand v0.9.2
     Running `/home/mdupont/nix/vendor/rust/cargo2nix/submodules/rust/compiler/rustc_driver/simple_scanner --crate-name rand --edition=2021 /home/mdupont/.cargo/registry/src/index.crates.io-1949cf8c6b5b557f/rand-0.9.2/src/lib.rs --error-format=json --json=diagnostic-rendered-ansi,artifacts,future-incompat --crate-type lib --emit=dep-info,metadata,link -C embed-bitcode=no -C debuginfo=2 --cfg 'feature="alloc"' --cfg 'feature="default"' --cfg 'feature="os_rng"' --cfg 'feature="small_rng"' --cfg 'feature="std"' --cfg 'feature="std_rng"' --cfg 'feature="thread_rng"' --check-cfg 'cfg(docsrs,test)' --check-cfg 'cfg(feature, values("alloc", "default", "log", "nightly", "os_rng", "serde", "simd_support", "small_rng", "std", "std_rng", "thread_rng", "unbiased"))' -C metadata=73ebbf398bdded2c -C extra-filename=-5351a4870cbc0153 --out-dir /mnt/data1/nix/vendor/rust/cargo2nix/submodules/rust/target/debug/deps -L dependency=/mnt/data1/nix/vendor/rust/cargo2nix/submodules/rust/target/debug/deps --extern rand_chacha=/mnt/data1/nix/vendor/rust/cargo2nix/submodules/rust/target/debug/deps/librand_chacha-85ab544f05b8b31a.rmeta --extern rand_core=/mnt/data1/nix/vendor/rust/cargo2nix/submodules/rust/target/debug/deps/librand_core-767822df9d231001.rmeta --cap-lints allow`
   Compiling rand_chacha v0.3.1
     Running `/home/mdupont/nix/vendor/rust/cargo2nix/submodules/rust/compiler/rustc_driver/simple_scanner --crate-name rand_chacha --edition=2018 /home/mdupont/.cargo/registry/src/index.crates.io-1949cf8c6b5b557f/rand_chacha-0.3.1/src/lib.rs --error-format=json --json=diagnostic-rendered-ansi,artifacts,future-incompat --crate-type lib --emit=dep-info,metadata,link -C embed-bitcode=no -C debuginfo=2 --cfg 'feature="std"' --check-cfg 'cfg(docsrs,test)' --check-cfg 'cfg(feature, values("default", "serde", "serde1", "simd", "std"))' -C metadata=9b381e71358792d9 -C extra-filename=-9baa412da6a04ac8 --out-dir /mnt/data1/nix/vendor/rust/cargo2nix/submodules/rust/target/debug/deps -L dependency=/mnt/data1/nix/vendor/rust/cargo2nix/submodules/rust/target/debug/deps --extern ppv_lite86=/mnt/data1/nix/vendor/rust/cargo2nix/submodules/rust/target/debug/deps/libppv_lite86-f111b64f55436fc2.rmeta --extern rand_core=/mnt/data1/nix/vendor/rust/cargo2nix/submodules/rust/target/debug/deps/librand_core-3e7b8055ee78120c.rmeta --cap-lints allow`
SAVED: 129 items to /mnt/data1/nix/vendor/rust/cargo2nix/submodules/rust/compiler/rustc_driver/scan_results/ordered-float.json
SUMMARY_DIR: /mnt/data1/nix/vendor/rust/cargo2nix/submodules/rust/compiler/rustc_driver/scan_results
WITNESS_SYMBOL: {"symbol":"simple_scanner_end","from":"main","file":"simple_scanner.rs","line":126}
SUMMARY: 19 item types saved to /mnt/data1/nix/vendor/rust/cargo2nix/submodules/rust/compiler/rustc_driver/scan_results/tempfile_summary.json
WITNESS_SYMBOL: {"symbol":"simple_scanner_end","from":"main","file":"simple_scanner.rs","line":126}
   Compiling psm v0.1.26
     Running `/home/mdupont/nix/vendor/rust/cargo2nix/submodules/rust/compiler/rustc_driver/simple_scanner --crate-name build_script_build --edition=2021 /home/mdupont/.cargo/registry/src/index.crates.io-1949cf8c6b5b557f/psm-0.1.26/build.rs --error-format=json --json=diagnostic-rendered-ansi,artifacts,future-incompat --crate-type bin --emit=dep-info,link -C embed-bitcode=no --check-cfg 'cfg(docsrs,test)' --check-cfg 'cfg(feature, values())' -C metadata=6f5cbc77608fd82c -C extra-filename=-25fe116deaeb15ac --out-dir /mnt/data1/nix/vendor/rust/cargo2nix/submodules/rust/target/debug/build/psm-25fe116deaeb15ac -L dependency=/mnt/data1/nix/vendor/rust/cargo2nix/submodules/rust/target/debug/deps --extern cc=/mnt/data1/nix/vendor/rust/cargo2nix/submodules/rust/target/debug/deps/libcc-436b02cffdc96910.rlib --cap-lints allow`
SUMMARY_DIR: /mnt/data1/nix/vendor/rust/cargo2nix/submodules/rust/compiler/rustc_driver/scan_results
SUMMARY: 26 item types saved to /mnt/data1/nix/vendor/rust/cargo2nix/submodules/rust/compiler/rustc_driver/scan_results/unicode-normalization_summary.json
WITNESS_SYMBOL: {"symbol":"simple_scanner_end","from":"main","file":"simple_scanner.rs","line":126}
   Compiling stacker v0.1.21
WITNESS_SYMBOL: {"symbol":"simple_scanner_start","from":"main","file":"simple_scanner.rs","line":120}
     Running `/home/mdupont/nix/vendor/rust/cargo2nix/submodules/rust/compiler/rustc_driver/simple_scanner --crate-name build_script_build --edition=2021 /home/mdupont/.cargo/registry/src/index.crates.io-1949cf8c6b5b557f/stacker-0.1.21/build.rs --error-format=json --json=diagnostic-rendered-ansi,artifacts,future-incompat --crate-type bin --emit=dep-info,link -C embed-bitcode=no --check-cfg 'cfg(docsrs,test)' --check-cfg 'cfg(feature, values())' -C metadata=08735e78cd8d71ec -C extra-filename=-4382a4e2fc0578e7 --out-dir /mnt/data1/nix/vendor/rust/cargo2nix/submodules/rust/target/debug/build/stacker-4382a4e2fc0578e7 -L dependency=/mnt/data1/nix/vendor/rust/cargo2nix/submodules/rust/target/debug/deps --extern cc=/mnt/data1/nix/vendor/rust/cargo2nix/submodules/rust/target/debug/deps/libcc-436b02cffdc96910.rlib --cap-lints allow`
WITNESS_SYMBOL: {"symbol":"simple_scanner_start","from":"main","file":"simple_scanner.rs","line":120}
   Compiling blake3 v1.8.2
     Running `/home/mdupont/nix/vendor/rust/cargo2nix/submodules/rust/compiler/rustc_driver/simple_scanner --crate-name build_script_build --edition=2021 /home/mdupont/.cargo/registry/src/index.crates.io-1949cf8c6b5b557f/blake3-1.8.2/build.rs --error-format=json --json=diagnostic-rendered-ansi,artifacts,future-incompat --crate-type bin --emit=dep-info,link -C embed-bitcode=no --cfg 'feature="default"' --cfg 'feature="std"' --check-cfg 'cfg(docsrs,test)' --check-cfg 'cfg(feature, values("default", "digest", "mmap", "neon", "no_avx2", "no_avx512", "no_neon", "no_sse2", "no_sse41", "prefer_intrinsics", "pure", "rayon", "serde", "std", "traits-preview", "wasm32_simd", "zeroize"))' -C metadata=e640e17cf438f692 -C extra-filename=-79936705a50bfae3 --out-dir /mnt/data1/nix/vendor/rust/cargo2nix/submodules/rust/target/debug/build/blake3-79936705a50bfae3 -L dependency=/mnt/data1/nix/vendor/rust/cargo2nix/submodules/rust/target/debug/deps --extern cc=/mnt/data1/nix/vendor/rust/cargo2nix/submodules/rust/target/debug/deps/libcc-436b02cffdc96910.rlib --cap-lints allow`
SCAN_DIR: /mnt/data1/nix/vendor/rust/cargo2nix/submodules/rust/compiler/rustc_driver/scan_results
SAVED: 25 items to /mnt/data1/nix/vendor/rust/cargo2nix/submodules/rust/compiler/rustc_driver/scan_results/rand.json
SUMMARY_DIR: /mnt/data1/nix/vendor/rust/cargo2nix/submodules/rust/compiler/rustc_driver/scan_results
SUMMARY: 95 item types saved to /mnt/data1/nix/vendor/rust/cargo2nix/submodules/rust/compiler/rustc_driver/scan_results/phf_shared_summary.json
SCAN_DIR: /mnt/data1/nix/vendor/rust/cargo2nix/submodules/rust/compiler/rustc_driver/scan_results
SAVED: 6 items to /mnt/data1/nix/vendor/rust/cargo2nix/submodules/rust/compiler/rustc_driver/scan_results/rand_chacha.json
WITNESS_SYMBOL: {"symbol":"simple_scanner_start","from":"main","file":"simple_scanner.rs","line":120}
SUMMARY_DIR: /mnt/data1/nix/vendor/rust/cargo2nix/submodules/rust/compiler/rustc_driver/scan_results
WITNESS_SYMBOL: {"symbol":"simple_scanner_start","from":"main","file":"simple_scanner.rs","line":120}
SUMMARY: 16 item types saved to /mnt/data1/nix/vendor/rust/cargo2nix/submodules/rust/compiler/rustc_driver/scan_results/dirs-sys_summary.json
WITNESS_SYMBOL: {"symbol":"simple_scanner_start","from":"main","file":"simple_scanner.rs","line":120}
SCAN_DIR: /mnt/data1/nix/vendor/rust/cargo2nix/submodules/rust/compiler/rustc_driver/scan_results
SCAN_DIR: /mnt/data1/nix/vendor/rust/cargo2nix/submodules/rust/compiler/rustc_driver/scan_results
SAVED: 2 items to /mnt/data1/nix/vendor/rust/cargo2nix/submodules/rust/compiler/rustc_driver/scan_results/psm.json
SAVED: 2 items to /mnt/data1/nix/vendor/rust/cargo2nix/submodules/rust/compiler/rustc_driver/scan_results/stacker.json
SUMMARY_DIR: /mnt/data1/nix/vendor/rust/cargo2nix/submodules/rust/compiler/rustc_driver/scan_results
SUMMARY: 2 item types saved to /mnt/data1/nix/vendor/rust/cargo2nix/submodules/rust/compiler/rustc_driver/scan_results/stacker_summary.json
SCAN_DIR: /mnt/data1/nix/vendor/rust/cargo2nix/submodules/rust/compiler/rustc_driver/scan_results
SUMMARY_DIR: /mnt/data1/nix/vendor/rust/cargo2nix/submodules/rust/compiler/rustc_driver/scan_results
SUMMARY: 2 item types saved to /mnt/data1/nix/vendor/rust/cargo2nix/submodules/rust/compiler/rustc_driver/scan_results/psm_summary.json
SUMMARY_DIR: /mnt/data1/nix/vendor/rust/cargo2nix/submodules/rust/compiler/rustc_driver/scan_results
SAVED: 34 items to /mnt/data1/nix/vendor/rust/cargo2nix/submodules/rust/compiler/rustc_driver/scan_results/blake3.json
SUMMARY: 10 item types saved to /mnt/data1/nix/vendor/rust/cargo2nix/submodules/rust/compiler/rustc_driver/scan_results/libloading_summary.json
WITNESS_SYMBOL: {"symbol":"simple_scanner_end","from":"main","file":"simple_scanner.rs","line":126}
   Compiling rustc_fs_util v0.0.0 (/mnt/data1/nix/vendor/rust/cargo2nix/submodules/rust/compiler/rustc_fs_util)
     Running `/home/mdupont/nix/vendor/rust/cargo2nix/submodules/rust/compiler/rustc_driver/simple_scanner --crate-name rustc_fs_util --edition=2024 compiler/rustc_fs_util/src/lib.rs --error-format=json --json=diagnostic-rendered-ansi,artifacts,future-incompat --crate-type lib --emit=dep-info,metadata,link -C embed-bitcode=no -C debuginfo=2 --check-cfg 'cfg(docsrs,test)' --check-cfg 'cfg(feature, values())' -C metadata=a29b769d94622f3c -C extra-filename=-c81ea419859e8dd8 --out-dir /mnt/data1/nix/vendor/rust/cargo2nix/submodules/rust/target/debug/deps -C incremental=/mnt/data1/nix/vendor/rust/cargo2nix/submodules/rust/target/debug/incremental -L dependency=/mnt/data1/nix/vendor/rust/cargo2nix/submodules/rust/target/debug/deps --extern tempfile=/mnt/data1/nix/vendor/rust/cargo2nix/submodules/rust/target/debug/deps/libtempfile-300915d657ee9b94.rmeta`
WITNESS_SYMBOL: {"symbol":"simple_scanner_start","from":"main","file":"simple_scanner.rs","line":120}
SUMMARY_DIR: /mnt/data1/nix/vendor/rust/cargo2nix/submodules/rust/compiler/rustc_driver/scan_results
SUMMARY: 25 item types saved to /mnt/data1/nix/vendor/rust/cargo2nix/submodules/rust/compiler/rustc_driver/scan_results/unicode-script_summary.json
WITNESS_SYMBOL: {"symbol":"simple_scanner_end","from":"main","file":"simple_scanner.rs","line":126}
SCAN_DIR: /mnt/data1/nix/vendor/rust/cargo2nix/submodules/rust/compiler/rustc_driver/scan_results
SAVED: 13 items to /mnt/data1/nix/vendor/rust/cargo2nix/submodules/rust/compiler/rustc_driver/scan_results/rustc_fs_util.json
   Compiling openssl-sys v0.9.109
     Running `/home/mdupont/nix/vendor/rust/cargo2nix/submodules/rust/compiler/rustc_driver/simple_scanner --crate-name build_script_main --edition=2021 /home/mdupont/.cargo/registry/src/index.crates.io-1949cf8c6b5b557f/openssl-sys-0.9.109/build/main.rs --error-format=json --json=diagnostic-rendered-ansi,artifacts,future-incompat --crate-type bin --emit=dep-info,link -C embed-bitcode=no --check-cfg 'cfg(docsrs,test)' --check-cfg 'cfg(feature, values("aws-lc", "bindgen", "bssl-sys", "openssl-src", "unstable_boringssl", "vendored"))' -C metadata=1d9ef66f938e96fe -C extra-filename=-257d2e9e7fed6f4b --out-dir /mnt/data1/nix/vendor/rust/cargo2nix/submodules/rust/target/debug/build/openssl-sys-257d2e9e7fed6f4b -L dependency=/mnt/data1/nix/vendor/rust/cargo2nix/submodules/rust/target/debug/deps --extern cc=/mnt/data1/nix/vendor/rust/cargo2nix/submodules/rust/target/debug/deps/libcc-436b02cffdc96910.rlib --extern pkg_config=/mnt/data1/nix/vendor/rust/cargo2nix/submodules/rust/target/debug/deps/libpkg_config-ed8e80cc20ac34e0.rlib --extern vcpkg=/mnt/data1/nix/vendor/rust/cargo2nix/submodules/rust/target/debug/deps/libvcpkg-a69ac35005e27261.rlib --cap-lints allow`
SUMMARY_DIR: /mnt/data1/nix/vendor/rust/cargo2nix/submodules/rust/compiler/rustc_driver/scan_results
SUMMARY: 34 item types saved to /mnt/data1/nix/vendor/rust/cargo2nix/submodules/rust/compiler/rustc_driver/scan_results/blake3_summary.json
WITNESS_SYMBOL: {"symbol":"simple_scanner_start","from":"main","file":"simple_scanner.rs","line":120}
SUMMARY_DIR: /mnt/data1/nix/vendor/rust/cargo2nix/submodules/rust/compiler/rustc_driver/scan_results
SUMMARY: 13 item types saved to /mnt/data1/nix/vendor/rust/cargo2nix/submodules/rust/compiler/rustc_driver/scan_results/rustc_fs_util_summary.json
WITNESS_SYMBOL: {"symbol":"simple_scanner_end","from":"main","file":"simple_scanner.rs","line":126}
SCAN_DIR: /mnt/data1/nix/vendor/rust/cargo2nix/submodules/rust/compiler/rustc_driver/scan_results
WITNESS_SYMBOL: {"symbol":"simple_scanner_end","from":"main","file":"simple_scanner.rs","line":126}
SAVED: 25 items to /mnt/data1/nix/vendor/rust/cargo2nix/submodules/rust/compiler/rustc_driver/scan_results/openssl-sys.json
   Compiling libz-sys v1.1.22
     Running `/home/mdupont/nix/vendor/rust/cargo2nix/submodules/rust/compiler/rustc_driver/simple_scanner --crate-name build_script_build --edition=2018 /home/mdupont/.cargo/registry/src/index.crates.io-1949cf8c6b5b557f/libz-sys-1.1.22/build.rs --error-format=json --json=diagnostic-rendered-ansi,artifacts,future-incompat --crate-type bin --emit=dep-info,link -C embed-bitcode=no --warn=unexpected_cfgs --check-cfg 'cfg(zng)' --cfg 'feature="libc"' --check-cfg 'cfg(docsrs,test)' --check-cfg 'cfg(feature, values("asm", "cmake", "default", "libc", "static", "stock-zlib", "zlib-ng", "zlib-ng-no-cmake-experimental-community-maintained"))' -C metadata=63353eca53939d59 -C extra-filename=-9e72d6b7bc17b0fb --out-dir /mnt/data1/nix/vendor/rust/cargo2nix/submodules/rust/target/debug/build/libz-sys-9e72d6b7bc17b0fb -L dependency=/mnt/data1/nix/vendor/rust/cargo2nix/submodules/rust/target/debug/deps --extern cc=/mnt/data1/nix/vendor/rust/cargo2nix/submodules/rust/target/debug/deps/libcc-436b02cffdc96910.rlib --extern pkg_config=/mnt/data1/nix/vendor/rust/cargo2nix/submodules/rust/target/debug/deps/libpkg_config-ed8e80cc20ac34e0.rlib --extern vcpkg=/mnt/data1/nix/vendor/rust/cargo2nix/submodules/rust/target/debug/deps/libvcpkg-a69ac35005e27261.rlib --cap-lints allow`
     Running `/mnt/data1/nix/vendor/rust/cargo2nix/submodules/rust/target/debug/build/rayon-core-e2a1c0d176dc2add/build-script-build`
SUMMARY_DIR: /mnt/data1/nix/vendor/rust/cargo2nix/submodules/rust/compiler/rustc_driver/scan_results
SUMMARY: 6 item types saved to /mnt/data1/nix/vendor/rust/cargo2nix/submodules/rust/compiler/rustc_driver/scan_results/rand_chacha_summary.json
     Running `/home/mdupont/nix/vendor/rust/cargo2nix/submodules/rust/compiler/rustc_driver/simple_scanner --crate-name typeid --edition=2018 /home/mdupont/.cargo/registry/src/index.crates.io-1949cf8c6b5b557f/typeid-1.0.3/src/lib.rs --error-format=json --json=diagnostic-rendered-ansi,artifacts,future-incompat --crate-type lib --emit=dep-info,metadata,link -C embed-bitcode=no -C debuginfo=2 --check-cfg 'cfg(docsrs,test)' --check-cfg 'cfg(feature, values())' -C metadata=6018cad2441c4d3e -C extra-filename=-86e726b6150a2217 --out-dir /mnt/data1/nix/vendor/rust/cargo2nix/submodules/rust/target/debug/deps -L dependency=/mnt/data1/nix/vendor/rust/cargo2nix/submodules/rust/target/debug/deps --cap-lints allow --check-cfg 'cfg(no_const_type_id)'`
SUMMARY_DIR: /mnt/data1/nix/vendor/rust/cargo2nix/submodules/rust/compiler/rustc_driver/scan_results
SUMMARY: 129 item types saved to /mnt/data1/nix/vendor/rust/cargo2nix/submodules/rust/compiler/rustc_driver/scan_results/ordered-float_summary.json
WITNESS_SYMBOL: {"symbol":"simple_scanner_start","from":"main","file":"simple_scanner.rs","line":120}
WITNESS_SYMBOL: {"symbol":"simple_scanner_start","from":"main","file":"simple_scanner.rs","line":120}
SCAN_DIR: /mnt/data1/nix/vendor/rust/cargo2nix/submodules/rust/compiler/rustc_driver/scan_results
SCAN_DIR: /mnt/data1/nix/vendor/rust/cargo2nix/submodules/rust/compiler/rustc_driver/scan_results
SAVED: 17 items to /mnt/data1/nix/vendor/rust/cargo2nix/submodules/rust/compiler/rustc_driver/scan_results/typeid.json
SAVED: 9 items to /mnt/data1/nix/vendor/rust/cargo2nix/submodules/rust/compiler/rustc_driver/scan_results/libz-sys.json
WITNESS_SYMBOL: {"symbol":"simple_scanner_end","from":"main","file":"simple_scanner.rs","line":126}
SUMMARY_DIR: /mnt/data1/nix/vendor/rust/cargo2nix/submodules/rust/compiler/rustc_driver/scan_results
SUMMARY: 17 item types saved to /mnt/data1/nix/vendor/rust/cargo2nix/submodules/rust/compiler/rustc_driver/scan_results/typeid_summary.json
WITNESS_SYMBOL: {"symbol":"simple_scanner_end","from":"main","file":"simple_scanner.rs","line":126}
WITNESS_SYMBOL: {"symbol":"simple_scanner_end","from":"main","file":"simple_scanner.rs","line":126}
   Compiling rand v0.8.5
     Running `/home/mdupont/nix/vendor/rust/cargo2nix/submodules/rust/compiler/rustc_driver/simple_scanner --crate-name rand --edition=2018 /home/mdupont/.cargo/registry/src/index.crates.io-1949cf8c6b5b557f/rand-0.8.5/src/lib.rs --error-format=json --json=diagnostic-rendered-ansi,artifacts,future-incompat --crate-type lib --emit=dep-info,metadata,link -C embed-bitcode=no -C debuginfo=2 --cfg 'feature="alloc"' --cfg 'feature="default"' --cfg 'feature="getrandom"' --cfg 'feature="libc"' --cfg 'feature="rand_chacha"' --cfg 'feature="std"' --cfg 'feature="std_rng"' --check-cfg 'cfg(docsrs,test)' --check-cfg 'cfg(feature, values("alloc", "default", "getrandom", "libc", "log", "min_const_gen", "nightly", "packed_simd", "rand_chacha", "serde", "serde1", "simd_support", "small_rng", "std", "std_rng"))' -C metadata=d8bb8050c8bc1d21 -C extra-filename=-a37da8ed35716a45 --out-dir /mnt/data1/nix/vendor/rust/cargo2nix/submodules/rust/target/debug/deps -L dependency=/mnt/data1/nix/vendor/rust/cargo2nix/submodules/rust/target/debug/deps --extern libc=/mnt/data1/nix/vendor/rust/cargo2nix/submodules/rust/target/debug/deps/liblibc-ea591502e5075e1d.rmeta --extern rand_chacha=/mnt/data1/nix/vendor/rust/cargo2nix/submodules/rust/target/debug/deps/librand_chacha-9baa412da6a04ac8.rmeta --extern rand_core=/mnt/data1/nix/vendor/rust/cargo2nix/submodules/rust/target/debug/deps/librand_core-3e7b8055ee78120c.rmeta --cap-lints allow`
     Running `/home/mdupont/nix/vendor/rust/cargo2nix/submodules/rust/compiler/rustc_driver/simple_scanner --crate-name rayon_core --edition=2021 /home/mdupont/.cargo/registry/src/index.crates.io-1949cf8c6b5b557f/rayon-core-1.13.0/src/lib.rs --error-format=json --json=diagnostic-rendered-ansi,artifacts,future-incompat --crate-type lib --emit=dep-info,metadata,link -C embed-bitcode=no -C debuginfo=2 --check-cfg 'cfg(docsrs,test)' --check-cfg 'cfg(feature, values("web_spin_lock"))' -C metadata=5a8cd182cd42b68a -C extra-filename=-efe3af40b3590e9b --out-dir /mnt/data1/nix/vendor/rust/cargo2nix/submodules/rust/target/debug/deps -L dependency=/mnt/data1/nix/vendor/rust/cargo2nix/submodules/rust/target/debug/deps --extern crossbeam_deque=/mnt/data1/nix/vendor/rust/cargo2nix/submodules/rust/target/debug/deps/libcrossbeam_deque-8de9badfcbe54e50.rmeta --extern crossbeam_utils=/mnt/data1/nix/vendor/rust/cargo2nix/submodules/rust/target/debug/deps/libcrossbeam_utils-9adac586b3e8d315.rmeta --cap-lints allow`
   Compiling fallible-iterator v0.3.0
     Running `/home/mdupont/nix/vendor/rust/cargo2nix/submodules/rust/compiler/rustc_driver/simple_scanner --crate-name fallible_iterator --edition=2018 /home/mdupont/.cargo/registry/src/index.crates.io-1949cf8c6b5b557f/fallible-iterator-0.3.0/src/lib.rs --error-format=json --json=diagnostic-rendered-ansi,artifacts,future-incompat --crate-type lib --emit=dep-info,metadata,link -C embed-bitcode=no -C debuginfo=2 --cfg 'feature="alloc"' --cfg 'feature="std"' --check-cfg 'cfg(docsrs,test)' --check-cfg 'cfg(feature, values("alloc", "default", "std"))' -C metadata=09b754a04be5188f -C extra-filename=-4d2e7b7e70f96138 --out-dir /mnt/data1/nix/vendor/rust/cargo2nix/submodules/rust/target/debug/deps -L dependency=/mnt/data1/nix/vendor/rust/cargo2nix/submodules/rust/target/debug/deps --cap-lints allow`
SUMMARY_DIR: /mnt/data1/nix/vendor/rust/cargo2nix/submodules/rust/compiler/rustc_driver/scan_results
SUMMARY: 9 item types saved to /mnt/data1/nix/vendor/rust/cargo2nix/submodules/rust/compiler/rustc_driver/scan_results/libz-sys_summary.json
WITNESS_SYMBOL: {"symbol":"simple_scanner_end","from":"main","file":"simple_scanner.rs","line":126}
WITNESS_SYMBOL: {"symbol":"simple_scanner_start","from":"main","file":"simple_scanner.rs","line":120}
WITNESS_SYMBOL: {"symbol":"simple_scanner_start","from":"main","file":"simple_scanner.rs","line":120}
   Compiling wasmparser v0.239.0
     Running `/home/mdupont/nix/vendor/rust/cargo2nix/submodules/rust/compiler/rustc_driver/simple_scanner --crate-name build_script_build --edition=2021 /home/mdupont/.cargo/registry/src/index.crates.io-1949cf8c6b5b557f/wasmparser-0.239.0/build.rs --error-format=json --json=diagnostic-rendered-ansi,artifacts,future-incompat --crate-type bin --emit=dep-info,link -C embed-bitcode=no '--allow=clippy::all' --warn=unused_import_braces --warn=unused_extern_crates --warn=unused-macro-rules --warn=unused-lifetimes --warn=unstable_features --deny=unsafe_code --warn=unsafe-op-in-unsafe-fn --warn=unsafe-attr-outside-unsafe '--warn=clippy::unnecessary_to_owned' '--warn=clippy::unnecessary_mut_passed' '--warn=clippy::unnecessary_fallible_conversions' '--warn=clippy::unnecessary_cast' '--warn=clippy::uninlined_format_args' --warn=unexpected_cfgs --warn=rust-2024-prelude-collisions --warn=rust-2024-incompatible-pat --warn=rust-2024-guarded-string-incompatible-syntax --warn=missing-unsafe-on-extern '--warn=clippy::map_clone' '--warn=clippy::manual_strip' --warn=keyword_idents_2024 --warn=deprecated-safe-2024 '--warn=clippy::clone_on_copy' '--warn=clippy::allow_attributes_without_reason' --check-cfg 'cfg(fuzzing)' --cfg 'feature="component-model"' --cfg 'feature="default"' --cfg 'feature="features"' --cfg 'feature="hash-collections"' --cfg 'feature="serde"' --cfg 'feature="simd"' --cfg 'feature="std"' --cfg 'feature="validate"' --check-cfg 'cfg(docsrs,test)' --check-cfg 'cfg(feature, values("component-model", "default", "features", "hash-collections", "prefer-btree-collections", "serde", "simd", "std", "validate"))' -C metadata=5345fd699fd45288 -C extra-filename=-d0d4adbb1d78f88c --out-dir /mnt/data1/nix/vendor/rust/cargo2nix/submodules/rust/target/debug/build/wasmparser-d0d4adbb1d78f88c -L dependency=/mnt/data1/nix/vendor/rust/cargo2nix/submodules/rust/target/debug/deps --cap-lints allow`
WITNESS_SYMBOL: {"symbol":"simple_scanner_end","from":"main","file":"simple_scanner.rs","line":126}
WITNESS_SYMBOL: {"symbol":"simple_scanner_start","from":"main","file":"simple_scanner.rs","line":120}
SCAN_DIR: /mnt/data1/nix/vendor/rust/cargo2nix/submodules/rust/compiler/rustc_driver/scan_results
SAVED: 18 items to /mnt/data1/nix/vendor/rust/cargo2nix/submodules/rust/compiler/rustc_driver/scan_results/rand.json
SCAN_DIR: /mnt/data1/nix/vendor/rust/cargo2nix/submodules/rust/compiler/rustc_driver/scan_results
SUMMARY_DIR: /mnt/data1/nix/vendor/rust/cargo2nix/submodules/rust/compiler/rustc_driver/scan_results
   Compiling object v0.36.7
     Running `/home/mdupont/nix/vendor/rust/cargo2nix/submodules/rust/compiler/rustc_driver/simple_scanner --crate-name build_script_build --edition=2018 /home/mdupont/.cargo/registry/src/index.crates.io-1949cf8c6b5b557f/object-0.36.7/build.rs --error-format=json --json=diagnostic-rendered-ansi,artifacts,future-incompat --crate-type bin --emit=dep-info,link -C embed-bitcode=no --cfg 'feature="archive"' --cfg 'feature="coff"' --cfg 'feature="compression"' --cfg 'feature="elf"' --cfg 'feature="macho"' --cfg 'feature="pe"' --cfg 'feature="read"' --cfg 'feature="read_core"' --cfg 'feature="std"' --cfg 'feature="unaligned"' --cfg 'feature="write"' --cfg 'feature="write_core"' --cfg 'feature="write_std"' --cfg 'feature="xcoff"' --check-cfg 'cfg(docsrs,test)' --check-cfg 'cfg(feature, values("all", "alloc", "archive", "build", "build_core", "cargo-all", "coff", "compiler_builtins", "compression", "core", "default", "doc", "elf", "macho", "pe", "read", "read_core", "rustc-dep-of-std", "std", "unaligned", "unstable", "unstable-all", "wasm", "write", "write_core", "write_std", "xcoff"))' -C metadata=efee25cd214d78ba -C extra-filename=-0bfc8b7d45026ee3 --out-dir /mnt/data1/nix/vendor/rust/cargo2nix/submodules/rust/target/debug/build/object-0bfc8b7d45026ee3 -L dependency=/mnt/data1/nix/vendor/rust/cargo2nix/submodules/rust/target/debug/deps --cap-lints allow`
SUMMARY: 25 item types saved to /mnt/data1/nix/vendor/rust/cargo2nix/submodules/rust/compiler/rustc_driver/scan_results/openssl-sys_summary.json
SAVED: 60 items to /mnt/data1/nix/vendor/rust/cargo2nix/submodules/rust/compiler/rustc_driver/scan_results/rayon-core.json
WITNESS_SYMBOL: {"symbol":"simple_scanner_end","from":"main","file":"simple_scanner.rs","line":126}
WITNESS_SYMBOL: {"symbol":"simple_scanner_start","from":"main","file":"simple_scanner.rs","line":120}
SCAN_DIR: /mnt/data1/nix/vendor/rust/cargo2nix/submodules/rust/compiler/rustc_driver/scan_results
     Running `/mnt/data1/nix/vendor/rust/cargo2nix/submodules/rust/target/debug/build/psm-25fe116deaeb15ac/build-script-build`
WITNESS_SYMBOL: {"symbol":"simple_scanner_end","from":"main","file":"simple_scanner.rs","line":126}
WITNESS_SYMBOL: {"symbol":"simple_scanner_start","from":"main","file":"simple_scanner.rs","line":120}
     Running `/mnt/data1/nix/vendor/rust/cargo2nix/submodules/rust/target/debug/build/stacker-4382a4e2fc0578e7/build-script-build`
   Compiling diff v0.1.13
     Running `/home/mdupont/nix/vendor/rust/cargo2nix/submodules/rust/compiler/rustc_driver/simple_scanner --crate-name diff --edition=2015 /home/mdupont/.cargo/registry/src/index.crates.io-1949cf8c6b5b557f/diff-0.1.13/src/lib.rs --error-format=json --json=diagnostic-rendered-ansi,artifacts,future-incompat --crate-type lib --emit=dep-info,metadata,link -C embed-bitcode=no -C debuginfo=2 --check-cfg 'cfg(docsrs,test)' --check-cfg 'cfg(feature, values())' -C metadata=cee02bdc8892d51a -C extra-filename=-5ee0b9fe878b5fe5 --out-dir /mnt/data1/nix/vendor/rust/cargo2nix/submodules/rust/target/debug/deps -L dependency=/mnt/data1/nix/vendor/rust/cargo2nix/submodules/rust/target/debug/deps --cap-lints allow`
WITNESS_SYMBOL: {"symbol":"simple_scanner_end","from":"main","file":"simple_scanner.rs","line":126}
SCAN_DIR: /mnt/data1/nix/vendor/rust/cargo2nix/submodules/rust/compiler/rustc_driver/scan_results
SAVED: 4 items to /mnt/data1/nix/vendor/rust/cargo2nix/submodules/rust/compiler/rustc_driver/scan_results/object.json
SCAN_DIR: /mnt/data1/nix/vendor/rust/cargo2nix/submodules/rust/compiler/rustc_driver/scan_results
SAVED: 4 items to /mnt/data1/nix/vendor/rust/cargo2nix/submodules/rust/compiler/rustc_driver/scan_results/wasmparser.json
     Running `/home/mdupont/nix/vendor/rust/cargo2nix/submodules/rust/compiler/rustc_driver/simple_scanner --crate-name build_script_build --edition=2018 /home/mdupont/.cargo/registry/src/index.crates.io-1949cf8c6b5b557f/serde-1.0.219/build.rs --error-format=json --json=diagnostic-rendered-ansi,artifacts,future-incompat --crate-type bin --emit=dep-info,link -C embed-bitcode=no --cfg 'feature="default"' --cfg 'feature="std"' --check-cfg 'cfg(docsrs,test)' --check-cfg 'cfg(feature, values("alloc", "default", "derive", "rc", "serde_derive", "std", "unstable"))' -C metadata=db319d45865c42d9 -C extra-filename=-112f4c48c80edfb6 --out-dir /mnt/data1/nix/vendor/rust/cargo2nix/submodules/rust/target/debug/build/serde-112f4c48c80edfb6 -L dependency=/mnt/data1/nix/vendor/rust/cargo2nix/submodules/rust/target/debug/deps --cap-lints allow`
SUMMARY_DIR: /mnt/data1/nix/vendor/rust/cargo2nix/submodules/rust/compiler/rustc_driver/scan_results
SUMMARY: 4 item types saved to /mnt/data1/nix/vendor/rust/cargo2nix/submodules/rust/compiler/rustc_driver/scan_results/object_summary.json
SAVED: 109 items to /mnt/data1/nix/vendor/rust/cargo2nix/submodules/rust/compiler/rustc_driver/scan_results/fallible-iterator.json
WITNESS_SYMBOL: {"symbol":"simple_scanner_start","from":"main","file":"simple_scanner.rs","line":120}
SUMMARY_DIR: /mnt/data1/nix/vendor/rust/cargo2nix/submodules/rust/compiler/rustc_driver/scan_results
SUMMARY: 4 item types saved to /mnt/data1/nix/vendor/rust/cargo2nix/submodules/rust/compiler/rustc_driver/scan_results/wasmparser_summary.json
WITNESS_SYMBOL: {"symbol":"simple_scanner_end","from":"main","file":"simple_scanner.rs","line":126}
SCAN_DIR: /mnt/data1/nix/vendor/rust/cargo2nix/submodules/rust/compiler/rustc_driver/scan_results
SAVED: 7 items to /mnt/data1/nix/vendor/rust/cargo2nix/submodules/rust/compiler/rustc_driver/scan_results/diff.json
WITNESS_SYMBOL: {"symbol":"simple_scanner_start","from":"main","file":"simple_scanner.rs","line":120}
     Running `/home/mdupont/nix/vendor/rust/cargo2nix/submodules/rust/compiler/rustc_driver/simple_scanner --crate-name rand_core --edition=2018 /home/mdupont/.cargo/registry/src/index.crates.io-1949cf8c6b5b557f/rand_core-0.6.4/src/lib.rs --error-format=json --json=diagnostic-rendered-ansi,artifacts,future-incompat --crate-type lib --emit=dep-info,metadata,link -C embed-bitcode=no --check-cfg 'cfg(docsrs,test)' --check-cfg 'cfg(feature, values("alloc", "getrandom", "serde", "serde1", "std"))' -C metadata=60c510e56ee2ecc5 -C extra-filename=-4d71cfbd05cf4745 --out-dir /mnt/data1/nix/vendor/rust/cargo2nix/submodules/rust/target/debug/deps -L dependency=/mnt/data1/nix/vendor/rust/cargo2nix/submodules/rust/target/debug/deps --cap-lints allow`
SCAN_DIR: /mnt/data1/nix/vendor/rust/cargo2nix/submodules/rust/compiler/rustc_driver/scan_results
SAVED: 5 items to /mnt/data1/nix/vendor/rust/cargo2nix/submodules/rust/compiler/rustc_driver/scan_results/serde.json
WITNESS_SYMBOL: {"symbol":"simple_scanner_end","from":"main","file":"simple_scanner.rs","line":126}
WITNESS_SYMBOL: {"symbol":"simple_scanner_start","from":"main","file":"simple_scanner.rs","line":120}
     Running `/mnt/data1/nix/vendor/rust/cargo2nix/submodules/rust/target/debug/build/blake3-79936705a50bfae3/build-script-build`
SUMMARY_DIR: /mnt/data1/nix/vendor/rust/cargo2nix/submodules/rust/compiler/rustc_driver/scan_results
SUMMARY: 5 item types saved to /mnt/data1/nix/vendor/rust/cargo2nix/submodules/rust/compiler/rustc_driver/scan_results/serde_summary.json
SCAN_DIR: /mnt/data1/nix/vendor/rust/cargo2nix/submodules/rust/compiler/rustc_driver/scan_results
SAVED: 23 items to /mnt/data1/nix/vendor/rust/cargo2nix/submodules/rust/compiler/rustc_driver/scan_results/rand_core.json
SUMMARY_DIR: /mnt/data1/nix/vendor/rust/cargo2nix/submodules/rust/compiler/rustc_driver/scan_results
SUMMARY: 7 item types saved to /mnt/data1/nix/vendor/rust/cargo2nix/submodules/rust/compiler/rustc_driver/scan_results/diff_summary.json
SUMMARY_DIR: /mnt/data1/nix/vendor/rust/cargo2nix/submodules/rust/compiler/rustc_driver/scan_results
SUMMARY: 23 item types saved to /mnt/data1/nix/vendor/rust/cargo2nix/submodules/rust/compiler/rustc_driver/scan_results/rand_core_summary.json
WITNESS_SYMBOL: {"symbol":"simple_scanner_end","from":"main","file":"simple_scanner.rs","line":126}
WITNESS_SYMBOL: {"symbol":"simple_scanner_end","from":"main","file":"simple_scanner.rs","line":126}
   Compiling cfg_aliases v0.2.1
     Running `/home/mdupont/nix/vendor/rust/cargo2nix/submodules/rust/compiler/rustc_driver/simple_scanner --crate-name cfg_aliases --edition=2018 /home/mdupont/.cargo/registry/src/index.crates.io-1949cf8c6b5b557f/cfg_aliases-0.2.1/src/lib.rs --error-format=json --json=diagnostic-rendered-ansi,artifacts,future-incompat --crate-type lib --emit=dep-info,metadata,link -C embed-bitcode=no '--deny=clippy::str_to_string' --check-cfg 'cfg(docsrs,test)' --check-cfg 'cfg(feature, values())' -C metadata=afed615a3a74d2c8 -C extra-filename=-aef3fc9705c4f718 --out-dir /mnt/data1/nix/vendor/rust/cargo2nix/submodules/rust/target/debug/deps -L dependency=/mnt/data1/nix/vendor/rust/cargo2nix/submodules/rust/target/debug/deps --cap-lints allow`
     Running `/mnt/data1/nix/vendor/rust/cargo2nix/submodules/rust/target/debug/build/object-0bfc8b7d45026ee3/build-script-build`
WITNESS_SYMBOL: {"symbol":"simple_scanner_end","from":"main","file":"simple_scanner.rs","line":126}
     Running `/mnt/data1/nix/vendor/rust/cargo2nix/submodules/rust/target/debug/build/wasmparser-d0d4adbb1d78f88c/build-script-build`
WITNESS_SYMBOL: {"symbol":"simple_scanner_start","from":"main","file":"simple_scanner.rs","line":120}
WITNESS_SYMBOL: {"symbol":"simple_scanner_end","from":"main","file":"simple_scanner.rs","line":126}
SCAN_DIR: /mnt/data1/nix/vendor/rust/cargo2nix/submodules/rust/compiler/rustc_driver/scan_results
SAVED: 1 items to /mnt/data1/nix/vendor/rust/cargo2nix/submodules/rust/compiler/rustc_driver/scan_results/cfg_aliases.json
SUMMARY_DIR: /mnt/data1/nix/vendor/rust/cargo2nix/submodules/rust/compiler/rustc_driver/scan_results
SUMMARY: 1 item types saved to /mnt/data1/nix/vendor/rust/cargo2nix/submodules/rust/compiler/rustc_driver/scan_results/cfg_aliases_summary.json
     Running `/home/mdupont/nix/vendor/rust/cargo2nix/submodules/rust/compiler/rustc_driver/simple_scanner --crate-name rand --edition=2018 /home/mdupont/.cargo/registry/src/index.crates.io-1949cf8c6b5b557f/rand-0.8.5/src/lib.rs --error-format=json --json=diagnostic-rendered-ansi,artifacts,future-incompat --crate-type lib --emit=dep-info,metadata,link -C embed-bitcode=no --cfg 'feature="small_rng"' --check-cfg 'cfg(docsrs,test)' --check-cfg 'cfg(feature, values("alloc", "default", "getrandom", "libc", "log", "min_const_gen", "nightly", "packed_simd", "rand_chacha", "serde", "serde1", "simd_support", "small_rng", "std", "std_rng"))' -C metadata=78f280af1cb235be -C extra-filename=-371be3a3d166fa1a --out-dir /mnt/data1/nix/vendor/rust/cargo2nix/submodules/rust/target/debug/deps -L dependency=/mnt/data1/nix/vendor/rust/cargo2nix/submodules/rust/target/debug/deps --extern rand_core=/mnt/data1/nix/vendor/rust/cargo2nix/submodules/rust/target/debug/deps/librand_core-4d71cfbd05cf4745.rmeta --cap-lints allow`
WITNESS_SYMBOL: {"symbol":"simple_scanner_end","from":"main","file":"simple_scanner.rs","line":126}
     Running `/home/mdupont/nix/vendor/rust/cargo2nix/submodules/rust/compiler/rustc_driver/simple_scanner --crate-name psm --edition=2021 /home/mdupont/.cargo/registry/src/index.crates.io-1949cf8c6b5b557f/psm-0.1.26/src/lib.rs --error-format=json --json=diagnostic-rendered-ansi,artifacts,future-incompat --crate-type lib --emit=dep-info,metadata,link -C embed-bitcode=no -C debuginfo=2 --check-cfg 'cfg(docsrs,test)' --check-cfg 'cfg(feature, values())' -C metadata=2c553b493be70752 -C extra-filename=-c0eaf76a78bef9ee --out-dir /mnt/data1/nix/vendor/rust/cargo2nix/submodules/rust/target/debug/deps -L dependency=/mnt/data1/nix/vendor/rust/cargo2nix/submodules/rust/target/debug/deps --cap-lints allow -L native=/mnt/data1/nix/vendor/rust/cargo2nix/submodules/rust/target/debug/build/psm-9518371569d66dca/out -l static=psm_s --cfg asm --cfg link_asm --cfg switchable_stack --check-cfg 'cfg(switchable_stack,asm,link_asm)'`
   Compiling nix v0.30.1
     Running `/home/mdupont/nix/vendor/rust/cargo2nix/submodules/rust/compiler/rustc_driver/simple_scanner --crate-name build_script_build --edition=2021 /home/mdupont/.cargo/registry/src/index.crates.io-1949cf8c6b5b557f/nix-0.30.1/build.rs --error-format=json --json=diagnostic-rendered-ansi,artifacts,future-incompat --crate-type bin --emit=dep-info,link -C embed-bitcode=no --cfg 'feature="default"' --cfg 'feature="fs"' --cfg 'feature="mman"' --cfg 'feature="process"' --cfg 'feature="ptrace"' --cfg 'feature="signal"' --check-cfg 'cfg(docsrs,test)' --check-cfg 'cfg(feature, values("acct", "aio", "default", "dir", "env", "event", "fanotify", "feature", "fs", "hostname", "inotify", "ioctl", "kmod", "memoffset", "mman", "mount", "mqueue", "net", "personality", "pin-utils", "poll", "process", "pthread", "ptrace", "quota", "reboot", "resource", "sched", "signal", "socket", "syslog", "term", "time", "ucontext", "uio", "user", "zerocopy"))' -C metadata=706458414b96b288 -C extra-filename=-83a55b5320445e92 --out-dir /mnt/data1/nix/vendor/rust/cargo2nix/submodules/rust/target/debug/build/nix-83a55b5320445e92 -L dependency=/mnt/data1/nix/vendor/rust/cargo2nix/submodules/rust/target/debug/deps --extern cfg_aliases=/mnt/data1/nix/vendor/rust/cargo2nix/submodules/rust/target/debug/deps/libcfg_aliases-aef3fc9705c4f718.rlib --cap-lints allow`
   Compiling unicode-security v0.1.2
     Running `/home/mdupont/nix/vendor/rust/cargo2nix/submodules/rust/compiler/rustc_driver/simple_scanner --crate-name unicode_security --edition=2018 /home/mdupont/.cargo/registry/src/index.crates.io-1949cf8c6b5b557f/unicode-security-0.1.2/src/lib.rs --error-format=json --json=diagnostic-rendered-ansi,artifacts,future-incompat --crate-type lib --emit=dep-info,metadata,link -C embed-bitcode=no -C debuginfo=2 --cfg 'feature="default"' --check-cfg 'cfg(docsrs,test)' --check-cfg 'cfg(feature, values("bench", "compiler_builtins", "core", "default", "rustc-dep-of-std", "std"))' -C metadata=6fbc8897c05c38f7 -C extra-filename=-edc4295129a775be --out-dir /mnt/data1/nix/vendor/rust/cargo2nix/submodules/rust/target/debug/deps -L dependency=/mnt/data1/nix/vendor/rust/cargo2nix/submodules/rust/target/debug/deps --extern unicode_normalization=/mnt/data1/nix/vendor/rust/cargo2nix/submodules/rust/target/debug/deps/libunicode_normalization-11e3a4d90289fb16.rmeta --extern unicode_script=/mnt/data1/nix/vendor/rust/cargo2nix/submodules/rust/target/debug/deps/libunicode_script-af30e858fc4216c0.rmeta --cap-lints allow`
   Compiling pulldown-cmark-escape v0.11.0
     Running `/home/mdupont/nix/vendor/rust/cargo2nix/submodules/rust/compiler/rustc_driver/simple_scanner --crate-name pulldown_cmark_escape --edition=2021 /home/mdupont/.cargo/registry/src/index.crates.io-1949cf8c6b5b557f/pulldown-cmark-escape-0.11.0/src/lib.rs --error-format=json --json=diagnostic-rendered-ansi,artifacts,future-incompat --crate-type lib --emit=dep-info,metadata,link -C embed-bitcode=no -C debuginfo=2 --cfg 'feature="simd"' --check-cfg 'cfg(docsrs,test)' --check-cfg 'cfg(feature, values("simd"))' -C metadata=e85f0da5257718e4 -C extra-filename=-413d347fe2ac4afb --out-dir /mnt/data1/nix/vendor/rust/cargo2nix/submodules/rust/target/debug/deps -L dependency=/mnt/data1/nix/vendor/rust/cargo2nix/submodules/rust/target/debug/deps --cap-lints allow`
WITNESS_SYMBOL: {"symbol":"simple_scanner_end","from":"main","file":"simple_scanner.rs","line":126}
WITNESS_SYMBOL: {"symbol":"simple_scanner_start","from":"main","file":"simple_scanner.rs","line":120}
WITNESS_SYMBOL: {"symbol":"simple_scanner_start","from":"main","file":"simple_scanner.rs","line":120}
     Running `/mnt/data1/nix/vendor/rust/cargo2nix/submodules/rust/target/debug/build/serde-112f4c48c80edfb6/build-script-build`
SCAN_DIR: /mnt/data1/nix/vendor/rust/cargo2nix/submodules/rust/compiler/rustc_driver/scan_results
WITNESS_SYMBOL: {"symbol":"simple_scanner_start","from":"main","file":"simple_scanner.rs","line":120}
SAVED: 18 items to /mnt/data1/nix/vendor/rust/cargo2nix/submodules/rust/compiler/rustc_driver/scan_results/rand.json
SCAN_DIR: /mnt/data1/nix/vendor/rust/cargo2nix/submodules/rust/compiler/rustc_driver/scan_results
WITNESS_SYMBOL: {"symbol":"simple_scanner_start","from":"main","file":"simple_scanner.rs","line":120}
SAVED: 16 items to /mnt/data1/nix/vendor/rust/cargo2nix/submodules/rust/compiler/rustc_driver/scan_results/psm.json
WITNESS_SYMBOL: {"symbol":"simple_scanner_start","from":"main","file":"simple_scanner.rs","line":120}
SCAN_DIR: /mnt/data1/nix/vendor/rust/cargo2nix/submodules/rust/compiler/rustc_driver/scan_results
SAVED: 2 items to /mnt/data1/nix/vendor/rust/cargo2nix/submodules/rust/compiler/rustc_driver/scan_results/nix.json
SCAN_DIR: /mnt/data1/nix/vendor/rust/cargo2nix/submodules/rust/compiler/rustc_driver/scan_results
SAVED: 14 items to /mnt/data1/nix/vendor/rust/cargo2nix/submodules/rust/compiler/rustc_driver/scan_results/unicode-security.json
SUMMARY_DIR: /mnt/data1/nix/vendor/rust/cargo2nix/submodules/rust/compiler/rustc_driver/scan_results
SUMMARY: 60 item types saved to /mnt/data1/nix/vendor/rust/cargo2nix/submodules/rust/compiler/rustc_driver/scan_results/rayon-core_summary.json
SUMMARY_DIR: /mnt/data1/nix/vendor/rust/cargo2nix/submodules/rust/compiler/rustc_driver/scan_results
SUMMARY: 16 item types saved to /mnt/data1/nix/vendor/rust/cargo2nix/submodules/rust/compiler/rustc_driver/scan_results/psm_summary.json
SUMMARY_DIR: /mnt/data1/nix/vendor/rust/cargo2nix/submodules/rust/compiler/rustc_driver/scan_results
SUMMARY: 25 item types saved to /mnt/data1/nix/vendor/rust/cargo2nix/submodules/rust/compiler/rustc_driver/scan_results/rand_summary.json
SCAN_DIR: /mnt/data1/nix/vendor/rust/cargo2nix/submodules/rust/compiler/rustc_driver/scan_results
SAVED: 24 items to /mnt/data1/nix/vendor/rust/cargo2nix/submodules/rust/compiler/rustc_driver/scan_results/pulldown-cmark-escape.json
WITNESS_SYMBOL: {"symbol":"simple_scanner_end","from":"main","file":"simple_scanner.rs","line":126}
WITNESS_SYMBOL: {"symbol":"simple_scanner_end","from":"main","file":"simple_scanner.rs","line":126}
WITNESS_SYMBOL: {"symbol":"simple_scanner_end","from":"main","file":"simple_scanner.rs","line":126}
     Running `/home/mdupont/nix/vendor/rust/cargo2nix/submodules/rust/compiler/rustc_driver/simple_scanner --crate-name stacker --edition=2021 /home/mdupont/.cargo/registry/src/index.crates.io-1949cf8c6b5b557f/stacker-0.1.21/src/lib.rs --error-format=json --json=diagnostic-rendered-ansi,artifacts,future-incompat --crate-type lib --emit=dep-info,metadata,link -C embed-bitcode=no -C debuginfo=2 --check-cfg 'cfg(docsrs,test)' --check-cfg 'cfg(feature, values())' -C metadata=192bda8c8cb5f520 -C extra-filename=-d4ed207390043ffc --out-dir /mnt/data1/nix/vendor/rust/cargo2nix/submodules/rust/target/debug/deps -L dependency=/mnt/data1/nix/vendor/rust/cargo2nix/submodules/rust/target/debug/deps --extern cfg_if=/mnt/data1/nix/vendor/rust/cargo2nix/submodules/rust/target/debug/deps/libcfg_if-03c73dea748456e6.rmeta --extern libc=/mnt/data1/nix/vendor/rust/cargo2nix/submodules/rust/target/debug/deps/liblibc-ea591502e5075e1d.rmeta --extern psm=/mnt/data1/nix/vendor/rust/cargo2nix/submodules/rust/target/debug/deps/libpsm-c0eaf76a78bef9ee.rmeta --cap-lints allow -L native=/mnt/data1/nix/vendor/rust/cargo2nix/submodules/rust/target/debug/build/psm-9518371569d66dca/out`
   Compiling rustversion v1.0.22
     Running `/home/mdupont/nix/vendor/rust/cargo2nix/submodules/rust/compiler/rustc_driver/simple_scanner --crate-name build_script_build --edition=2018 /home/mdupont/.cargo/registry/src/index.crates.io-1949cf8c6b5b557f/rustversion-1.0.22/build/build.rs --error-format=json --json=diagnostic-rendered-ansi,artifacts,future-incompat --crate-type bin --emit=dep-info,link -C embed-bitcode=no --check-cfg 'cfg(docsrs,test)' --check-cfg 'cfg(feature, values())' -C metadata=67b3acbb2862d702 -C extra-filename=-dd6ae484a8b17f39 --out-dir /mnt/data1/nix/vendor/rust/cargo2nix/submodules/rust/target/debug/build/rustversion-dd6ae484a8b17f39 -L dependency=/mnt/data1/nix/vendor/rust/cargo2nix/submodules/rust/target/debug/deps --cap-lints allow`
   Compiling miropt-test-tools v0.1.0 (/mnt/data1/nix/vendor/rust/cargo2nix/submodules/rust/src/tools/miropt-test-tools)
     Running `/home/mdupont/nix/vendor/rust/cargo2nix/submodules/rust/compiler/rustc_driver/simple_scanner --crate-name miropt_test_tools --edition=2024 src/tools/miropt-test-tools/src/lib.rs --error-format=json --json=diagnostic-rendered-ansi,artifacts,future-incompat --crate-type lib --emit=dep-info,metadata,link -C embed-bitcode=no -C debuginfo=2 --check-cfg 'cfg(docsrs,test)' --check-cfg 'cfg(feature, values())' -C metadata=d20ef20bf908dcc3 -C extra-filename=-e278f75b25dfed65 --out-dir /mnt/data1/nix/vendor/rust/cargo2nix/submodules/rust/target/debug/deps -C incremental=/mnt/data1/nix/vendor/rust/cargo2nix/submodules/rust/target/debug/incremental -L dependency=/mnt/data1/nix/vendor/rust/cargo2nix/submodules/rust/target/debug/deps`
     Running `/mnt/data1/nix/vendor/rust/cargo2nix/submodules/rust/target/debug/build/libz-sys-9e72d6b7bc17b0fb/build-script-build`
WITNESS_SYMBOL: {"symbol":"simple_scanner_start","from":"main","file":"simple_scanner.rs","line":120}
WITNESS_SYMBOL: {"symbol":"simple_scanner_start","from":"main","file":"simple_scanner.rs","line":120}
WITNESS_SYMBOL: {"symbol":"simple_scanner_start","from":"main","file":"simple_scanner.rs","line":120}
SCAN_DIR: /mnt/data1/nix/vendor/rust/cargo2nix/submodules/rust/compiler/rustc_driver/scan_results
SUMMARY_DIR: /mnt/data1/nix/vendor/rust/cargo2nix/submodules/rust/compiler/rustc_driver/scan_results
SAVED: 11 items to /mnt/data1/nix/vendor/rust/cargo2nix/submodules/rust/compiler/rustc_driver/scan_results/rustversion.json
SUMMARY: 24 item types saved to /mnt/data1/nix/vendor/rust/cargo2nix/submodules/rust/compiler/rustc_driver/scan_results/pulldown-cmark-escape_summary.json
SUMMARY_DIR: /mnt/data1/nix/vendor/rust/cargo2nix/submodules/rust/compiler/rustc_driver/scan_results
SUMMARY: 2 item types saved to /mnt/data1/nix/vendor/rust/cargo2nix/submodules/rust/compiler/rustc_driver/scan_results/nix_summary.json
SCAN_DIR: /mnt/data1/nix/vendor/rust/cargo2nix/submodules/rust/compiler/rustc_driver/scan_results
SUMMARY_DIR: /mnt/data1/nix/vendor/rust/cargo2nix/submodules/rust/compiler/rustc_driver/scan_results
SUMMARY: 18 item types saved to /mnt/data1/nix/vendor/rust/cargo2nix/submodules/rust/compiler/rustc_driver/scan_results/regex-syntax_summary.json
SAVED: 14 items to /mnt/data1/nix/vendor/rust/cargo2nix/submodules/rust/compiler/rustc_driver/scan_results/stacker.json
WITNESS_SYMBOL: {"symbol":"simple_scanner_end","from":"main","file":"simple_scanner.rs","line":126}
   Compiling wasm-encoder v0.239.0
     Running `/home/mdupont/nix/vendor/rust/cargo2nix/submodules/rust/compiler/rustc_driver/simple_scanner --crate-name build_script_build --edition=2021 /home/mdupont/.cargo/registry/src/index.crates.io-1949cf8c6b5b557f/wasm-encoder-0.239.0/build.rs --error-format=json --json=diagnostic-rendered-ansi,artifacts,future-incompat --crate-type bin --emit=dep-info,link -C embed-bitcode=no '--allow=clippy::all' --warn=unused_import_braces --warn=unused_extern_crates --warn=unused-macro-rules --warn=unused-lifetimes --warn=unstable_features --deny=unsafe_code --warn=unsafe-op-in-unsafe-fn --warn=unsafe-attr-outside-unsafe '--warn=clippy::unnecessary_to_owned' '--warn=clippy::unnecessary_mut_passed' '--warn=clippy::unnecessary_fallible_conversions' '--warn=clippy::unnecessary_cast' '--warn=clippy::uninlined_format_args' --warn=unexpected_cfgs --warn=rust-2024-prelude-collisions --warn=rust-2024-incompatible-pat --warn=rust-2024-guarded-string-incompatible-syntax --warn=missing-unsafe-on-extern '--warn=clippy::map_clone' '--warn=clippy::manual_strip' --warn=keyword_idents_2024 --warn=deprecated-safe-2024 '--warn=clippy::clone_on_copy' '--warn=clippy::allow_attributes_without_reason' --check-cfg 'cfg(fuzzing)' --cfg 'feature="component-model"' --cfg 'feature="std"' --cfg 'feature="wasmparser"' --check-cfg 'cfg(docsrs,test)' --check-cfg 'cfg(feature, values("component-model", "default", "std", "wasmparser"))' -C metadata=dea39770b4a19a8e -C extra-filename=-ddb3a6120489f71a --out-dir /mnt/data1/nix/vendor/rust/cargo2nix/submodules/rust/target/debug/build/wasm-encoder-ddb3a6120489f71a -L dependency=/mnt/data1/nix/vendor/rust/cargo2nix/submodules/rust/target/debug/deps --cap-lints allow`
SUMMARY_DIR: /mnt/data1/nix/vendor/rust/cargo2nix/submodules/rust/compiler/rustc_driver/scan_results
SUMMARY_DIR: /mnt/data1/nix/vendor/rust/cargo2nix/submodules/rust/compiler/rustc_driver/scan_results
SUMMARY: 14 item types saved to /mnt/data1/nix/vendor/rust/cargo2nix/submodules/rust/compiler/rustc_driver/scan_results/stacker_summary.json
SUMMARY: 11 item types saved to /mnt/data1/nix/vendor/rust/cargo2nix/submodules/rust/compiler/rustc_driver/scan_results/rustversion_summary.json
WITNESS_SYMBOL: {"symbol":"simple_scanner_start","from":"main","file":"simple_scanner.rs","line":120}
WITNESS_SYMBOL: {"symbol":"simple_scanner_end","from":"main","file":"simple_scanner.rs","line":126}
SCAN_DIR: /mnt/data1/nix/vendor/rust/cargo2nix/submodules/rust/compiler/rustc_driver/scan_results
SAVED: 7 items to /mnt/data1/nix/vendor/rust/cargo2nix/submodules/rust/compiler/rustc_driver/scan_results/miropt-test-tools.json
SUMMARY_DIR: /mnt/data1/nix/vendor/rust/cargo2nix/submodules/rust/compiler/rustc_driver/scan_results
SCAN_DIR: /mnt/data1/nix/vendor/rust/cargo2nix/submodules/rust/compiler/rustc_driver/scan_results
SAVED: 4 items to /mnt/data1/nix/vendor/rust/cargo2nix/submodules/rust/compiler/rustc_driver/scan_results/wasm-encoder.json
     Running `/mnt/data1/nix/vendor/rust/cargo2nix/submodules/rust/target/debug/build/openssl-sys-257d2e9e7fed6f4b/build-script-main`
SUMMARY: 109 item types saved to /mnt/data1/nix/vendor/rust/cargo2nix/submodules/rust/compiler/rustc_driver/scan_results/fallible-iterator_summary.json
SUMMARY_DIR: /mnt/data1/nix/vendor/rust/cargo2nix/submodules/rust/compiler/rustc_driver/scan_results
SUMMARY: 4 item types saved to /mnt/data1/nix/vendor/rust/cargo2nix/submodules/rust/compiler/rustc_driver/scan_results/wasm-encoder_summary.json
SUMMARY_DIR: /mnt/data1/nix/vendor/rust/cargo2nix/submodules/rust/compiler/rustc_driver/scan_results
SUMMARY: 7 item types saved to /mnt/data1/nix/vendor/rust/cargo2nix/submodules/rust/compiler/rustc_driver/scan_results/miropt-test-tools_summary.json
WITNESS_SYMBOL: {"symbol":"simple_scanner_end","from":"main","file":"simple_scanner.rs","line":126}
   Compiling rayon v1.11.0
     Running `/home/mdupont/nix/vendor/rust/cargo2nix/submodules/rust/compiler/rustc_driver/simple_scanner --crate-name rayon --edition=2021 /home/mdupont/.cargo/registry/src/index.crates.io-1949cf8c6b5b557f/rayon-1.11.0/src/lib.rs --error-format=json --json=diagnostic-rendered-ansi,artifacts,future-incompat --crate-type lib --emit=dep-info,metadata,link -C embed-bitcode=no -C debuginfo=2 --check-cfg 'cfg(docsrs,test)' --check-cfg 'cfg(feature, values("web_spin_lock"))' -C metadata=320259fac35a6479 -C extra-filename=-0f031f19d24059b5 --out-dir /mnt/data1/nix/vendor/rust/cargo2nix/submodules/rust/target/debug/deps -L dependency=/mnt/data1/nix/vendor/rust/cargo2nix/submodules/rust/target/debug/deps --extern either=/mnt/data1/nix/vendor/rust/cargo2nix/submodules/rust/target/debug/deps/libeither-1ad441d2f6fb36f5.rmeta --extern rayon_core=/mnt/data1/nix/vendor/rust/cargo2nix/submodules/rust/target/debug/deps/librayon_core-efe3af40b3590e9b.rmeta --cap-lints allow`
WITNESS_SYMBOL: {"symbol":"simple_scanner_end","from":"main","file":"simple_scanner.rs","line":126}
WITNESS_SYMBOL: {"symbol":"simple_scanner_end","from":"main","file":"simple_scanner.rs","line":126}
   Compiling leb128 v0.2.5
     Running `/home/mdupont/nix/vendor/rust/cargo2nix/submodules/rust/compiler/rustc_driver/simple_scanner --crate-name leb128 --edition=2018 /home/mdupont/.cargo/registry/src/index.crates.io-1949cf8c6b5b557f/leb128-0.2.5/src/lib.rs --error-format=json --json=diagnostic-rendered-ansi,artifacts,future-incompat --crate-type lib --emit=dep-info,metadata,link -C embed-bitcode=no -C debuginfo=2 --check-cfg 'cfg(docsrs,test)' --check-cfg 'cfg(feature, values("nightly"))' -C metadata=5ce40dcb05341171 -C extra-filename=-6d0bf9d6f8b40390 --out-dir /mnt/data1/nix/vendor/rust/cargo2nix/submodules/rust/target/debug/deps -L dependency=/mnt/data1/nix/vendor/rust/cargo2nix/submodules/rust/target/debug/deps --cap-lints allow`
   Compiling iana-time-zone v0.1.63
     Running `/home/mdupont/nix/vendor/rust/cargo2nix/submodules/rust/compiler/rustc_driver/simple_scanner --crate-name iana_time_zone --edition=2021 /home/mdupont/.cargo/registry/src/index.crates.io-1949cf8c6b5b557f/iana-time-zone-0.1.63/src/lib.rs --error-format=json --json=diagnostic-rendered-ansi,artifacts,future-incompat --crate-type lib --emit=dep-info,metadata,link -C embed-bitcode=no -C debuginfo=2 --cfg 'feature="fallback"' --check-cfg 'cfg(docsrs,test)' --check-cfg 'cfg(feature, values("fallback"))' -C metadata=29fc0a501c9d64e7 -C extra-filename=-eadfbe6e44abe874 --out-dir /mnt/data1/nix/vendor/rust/cargo2nix/submodules/rust/target/debug/deps -L dependency=/mnt/data1/nix/vendor/rust/cargo2nix/submodules/rust/target/debug/deps --cap-lints allow`
WITNESS_SYMBOL: {"symbol":"simple_scanner_start","from":"main","file":"simple_scanner.rs","line":120}
WITNESS_SYMBOL: {"symbol":"simple_scanner_end","from":"main","file":"simple_scanner.rs","line":126}
WITNESS_SYMBOL: {"symbol":"simple_scanner_start","from":"main","file":"simple_scanner.rs","line":120}
   Compiling bytecount v0.6.9
     Running `/home/mdupont/nix/vendor/rust/cargo2nix/submodules/rust/compiler/rustc_driver/simple_scanner --crate-name bytecount --edition=2018 /home/mdupont/.cargo/registry/src/index.crates.io-1949cf8c6b5b557f/bytecount-0.6.9/src/lib.rs --error-format=json --json=diagnostic-rendered-ansi,artifacts,future-incompat --crate-type lib --emit=dep-info,metadata,link -C embed-bitcode=no -C debuginfo=2 --check-cfg 'cfg(docsrs,test)' --check-cfg 'cfg(feature, values("generic-simd", "html_report", "runtime-dispatch-simd"))' -C metadata=f37df39ecfc1c885 -C extra-filename=-a3e5758daf9f5ecc --out-dir /mnt/data1/nix/vendor/rust/cargo2nix/submodules/rust/target/debug/deps -L dependency=/mnt/data1/nix/vendor/rust/cargo2nix/submodules/rust/target/debug/deps --cap-lints allow`
WITNESS_SYMBOL: {"symbol":"simple_scanner_start","from":"main","file":"simple_scanner.rs","line":120}
SCAN_DIR: /mnt/data1/nix/vendor/rust/cargo2nix/submodules/rust/compiler/rustc_driver/scan_results
SAVED: 36 items to /mnt/data1/nix/vendor/rust/cargo2nix/submodules/rust/compiler/rustc_driver/scan_results/rayon.json
SCAN_DIR: /mnt/data1/nix/vendor/rust/cargo2nix/submodules/rust/compiler/rustc_driver/scan_results
SAVED: 7 items to /mnt/data1/nix/vendor/rust/cargo2nix/submodules/rust/compiler/rustc_driver/scan_results/leb128.json
SCAN_DIR: /mnt/data1/nix/vendor/rust/cargo2nix/submodules/rust/compiler/rustc_driver/scan_results
SAVED: 8 items to /mnt/data1/nix/vendor/rust/cargo2nix/submodules/rust/compiler/rustc_driver/scan_results/iana-time-zone.json
WITNESS_SYMBOL: {"symbol":"simple_scanner_start","from":"main","file":"simple_scanner.rs","line":120}
SCAN_DIR: /mnt/data1/nix/vendor/rust/cargo2nix/submodules/rust/compiler/rustc_driver/scan_results
SAVED: 8 items to /mnt/data1/nix/vendor/rust/cargo2nix/submodules/rust/compiler/rustc_driver/scan_results/bytecount.json
   Compiling minimal-lexical v0.2.1
     Running `/home/mdupont/nix/vendor/rust/cargo2nix/submodules/rust/compiler/rustc_driver/simple_scanner --crate-name minimal_lexical --edition=2018 /home/mdupont/.cargo/registry/src/index.crates.io-1949cf8c6b5b557f/minimal-lexical-0.2.1/src/lib.rs --error-format=json --json=diagnostic-rendered-ansi,artifacts,future-incompat --crate-type lib --emit=dep-info,metadata,link -C embed-bitcode=no -C debuginfo=2 --cfg 'feature="std"' --check-cfg 'cfg(docsrs,test)' --check-cfg 'cfg(feature, values("alloc", "compact", "default", "lint", "nightly", "std"))' -C metadata=d886ce7eec76566c -C extra-filename=-feb3d6c380588e6e --out-dir /mnt/data1/nix/vendor/rust/cargo2nix/submodules/rust/target/debug/deps -L dependency=/mnt/data1/nix/vendor/rust/cargo2nix/submodules/rust/target/debug/deps --cap-lints allow`
SUMMARY_DIR: /mnt/data1/nix/vendor/rust/cargo2nix/submodules/rust/compiler/rustc_driver/scan_results
SUMMARY: 7 item types saved to /mnt/data1/nix/vendor/rust/cargo2nix/submodules/rust/compiler/rustc_driver/scan_results/leb128_summary.json
SUMMARY_DIR: /mnt/data1/nix/vendor/rust/cargo2nix/submodules/rust/compiler/rustc_driver/scan_results
SUMMARY: 8 item types saved to /mnt/data1/nix/vendor/rust/cargo2nix/submodules/rust/compiler/rustc_driver/scan_results/iana-time-zone_summary.json
   Compiling rustc-demangle v0.1.26
     Running `/home/mdupont/nix/vendor/rust/cargo2nix/submodules/rust/compiler/rustc_driver/simple_scanner --crate-name rustc_demangle --edition=2015 /home/mdupont/.cargo/registry/src/index.crates.io-1949cf8c6b5b557f/rustc-demangle-0.1.26/src/lib.rs --error-format=json --json=diagnostic-rendered-ansi,artifacts,future-incompat --crate-type lib --emit=dep-info,metadata,link -C embed-bitcode=no -C debuginfo=2 --check-cfg 'cfg(docsrs,test)' --check-cfg 'cfg(feature, values("compiler_builtins", "core", "rustc-dep-of-std", "std"))' -C metadata=d623fed94dd8f58a -C extra-filename=-3a56a3a9c0dc32fb --out-dir /mnt/data1/nix/vendor/rust/cargo2nix/submodules/rust/target/debug/deps -L dependency=/mnt/data1/nix/vendor/rust/cargo2nix/submodules/rust/target/debug/deps --cap-lints allow`
SUMMARY_DIR: /mnt/data1/nix/vendor/rust/cargo2nix/submodules/rust/compiler/rustc_driver/scan_results
WITNESS_SYMBOL: {"symbol":"simple_scanner_start","from":"main","file":"simple_scanner.rs","line":120}
SUMMARY: 8 item types saved to /mnt/data1/nix/vendor/rust/cargo2nix/submodules/rust/compiler/rustc_driver/scan_results/bytecount_summary.json
WITNESS_SYMBOL: {"symbol":"simple_scanner_start","from":"main","file":"simple_scanner.rs","line":120}
WITNESS_SYMBOL: {"symbol":"simple_scanner_end","from":"main","file":"simple_scanner.rs","line":126}
WITNESS_SYMBOL: {"symbol":"simple_scanner_end","from":"main","file":"simple_scanner.rs","line":126}
WITNESS_SYMBOL: {"symbol":"simple_scanner_end","from":"main","file":"simple_scanner.rs","line":126}
SCAN_DIR: /mnt/data1/nix/vendor/rust/cargo2nix/submodules/rust/compiler/rustc_driver/scan_results
SAVED: 21 items to /mnt/data1/nix/vendor/rust/cargo2nix/submodules/rust/compiler/rustc_driver/scan_results/minimal-lexical.json
   Compiling regex-automata v0.1.10
     Running `/home/mdupont/nix/vendor/rust/cargo2nix/submodules/rust/compiler/rustc_driver/simple_scanner --crate-name regex_automata --edition=2015 /home/mdupont/.cargo/registry/src/index.crates.io-1949cf8c6b5b557f/regex-automata-0.1.10/src/lib.rs --error-format=json --json=diagnostic-rendered-ansi,artifacts,future-incompat --crate-type lib --emit=dep-info,metadata,link -C embed-bitcode=no -C debuginfo=2 --cfg 'feature="default"' --cfg 'feature="regex-syntax"' --cfg 'feature="std"' --check-cfg 'cfg(docsrs,test)' --check-cfg 'cfg(feature, values("default", "fst", "regex-syntax", "std", "transducer"))' -C metadata=0aa70ba4605658be -C extra-filename=-1a2ddf4052b59b16 --out-dir /mnt/data1/nix/vendor/rust/cargo2nix/submodules/rust/target/debug/deps -L dependency=/mnt/data1/nix/vendor/rust/cargo2nix/submodules/rust/target/debug/deps --extern regex_syntax=/mnt/data1/nix/vendor/rust/cargo2nix/submodules/rust/target/debug/deps/libregex_syntax-c7ac060b50ba114d.rmeta --cap-lints allow`
SCAN_DIR: /mnt/data1/nix/vendor/rust/cargo2nix/submodules/rust/compiler/rustc_driver/scan_results
     Running `/mnt/data1/nix/vendor/rust/cargo2nix/submodules/rust/target/debug/build/nix-83a55b5320445e92/build-script-build`
SAVED: 25 items to /mnt/data1/nix/vendor/rust/cargo2nix/submodules/rust/compiler/rustc_driver/scan_results/rustc-demangle.json
     Running `/home/mdupont/nix/vendor/rust/cargo2nix/submodules/rust/compiler/rustc_driver/simple_scanner --crate-name serde --edition=2018 /home/mdupont/.cargo/registry/src/index.crates.io-1949cf8c6b5b557f/serde-1.0.219/src/lib.rs --error-format=json --json=diagnostic-rendered-ansi,artifacts,future-incompat --crate-type lib --emit=dep-info,metadata,link -C embed-bitcode=no --cfg 'feature="default"' --cfg 'feature="std"' --check-cfg 'cfg(docsrs,test)' --check-cfg 'cfg(feature, values("alloc", "default", "derive", "rc", "serde_derive", "std", "unstable"))' -C metadata=d0bbecd763377605 -C extra-filename=-208eae26fdee7869 --out-dir /mnt/data1/nix/vendor/rust/cargo2nix/submodules/rust/target/debug/deps -L dependency=/mnt/data1/nix/vendor/rust/cargo2nix/submodules/rust/target/debug/deps --cap-lints allow --check-cfg 'cfg(no_core_cstr)' --check-cfg 'cfg(no_core_error)' --check-cfg 'cfg(no_core_net)' --check-cfg 'cfg(no_core_num_saturating)' --check-cfg 'cfg(no_core_try_from)' --check-cfg 'cfg(no_diagnostic_namespace)' --check-cfg 'cfg(no_float_copysign)' --check-cfg 'cfg(no_num_nonzero_signed)' --check-cfg 'cfg(no_relaxed_trait_bounds)' --check-cfg 'cfg(no_serde_derive)' --check-cfg 'cfg(no_std_atomic)' --check-cfg 'cfg(no_std_atomic64)' --check-cfg 'cfg(no_systemtime_checked_add)' --check-cfg 'cfg(no_target_has_atomic)'`
WITNESS_SYMBOL: {"symbol":"simple_scanner_end","from":"main","file":"simple_scanner.rs","line":126}
   Compiling lzma-sys v0.1.20
     Running `/home/mdupont/nix/vendor/rust/cargo2nix/submodules/rust/compiler/rustc_driver/simple_scanner --crate-name build_script_build --edition=2018 /home/mdupont/.cargo/registry/src/index.crates.io-1949cf8c6b5b557f/lzma-sys-0.1.20/build.rs --error-format=json --json=diagnostic-rendered-ansi,artifacts,future-incompat --crate-type bin --emit=dep-info,link -C embed-bitcode=no --check-cfg 'cfg(docsrs,test)' --check-cfg 'cfg(feature, values("static"))' -C metadata=f70232a7389c6acd -C extra-filename=-a63c213828c90ebb --out-dir /mnt/data1/nix/vendor/rust/cargo2nix/submodules/rust/target/debug/build/lzma-sys-a63c213828c90ebb -L dependency=/mnt/data1/nix/vendor/rust/cargo2nix/submodules/rust/target/debug/deps --extern cc=/mnt/data1/nix/vendor/rust/cargo2nix/submodules/rust/target/debug/deps/libcc-436b02cffdc96910.rlib --extern pkg_config=/mnt/data1/nix/vendor/rust/cargo2nix/submodules/rust/target/debug/deps/libpkg_config-ed8e80cc20ac34e0.rlib --cap-lints allow`
WITNESS_SYMBOL: {"symbol":"simple_scanner_end","from":"main","file":"simple_scanner.rs","line":126}
     Running `/mnt/data1/nix/vendor/rust/cargo2nix/submodules/rust/target/debug/build/wasm-encoder-ddb3a6120489f71a/build-script-build`
WITNESS_SYMBOL: {"symbol":"simple_scanner_start","from":"main","file":"simple_scanner.rs","line":120}
   Compiling dirs-sys-next v0.1.2
     Running `/home/mdupont/nix/vendor/rust/cargo2nix/submodules/rust/compiler/rustc_driver/simple_scanner --crate-name dirs_sys_next --edition=2018 /home/mdupont/.cargo/registry/src/index.crates.io-1949cf8c6b5b557f/dirs-sys-next-0.1.2/src/lib.rs --error-format=json --json=diagnostic-rendered-ansi,artifacts,future-incompat --crate-type lib --emit=dep-info,metadata,link -C embed-bitcode=no -C debuginfo=2 --check-cfg 'cfg(docsrs,test)' --check-cfg 'cfg(feature, values())' -C metadata=519792127c303507 -C extra-filename=-3b715df5157e52c9 --out-dir /mnt/data1/nix/vendor/rust/cargo2nix/submodules/rust/target/debug/deps -L dependency=/mnt/data1/nix/vendor/rust/cargo2nix/submodules/rust/target/debug/deps --extern libc=/mnt/data1/nix/vendor/rust/cargo2nix/submodules/rust/target/debug/deps/liblibc-ea591502e5075e1d.rmeta --cap-lints allow`
WITNESS_SYMBOL: {"symbol":"simple_scanner_start","from":"main","file":"simple_scanner.rs","line":120}
WITNESS_SYMBOL: {"symbol":"simple_scanner_end","from":"main","file":"simple_scanner.rs","line":126}
SCAN_DIR: /mnt/data1/nix/vendor/rust/cargo2nix/submodules/rust/compiler/rustc_driver/scan_results
SAVED: 26 items to /mnt/data1/nix/vendor/rust/cargo2nix/submodules/rust/compiler/rustc_driver/scan_results/regex-automata.json
WITNESS_SYMBOL: {"symbol":"simple_scanner_start","from":"main","file":"simple_scanner.rs","line":120}
SCAN_DIR: /mnt/data1/nix/vendor/rust/cargo2nix/submodules/rust/compiler/rustc_driver/scan_results
     Running `/mnt/data1/nix/vendor/rust/cargo2nix/submodules/rust/target/debug/build/rustversion-dd6ae484a8b17f39/build-script-build`
SAVED: 16 items to /mnt/data1/nix/vendor/rust/cargo2nix/submodules/rust/compiler/rustc_driver/scan_results/serde.json
SUMMARY_DIR: /mnt/data1/nix/vendor/rust/cargo2nix/submodules/rust/compiler/rustc_driver/scan_results
SUMMARY: 18 item types saved to /mnt/data1/nix/vendor/rust/cargo2nix/submodules/rust/compiler/rustc_driver/scan_results/rand_summary.json
WITNESS_SYMBOL: {"symbol":"simple_scanner_start","from":"main","file":"simple_scanner.rs","line":120}
SCAN_DIR: /mnt/data1/nix/vendor/rust/cargo2nix/submodules/rust/compiler/rustc_driver/scan_results
SAVED: 6 items to /mnt/data1/nix/vendor/rust/cargo2nix/submodules/rust/compiler/rustc_driver/scan_results/lzma-sys.json
SCAN_DIR: /mnt/data1/nix/vendor/rust/cargo2nix/submodules/rust/compiler/rustc_driver/scan_results
   Compiling leb128fmt v0.1.0
     Running `/home/mdupont/nix/vendor/rust/cargo2nix/submodules/rust/compiler/rustc_driver/simple_scanner --crate-name leb128fmt --edition=2021 /home/mdupont/.cargo/registry/src/index.crates.io-1949cf8c6b5b557f/leb128fmt-0.1.0/src/lib.rs --error-format=json --json=diagnostic-rendered-ansi,artifacts,future-incompat --crate-type lib --emit=dep-info,metadata,link -C embed-bitcode=no -C debuginfo=2 --check-cfg 'cfg(docsrs,test)' --check-cfg 'cfg(feature, values("alloc", "default", "std"))' -C metadata=8188dbe383f8d37c -C extra-filename=-a21480022a3dd543 --out-dir /mnt/data1/nix/vendor/rust/cargo2nix/submodules/rust/target/debug/deps -L dependency=/mnt/data1/nix/vendor/rust/cargo2nix/submodules/rust/target/debug/deps --cap-lints allow`
SAVED: 12 items to /mnt/data1/nix/vendor/rust/cargo2nix/submodules/rust/compiler/rustc_driver/scan_results/dirs-sys-next.json
SUMMARY_DIR: /mnt/data1/nix/vendor/rust/cargo2nix/submodules/rust/compiler/rustc_driver/scan_results
SUMMARY: 94 item types saved to /mnt/data1/nix/vendor/rust/cargo2nix/submodules/rust/compiler/rustc_driver/scan_results/rustc_proc_macro_summary.json
SUMMARY_DIR: /mnt/data1/nix/vendor/rust/cargo2nix/submodules/rust/compiler/rustc_driver/scan_results
SUMMARY: 6 item types saved to /mnt/data1/nix/vendor/rust/cargo2nix/submodules/rust/compiler/rustc_driver/scan_results/lzma-sys_summary.json
WITNESS_SYMBOL: {"symbol":"simple_scanner_start","from":"main","file":"simple_scanner.rs","line":120}
SCAN_DIR: /mnt/data1/nix/vendor/rust/cargo2nix/submodules/rust/compiler/rustc_driver/scan_results
   Compiling unicode-segmentation v1.12.0
     Running `/home/mdupont/nix/vendor/rust/cargo2nix/submodules/rust/compiler/rustc_driver/simple_scanner --crate-name unicode_segmentation --edition=2018 /home/mdupont/.cargo/registry/src/index.crates.io-1949cf8c6b5b557f/unicode-segmentation-1.12.0/src/lib.rs --error-format=json --json=diagnostic-rendered-ansi,artifacts,future-incompat --crate-type lib --emit=dep-info,metadata,link -C embed-bitcode=no -C debuginfo=2 --check-cfg 'cfg(docsrs,test)' --check-cfg 'cfg(feature, values("no_std"))' -C metadata=f6d09085b3b0ea51 -C extra-filename=-a00146d67bdb4077 --out-dir /mnt/data1/nix/vendor/rust/cargo2nix/submodules/rust/target/debug/deps -L dependency=/mnt/data1/nix/vendor/rust/cargo2nix/submodules/rust/target/debug/deps --cap-lints allow`
SAVED: 46 items to /mnt/data1/nix/vendor/rust/cargo2nix/submodules/rust/compiler/rustc_driver/scan_results/leb128fmt.json
SUMMARY_DIR: /mnt/data1/nix/vendor/rust/cargo2nix/submodules/rust/compiler/rustc_driver/scan_results
SUMMARY: 12 item types saved to /mnt/data1/nix/vendor/rust/cargo2nix/submodules/rust/compiler/rustc_driver/scan_results/dirs-sys-next_summary.json
WITNESS_SYMBOL: {"symbol":"simple_scanner_start","from":"main","file":"simple_scanner.rs","line":120}
SCAN_DIR: /mnt/data1/nix/vendor/rust/cargo2nix/submodules/rust/compiler/rustc_driver/scan_results
SAVED: 11 items to /mnt/data1/nix/vendor/rust/cargo2nix/submodules/rust/compiler/rustc_driver/scan_results/unicode-segmentation.json
SUMMARY_DIR: /mnt/data1/nix/vendor/rust/cargo2nix/submodules/rust/compiler/rustc_driver/scan_results
SUMMARY: 21 item types saved to /mnt/data1/nix/vendor/rust/cargo2nix/submodules/rust/compiler/rustc_driver/scan_results/minimal-lexical_summary.json
SUMMARY_DIR: /mnt/data1/nix/vendor/rust/cargo2nix/submodules/rust/compiler/rustc_driver/scan_results
SUMMARY: 46 item types saved to /mnt/data1/nix/vendor/rust/cargo2nix/submodules/rust/compiler/rustc_driver/scan_results/leb128fmt_summary.json
SUMMARY_DIR: /mnt/data1/nix/vendor/rust/cargo2nix/submodules/rust/compiler/rustc_driver/scan_results
SUMMARY: 25 item types saved to /mnt/data1/nix/vendor/rust/cargo2nix/submodules/rust/compiler/rustc_driver/scan_results/rustc-demangle_summary.json
WITNESS_SYMBOL: {"symbol":"simple_scanner_end","from":"main","file":"simple_scanner.rs","line":126}
   Compiling twox-hash v1.6.3
     Running `/home/mdupont/nix/vendor/rust/cargo2nix/submodules/rust/compiler/rustc_driver/simple_scanner --crate-name twox_hash --edition=2018 /home/mdupont/.cargo/registry/src/index.crates.io-1949cf8c6b5b557f/twox-hash-1.6.3/src/lib.rs --error-format=json --json=diagnostic-rendered-ansi,artifacts,future-incompat --crate-type lib --emit=dep-info,metadata,link -C embed-bitcode=no -C debuginfo=2 --cfg 'feature="default"' --cfg 'feature="rand"' --cfg 'feature="std"' --check-cfg 'cfg(docsrs,test)' --check-cfg 'cfg(feature, values("default", "digest", "digest_0_10", "digest_0_9", "rand", "serde", "serialize", "std"))' -C metadata=beee0428cd72f6ac -C extra-filename=-9037e812290c4f62 --out-dir /mnt/data1/nix/vendor/rust/cargo2nix/submodules/rust/target/debug/deps -L dependency=/mnt/data1/nix/vendor/rust/cargo2nix/submodules/rust/target/debug/deps --extern cfg_if=/mnt/data1/nix/vendor/rust/cargo2nix/submodules/rust/target/debug/deps/libcfg_if-03c73dea748456e6.rmeta --extern rand=/mnt/data1/nix/vendor/rust/cargo2nix/submodules/rust/target/debug/deps/librand-a37da8ed35716a45.rmeta --extern static_assertions=/mnt/data1/nix/vendor/rust/cargo2nix/submodules/rust/target/debug/deps/libstatic_assertions-5e3b464b538aaf18.rmeta --cap-lints allow`
WITNESS_SYMBOL: {"symbol":"simple_scanner_end","from":"main","file":"simple_scanner.rs","line":126}
WITNESS_SYMBOL: {"symbol":"simple_scanner_end","from":"main","file":"simple_scanner.rs","line":126}
WITNESS_SYMBOL: {"symbol":"simple_scanner_end","from":"main","file":"simple_scanner.rs","line":126}
WITNESS_SYMBOL: {"symbol":"simple_scanner_end","from":"main","file":"simple_scanner.rs","line":126}
   Compiling nom v7.1.3
   Compiling hashbrown v0.15.5
     Running `/home/mdupont/nix/vendor/rust/cargo2nix/submodules/rust/compiler/rustc_driver/simple_scanner --crate-name nom --edition=2018 /home/mdupont/.cargo/registry/src/index.crates.io-1949cf8c6b5b557f/nom-7.1.3/src/lib.rs --error-format=json --json=diagnostic-rendered-ansi,artifacts,future-incompat --crate-type lib --emit=dep-info,metadata,link -C embed-bitcode=no -C debuginfo=2 --cfg 'feature="alloc"' --cfg 'feature="default"' --cfg 'feature="std"' --check-cfg 'cfg(docsrs,test)' --check-cfg 'cfg(feature, values("alloc", "default", "docsrs", "std"))' -C metadata=ba2e6ace833b216d -C extra-filename=-c3b0397c022ef7f7 --out-dir /mnt/data1/nix/vendor/rust/cargo2nix/submodules/rust/target/debug/deps -L dependency=/mnt/data1/nix/vendor/rust/cargo2nix/submodules/rust/target/debug/deps --extern memchr=/mnt/data1/nix/vendor/rust/cargo2nix/submodules/rust/target/debug/deps/libmemchr-31b9c6cef7758eb1.rmeta --extern minimal_lexical=/mnt/data1/nix/vendor/rust/cargo2nix/submodules/rust/target/debug/deps/libminimal_lexical-feb3d6c380588e6e.rmeta --cap-lints allow`
     Running `/home/mdupont/nix/vendor/rust/cargo2nix/submodules/rust/compiler/rustc_driver/simple_scanner --crate-name hashbrown --edition=2021 /home/mdupont/.cargo/registry/src/index.crates.io-1949cf8c6b5b557f/hashbrown-0.15.5/src/lib.rs --error-format=json --json=diagnostic-rendered-ansi,artifacts,future-incompat --crate-type lib --emit=dep-info,metadata,link -C embed-bitcode=no --check-cfg 'cfg(docsrs,test)' --check-cfg 'cfg(feature, values("alloc", "allocator-api2", "core", "default", "default-hasher", "equivalent", "inline-more", "nightly", "raw-entry", "rayon", "rustc-dep-of-std", "rustc-internal-api", "serde"))' -C metadata=825abc6f42d46eff -C extra-filename=-b55fb48519b1d723 --out-dir /mnt/data1/nix/vendor/rust/cargo2nix/submodules/rust/target/debug/deps -L dependency=/mnt/data1/nix/vendor/rust/cargo2nix/submodules/rust/target/debug/deps --cap-lints allow`
   Compiling pulldown-cmark v0.11.3
     Running `/home/mdupont/nix/vendor/rust/cargo2nix/submodules/rust/compiler/rustc_driver/simple_scanner --crate-name build_script_build --edition=2021 /home/mdupont/.cargo/registry/src/index.crates.io-1949cf8c6b5b557f/pulldown-cmark-0.11.3/build.rs --error-format=json --json=diagnostic-rendered-ansi,artifacts,future-incompat --crate-type bin --emit=dep-info,link -C embed-bitcode=no --warn=unexpected_cfgs --cfg 'feature="html"' --cfg 'feature="pulldown-cmark-escape"' --check-cfg 'cfg(docsrs,test)' --check-cfg 'cfg(feature, values("default", "gen-tests", "getopts", "html", "pulldown-cmark-escape", "serde", "simd"))' -C metadata=f02da582d55893f4 -C extra-filename=-1481d80eff282aae --out-dir /mnt/data1/nix/vendor/rust/cargo2nix/submodules/rust/target/debug/build/pulldown-cmark-1481d80eff282aae -L dependency=/mnt/data1/nix/vendor/rust/cargo2nix/submodules/rust/target/debug/deps --cap-lints allow`
   Compiling punycode v0.4.1
WITNESS_SYMBOL: {"symbol":"simple_scanner_start","from":"main","file":"simple_scanner.rs","line":120}
     Running `/home/mdupont/nix/vendor/rust/cargo2nix/submodules/rust/compiler/rustc_driver/simple_scanner --crate-name punycode --edition=2015 /home/mdupont/.cargo/registry/src/index.crates.io-1949cf8c6b5b557f/punycode-0.4.1/src/lib.rs --error-format=json --json=diagnostic-rendered-ansi,artifacts,future-incompat --crate-type lib --emit=dep-info,metadata,link -C embed-bitcode=no -C debuginfo=2 --cfg 'feature="default"' --check-cfg 'cfg(docsrs,test)' --check-cfg 'cfg(feature, values("clippy", "default", "dev"))' -C metadata=028cde162e3cc9ed -C extra-filename=-8c626f4bc43d96b0 --out-dir /mnt/data1/nix/vendor/rust/cargo2nix/submodules/rust/target/debug/deps -L dependency=/mnt/data1/nix/vendor/rust/cargo2nix/submodules/rust/target/debug/deps --cap-lints allow`
SCAN_DIR: /mnt/data1/nix/vendor/rust/cargo2nix/submodules/rust/compiler/rustc_driver/scan_results
SAVED: 26 items to /mnt/data1/nix/vendor/rust/cargo2nix/submodules/rust/compiler/rustc_driver/scan_results/twox-hash.json
WITNESS_SYMBOL: {"symbol":"simple_scanner_start","from":"main","file":"simple_scanner.rs","line":120}
WITNESS_SYMBOL: {"symbol":"simple_scanner_start","from":"main","file":"simple_scanner.rs","line":120}
WITNESS_SYMBOL: {"symbol":"simple_scanner_start","from":"main","file":"simple_scanner.rs","line":120}
WITNESS_SYMBOL: {"symbol":"simple_scanner_start","from":"main","file":"simple_scanner.rs","line":120}
SCAN_DIR: /mnt/data1/nix/vendor/rust/cargo2nix/submodules/rust/compiler/rustc_driver/scan_results
SAVED: 22 items to /mnt/data1/nix/vendor/rust/cargo2nix/submodules/rust/compiler/rustc_driver/scan_results/nom.json
SCAN_DIR: /mnt/data1/nix/vendor/rust/cargo2nix/submodules/rust/compiler/rustc_driver/scan_results
SAVED: 26 items to /mnt/data1/nix/vendor/rust/cargo2nix/submodules/rust/compiler/rustc_driver/scan_results/hashbrown.json
SCAN_DIR: /mnt/data1/nix/vendor/rust/cargo2nix/submodules/rust/compiler/rustc_driver/scan_results
SAVED: 19 items to /mnt/data1/nix/vendor/rust/cargo2nix/submodules/rust/compiler/rustc_driver/scan_results/punycode.json
SCAN_DIR: /mnt/data1/nix/vendor/rust/cargo2nix/submodules/rust/compiler/rustc_driver/scan_results
SAVED: 7 items to /mnt/data1/nix/vendor/rust/cargo2nix/submodules/rust/compiler/rustc_driver/scan_results/pulldown-cmark.json
SUMMARY_DIR: /mnt/data1/nix/vendor/rust/cargo2nix/submodules/rust/compiler/rustc_driver/scan_results
SUMMARY: 7 item types saved to /mnt/data1/nix/vendor/rust/cargo2nix/submodules/rust/compiler/rustc_driver/scan_results/pulldown-cmark_summary.json
SUMMARY_DIR: /mnt/data1/nix/vendor/rust/cargo2nix/submodules/rust/compiler/rustc_driver/scan_results
SUMMARY: 19 item types saved to /mnt/data1/nix/vendor/rust/cargo2nix/submodules/rust/compiler/rustc_driver/scan_results/punycode_summary.json
SUMMARY_DIR: /mnt/data1/nix/vendor/rust/cargo2nix/submodules/rust/compiler/rustc_driver/scan_results
SUMMARY: 25 item types saved to /mnt/data1/nix/vendor/rust/cargo2nix/submodules/rust/compiler/rustc_driver/scan_results/winnow_summary.json
SUMMARY_DIR: /mnt/data1/nix/vendor/rust/cargo2nix/submodules/rust/compiler/rustc_driver/scan_results
SUMMARY: 18 item types saved to /mnt/data1/nix/vendor/rust/cargo2nix/submodules/rust/compiler/rustc_driver/scan_results/rand_summary.json
WITNESS_SYMBOL: {"symbol":"simple_scanner_end","from":"main","file":"simple_scanner.rs","line":126}
WITNESS_SYMBOL: {"symbol":"simple_scanner_end","from":"main","file":"simple_scanner.rs","line":126}
   Compiling phf_generator v0.11.3
     Running `/home/mdupont/nix/vendor/rust/cargo2nix/submodules/rust/compiler/rustc_driver/simple_scanner --crate-name phf_generator --edition=2021 /home/mdupont/.cargo/registry/src/index.crates.io-1949cf8c6b5b557f/phf_generator-0.11.3/src/lib.rs --error-format=json --json=diagnostic-rendered-ansi,artifacts,future-incompat --crate-type lib --emit=dep-info,metadata,link -C embed-bitcode=no --check-cfg 'cfg(docsrs,test)' --check-cfg 'cfg(feature, values("criterion"))' -C metadata=6b4ee6b261a6d268 -C extra-filename=-5cd37071829eb45d --out-dir /mnt/data1/nix/vendor/rust/cargo2nix/submodules/rust/target/debug/deps -L dependency=/mnt/data1/nix/vendor/rust/cargo2nix/submodules/rust/target/debug/deps --extern phf_shared=/mnt/data1/nix/vendor/rust/cargo2nix/submodules/rust/target/debug/deps/libphf_shared-b99c3778e6d26b58.rmeta --extern rand=/mnt/data1/nix/vendor/rust/cargo2nix/submodules/rust/target/debug/deps/librand-371be3a3d166fa1a.rmeta --cap-lints allow`
WITNESS_SYMBOL: {"symbol":"simple_scanner_end","from":"main","file":"simple_scanner.rs","line":126}
   Compiling nu-ansi-term v0.50.1
     Running `/home/mdupont/nix/vendor/rust/cargo2nix/submodules/rust/compiler/rustc_driver/simple_scanner --crate-name nu_ansi_term --edition=2021 /home/mdupont/.cargo/registry/src/index.crates.io-1949cf8c6b5b557f/nu-ansi-term-0.50.1/src/lib.rs --error-format=json --json=diagnostic-rendered-ansi,artifacts,future-incompat --crate-type lib --emit=dep-info,metadata,link -C embed-bitcode=no -C debuginfo=2 --check-cfg 'cfg(docsrs,test)' --check-cfg 'cfg(feature, values("derive_serde_style", "gnu_legacy", "serde"))' -C metadata=7472cce110ce2fe8 -C extra-filename=-0c3ea1f942fb85e1 --out-dir /mnt/data1/nix/vendor/rust/cargo2nix/submodules/rust/target/debug/deps -L dependency=/mnt/data1/nix/vendor/rust/cargo2nix/submodules/rust/target/debug/deps --cap-lints allow`
     Running `/mnt/data1/nix/vendor/rust/cargo2nix/submodules/rust/target/debug/build/pulldown-cmark-1481d80eff282aae/build-script-build`
SUMMARY_DIR: /mnt/data1/nix/vendor/rust/cargo2nix/submodules/rust/compiler/rustc_driver/scan_results
SUMMARY: 14 item types saved to /mnt/data1/nix/vendor/rust/cargo2nix/submodules/rust/compiler/rustc_driver/scan_results/unicode-security_summary.json
   Compiling dirs-next v2.0.0
     Running `/home/mdupont/nix/vendor/rust/cargo2nix/submodules/rust/compiler/rustc_driver/simple_scanner --crate-name dirs_next --edition=2018 /home/mdupont/.cargo/registry/src/index.crates.io-1949cf8c6b5b557f/dirs-next-2.0.0/src/lib.rs --error-format=json --json=diagnostic-rendered-ansi,artifacts,future-incompat --crate-type lib --emit=dep-info,metadata,link -C embed-bitcode=no -C debuginfo=2 --check-cfg 'cfg(docsrs,test)' --check-cfg 'cfg(feature, values())' -C metadata=d28faffab5e3ec76 -C extra-filename=-e0a44cb0ac30056d --out-dir /mnt/data1/nix/vendor/rust/cargo2nix/submodules/rust/target/debug/deps -L dependency=/mnt/data1/nix/vendor/rust/cargo2nix/submodules/rust/target/debug/deps --extern cfg_if=/mnt/data1/nix/vendor/rust/cargo2nix/submodules/rust/target/debug/deps/libcfg_if-03c73dea748456e6.rmeta --extern dirs_sys_next=/mnt/data1/nix/vendor/rust/cargo2nix/submodules/rust/target/debug/deps/libdirs_sys_next-3b715df5157e52c9.rmeta --cap-lints allow`
WITNESS_SYMBOL: {"symbol":"simple_scanner_end","from":"main","file":"simple_scanner.rs","line":126}
WITNESS_SYMBOL: {"symbol":"simple_scanner_start","from":"main","file":"simple_scanner.rs","line":120}
SUMMARY_DIR: /mnt/data1/nix/vendor/rust/cargo2nix/submodules/rust/compiler/rustc_driver/scan_results
SUMMARY: 25 item types saved to /mnt/data1/nix/vendor/rust/cargo2nix/submodules/rust/compiler/rustc_driver/scan_results/winnow_summary.json
WITNESS_SYMBOL: {"symbol":"simple_scanner_end","from":"main","file":"simple_scanner.rs","line":126}
     Running `/mnt/data1/nix/vendor/rust/cargo2nix/submodules/rust/target/debug/build/lzma-sys-a63c213828c90ebb/build-script-build`
SCAN_DIR: /mnt/data1/nix/vendor/rust/cargo2nix/submodules/rust/compiler/rustc_driver/scan_results
SAVED: 12 items to /mnt/data1/nix/vendor/rust/cargo2nix/submodules/rust/compiler/rustc_driver/scan_results/phf_generator.json
WITNESS_SYMBOL: {"symbol":"simple_scanner_end","from":"main","file":"simple_scanner.rs","line":126}
     Running `/home/mdupont/nix/vendor/rust/cargo2nix/submodules/rust/compiler/rustc_driver/simple_scanner --crate-name rustversion --edition=2018 /home/mdupont/.cargo/registry/src/index.crates.io-1949cf8c6b5b557f/rustversion-1.0.22/src/lib.rs --error-format=json --json=diagnostic-rendered-ansi,artifacts,future-incompat --crate-type proc-macro --emit=dep-info,link -C prefer-dynamic -C embed-bitcode=no --check-cfg 'cfg(docsrs,test)' --check-cfg 'cfg(feature, values())' -C metadata=d2e17dd4863c1773 -C extra-filename=-d3dee82606c677dc --out-dir /mnt/data1/nix/vendor/rust/cargo2nix/submodules/rust/target/debug/deps -L dependency=/mnt/data1/nix/vendor/rust/cargo2nix/submodules/rust/target/debug/deps --extern proc_macro --cap-lints allow --check-cfg 'cfg(cfg_macro_not_allowed)' --check-cfg 'cfg(host_os, values("windows"))'`
WITNESS_SYMBOL: {"symbol":"simple_scanner_start","from":"main","file":"simple_scanner.rs","line":120}
WITNESS_SYMBOL: {"symbol":"simple_scanner_start","from":"main","file":"simple_scanner.rs","line":120}
SCAN_DIR: /mnt/data1/nix/vendor/rust/cargo2nix/submodules/rust/compiler/rustc_driver/scan_results
SAVED: 18 items to /mnt/data1/nix/vendor/rust/cargo2nix/submodules/rust/compiler/rustc_driver/scan_results/nu-ansi-term.json
     Running `/home/mdupont/nix/vendor/rust/cargo2nix/submodules/rust/compiler/rustc_driver/simple_scanner --crate-name nix --edition=2021 /home/mdupont/.cargo/registry/src/index.crates.io-1949cf8c6b5b557f/nix-0.30.1/src/lib.rs --error-format=json --json=diagnostic-rendered-ansi,artifacts,future-incompat --crate-type lib --emit=dep-info,metadata,link -C embed-bitcode=no -C debuginfo=2 --cfg 'feature="default"' --cfg 'feature="fs"' --cfg 'feature="mman"' --cfg 'feature="process"' --cfg 'feature="ptrace"' --cfg 'feature="signal"' --check-cfg 'cfg(docsrs,test)' --check-cfg 'cfg(feature, values("acct", "aio", "default", "dir", "env", "event", "fanotify", "feature", "fs", "hostname", "inotify", "ioctl", "kmod", "memoffset", "mman", "mount", "mqueue", "net", "personality", "pin-utils", "poll", "process", "pthread", "ptrace", "quota", "reboot", "resource", "sched", "signal", "socket", "syslog", "term", "time", "ucontext", "uio", "user", "zerocopy"))' -C metadata=c66f80fd15d306d6 -C extra-filename=-858b6f44b82ae526 --out-dir /mnt/data1/nix/vendor/rust/cargo2nix/submodules/rust/target/debug/deps -L dependency=/mnt/data1/nix/vendor/rust/cargo2nix/submodules/rust/target/debug/deps --extern bitflags=/mnt/data1/nix/vendor/rust/cargo2nix/submodules/rust/target/debug/deps/libbitflags-94e1844d12d7ed7e.rmeta --extern cfg_if=/mnt/data1/nix/vendor/rust/cargo2nix/submodules/rust/target/debug/deps/libcfg_if-03c73dea748456e6.rmeta --extern libc=/mnt/data1/nix/vendor/rust/cargo2nix/submodules/rust/target/debug/deps/liblibc-ea591502e5075e1d.rmeta --cap-lints allow --cfg linux --cfg linux_android --check-cfg 'cfg(android)' --check-cfg 'cfg(dragonfly)' --check-cfg 'cfg(ios)' --check-cfg 'cfg(freebsd)' --check-cfg 'cfg(illumos)' --check-cfg 'cfg(linux)' --check-cfg 'cfg(macos)' --check-cfg 'cfg(netbsd)' --check-cfg 'cfg(openbsd)' --check-cfg 'cfg(solaris)' --check-cfg 'cfg(watchos)' --check-cfg 'cfg(tvos)' --check-cfg 'cfg(visionos)' --check-cfg 'cfg(apple_targets)' --check-cfg 'cfg(bsd)' --check-cfg 'cfg(bsd_without_apple)' --check-cfg 'cfg(linux_android)' --check-cfg 'cfg(freebsdlike)' --check-cfg 'cfg(netbsdlike)' --check-cfg 'cfg(solarish)' --check-cfg 'cfg(fbsd14)' --check-cfg 'cfg(qemu)' --check-cfg 'cfg(target_os, values("cygwin"))'`
SCAN_DIR: /mnt/data1/nix/vendor/rust/cargo2nix/submodules/rust/compiler/rustc_driver/scan_results
WITNESS_SYMBOL: {"symbol":"simple_scanner_start","from":"main","file":"simple_scanner.rs","line":120}
SAVED: 20 items to /mnt/data1/nix/vendor/rust/cargo2nix/submodules/rust/compiler/rustc_driver/scan_results/dirs-next.json
     Running `/home/mdupont/nix/vendor/rust/cargo2nix/submodules/rust/compiler/rustc_driver/simple_scanner --crate-name blake3 --edition=2021 /home/mdupont/.cargo/registry/src/index.crates.io-1949cf8c6b5b557f/blake3-1.8.2/src/lib.rs --error-format=json --json=diagnostic-rendered-ansi,artifacts,future-incompat --crate-type lib --emit=dep-info,metadata,link -C embed-bitcode=no -C debuginfo=2 --cfg 'feature="default"' --cfg 'feature="std"' --check-cfg 'cfg(docsrs,test)' --check-cfg 'cfg(feature, values("default", "digest", "mmap", "neon", "no_avx2", "no_avx512", "no_neon", "no_sse2", "no_sse41", "prefer_intrinsics", "pure", "rayon", "serde", "std", "traits-preview", "wasm32_simd", "zeroize"))' -C metadata=daf37f294064a876 -C extra-filename=-bb25bea0eab96b06 --out-dir /mnt/data1/nix/vendor/rust/cargo2nix/submodules/rust/target/debug/deps -L dependency=/mnt/data1/nix/vendor/rust/cargo2nix/submodules/rust/target/debug/deps --extern arrayref=/mnt/data1/nix/vendor/rust/cargo2nix/submodules/rust/target/debug/deps/libarrayref-07b614999e020f27.rmeta --extern arrayvec=/mnt/data1/nix/vendor/rust/cargo2nix/submodules/rust/target/debug/deps/libarrayvec-38ce704b0eb0eba1.rmeta --extern cfg_if=/mnt/data1/nix/vendor/rust/cargo2nix/submodules/rust/target/debug/deps/libcfg_if-03c73dea748456e6.rmeta --extern constant_time_eq=/mnt/data1/nix/vendor/rust/cargo2nix/submodules/rust/target/debug/deps/libconstant_time_eq-1221a573e043e8cb.rmeta --cap-lints allow -L native=/mnt/data1/nix/vendor/rust/cargo2nix/submodules/rust/target/debug/build/blake3-60d0a31616c182e8/out -L native=/mnt/data1/nix/vendor/rust/cargo2nix/submodules/rust/target/debug/build/blake3-60d0a31616c182e8/out -l static=blake3_sse2_sse41_avx2_assembly -l static=blake3_avx512_assembly --cfg blake3_sse2_ffi --cfg blake3_sse41_ffi --cfg blake3_avx2_ffi --cfg blake3_avx512_ffi --check-cfg 'cfg(blake3_sse2_ffi, values(none()))' --check-cfg 'cfg(blake3_sse2_rust, values(none()))' --check-cfg 'cfg(blake3_sse41_ffi, values(none()))' --check-cfg 'cfg(blake3_sse41_rust, values(none()))' --check-cfg 'cfg(blake3_avx2_ffi, values(none()))' --check-cfg 'cfg(blake3_avx2_rust, values(none()))' --check-cfg 'cfg(blake3_avx512_ffi, values(none()))' --check-cfg 'cfg(blake3_neon, values(none()))' --check-cfg 'cfg(blake3_wasm32_simd, values(none()))'`
SCAN_DIR: /mnt/data1/nix/vendor/rust/cargo2nix/submodules/rust/compiler/rustc_driver/scan_results
SAVED: 28 items to /mnt/data1/nix/vendor/rust/cargo2nix/submodules/rust/compiler/rustc_driver/scan_results/rustversion.json
SUMMARY_DIR: /mnt/data1/nix/vendor/rust/cargo2nix/submodules/rust/compiler/rustc_driver/scan_results
SUMMARY: 12 item types saved to /mnt/data1/nix/vendor/rust/cargo2nix/submodules/rust/compiler/rustc_driver/scan_results/phf_generator_summary.json
SUMMARY_DIR: /mnt/data1/nix/vendor/rust/cargo2nix/submodules/rust/compiler/rustc_driver/scan_results
SUMMARY: 20 item types saved to /mnt/data1/nix/vendor/rust/cargo2nix/submodules/rust/compiler/rustc_driver/scan_results/dirs-next_summary.json
WITNESS_SYMBOL: {"symbol":"simple_scanner_start","from":"main","file":"simple_scanner.rs","line":120}
WITNESS_SYMBOL: {"symbol":"simple_scanner_start","from":"main","file":"simple_scanner.rs","line":120}
SCAN_DIR: /mnt/data1/nix/vendor/rust/cargo2nix/submodules/rust/compiler/rustc_driver/scan_results
SAVED: 38 items to /mnt/data1/nix/vendor/rust/cargo2nix/submodules/rust/compiler/rustc_driver/scan_results/nix.json
SCAN_DIR: /mnt/data1/nix/vendor/rust/cargo2nix/submodules/rust/compiler/rustc_driver/scan_results
SUMMARY_DIR: /mnt/data1/nix/vendor/rust/cargo2nix/submodules/rust/compiler/rustc_driver/scan_results
SUMMARY: 11 item types saved to /mnt/data1/nix/vendor/rust/cargo2nix/submodules/rust/compiler/rustc_driver/scan_results/unicode-segmentation_summary.json
SUMMARY_DIR: /mnt/data1/nix/vendor/rust/cargo2nix/submodules/rust/compiler/rustc_driver/scan_results
SUMMARY: 26 item types saved to /mnt/data1/nix/vendor/rust/cargo2nix/submodules/rust/compiler/rustc_driver/scan_results/twox-hash_summary.json
WITNESS_SYMBOL: {"symbol":"simple_scanner_end","from":"main","file":"simple_scanner.rs","line":126}
WITNESS_SYMBOL: {"symbol":"simple_scanner_end","from":"main","file":"simple_scanner.rs","line":126}
SAVED: 87 items to /mnt/data1/nix/vendor/rust/cargo2nix/submodules/rust/compiler/rustc_driver/scan_results/blake3.json
   Compiling wasm-encoder v0.219.2
   Compiling link-cplusplus v1.0.10
     Running `/home/mdupont/nix/vendor/rust/cargo2nix/submodules/rust/compiler/rustc_driver/simple_scanner --crate-name wasm_encoder --edition=2021 /home/mdupont/.cargo/registry/src/index.crates.io-1949cf8c6b5b557f/wasm-encoder-0.219.2/src/lib.rs --error-format=json --json=diagnostic-rendered-ansi,artifacts,future-incompat --crate-type lib --emit=dep-info,metadata,link -C embed-bitcode=no -C debuginfo=2 '--allow=clippy::all' --deny=unsafe_code '--warn=clippy::unnecessary_to_owned' '--warn=clippy::map_clone' '--warn=clippy::manual_strip' '--warn=clippy::clone_on_copy' --cfg 'feature="component-model"' --cfg 'feature="default"' --check-cfg 'cfg(docsrs,test)' --check-cfg 'cfg(feature, values("component-model", "default", "wasmparser"))' -C metadata=8e96b71c4ea4d433 -C extra-filename=-8e3bcd0eadace4cd --out-dir /mnt/data1/nix/vendor/rust/cargo2nix/submodules/rust/target/debug/deps -L dependency=/mnt/data1/nix/vendor/rust/cargo2nix/submodules/rust/target/debug/deps --extern leb128=/mnt/data1/nix/vendor/rust/cargo2nix/submodules/rust/target/debug/deps/libleb128-6d0bf9d6f8b40390.rmeta --cap-lints allow`
     Running `/home/mdupont/nix/vendor/rust/cargo2nix/submodules/rust/compiler/rustc_driver/simple_scanner --crate-name build_script_build --edition=2018 /home/mdupont/.cargo/registry/src/index.crates.io-1949cf8c6b5b557f/link-cplusplus-1.0.10/build.rs --error-format=json --json=diagnostic-rendered-ansi,artifacts,future-incompat --crate-type bin --emit=dep-info,link -C embed-bitcode=no --cfg 'feature="default"' --check-cfg 'cfg(docsrs,test)' --check-cfg 'cfg(feature, values("default", "libc++", "libcxx", "libstdc++", "libstdcxx", "nothing"))' -C metadata=eaaf70f3e7f3e6a5 -C extra-filename=-0f2bb034c287d974 --out-dir /mnt/data1/nix/vendor/rust/cargo2nix/submodules/rust/target/debug/build/link-cplusplus-0f2bb034c287d974 -L dependency=/mnt/data1/nix/vendor/rust/cargo2nix/submodules/rust/target/debug/deps --extern cc=/mnt/data1/nix/vendor/rust/cargo2nix/submodules/rust/target/debug/deps/libcc-436b02cffdc96910.rlib --cap-lints allow`
WITNESS_SYMBOL: {"symbol":"simple_scanner_start","from":"main","file":"simple_scanner.rs","line":120}
WITNESS_SYMBOL: {"symbol":"simple_scanner_start","from":"main","file":"simple_scanner.rs","line":120}
SCAN_DIR: /mnt/data1/nix/vendor/rust/cargo2nix/submodules/rust/compiler/rustc_driver/scan_results
SAVED: 4 items to /mnt/data1/nix/vendor/rust/cargo2nix/submodules/rust/compiler/rustc_driver/scan_results/link-cplusplus.json
WITNESS_SYMBOL: {"symbol":"simple_scanner_end","from":"main","file":"simple_scanner.rs","line":126}
SCAN_DIR: /mnt/data1/nix/vendor/rust/cargo2nix/submodules/rust/compiler/rustc_driver/scan_results
SAVED: 24 items to /mnt/data1/nix/vendor/rust/cargo2nix/submodules/rust/compiler/rustc_driver/scan_results/wasm-encoder.json
   Compiling ruzstd v0.7.3
     Running `/home/mdupont/nix/vendor/rust/cargo2nix/submodules/rust/compiler/rustc_driver/simple_scanner --crate-name ruzstd --edition=2018 /home/mdupont/.cargo/registry/src/index.crates.io-1949cf8c6b5b557f/ruzstd-0.7.3/src/lib.rs --error-format=json --json=diagnostic-rendered-ansi,artifacts,future-incompat --crate-type lib --emit=dep-info,metadata,link -C embed-bitcode=no -C debuginfo=2 --cfg 'feature="default"' --cfg 'feature="hash"' --cfg 'feature="std"' --check-cfg 'cfg(docsrs,test)' --check-cfg 'cfg(feature, values("default", "hash", "rustc-dep-of-std", "std"))' -C metadata=93f9bacd2c49b6ae -C extra-filename=-d279384715c68be2 --out-dir /mnt/data1/nix/vendor/rust/cargo2nix/submodules/rust/target/debug/deps -L dependency=/mnt/data1/nix/vendor/rust/cargo2nix/submodules/rust/target/debug/deps --extern twox_hash=/mnt/data1/nix/vendor/rust/cargo2nix/submodules/rust/target/debug/deps/libtwox_hash-9037e812290c4f62.rmeta --cap-lints allow`
SUMMARY_DIR: /mnt/data1/nix/vendor/rust/cargo2nix/submodules/rust/compiler/rustc_driver/scan_results
SUMMARY: 4 item types saved to /mnt/data1/nix/vendor/rust/cargo2nix/submodules/rust/compiler/rustc_driver/scan_results/link-cplusplus_summary.json
SUMMARY_DIR: /mnt/data1/nix/vendor/rust/cargo2nix/submodules/rust/compiler/rustc_driver/scan_results
SUMMARY: 28 item types saved to /mnt/data1/nix/vendor/rust/cargo2nix/submodules/rust/compiler/rustc_driver/scan_results/rustversion_summary.json
WITNESS_SYMBOL: {"symbol":"simple_scanner_end","from":"main","file":"simple_scanner.rs","line":126}
WITNESS_SYMBOL: {"symbol":"simple_scanner_start","from":"main","file":"simple_scanner.rs","line":120}
   Compiling libgit2-sys v0.18.2+1.9.1
     Running `/home/mdupont/nix/vendor/rust/cargo2nix/submodules/rust/compiler/rustc_driver/simple_scanner --crate-name build_script_build --edition=2018 /home/mdupont/.cargo/registry/src/index.crates.io-1949cf8c6b5b557f/libgit2-sys-0.18.2+1.9.1/build.rs --error-format=json --json=diagnostic-rendered-ansi,artifacts,future-incompat --crate-type bin --emit=dep-info,link -C embed-bitcode=no --cfg 'feature="https"' --cfg 'feature="openssl-sys"' --check-cfg 'cfg(docsrs,test)' --check-cfg 'cfg(feature, values("https", "libssh2-sys", "openssl-sys", "ssh", "vendored", "vendored-openssl", "zlib-ng-compat"))' -C metadata=64507481451e6e6e -C extra-filename=-52c9cd0de3c343a1 --out-dir /mnt/data1/nix/vendor/rust/cargo2nix/submodules/rust/target/debug/build/libgit2-sys-52c9cd0de3c343a1 -L dependency=/mnt/data1/nix/vendor/rust/cargo2nix/submodules/rust/target/debug/deps --extern cc=/mnt/data1/nix/vendor/rust/cargo2nix/submodules/rust/target/debug/deps/libcc-436b02cffdc96910.rlib --extern pkg_config=/mnt/data1/nix/vendor/rust/cargo2nix/submodules/rust/target/debug/deps/libpkg_config-ed8e80cc20ac34e0.rlib --cap-lints allow`
SCAN_DIR: /mnt/data1/nix/vendor/rust/cargo2nix/submodules/rust/compiler/rustc_driver/scan_results
SAVED: 18 items to /mnt/data1/nix/vendor/rust/cargo2nix/submodules/rust/compiler/rustc_driver/scan_results/ruzstd.json
WITNESS_SYMBOL: {"symbol":"simple_scanner_end","from":"main","file":"simple_scanner.rs","line":126}
WITNESS_SYMBOL: {"symbol":"simple_scanner_start","from":"main","file":"simple_scanner.rs","line":120}
WITNESS_SYMBOL: {"symbol":"simple_scanner_end","from":"main","file":"simple_scanner.rs","line":126}
   Compiling num-integer v0.1.46
     Running `/home/mdupont/nix/vendor/rust/cargo2nix/submodules/rust/compiler/rustc_driver/simple_scanner --crate-name num_integer --edition=2018 /home/mdupont/.cargo/registry/src/index.crates.io-1949cf8c6b5b557f/num-integer-0.1.46/src/lib.rs --error-format=json --json=diagnostic-rendered-ansi,artifacts,future-incompat --crate-type lib --emit=dep-info,metadata,link -C embed-bitcode=no -C debuginfo=2 --cfg 'feature="i128"' --cfg 'feature="std"' --check-cfg 'cfg(docsrs,test)' --check-cfg 'cfg(feature, values("default", "i128", "std"))' -C metadata=c3c8e58684152f79 -C extra-filename=-2c772279569235ed --out-dir /mnt/data1/nix/vendor/rust/cargo2nix/submodules/rust/target/debug/deps -L dependency=/mnt/data1/nix/vendor/rust/cargo2nix/submodules/rust/target/debug/deps --extern num_traits=/mnt/data1/nix/vendor/rust/cargo2nix/submodules/rust/target/debug/deps/libnum_traits-e6d0bd78a2aa48f9.rmeta --cap-lints allow`
     Running `/home/mdupont/nix/vendor/rust/cargo2nix/submodules/rust/compiler/rustc_driver/simple_scanner --crate-name cc --edition=2018 /home/mdupont/.cargo/registry/src/index.crates.io-1949cf8c6b5b557f/cc-1.2.16/src/lib.rs --error-format=json --json=diagnostic-rendered-ansi,artifacts,future-incompat --crate-type lib --emit=dep-info,metadata,link -C embed-bitcode=no -C debuginfo=2 --check-cfg 'cfg(docsrs,test)' --check-cfg 'cfg(feature, values("jobserver", "parallel"))' -C metadata=2493477130202576 -C extra-filename=-de6de8aacae39e0a --out-dir /mnt/data1/nix/vendor/rust/cargo2nix/submodules/rust/target/debug/deps -L dependency=/mnt/data1/nix/vendor/rust/cargo2nix/submodules/rust/target/debug/deps --extern shlex=/mnt/data1/nix/vendor/rust/cargo2nix/submodules/rust/target/debug/deps/libshlex-2e877497c34528f0.rmeta --cap-lints allow`
SCAN_DIR: /mnt/data1/nix/vendor/rust/cargo2nix/submodules/rust/compiler/rustc_driver/scan_results
SAVED: 9 items to /mnt/data1/nix/vendor/rust/cargo2nix/submodules/rust/compiler/rustc_driver/scan_results/libgit2-sys.json
SUMMARY_DIR: /mnt/data1/nix/vendor/rust/cargo2nix/submodules/rust/compiler/rustc_driver/scan_results
SUMMARY: 26 item types saved to /mnt/data1/nix/vendor/rust/cargo2nix/submodules/rust/compiler/rustc_driver/scan_results/regex-automata_summary.json
WITNESS_SYMBOL: {"symbol":"simple_scanner_start","from":"main","file":"simple_scanner.rs","line":120}
SUMMARY_DIR: /mnt/data1/nix/vendor/rust/cargo2nix/submodules/rust/compiler/rustc_driver/scan_results
SUMMARY: 18 item types saved to /mnt/data1/nix/vendor/rust/cargo2nix/submodules/rust/compiler/rustc_driver/scan_results/nu-ansi-term_summary.json
WITNESS_SYMBOL: {"symbol":"simple_scanner_start","from":"main","file":"simple_scanner.rs","line":120}
SCAN_DIR: /mnt/data1/nix/vendor/rust/cargo2nix/submodules/rust/compiler/rustc_driver/scan_results
SUMMARY_DIR: /mnt/data1/nix/vendor/rust/cargo2nix/submodules/rust/compiler/rustc_driver/scan_results
SUMMARY: 32 item types saved to /mnt/data1/nix/vendor/rust/cargo2nix/submodules/rust/compiler/rustc_driver/scan_results/wasmparser_summary.json
SUMMARY_DIR: /mnt/data1/nix/vendor/rust/cargo2nix/submodules/rust/compiler/rustc_driver/scan_results
SUMMARY: 9 item types saved to /mnt/data1/nix/vendor/rust/cargo2nix/submodules/rust/compiler/rustc_driver/scan_results/libgit2-sys_summary.json
WITNESS_SYMBOL: {"symbol":"simple_scanner_end","from":"main","file":"simple_scanner.rs","line":126}
SAVED: 43 items to /mnt/data1/nix/vendor/rust/cargo2nix/submodules/rust/compiler/rustc_driver/scan_results/num-integer.json
SCAN_DIR: /mnt/data1/nix/vendor/rust/cargo2nix/submodules/rust/compiler/rustc_driver/scan_results
   Compiling scratch v1.0.9
     Running `/home/mdupont/nix/vendor/rust/cargo2nix/submodules/rust/compiler/rustc_driver/simple_scanner --crate-name build_script_build --edition=2015 /home/mdupont/.cargo/registry/src/index.crates.io-1949cf8c6b5b557f/scratch-1.0.9/build.rs --error-format=json --json=diagnostic-rendered-ansi,artifacts,future-incompat --crate-type bin --emit=dep-info,link -C embed-bitcode=no --check-cfg 'cfg(docsrs,test)' --check-cfg 'cfg(feature, values())' -C metadata=2a9f633468b0b21d -C extra-filename=-3db318bd75109b2c --out-dir /mnt/data1/nix/vendor/rust/cargo2nix/submodules/rust/target/debug/build/scratch-3db318bd75109b2c -L dependency=/mnt/data1/nix/vendor/rust/cargo2nix/submodules/rust/target/debug/deps --cap-lints allow`
SAVED: 52 items to /mnt/data1/nix/vendor/rust/cargo2nix/submodules/rust/compiler/rustc_driver/scan_results/cc.json
WITNESS_SYMBOL: {"symbol":"simple_scanner_start","from":"main","file":"simple_scanner.rs","line":120}
SCAN_DIR: /mnt/data1/nix/vendor/rust/cargo2nix/submodules/rust/compiler/rustc_driver/scan_results
SAVED: 2 items to /mnt/data1/nix/vendor/rust/cargo2nix/submodules/rust/compiler/rustc_driver/scan_results/scratch.json
SUMMARY_DIR: /mnt/data1/nix/vendor/rust/cargo2nix/submodules/rust/compiler/rustc_driver/scan_results
SUMMARY: 2 item types saved to /mnt/data1/nix/vendor/rust/cargo2nix/submodules/rust/compiler/rustc_driver/scan_results/scratch_summary.json
SUMMARY_DIR: /mnt/data1/nix/vendor/rust/cargo2nix/submodules/rust/compiler/rustc_driver/scan_results
SUMMARY: 20 item types saved to /mnt/data1/nix/vendor/rust/cargo2nix/submodules/rust/compiler/rustc_driver/scan_results/clap_builder_summary.json
WITNESS_SYMBOL: {"symbol":"simple_scanner_end","from":"main","file":"simple_scanner.rs","line":126}
   Compiling matchers v0.1.0
     Running `/home/mdupont/nix/vendor/rust/cargo2nix/submodules/rust/compiler/rustc_driver/simple_scanner --crate-name matchers --edition=2018 /home/mdupont/.cargo/registry/src/index.crates.io-1949cf8c6b5b557f/matchers-0.1.0/src/lib.rs --error-format=json --json=diagnostic-rendered-ansi,artifacts,future-incompat --crate-type lib --emit=dep-info,metadata,link -C embed-bitcode=no -C debuginfo=2 --check-cfg 'cfg(docsrs,test)' --check-cfg 'cfg(feature, values())' -C metadata=6a7002121c1170e9 -C extra-filename=-f9b65048c6654a27 --out-dir /mnt/data1/nix/vendor/rust/cargo2nix/submodules/rust/target/debug/deps -L dependency=/mnt/data1/nix/vendor/rust/cargo2nix/submodules/rust/target/debug/deps --extern regex_automata=/mnt/data1/nix/vendor/rust/cargo2nix/submodules/rust/target/debug/deps/libregex_automata-1a2ddf4052b59b16.rmeta --cap-lints allow`
WITNESS_SYMBOL: {"symbol":"simple_scanner_end","from":"main","file":"simple_scanner.rs","line":126}
WITNESS_SYMBOL: {"symbol":"simple_scanner_start","from":"main","file":"simple_scanner.rs","line":120}
SUMMARY_DIR: /mnt/data1/nix/vendor/rust/cargo2nix/submodules/rust/compiler/rustc_driver/scan_results
SUMMARY: 84 item types saved to /mnt/data1/nix/vendor/rust/cargo2nix/submodules/rust/compiler/rustc_driver/scan_results/blake3_summary.json
   Compiling similar v2.7.0
     Running `/home/mdupont/nix/vendor/rust/cargo2nix/submodules/rust/compiler/rustc_driver/simple_scanner --crate-name similar --edition=2018 /home/mdupont/.cargo/registry/src/index.crates.io-1949cf8c6b5b557f/similar-2.7.0/src/lib.rs --error-format=json --json=diagnostic-rendered-ansi,artifacts,future-incompat --crate-type lib --emit=dep-info,metadata,link -C embed-bitcode=no -C debuginfo=2 --cfg 'feature="default"' --cfg 'feature="text"' --check-cfg 'cfg(docsrs,test)' --check-cfg 'cfg(feature, values("bstr", "bytes", "default", "inline", "serde", "text", "unicode", "unicode-segmentation", "wasm32_web_time", "web-time"))' -C metadata=56052c4094d4122d -C extra-filename=-118d35423ce4879a --out-dir /mnt/data1/nix/vendor/rust/cargo2nix/submodules/rust/target/debug/deps -L dependency=/mnt/data1/nix/vendor/rust/cargo2nix/submodules/rust/target/debug/deps --cap-lints allow`
SCAN_DIR: /mnt/data1/nix/vendor/rust/cargo2nix/submodules/rust/compiler/rustc_driver/scan_results
SAVED: 18 items to /mnt/data1/nix/vendor/rust/cargo2nix/submodules/rust/compiler/rustc_driver/scan_results/matchers.json
WITNESS_SYMBOL: {"symbol":"simple_scanner_end","from":"main","file":"simple_scanner.rs","line":126}
WITNESS_SYMBOL: {"symbol":"simple_scanner_start","from":"main","file":"simple_scanner.rs","line":120}
   Compiling ucd-trie v0.1.7
     Running `/home/mdupont/nix/vendor/rust/cargo2nix/submodules/rust/compiler/rustc_driver/simple_scanner --crate-name ucd_trie --edition=2021 /home/mdupont/.cargo/registry/src/index.crates.io-1949cf8c6b5b557f/ucd-trie-0.1.7/src/lib.rs --error-format=json --json=diagnostic-rendered-ansi,artifacts,future-incompat --crate-type lib --emit=dep-info,metadata,link -C embed-bitcode=no -C debuginfo=2 --cfg 'feature="std"' --check-cfg 'cfg(docsrs,test)' --check-cfg 'cfg(feature, values("default", "std"))' -C metadata=cb13420c7c815d1e -C extra-filename=-116485442f09def2 --out-dir /mnt/data1/nix/vendor/rust/cargo2nix/submodules/rust/target/debug/deps -L dependency=/mnt/data1/nix/vendor/rust/cargo2nix/submodules/rust/target/debug/deps --cap-lints allow`
SCAN_DIR: /mnt/data1/nix/vendor/rust/cargo2nix/submodules/rust/compiler/rustc_driver/scan_results
SAVED: 12 items to /mnt/data1/nix/vendor/rust/cargo2nix/submodules/rust/compiler/rustc_driver/scan_results/similar.json
SUMMARY_DIR: /mnt/data1/nix/vendor/rust/cargo2nix/submodules/rust/compiler/rustc_driver/scan_results
WITNESS_SYMBOL: {"symbol":"simple_scanner_start","from":"main","file":"simple_scanner.rs","line":120}
SUMMARY: 18 item types saved to /mnt/data1/nix/vendor/rust/cargo2nix/submodules/rust/compiler/rustc_driver/scan_results/matchers_summary.json
WITNESS_SYMBOL: {"symbol":"simple_scanner_end","from":"main","file":"simple_scanner.rs","line":126}
SUMMARY_DIR: /mnt/data1/nix/vendor/rust/cargo2nix/submodules/rust/compiler/rustc_driver/scan_results
SUMMARY: 43 item types saved to /mnt/data1/nix/vendor/rust/cargo2nix/submodules/rust/compiler/rustc_driver/scan_results/num-integer_summary.json
   Compiling unicase v2.8.1
     Running `/home/mdupont/nix/vendor/rust/cargo2nix/submodules/rust/compiler/rustc_driver/simple_scanner --crate-name unicase --edition=2018 /home/mdupont/.cargo/registry/src/index.crates.io-1949cf8c6b5b557f/unicase-2.8.1/src/lib.rs --error-format=json --json=diagnostic-rendered-ansi,artifacts,future-incompat --crate-type lib --emit=dep-info,metadata,link -C embed-bitcode=no -C debuginfo=2 --check-cfg 'cfg(docsrs,test)' --check-cfg 'cfg(feature, values("nightly"))' -C metadata=3fcb7b4a011eda14 -C extra-filename=-b337a31a6bdf2eb7 --out-dir /mnt/data1/nix/vendor/rust/cargo2nix/submodules/rust/target/debug/deps -L dependency=/mnt/data1/nix/vendor/rust/cargo2nix/submodules/rust/target/debug/deps --cap-lints allow`
SCAN_DIR: /mnt/data1/nix/vendor/rust/cargo2nix/submodules/rust/compiler/rustc_driver/scan_results
SAVED: 9 items to /mnt/data1/nix/vendor/rust/cargo2nix/submodules/rust/compiler/rustc_driver/scan_results/ucd-trie.json
WITNESS_SYMBOL: {"symbol":"simple_scanner_end","from":"main","file":"simple_scanner.rs","line":126}
   Compiling rustfmt-nightly v1.8.0 (/mnt/data1/nix/vendor/rust/cargo2nix/submodules/rust/src/tools/rustfmt)
     Running `/home/mdupont/nix/vendor/rust/cargo2nix/submodules/rust/compiler/rustc_driver/simple_scanner --crate-name build_script_build --edition=2021 src/tools/rustfmt/build.rs --error-format=json --json=diagnostic-rendered-ansi,artifacts,future-incompat --crate-type bin --emit=dep-info,link -C embed-bitcode=no --cfg 'feature="cargo-fmt"' --cfg 'feature="default"' --cfg 'feature="rustfmt-format-diff"' --check-cfg 'cfg(docsrs,test)' --check-cfg 'cfg(feature, values("cargo-fmt", "default", "generic-simd", "rustfmt-format-diff"))' -C metadata=66c90e38e9567cd4 -C extra-filename=-229e8785f97e0b1b --out-dir /mnt/data1/nix/vendor/rust/cargo2nix/submodules/rust/target/debug/build/rustfmt-nightly-229e8785f97e0b1b -C incremental=/mnt/data1/nix/vendor/rust/cargo2nix/submodules/rust/target/debug/incremental -L dependency=/mnt/data1/nix/vendor/rust/cargo2nix/submodules/rust/target/debug/deps`
WITNESS_SYMBOL: {"symbol":"simple_scanner_start","from":"main","file":"simple_scanner.rs","line":120}
SCAN_DIR: /mnt/data1/nix/vendor/rust/cargo2nix/submodules/rust/compiler/rustc_driver/scan_results
SAVED: 46 items to /mnt/data1/nix/vendor/rust/cargo2nix/submodules/rust/compiler/rustc_driver/scan_results/unicase.json
WITNESS_SYMBOL: {"symbol":"simple_scanner_start","from":"main","file":"simple_scanner.rs","line":120}
SUMMARY_DIR: /mnt/data1/nix/vendor/rust/cargo2nix/submodules/rust/compiler/rustc_driver/scan_results
SUMMARY: 9 item types saved to /mnt/data1/nix/vendor/rust/cargo2nix/submodules/rust/compiler/rustc_driver/scan_results/ucd-trie_summary.json
SCAN_DIR: /mnt/data1/nix/vendor/rust/cargo2nix/submodules/rust/compiler/rustc_driver/scan_results
SAVED: 10 items to /mnt/data1/nix/vendor/rust/cargo2nix/submodules/rust/compiler/rustc_driver/scan_results/rustfmt-nightly.json
SUMMARY_DIR: /mnt/data1/nix/vendor/rust/cargo2nix/submodules/rust/compiler/rustc_driver/scan_results
SUMMARY: 26 item types saved to /mnt/data1/nix/vendor/rust/cargo2nix/submodules/rust/compiler/rustc_driver/scan_results/hashbrown_summary.json
SUMMARY_DIR: /mnt/data1/nix/vendor/rust/cargo2nix/submodules/rust/compiler/rustc_driver/scan_results
SUMMARY: 10 item types saved to /mnt/data1/nix/vendor/rust/cargo2nix/submodules/rust/compiler/rustc_driver/scan_results/rustfmt-nightly_summary.json
WITNESS_SYMBOL: {"symbol":"simple_scanner_end","from":"main","file":"simple_scanner.rs","line":126}
   Compiling indexmap v2.10.0
     Running `/home/mdupont/nix/vendor/rust/cargo2nix/submodules/rust/compiler/rustc_driver/simple_scanner --crate-name indexmap --edition=2021 /home/mdupont/.cargo/registry/src/index.crates.io-1949cf8c6b5b557f/indexmap-2.10.0/src/lib.rs --error-format=json --json=diagnostic-rendered-ansi,artifacts,future-incompat --crate-type lib --emit=dep-info,metadata,link -C embed-bitcode=no '--allow=clippy::style' --cfg 'feature="default"' --cfg 'feature="std"' --check-cfg 'cfg(docsrs,test)' --check-cfg 'cfg(feature, values("arbitrary", "borsh", "default", "quickcheck", "rayon", "serde", "std", "test_debug"))' -C metadata=6a4a5ed78b9cd05d -C extra-filename=-57bd03bd03f4bba0 --out-dir /mnt/data1/nix/vendor/rust/cargo2nix/submodules/rust/target/debug/deps -L dependency=/mnt/data1/nix/vendor/rust/cargo2nix/submodules/rust/target/debug/deps --extern equivalent=/mnt/data1/nix/vendor/rust/cargo2nix/submodules/rust/target/debug/deps/libequivalent-d30581aad3ba9acf.rmeta --extern hashbrown=/mnt/data1/nix/vendor/rust/cargo2nix/submodules/rust/target/debug/deps/libhashbrown-b55fb48519b1d723.rmeta --cap-lints allow`
SUMMARY_DIR: /mnt/data1/nix/vendor/rust/cargo2nix/submodules/rust/compiler/rustc_driver/scan_results
SUMMARY: 46 item types saved to /mnt/data1/nix/vendor/rust/cargo2nix/submodules/rust/compiler/rustc_driver/scan_results/unicase_summary.json
WITNESS_SYMBOL: {"symbol":"simple_scanner_start","from":"main","file":"simple_scanner.rs","line":120}
WITNESS_SYMBOL: {"symbol":"simple_scanner_end","from":"main","file":"simple_scanner.rs","line":126}
WITNESS_SYMBOL: {"symbol":"simple_scanner_end","from":"main","file":"simple_scanner.rs","line":126}
SCAN_DIR: /mnt/data1/nix/vendor/rust/cargo2nix/submodules/rust/compiler/rustc_driver/scan_results
SAVED: 26 items to /mnt/data1/nix/vendor/rust/cargo2nix/submodules/rust/compiler/rustc_driver/scan_results/indexmap.json
   Compiling openssl-probe v0.1.6
     Running `/home/mdupont/nix/vendor/rust/cargo2nix/submodules/rust/compiler/rustc_driver/simple_scanner --crate-name openssl_probe --edition=2021 /home/mdupont/.cargo/registry/src/index.crates.io-1949cf8c6b5b557f/openssl-probe-0.1.6/src/lib.rs --error-format=json --json=diagnostic-rendered-ansi,artifacts,future-incompat --crate-type lib --emit=dep-info,metadata,link -C embed-bitcode=no -C debuginfo=2 --check-cfg 'cfg(docsrs,test)' --check-cfg 'cfg(feature, values())' -C metadata=d6cf2ee6f0e37f70 -C extra-filename=-6a2469192cf20e94 --out-dir /mnt/data1/nix/vendor/rust/cargo2nix/submodules/rust/target/debug/deps -L dependency=/mnt/data1/nix/vendor/rust/cargo2nix/submodules/rust/target/debug/deps --cap-lints allow`
WITNESS_SYMBOL: {"symbol":"simple_scanner_end","from":"main","file":"simple_scanner.rs","line":126}
   Compiling yansi-term v0.1.2
     Running `/home/mdupont/nix/vendor/rust/cargo2nix/submodules/rust/compiler/rustc_driver/simple_scanner --crate-name yansi_term --edition=2018 /home/mdupont/.cargo/registry/src/index.crates.io-1949cf8c6b5b557f/yansi-term-0.1.2/src/lib.rs --error-format=json --json=diagnostic-rendered-ansi,artifacts,future-incompat --crate-type lib --emit=dep-info,metadata,link -C embed-bitcode=no -C debuginfo=2 --check-cfg 'cfg(docsrs,test)' --check-cfg 'cfg(feature, values("derive_serde_style", "serde"))' -C metadata=f355af7dc2bc52c6 -C extra-filename=-a9273589f6d34a06 --out-dir /mnt/data1/nix/vendor/rust/cargo2nix/submodules/rust/target/debug/deps -L dependency=/mnt/data1/nix/vendor/rust/cargo2nix/submodules/rust/target/debug/deps --cap-lints allow`
WITNESS_SYMBOL: {"symbol":"simple_scanner_end","from":"main","file":"simple_scanner.rs","line":126}
   Compiling new_debug_unreachable v1.0.6
     Running `/home/mdupont/nix/vendor/rust/cargo2nix/submodules/rust/compiler/rustc_driver/simple_scanner --crate-name debug_unreachable --edition=2021 /home/mdupont/.cargo/registry/src/index.crates.io-1949cf8c6b5b557f/new_debug_unreachable-1.0.6/src/lib.rs --error-format=json --json=diagnostic-rendered-ansi,artifacts,future-incompat --crate-type lib --emit=dep-info,metadata,link -C embed-bitcode=no -C debuginfo=2 --check-cfg 'cfg(docsrs,test)' --check-cfg 'cfg(feature, values())' -C metadata=c55678c077f084d2 -C extra-filename=-4d31cb5ae9a8b4e9 --out-dir /mnt/data1/nix/vendor/rust/cargo2nix/submodules/rust/target/debug/deps -L dependency=/mnt/data1/nix/vendor/rust/cargo2nix/submodules/rust/target/debug/deps --cap-lints allow`
   Compiling pathdiff v0.2.3
     Running `/home/mdupont/nix/vendor/rust/cargo2nix/submodules/rust/compiler/rustc_driver/simple_scanner --crate-name pathdiff --edition=2018 /home/mdupont/.cargo/registry/src/index.crates.io-1949cf8c6b5b557f/pathdiff-0.2.3/src/lib.rs --error-format=json --json=diagnostic-rendered-ansi,artifacts,future-incompat --crate-type lib --emit=dep-info,metadata,link -C embed-bitcode=no -C debuginfo=2 --check-cfg 'cfg(docsrs,test)' --check-cfg 'cfg(feature, values("camino"))' -C metadata=55a6f41cc4a93bf3 -C extra-filename=-c35ea2f57770eba5 --out-dir /mnt/data1/nix/vendor/rust/cargo2nix/submodules/rust/target/debug/deps -L dependency=/mnt/data1/nix/vendor/rust/cargo2nix/submodules/rust/target/debug/deps --cap-lints allow`
WITNESS_SYMBOL: {"symbol":"simple_scanner_start","from":"main","file":"simple_scanner.rs","line":120}
WITNESS_SYMBOL: {"symbol":"simple_scanner_start","from":"main","file":"simple_scanner.rs","line":120}
SCAN_DIR: /mnt/data1/nix/vendor/rust/cargo2nix/submodules/rust/compiler/rustc_driver/scan_results
SAVED: 14 items to /mnt/data1/nix/vendor/rust/cargo2nix/submodules/rust/compiler/rustc_driver/scan_results/openssl-probe.json
WITNESS_SYMBOL: {"symbol":"simple_scanner_start","from":"main","file":"simple_scanner.rs","line":120}
WITNESS_SYMBOL: {"symbol":"simple_scanner_start","from":"main","file":"simple_scanner.rs","line":120}
SCAN_DIR: /mnt/data1/nix/vendor/rust/cargo2nix/submodules/rust/compiler/rustc_driver/scan_results
SAVED: 10 items to /mnt/data1/nix/vendor/rust/cargo2nix/submodules/rust/compiler/rustc_driver/scan_results/yansi-term.json
SUMMARY_DIR: /mnt/data1/nix/vendor/rust/cargo2nix/submodules/rust/compiler/rustc_driver/scan_results
SUMMARY: 18 item types saved to /mnt/data1/nix/vendor/rust/cargo2nix/submodules/rust/compiler/rustc_driver/scan_results/ruzstd_summary.json
WITNESS_SYMBOL: {"symbol":"simple_scanner_end","from":"main","file":"simple_scanner.rs","line":126}
SCAN_DIR: /mnt/data1/nix/vendor/rust/cargo2nix/submodules/rust/compiler/rustc_driver/scan_results
SAVED: 2 items to /mnt/data1/nix/vendor/rust/cargo2nix/submodules/rust/compiler/rustc_driver/scan_results/new_debug_unreachable.json
SUMMARY_DIR: /mnt/data1/nix/vendor/rust/cargo2nix/submodules/rust/compiler/rustc_driver/scan_results
SUMMARY: 2 item types saved to /mnt/data1/nix/vendor/rust/cargo2nix/submodules/rust/compiler/rustc_driver/scan_results/new_debug_unreachable_summary.json
     Running `/mnt/data1/nix/vendor/rust/cargo2nix/submodules/rust/target/debug/build/libgit2-sys-52c9cd0de3c343a1/build-script-build`
SCAN_DIR: /mnt/data1/nix/vendor/rust/cargo2nix/submodules/rust/compiler/rustc_driver/scan_results
SUMMARY_DIR: /mnt/data1/nix/vendor/rust/cargo2nix/submodules/rust/compiler/rustc_driver/scan_results
SAVED: 5 items to /mnt/data1/nix/vendor/rust/cargo2nix/submodules/rust/compiler/rustc_driver/scan_results/pathdiff.json
SUMMARY_DIR: /mnt/data1/nix/vendor/rust/cargo2nix/submodules/rust/compiler/rustc_driver/scan_results
SUMMARY: 79 item types saved to /mnt/data1/nix/vendor/rust/cargo2nix/submodules/rust/compiler/rustc_driver/scan_results/syn_summary.json
SUMMARY: 14 item types saved to /mnt/data1/nix/vendor/rust/cargo2nix/submodules/rust/compiler/rustc_driver/scan_results/openssl-probe_summary.json
WITNESS_SYMBOL: {"symbol":"simple_scanner_end","from":"main","file":"simple_scanner.rs","line":126}
     Running `/home/mdupont/nix/vendor/rust/cargo2nix/submodules/rust/compiler/rustc_driver/simple_scanner --crate-name pulldown_cmark --edition=2021 /home/mdupont/.cargo/registry/src/index.crates.io-1949cf8c6b5b557f/pulldown-cmark-0.11.3/src/lib.rs --error-format=json --json=diagnostic-rendered-ansi,artifacts,future-incompat --crate-type lib --emit=dep-info,metadata,link -C embed-bitcode=no -C debuginfo=2 --warn=unexpected_cfgs --cfg 'feature="html"' --cfg 'feature="pulldown-cmark-escape"' --check-cfg 'cfg(docsrs,test)' --check-cfg 'cfg(feature, values("default", "gen-tests", "getopts", "html", "pulldown-cmark-escape", "serde", "simd"))' -C metadata=afbef90a6aa8c231 -C extra-filename=-f9aadff7e72077a0 --out-dir /mnt/data1/nix/vendor/rust/cargo2nix/submodules/rust/target/debug/deps -L dependency=/mnt/data1/nix/vendor/rust/cargo2nix/submodules/rust/target/debug/deps --extern bitflags=/mnt/data1/nix/vendor/rust/cargo2nix/submodules/rust/target/debug/deps/libbitflags-94e1844d12d7ed7e.rmeta --extern memchr=/mnt/data1/nix/vendor/rust/cargo2nix/submodules/rust/target/debug/deps/libmemchr-31b9c6cef7758eb1.rmeta --extern pulldown_cmark_escape=/mnt/data1/nix/vendor/rust/cargo2nix/submodules/rust/target/debug/deps/libpulldown_cmark_escape-413d347fe2ac4afb.rmeta --extern unicase=/mnt/data1/nix/vendor/rust/cargo2nix/submodules/rust/target/debug/deps/libunicase-b337a31a6bdf2eb7.rmeta --cap-lints allow`
SUMMARY_DIR: /mnt/data1/nix/vendor/rust/cargo2nix/submodules/rust/compiler/rustc_driver/scan_results
SUMMARY: 5 item types saved to /mnt/data1/nix/vendor/rust/cargo2nix/submodules/rust/compiler/rustc_driver/scan_results/pathdiff_summary.json
     Running `/mnt/data1/nix/vendor/rust/cargo2nix/submodules/rust/target/debug/build/scratch-3db318bd75109b2c/build-script-build`
     Running `/mnt/data1/nix/vendor/rust/cargo2nix/submodules/rust/target/debug/build/link-cplusplus-0f2bb034c287d974/build-script-build`
WITNESS_SYMBOL: {"symbol":"simple_scanner_end","from":"main","file":"simple_scanner.rs","line":126}
WITNESS_SYMBOL: {"symbol":"simple_scanner_end","from":"main","file":"simple_scanner.rs","line":126}
WITNESS_SYMBOL: {"symbol":"simple_scanner_start","from":"main","file":"simple_scanner.rs","line":120}
   Compiling string_cache_codegen v0.5.4
     Running `/home/mdupont/nix/vendor/rust/cargo2nix/submodules/rust/compiler/rustc_driver/simple_scanner --crate-name string_cache_codegen --edition=2018 /home/mdupont/.cargo/registry/src/index.crates.io-1949cf8c6b5b557f/string_cache_codegen-0.5.4/lib.rs --error-format=json --json=diagnostic-rendered-ansi,artifacts,future-incompat --crate-type lib --emit=dep-info,metadata,link -C embed-bitcode=no --check-cfg 'cfg(docsrs,test)' --check-cfg 'cfg(feature, values())' -C metadata=edc9d399044ba3ed -C extra-filename=-e375ca45219bcc55 --out-dir /mnt/data1/nix/vendor/rust/cargo2nix/submodules/rust/target/debug/deps -L dependency=/mnt/data1/nix/vendor/rust/cargo2nix/submodules/rust/target/debug/deps --extern phf_generator=/mnt/data1/nix/vendor/rust/cargo2nix/submodules/rust/target/debug/deps/libphf_generator-5cd37071829eb45d.rmeta --extern phf_shared=/mnt/data1/nix/vendor/rust/cargo2nix/submodules/rust/target/debug/deps/libphf_shared-b99c3778e6d26b58.rmeta --extern proc_macro2=/mnt/data1/nix/vendor/rust/cargo2nix/submodules/rust/target/debug/deps/libproc_macro2-a22d745afa92dadf.rmeta --extern quote=/mnt/data1/nix/vendor/rust/cargo2nix/submodules/rust/target/debug/deps/libquote-cc45a71580a33fbb.rmeta --cap-lints allow`
   Compiling phf_codegen v0.11.3
     Running `/home/mdupont/nix/vendor/rust/cargo2nix/submodules/rust/compiler/rustc_driver/simple_scanner --crate-name phf_codegen --edition=2021 /home/mdupont/.cargo/registry/src/index.crates.io-1949cf8c6b5b557f/phf_codegen-0.11.3/src/lib.rs --error-format=json --json=diagnostic-rendered-ansi,artifacts,future-incompat --crate-type lib --emit=dep-info,metadata,link -C embed-bitcode=no --check-cfg 'cfg(docsrs,test)' --check-cfg 'cfg(feature, values())' -C metadata=3c090cbe0272e90c -C extra-filename=-9cfc5266d033463d --out-dir /mnt/data1/nix/vendor/rust/cargo2nix/submodules/rust/target/debug/deps -L dependency=/mnt/data1/nix/vendor/rust/cargo2nix/submodules/rust/target/debug/deps --extern phf_generator=/mnt/data1/nix/vendor/rust/cargo2nix/submodules/rust/target/debug/deps/libphf_generator-5cd37071829eb45d.rmeta --extern phf_shared=/mnt/data1/nix/vendor/rust/cargo2nix/submodules/rust/target/debug/deps/libphf_shared-b99c3778e6d26b58.rmeta --cap-lints allow`
SUMMARY_DIR: /mnt/data1/nix/vendor/rust/cargo2nix/submodules/rust/compiler/rustc_driver/scan_results
SUMMARY: 10 item types saved to /mnt/data1/nix/vendor/rust/cargo2nix/submodules/rust/compiler/rustc_driver/scan_results/yansi-term_summary.json
SCAN_DIR: /mnt/data1/nix/vendor/rust/cargo2nix/submodules/rust/compiler/rustc_driver/scan_results
SAVED: 34 items to /mnt/data1/nix/vendor/rust/cargo2nix/submodules/rust/compiler/rustc_driver/scan_results/pulldown-cmark.json
WITNESS_SYMBOL: {"symbol":"simple_scanner_start","from":"main","file":"simple_scanner.rs","line":120}
WITNESS_SYMBOL: {"symbol":"simple_scanner_start","from":"main","file":"simple_scanner.rs","line":120}
WITNESS_SYMBOL: {"symbol":"simple_scanner_end","from":"main","file":"simple_scanner.rs","line":126}
SCAN_DIR: /mnt/data1/nix/vendor/rust/cargo2nix/submodules/rust/compiler/rustc_driver/scan_results
SAVED: 8 items to /mnt/data1/nix/vendor/rust/cargo2nix/submodules/rust/compiler/rustc_driver/scan_results/string_cache_codegen.json
   Compiling annotate-snippets v0.9.2
     Running `/home/mdupont/nix/vendor/rust/cargo2nix/submodules/rust/compiler/rustc_driver/simple_scanner --crate-name annotate_snippets --edition=2018 /home/mdupont/.cargo/registry/src/index.crates.io-1949cf8c6b5b557f/annotate-snippets-0.9.2/src/lib.rs --error-format=json --json=diagnostic-rendered-ansi,artifacts,future-incompat --crate-type lib --emit=dep-info,metadata,link -C embed-bitcode=no -C debuginfo=2 --cfg 'feature="color"' --cfg 'feature="default"' --cfg 'feature="yansi-term"' --check-cfg 'cfg(docsrs,test)' --check-cfg 'cfg(feature, values("color", "default", "yansi-term"))' -C metadata=92fbea89120799fe -C extra-filename=-9be6277b3f0e32c1 --out-dir /mnt/data1/nix/vendor/rust/cargo2nix/submodules/rust/target/debug/deps -L dependency=/mnt/data1/nix/vendor/rust/cargo2nix/submodules/rust/target/debug/deps --extern unicode_width=/mnt/data1/nix/vendor/rust/cargo2nix/submodules/rust/target/debug/deps/libunicode_width-4c7a73551c4704b9.rmeta --extern yansi_term=/mnt/data1/nix/vendor/rust/cargo2nix/submodules/rust/target/debug/deps/libyansi_term-a9273589f6d34a06.rmeta --cap-lints allow`
WITNESS_SYMBOL: {"symbol":"simple_scanner_end","from":"main","file":"simple_scanner.rs","line":126}
SCAN_DIR: /mnt/data1/nix/vendor/rust/cargo2nix/submodules/rust/compiler/rustc_driver/scan_results
SAVED: 23 items to /mnt/data1/nix/vendor/rust/cargo2nix/submodules/rust/compiler/rustc_driver/scan_results/phf_codegen.json
   Compiling term v0.7.0
     Running `/home/mdupont/nix/vendor/rust/cargo2nix/submodules/rust/compiler/rustc_driver/simple_scanner --crate-name term --edition=2018 /home/mdupont/.cargo/registry/src/index.crates.io-1949cf8c6b5b557f/term-0.7.0/src/lib.rs --error-format=json --json=diagnostic-rendered-ansi,artifacts,future-incompat --crate-type lib --emit=dep-info,metadata,link -C embed-bitcode=no -C debuginfo=2 --cfg 'feature="default"' --check-cfg 'cfg(docsrs,test)' --check-cfg 'cfg(feature, values("default"))' -C metadata=146adfbd120c74f3 -C extra-filename=-b673c7c825bad5d9 --out-dir /mnt/data1/nix/vendor/rust/cargo2nix/submodules/rust/target/debug/deps -L dependency=/mnt/data1/nix/vendor/rust/cargo2nix/submodules/rust/target/debug/deps --extern dirs_next=/mnt/data1/nix/vendor/rust/cargo2nix/submodules/rust/target/debug/deps/libdirs_next-e0a44cb0ac30056d.rmeta --cap-lints allow`
WITNESS_SYMBOL: {"symbol":"simple_scanner_start","from":"main","file":"simple_scanner.rs","line":120}
WITNESS_SYMBOL: {"symbol":"simple_scanner_start","from":"main","file":"simple_scanner.rs","line":120}
SCAN_DIR: /mnt/data1/nix/vendor/rust/cargo2nix/submodules/rust/compiler/rustc_driver/scan_results
SAVED: 4 items to /mnt/data1/nix/vendor/rust/cargo2nix/submodules/rust/compiler/rustc_driver/scan_results/annotate-snippets.json
SUMMARY_DIR: /mnt/data1/nix/vendor/rust/cargo2nix/submodules/rust/compiler/rustc_driver/scan_results
SUMMARY: 23 item types saved to /mnt/data1/nix/vendor/rust/cargo2nix/submodules/rust/compiler/rustc_driver/scan_results/phf_codegen_summary.json
SCAN_DIR: /mnt/data1/nix/vendor/rust/cargo2nix/submodules/rust/compiler/rustc_driver/scan_results
SAVED: 24 items to /mnt/data1/nix/vendor/rust/cargo2nix/submodules/rust/compiler/rustc_driver/scan_results/term.json
WITNESS_SYMBOL: {"symbol":"simple_scanner_end","from":"main","file":"simple_scanner.rs","line":126}
     Running `/home/mdupont/nix/vendor/rust/cargo2nix/submodules/rust/compiler/rustc_driver/simple_scanner --crate-name libz_sys --edition=2018 /home/mdupont/.cargo/registry/src/index.crates.io-1949cf8c6b5b557f/libz-sys-1.1.22/src/lib.rs --error-format=json --json=diagnostic-rendered-ansi,artifacts,future-incompat --crate-type lib --emit=dep-info,metadata,link -C embed-bitcode=no -C debuginfo=2 --warn=unexpected_cfgs --check-cfg 'cfg(zng)' --cfg 'feature="libc"' --check-cfg 'cfg(docsrs,test)' --check-cfg 'cfg(feature, values("asm", "cmake", "default", "libc", "static", "stock-zlib", "zlib-ng", "zlib-ng-no-cmake-experimental-community-maintained"))' -C metadata=b115683a8f721437 -C extra-filename=-e79bf5db64372cd0 --out-dir /mnt/data1/nix/vendor/rust/cargo2nix/submodules/rust/target/debug/deps -L dependency=/mnt/data1/nix/vendor/rust/cargo2nix/submodules/rust/target/debug/deps --extern libc=/mnt/data1/nix/vendor/rust/cargo2nix/submodules/rust/target/debug/deps/liblibc-18e57f6ee9f0dceb.rmeta --cap-lints allow -L native=/nix/store/l7xwm1f6f3zj2x8jwdbi8gdyfbx07sh7-zlib-1.3.1/lib -l z -l z`
WITNESS_SYMBOL: {"symbol":"simple_scanner_start","from":"main","file":"simple_scanner.rs","line":120}
SUMMARY_DIR: /mnt/data1/nix/vendor/rust/cargo2nix/submodules/rust/compiler/rustc_driver/scan_results
WITNESS_SYMBOL: {"symbol":"simple_scanner_end","from":"main","file":"simple_scanner.rs","line":126}
SUMMARY: 12 item types saved to /mnt/data1/nix/vendor/rust/cargo2nix/submodules/rust/compiler/rustc_driver/scan_results/regex-automata_summary.json
     Running `/mnt/data1/nix/vendor/rust/cargo2nix/submodules/rust/target/debug/build/rustfmt-nightly-229e8785f97e0b1b/build-script-build`
SCAN_DIR: /mnt/data1/nix/vendor/rust/cargo2nix/submodules/rust/compiler/rustc_driver/scan_results
SAVED: 69 items to /mnt/data1/nix/vendor/rust/cargo2nix/submodules/rust/compiler/rustc_driver/scan_results/libz-sys.json
SUMMARY_DIR: /mnt/data1/nix/vendor/rust/cargo2nix/submodules/rust/compiler/rustc_driver/scan_results
SUMMARY_DIR: /mnt/data1/nix/vendor/rust/cargo2nix/submodules/rust/compiler/rustc_driver/scan_results
SUMMARY: 8 item types saved to /mnt/data1/nix/vendor/rust/cargo2nix/submodules/rust/compiler/rustc_driver/scan_results/string_cache_codegen_summary.json
SUMMARY: 52 item types saved to /mnt/data1/nix/vendor/rust/cargo2nix/submodules/rust/compiler/rustc_driver/scan_results/cc_summary.json
SUMMARY_DIR: /mnt/data1/nix/vendor/rust/cargo2nix/submodules/rust/compiler/rustc_driver/scan_results
SUMMARY: 69 item types saved to /mnt/data1/nix/vendor/rust/cargo2nix/submodules/rust/compiler/rustc_driver/scan_results/libz-sys_summary.json
     Running `/home/mdupont/nix/vendor/rust/cargo2nix/submodules/rust/compiler/rustc_driver/simple_scanner --crate-name openssl_sys --edition=2021 /home/mdupont/.cargo/registry/src/index.crates.io-1949cf8c6b5b557f/openssl-sys-0.9.109/src/lib.rs --error-format=json --json=diagnostic-rendered-ansi,artifacts,future-incompat --crate-type lib --emit=dep-info,metadata,link -C embed-bitcode=no -C debuginfo=2 --check-cfg 'cfg(docsrs,test)' --check-cfg 'cfg(feature, values("aws-lc", "bindgen", "bssl-sys", "openssl-src", "unstable_boringssl", "vendored"))' -C metadata=183fbbdacb346825 -C extra-filename=-e9a3f620159546a3 --out-dir /mnt/data1/nix/vendor/rust/cargo2nix/submodules/rust/target/debug/deps -L dependency=/mnt/data1/nix/vendor/rust/cargo2nix/submodules/rust/target/debug/deps --extern libc=/mnt/data1/nix/vendor/rust/cargo2nix/submodules/rust/target/debug/deps/liblibc-18e57f6ee9f0dceb.rmeta --cap-lints allow -L native=/nix/store/61i74yjkj9p1qphfl7018ja4sdwkipx0-openssl-3.6.0/lib -l ssl -l crypto --cfg 'osslconf="OPENSSL_NO_SSL3_METHOD"' --cfg openssl --cfg ossl340 --cfg ossl330 --cfg ossl320 --cfg ossl300 --cfg ossl101 --cfg ossl102 --cfg ossl102f --cfg ossl102h --cfg ossl110 --cfg ossl110f --cfg ossl110g --cfg ossl110h --cfg ossl111 --cfg ossl111b --cfg ossl111c --cfg ossl111d --check-cfg 'cfg(osslconf, values("OPENSSL_NO_OCB", "OPENSSL_NO_SM4", "OPENSSL_NO_SEED", "OPENSSL_NO_CHACHA", "OPENSSL_NO_CAST", "OPENSSL_NO_IDEA", "OPENSSL_NO_CAMELLIA", "OPENSSL_NO_RC4", "OPENSSL_NO_BF", "OPENSSL_NO_PSK", "OPENSSL_NO_DEPRECATED_3_0", "OPENSSL_NO_SCRYPT", "OPENSSL_NO_SM3", "OPENSSL_NO_RMD160", "OPENSSL_NO_EC2M", "OPENSSL_NO_OCSP", "OPENSSL_NO_CMS", "OPENSSL_NO_COMP", "OPENSSL_NO_SOCK", "OPENSSL_NO_STDIO", "OPENSSL_NO_EC", "OPENSSL_NO_SSL3_METHOD", "OPENSSL_NO_KRB5", "OPENSSL_NO_TLSEXT", "OPENSSL_NO_SRP", "OPENSSL_NO_RFC3779", "OPENSSL_NO_SHA", "OPENSSL_NO_NEXTPROTONEG", "OPENSSL_NO_ENGINE", "OPENSSL_NO_BUF_FREELISTS", "OPENSSL_NO_RC2"))' --check-cfg 'cfg(openssl)' --check-cfg 'cfg(libressl)' --check-cfg 'cfg(boringssl)' --check-cfg 'cfg(awslc)' --check-cfg 'cfg(libressl250)' --check-cfg 'cfg(libressl251)' --check-cfg 'cfg(libressl252)' --check-cfg 'cfg(libressl261)' --check-cfg 'cfg(libressl270)' --check-cfg 'cfg(libressl271)' --check-cfg 'cfg(libressl273)' --check-cfg 'cfg(libressl280)' --check-cfg 'cfg(libressl281)' --check-cfg 'cfg(libressl291)' --check-cfg 'cfg(libressl310)' --check-cfg 'cfg(libressl321)' --check-cfg 'cfg(libressl332)' --check-cfg 'cfg(libressl340)' --check-cfg 'cfg(libressl350)' --check-cfg 'cfg(libressl360)' --check-cfg 'cfg(libressl361)' --check-cfg 'cfg(libressl370)' --check-cfg 'cfg(libressl380)' --check-cfg 'cfg(libressl381)' --check-cfg 'cfg(libressl382)' --check-cfg 'cfg(libressl390)' --check-cfg 'cfg(libressl400)' --check-cfg 'cfg(libressl410)' --check-cfg 'cfg(ossl101)' --check-cfg 'cfg(ossl102)' --check-cfg 'cfg(ossl102f)' --check-cfg 'cfg(ossl102h)' --check-cfg 'cfg(ossl110)' --check-cfg 'cfg(ossl110f)' --check-cfg 'cfg(ossl110g)' --check-cfg 'cfg(ossl110h)' --check-cfg 'cfg(ossl111)' --check-cfg 'cfg(ossl111b)' --check-cfg 'cfg(ossl111c)' --check-cfg 'cfg(ossl111d)' --check-cfg 'cfg(ossl300)' --check-cfg 'cfg(ossl310)' --check-cfg 'cfg(ossl320)' --check-cfg 'cfg(ossl330)' --check-cfg 'cfg(ossl340)'`
WITNESS_SYMBOL: {"symbol":"simple_scanner_end","from":"main","file":"simple_scanner.rs","line":126}
   Compiling dirs v6.0.0
     Running `/home/mdupont/nix/vendor/rust/cargo2nix/submodules/rust/compiler/rustc_driver/simple_scanner --crate-name dirs --edition=2015 /home/mdupont/.cargo/registry/src/index.crates.io-1949cf8c6b5b557f/dirs-6.0.0/src/lib.rs --error-format=json --json=diagnostic-rendered-ansi,artifacts,future-incompat --crate-type lib --emit=dep-info,metadata,link -C embed-bitcode=no -C debuginfo=2 --check-cfg 'cfg(docsrs,test)' --check-cfg 'cfg(feature, values())' -C metadata=4dc0697710a1d5f7 -C extra-filename=-db316fe4521bd93b --out-dir /mnt/data1/nix/vendor/rust/cargo2nix/submodules/rust/target/debug/deps -L dependency=/mnt/data1/nix/vendor/rust/cargo2nix/submodules/rust/target/debug/deps --extern dirs_sys=/mnt/data1/nix/vendor/rust/cargo2nix/submodules/rust/target/debug/deps/libdirs_sys-7b37c54862ce5c58.rmeta --cap-lints allow`
SUMMARY_DIR: /mnt/data1/nix/vendor/rust/cargo2nix/submodules/rust/compiler/rustc_driver/scan_results
SUMMARY: 24 item types saved to /mnt/data1/nix/vendor/rust/cargo2nix/submodules/rust/compiler/rustc_driver/scan_results/wasm-encoder_summary.json
SUMMARY_DIR: /mnt/data1/nix/vendor/rust/cargo2nix/submodules/rust/compiler/rustc_driver/scan_results
SUMMARY: 12 item types saved to /mnt/data1/nix/vendor/rust/cargo2nix/submodules/rust/compiler/rustc_driver/scan_results/similar_summary.json
WITNESS_SYMBOL: {"symbol":"simple_scanner_start","from":"main","file":"simple_scanner.rs","line":120}
WITNESS_SYMBOL: {"symbol":"simple_scanner_start","from":"main","file":"simple_scanner.rs","line":120}
SCAN_DIR: /mnt/data1/nix/vendor/rust/cargo2nix/submodules/rust/compiler/rustc_driver/scan_results
SAVED: 10 items to /mnt/data1/nix/vendor/rust/cargo2nix/submodules/rust/compiler/rustc_driver/scan_results/openssl-sys.json
SCAN_DIR: /mnt/data1/nix/vendor/rust/cargo2nix/submodules/rust/compiler/rustc_driver/scan_results
SAVED: 29 items to /mnt/data1/nix/vendor/rust/cargo2nix/submodules/rust/compiler/rustc_driver/scan_results/dirs.json
SUMMARY_DIR: /mnt/data1/nix/vendor/rust/cargo2nix/submodules/rust/compiler/rustc_driver/scan_results
SUMMARY: 4 item types saved to /mnt/data1/nix/vendor/rust/cargo2nix/submodules/rust/compiler/rustc_driver/scan_results/annotate-snippets_summary.json
SUMMARY_DIR: /mnt/data1/nix/vendor/rust/cargo2nix/submodules/rust/compiler/rustc_driver/scan_results
SUMMARY_DIR: /mnt/data1/nix/vendor/rust/cargo2nix/submodules/rust/compiler/rustc_driver/scan_results
SUMMARY: 29 item types saved to /mnt/data1/nix/vendor/rust/cargo2nix/submodules/rust/compiler/rustc_driver/scan_results/dirs_summary.json
SUMMARY: 24 item types saved to /mnt/data1/nix/vendor/rust/cargo2nix/submodules/rust/compiler/rustc_driver/scan_results/term_summary.json
WITNESS_SYMBOL: {"symbol":"simple_scanner_end","from":"main","file":"simple_scanner.rs","line":126}
   Compiling libffi-sys v3.3.2
     Running `/home/mdupont/nix/vendor/rust/cargo2nix/submodules/rust/compiler/rustc_driver/simple_scanner --crate-name build_script_build --edition=2021 /home/mdupont/.cargo/registry/src/index.crates.io-1949cf8c6b5b557f/libffi-sys-3.3.2/build/build.rs --error-format=json --json=diagnostic-rendered-ansi,artifacts,future-incompat --crate-type bin --emit=dep-info,link -C embed-bitcode=no '--warn=clippy::unreadable_literal' '--warn=clippy::suspicious' '--warn=clippy::style' '--warn=clippy::perf' '--warn=clippy::correctness' '--warn=clippy::complexity' '--allow=clippy::wildcard_imports' '--allow=clippy::must_use_candidate' '--allow=clippy::module_inception' --check-cfg 'cfg(docsrs,test)' --check-cfg 'cfg(feature, values("complex", "system"))' -C metadata=0e32e70a20414bb1 -C extra-filename=-2965e72e176f07c0 --out-dir /mnt/data1/nix/vendor/rust/cargo2nix/submodules/rust/target/debug/build/libffi-sys-2965e72e176f07c0 -L dependency=/mnt/data1/nix/vendor/rust/cargo2nix/submodules/rust/target/debug/deps --extern cc=/mnt/data1/nix/vendor/rust/cargo2nix/submodules/rust/target/debug/deps/libcc-436b02cffdc96910.rlib --cap-lints allow`
WITNESS_SYMBOL: {"symbol":"simple_scanner_start","from":"main","file":"simple_scanner.rs","line":120}
SCAN_DIR: /mnt/data1/nix/vendor/rust/cargo2nix/submodules/rust/compiler/rustc_driver/scan_results
SAVED: 6 items to /mnt/data1/nix/vendor/rust/cargo2nix/submodules/rust/compiler/rustc_driver/scan_results/libffi-sys.json
SUMMARY_DIR: /mnt/data1/nix/vendor/rust/cargo2nix/submodules/rust/compiler/rustc_driver/scan_results
SUMMARY: 6 item types saved to /mnt/data1/nix/vendor/rust/cargo2nix/submodules/rust/compiler/rustc_driver/scan_results/libffi-sys_summary.json
   Compiling capstone-sys v0.17.0
     Running `/home/mdupont/nix/vendor/rust/cargo2nix/submodules/rust/compiler/rustc_driver/simple_scanner --crate-name build_script_build --edition=2018 /home/mdupont/.cargo/registry/src/index.crates.io-1949cf8c6b5b557f/capstone-sys-0.17.0/build.rs --error-format=json --json=diagnostic-rendered-ansi,artifacts,future-incompat --crate-type bin --emit=dep-info,link -C embed-bitcode=no --cfg 'feature="full"' --check-cfg 'cfg(docsrs,test)' --check-cfg 'cfg(feature, values("bindgen", "default", "full", "regex", "use_bindgen"))' -C metadata=56921bff40b1adfa -C extra-filename=-b13ce66955d464f6 --out-dir /mnt/data1/nix/vendor/rust/cargo2nix/submodules/rust/target/debug/build/capstone-sys-b13ce66955d464f6 -L dependency=/mnt/data1/nix/vendor/rust/cargo2nix/submodules/rust/target/debug/deps --extern cc=/mnt/data1/nix/vendor/rust/cargo2nix/submodules/rust/target/debug/deps/libcc-436b02cffdc96910.rlib --cap-lints allow`
WITNESS_SYMBOL: {"symbol":"simple_scanner_start","from":"main","file":"simple_scanner.rs","line":120}
WITNESS_SYMBOL: {"symbol":"simple_scanner_end","from":"main","file":"simple_scanner.rs","line":126}
WITNESS_SYMBOL: {"symbol":"simple_scanner_end","from":"main","file":"simple_scanner.rs","line":126}
SCAN_DIR: /mnt/data1/nix/vendor/rust/cargo2nix/submodules/rust/compiler/rustc_driver/scan_results
SAVED: 16 items to /mnt/data1/nix/vendor/rust/cargo2nix/submodules/rust/compiler/rustc_driver/scan_results/capstone-sys.json
   Compiling curl-sys v0.4.83+curl-8.15.0
   Compiling xattr v1.5.1
     Running `/home/mdupont/nix/vendor/rust/cargo2nix/submodules/rust/compiler/rustc_driver/simple_scanner --crate-name build_script_build --edition=2018 /home/mdupont/.cargo/registry/src/index.crates.io-1949cf8c6b5b557f/curl-sys-0.4.83+curl-8.15.0/build.rs --error-format=json --json=diagnostic-rendered-ansi,artifacts,future-incompat --crate-type bin --emit=dep-info,link -C embed-bitcode=no --cfg 'feature="openssl-sys"' --cfg 'feature="ssl"' --check-cfg 'cfg(docsrs,test)' --check-cfg 'cfg(feature, values("default", "force-system-lib-on-osx", "http2", "libnghttp2-sys", "mesalink", "ntlm", "openssl-sys", "poll_7_68_0", "protocol-ftp", "rustls", "rustls-ffi", "spnego", "ssl", "static-curl", "static-ssl", "upkeep_7_62_0", "windows-static-ssl", "zlib-ng-compat"))' -C metadata=e7d59193b471edc0 -C extra-filename=-89d5cd5d05d39f4d --out-dir /mnt/data1/nix/vendor/rust/cargo2nix/submodules/rust/target/debug/build/curl-sys-89d5cd5d05d39f4d -L dependency=/mnt/data1/nix/vendor/rust/cargo2nix/submodules/rust/target/debug/deps --extern cc=/mnt/data1/nix/vendor/rust/cargo2nix/submodules/rust/target/debug/deps/libcc-436b02cffdc96910.rlib --extern pkg_config=/mnt/data1/nix/vendor/rust/cargo2nix/submodules/rust/target/debug/deps/libpkg_config-ed8e80cc20ac34e0.rlib --cap-lints allow`
     Running `/home/mdupont/nix/vendor/rust/cargo2nix/submodules/rust/compiler/rustc_driver/simple_scanner --crate-name xattr --edition=2021 /home/mdupont/.cargo/registry/src/index.crates.io-1949cf8c6b5b557f/xattr-1.5.1/src/lib.rs --error-format=json --json=diagnostic-rendered-ansi,artifacts,future-incompat --crate-type lib --emit=dep-info,metadata,link -C embed-bitcode=no -C debuginfo=2 --cfg 'feature="default"' --cfg 'feature="unsupported"' --check-cfg 'cfg(docsrs,test)' --check-cfg 'cfg(feature, values("default", "unsupported"))' -C metadata=8d0737bf26fc5268 -C extra-filename=-f90ae31308336bb1 --out-dir /mnt/data1/nix/vendor/rust/cargo2nix/submodules/rust/target/debug/deps -L dependency=/mnt/data1/nix/vendor/rust/cargo2nix/submodules/rust/target/debug/deps --extern rustix=/mnt/data1/nix/vendor/rust/cargo2nix/submodules/rust/target/debug/deps/librustix-cc18db4f32e9c75b.rmeta --cap-lints allow`
WITNESS_SYMBOL: {"symbol":"simple_scanner_start","from":"main","file":"simple_scanner.rs","line":120}
WITNESS_SYMBOL: {"symbol":"simple_scanner_start","from":"main","file":"simple_scanner.rs","line":120}
SCAN_DIR: /mnt/data1/nix/vendor/rust/cargo2nix/submodules/rust/compiler/rustc_driver/scan_results
SCAN_DIR: /mnt/data1/nix/vendor/rust/cargo2nix/submodules/rust/compiler/rustc_driver/scan_results
SAVED: 21 items to /mnt/data1/nix/vendor/rust/cargo2nix/submodules/rust/compiler/rustc_driver/scan_results/xattr.json
SAVED: 10 items to /mnt/data1/nix/vendor/rust/cargo2nix/submodules/rust/compiler/rustc_driver/scan_results/curl-sys.json
SUMMARY_DIR: /mnt/data1/nix/vendor/rust/cargo2nix/submodules/rust/compiler/rustc_driver/scan_results
SUMMARY: 16 item types saved to /mnt/data1/nix/vendor/rust/cargo2nix/submodules/rust/compiler/rustc_driver/scan_results/capstone-sys_summary.json
WITNESS_SYMBOL: {"symbol":"simple_scanner_end","from":"main","file":"simple_scanner.rs","line":126}
SUMMARY_DIR: /mnt/data1/nix/vendor/rust/cargo2nix/submodules/rust/compiler/rustc_driver/scan_results
SUMMARY: 21 item types saved to /mnt/data1/nix/vendor/rust/cargo2nix/submodules/rust/compiler/rustc_driver/scan_results/xattr_summary.json
SUMMARY_DIR: /mnt/data1/nix/vendor/rust/cargo2nix/submodules/rust/compiler/rustc_driver/scan_results
SUMMARY: 26 item types saved to /mnt/data1/nix/vendor/rust/cargo2nix/submodules/rust/compiler/rustc_driver/scan_results/indexmap_summary.json
   Compiling synstructure v0.13.2
     Running `/home/mdupont/nix/vendor/rust/cargo2nix/submodules/rust/compiler/rustc_driver/simple_scanner --crate-name synstructure --edition=2018 /home/mdupont/.cargo/registry/src/index.crates.io-1949cf8c6b5b557f/synstructure-0.13.2/src/lib.rs --error-format=json --json=diagnostic-rendered-ansi,artifacts,future-incompat --crate-type lib --emit=dep-info,metadata,link -C embed-bitcode=no --cfg 'feature="default"' --cfg 'feature="proc-macro"' --check-cfg 'cfg(docsrs,test)' --check-cfg 'cfg(feature, values("default", "proc-macro"))' -C metadata=ef024c30ac45a1db -C extra-filename=-1e96f1292aedfd5b --out-dir /mnt/data1/nix/vendor/rust/cargo2nix/submodules/rust/target/debug/deps -L dependency=/mnt/data1/nix/vendor/rust/cargo2nix/submodules/rust/target/debug/deps --extern proc_macro2=/mnt/data1/nix/vendor/rust/cargo2nix/submodules/rust/target/debug/deps/libproc_macro2-a22d745afa92dadf.rmeta --extern quote=/mnt/data1/nix/vendor/rust/cargo2nix/submodules/rust/target/debug/deps/libquote-cc45a71580a33fbb.rmeta --extern syn=/mnt/data1/nix/vendor/rust/cargo2nix/submodules/rust/target/debug/deps/libsyn-8a30a9d5b6c06652.rmeta --cap-lints allow`
WITNESS_SYMBOL: {"symbol":"simple_scanner_end","from":"main","file":"simple_scanner.rs","line":126}
   Compiling darling_core v0.20.11
     Running `/home/mdupont/nix/vendor/rust/cargo2nix/submodules/rust/compiler/rustc_driver/simple_scanner --crate-name darling_core --edition=2021 /home/mdupont/.cargo/registry/src/index.crates.io-1949cf8c6b5b557f/darling_core-0.20.11/src/lib.rs --error-format=json --json=diagnostic-rendered-ansi,artifacts,future-incompat --crate-type lib --emit=dep-info,metadata,link -C embed-bitcode=no --cfg 'feature="strsim"' --cfg 'feature="suggestions"' --check-cfg 'cfg(docsrs,test)' --check-cfg 'cfg(feature, values("diagnostics", "strsim", "suggestions"))' -C metadata=1a0e2695311840d6 -C extra-filename=-1b79594b9d601f8f --out-dir /mnt/data1/nix/vendor/rust/cargo2nix/submodules/rust/target/debug/deps -L dependency=/mnt/data1/nix/vendor/rust/cargo2nix/submodules/rust/target/debug/deps --extern fnv=/mnt/data1/nix/vendor/rust/cargo2nix/submodules/rust/target/debug/deps/libfnv-ef4ec8c1d4189a62.rmeta --extern ident_case=/mnt/data1/nix/vendor/rust/cargo2nix/submodules/rust/target/debug/deps/libident_case-30500f3a36672f90.rmeta --extern proc_macro2=/mnt/data1/nix/vendor/rust/cargo2nix/submodules/rust/target/debug/deps/libproc_macro2-a22d745afa92dadf.rmeta --extern quote=/mnt/data1/nix/vendor/rust/cargo2nix/submodules/rust/target/debug/deps/libquote-cc45a71580a33fbb.rmeta --extern strsim=/mnt/data1/nix/vendor/rust/cargo2nix/submodules/rust/target/debug/deps/libstrsim-3ccadeaa3ce6c207.rmeta --extern syn=/mnt/data1/nix/vendor/rust/cargo2nix/submodules/rust/target/debug/deps/libsyn-8a30a9d5b6c06652.rmeta --cap-lints allow`
SUMMARY_DIR: /mnt/data1/nix/vendor/rust/cargo2nix/submodules/rust/compiler/rustc_driver/scan_results
SUMMARY: 10 item types saved to /mnt/data1/nix/vendor/rust/cargo2nix/submodules/rust/compiler/rustc_driver/scan_results/curl-sys_summary.json
WITNESS_SYMBOL: {"symbol":"simple_scanner_start","from":"main","file":"simple_scanner.rs","line":120}
WITNESS_SYMBOL: {"symbol":"simple_scanner_start","from":"main","file":"simple_scanner.rs","line":120}
SCAN_DIR: /mnt/data1/nix/vendor/rust/cargo2nix/submodules/rust/compiler/rustc_driver/scan_results
SCAN_DIR: /mnt/data1/nix/vendor/rust/cargo2nix/submodules/rust/compiler/rustc_driver/scan_results
SAVED: 29 items to /mnt/data1/nix/vendor/rust/cargo2nix/submodules/rust/compiler/rustc_driver/scan_results/darling_core.json
WITNESS_SYMBOL: {"symbol":"simple_scanner_end","from":"main","file":"simple_scanner.rs","line":126}
SAVED: 33 items to /mnt/data1/nix/vendor/rust/cargo2nix/submodules/rust/compiler/rustc_driver/scan_results/synstructure.json
   Compiling serde_derive_internals v0.29.1
     Running `/home/mdupont/nix/vendor/rust/cargo2nix/submodules/rust/compiler/rustc_driver/simple_scanner --crate-name serde_derive_internals --edition=2015 /home/mdupont/.cargo/registry/src/index.crates.io-1949cf8c6b5b557f/serde_derive_internals-0.29.1/lib.rs --error-format=json --json=diagnostic-rendered-ansi,artifacts,future-incompat --crate-type lib --emit=dep-info,metadata,link -C embed-bitcode=no --check-cfg 'cfg(docsrs,test)' --check-cfg 'cfg(feature, values())' -C metadata=82b3594a931b31af -C extra-filename=-1f4402b805fe75e1 --out-dir /mnt/data1/nix/vendor/rust/cargo2nix/submodules/rust/target/debug/deps -L dependency=/mnt/data1/nix/vendor/rust/cargo2nix/submodules/rust/target/debug/deps --extern proc_macro2=/mnt/data1/nix/vendor/rust/cargo2nix/submodules/rust/target/debug/deps/libproc_macro2-a22d745afa92dadf.rmeta --extern quote=/mnt/data1/nix/vendor/rust/cargo2nix/submodules/rust/target/debug/deps/libquote-cc45a71580a33fbb.rmeta --extern syn=/mnt/data1/nix/vendor/rust/cargo2nix/submodules/rust/target/debug/deps/libsyn-8a30a9d5b6c06652.rmeta --cap-lints allow`
WITNESS_SYMBOL: {"symbol":"simple_scanner_end","from":"main","file":"simple_scanner.rs","line":126}
WITNESS_SYMBOL: {"symbol":"simple_scanner_start","from":"main","file":"simple_scanner.rs","line":120}
   Compiling uuid v1.18.0
     Running `/home/mdupont/nix/vendor/rust/cargo2nix/submodules/rust/compiler/rustc_driver/simple_scanner --crate-name uuid --edition=2018 /home/mdupont/.cargo/registry/src/index.crates.io-1949cf8c6b5b557f/uuid-1.18.0/src/lib.rs --error-format=json --json=diagnostic-rendered-ansi,artifacts,future-incompat --crate-type lib --emit=dep-info,metadata,link -C embed-bitcode=no -C debuginfo=2 --allow=unexpected_cfgs --check-cfg 'cfg(uuid_unstable)' --cfg 'feature="default"' --cfg 'feature="rng"' --cfg 'feature="std"' --cfg 'feature="v4"' --check-cfg 'cfg(docsrs,test)' --check-cfg 'cfg(feature, values("arbitrary", "atomic", "borsh", "bytemuck", "default", "fast-rng", "js", "macro-diagnostics", "md5", "rng", "rng-getrandom", "rng-rand", "serde", "sha1", "slog", "std", "uuid-rng-internal-lib", "v1", "v3", "v4", "v5", "v6", "v7", "v8", "zerocopy"))' -C metadata=f6cafc3ebbdc433e -C extra-filename=-380e4d593e8d2924 --out-dir /mnt/data1/nix/vendor/rust/cargo2nix/submodules/rust/target/debug/deps -L dependency=/mnt/data1/nix/vendor/rust/cargo2nix/submodules/rust/target/debug/deps --extern getrandom=/mnt/data1/nix/vendor/rust/cargo2nix/submodules/rust/target/debug/deps/libgetrandom-c934994e37decbcc.rmeta --cap-lints allow`
SCAN_DIR: /mnt/data1/nix/vendor/rust/cargo2nix/submodules/rust/compiler/rustc_driver/scan_results
SAVED: 5 items to /mnt/data1/nix/vendor/rust/cargo2nix/submodules/rust/compiler/rustc_driver/scan_results/serde_derive_internals.json
WITNESS_SYMBOL: {"symbol":"simple_scanner_end","from":"main","file":"simple_scanner.rs","line":126}
WITNESS_SYMBOL: {"symbol":"simple_scanner_end","from":"main","file":"simple_scanner.rs","line":126}
   Compiling filetime v0.2.25
     Running `/home/mdupont/nix/vendor/rust/cargo2nix/submodules/rust/compiler/rustc_driver/simple_scanner --crate-name filetime --edition=2018 /home/mdupont/.cargo/registry/src/index.crates.io-1949cf8c6b5b557f/filetime-0.2.25/src/lib.rs --error-format=json --json=diagnostic-rendered-ansi,artifacts,future-incompat --crate-type lib --emit=dep-info,metadata,link -C embed-bitcode=no -C debuginfo=2 --check-cfg 'cfg(docsrs,test)' --check-cfg 'cfg(feature, values())' -C metadata=0daf2099a91bb5ec -C extra-filename=-eb8d974f99786c5a --out-dir /mnt/data1/nix/vendor/rust/cargo2nix/submodules/rust/target/debug/deps -L dependency=/mnt/data1/nix/vendor/rust/cargo2nix/submodules/rust/target/debug/deps --extern cfg_if=/mnt/data1/nix/vendor/rust/cargo2nix/submodules/rust/target/debug/deps/libcfg_if-03c73dea748456e6.rmeta --extern libc=/mnt/data1/nix/vendor/rust/cargo2nix/submodules/rust/target/debug/deps/liblibc-ea591502e5075e1d.rmeta --cap-lints allow`
   Compiling mac v0.1.1
     Running `/home/mdupont/nix/vendor/rust/cargo2nix/submodules/rust/compiler/rustc_driver/simple_scanner --crate-name mac --edition=2015 /home/mdupont/.cargo/registry/src/index.crates.io-1949cf8c6b5b557f/mac-0.1.1/src/lib.rs --error-format=json --json=diagnostic-rendered-ansi,artifacts,future-incompat --crate-type lib --emit=dep-info,metadata,link -C embed-bitcode=no -C debuginfo=2 --check-cfg 'cfg(docsrs,test)' --check-cfg 'cfg(feature, values())' -C metadata=7d9abaa3ac363f19 -C extra-filename=-53652e72f269ca54 --out-dir /mnt/data1/nix/vendor/rust/cargo2nix/submodules/rust/target/debug/deps -L dependency=/mnt/data1/nix/vendor/rust/cargo2nix/submodules/rust/target/debug/deps --cap-lints allow`
WITNESS_SYMBOL: {"symbol":"simple_scanner_start","from":"main","file":"simple_scanner.rs","line":120}
SCAN_DIR: /mnt/data1/nix/vendor/rust/cargo2nix/submodules/rust/compiler/rustc_driver/scan_results
WITNESS_SYMBOL: {"symbol":"simple_scanner_start","from":"main","file":"simple_scanner.rs","line":120}
WITNESS_SYMBOL: {"symbol":"simple_scanner_start","from":"main","file":"simple_scanner.rs","line":120}
SAVED: 41 items to /mnt/data1/nix/vendor/rust/cargo2nix/submodules/rust/compiler/rustc_driver/scan_results/uuid.json
WITNESS_SYMBOL: {"symbol":"simple_scanner_end","from":"main","file":"simple_scanner.rs","line":126}
SCAN_DIR: /mnt/data1/nix/vendor/rust/cargo2nix/submodules/rust/compiler/rustc_driver/scan_results
SAVED: 9 items to /mnt/data1/nix/vendor/rust/cargo2nix/submodules/rust/compiler/rustc_driver/scan_results/mac.json
SCAN_DIR: /mnt/data1/nix/vendor/rust/cargo2nix/submodules/rust/compiler/rustc_driver/scan_results
SUMMARY_DIR: /mnt/data1/nix/vendor/rust/cargo2nix/submodules/rust/compiler/rustc_driver/scan_results
SUMMARY: 9 item types saved to /mnt/data1/nix/vendor/rust/cargo2nix/submodules/rust/compiler/rustc_driver/scan_results/mac_summary.json
   Compiling regex v1.11.1
     Running `/home/mdupont/nix/vendor/rust/cargo2nix/submodules/rust/compiler/rustc_driver/simple_scanner --crate-name regex --edition=2021 /home/mdupont/.cargo/registry/src/index.crates.io-1949cf8c6b5b557f/regex-1.11.1/src/lib.rs --error-format=json --json=diagnostic-rendered-ansi,artifacts,future-incompat --crate-type lib --emit=dep-info,metadata,link -C embed-bitcode=no -C debuginfo=2 --cfg 'feature="default"' --cfg 'feature="perf"' --cfg 'feature="perf-backtrack"' --cfg 'feature="perf-cache"' --cfg 'feature="perf-dfa"' --cfg 'feature="perf-inline"' --cfg 'feature="perf-literal"' --cfg 'feature="perf-onepass"' --cfg 'feature="std"' --cfg 'feature="unicode"' --cfg 'feature="unicode-age"' --cfg 'feature="unicode-bool"' --cfg 'feature="unicode-case"' --cfg 'feature="unicode-gencat"' --cfg 'feature="unicode-perl"' --cfg 'feature="unicode-script"' --cfg 'feature="unicode-segment"' --check-cfg 'cfg(docsrs,test)' --check-cfg 'cfg(feature, values("default", "logging", "pattern", "perf", "perf-backtrack", "perf-cache", "perf-dfa", "perf-dfa-full", "perf-inline", "perf-literal", "perf-onepass", "std", "unicode", "unicode-age", "unicode-bool", "unicode-case", "unicode-gencat", "unicode-perl", "unicode-script", "unicode-segment", "unstable", "use_std"))' -C metadata=d4114c47e2f9fb83 -C extra-filename=-a9797084ffbf9dba --out-dir /mnt/data1/nix/vendor/rust/cargo2nix/submodules/rust/target/debug/deps -L dependency=/mnt/data1/nix/vendor/rust/cargo2nix/submodules/rust/target/debug/deps --extern aho_corasick=/mnt/data1/nix/vendor/rust/cargo2nix/submodules/rust/target/debug/deps/libaho_corasick-22c58f580618bb46.rmeta --extern memchr=/mnt/data1/nix/vendor/rust/cargo2nix/submodules/rust/target/debug/deps/libmemchr-31b9c6cef7758eb1.rmeta --extern regex_automata=/mnt/data1/nix/vendor/rust/cargo2nix/submodules/rust/target/debug/deps/libregex_automata-1086d98e26bb955c.rmeta --extern regex_syntax=/mnt/data1/nix/vendor/rust/cargo2nix/submodules/rust/target/debug/deps/libregex_syntax-cad04a484b3f3b99.rmeta --cap-lints allow`
SUMMARY_DIR: /mnt/data1/nix/vendor/rust/cargo2nix/submodules/rust/compiler/rustc_driver/scan_results
SUMMARY: 22 item types saved to /mnt/data1/nix/vendor/rust/cargo2nix/submodules/rust/compiler/rustc_driver/scan_results/nom_summary.json
WITNESS_SYMBOL: {"symbol":"simple_scanner_end","from":"main","file":"simple_scanner.rs","line":126}
SAVED: 16 items to /mnt/data1/nix/vendor/rust/cargo2nix/submodules/rust/compiler/rustc_driver/scan_results/filetime.json
   Compiling bstr v1.12.0
     Running `/home/mdupont/nix/vendor/rust/cargo2nix/submodules/rust/compiler/rustc_driver/simple_scanner --crate-name bstr --edition=2021 /home/mdupont/.cargo/registry/src/index.crates.io-1949cf8c6b5b557f/bstr-1.12.0/src/lib.rs --error-format=json --json=diagnostic-rendered-ansi,artifacts,future-incompat --crate-type lib --emit=dep-info,metadata,link -C embed-bitcode=no -C debuginfo=2 --cfg 'feature="alloc"' --cfg 'feature="default"' --cfg 'feature="std"' --cfg 'feature="unicode"' --check-cfg 'cfg(docsrs,test)' --check-cfg 'cfg(feature, values("alloc", "default", "serde", "std", "unicode"))' -C metadata=d6482024620504a1 -C extra-filename=-2af089ad521756f5 --out-dir /mnt/data1/nix/vendor/rust/cargo2nix/submodules/rust/target/debug/deps -L dependency=/mnt/data1/nix/vendor/rust/cargo2nix/submodules/rust/target/debug/deps --extern memchr=/mnt/data1/nix/vendor/rust/cargo2nix/submodules/rust/target/debug/deps/libmemchr-31b9c6cef7758eb1.rmeta --extern regex_automata=/mnt/data1/nix/vendor/rust/cargo2nix/submodules/rust/target/debug/deps/libregex_automata-1086d98e26bb955c.rmeta --cap-lints allow`
WITNESS_SYMBOL: {"symbol":"simple_scanner_end","from":"main","file":"simple_scanner.rs","line":126}
   Compiling jiff v0.2.15
     Running `/home/mdupont/nix/vendor/rust/cargo2nix/submodules/rust/compiler/rustc_driver/simple_scanner --crate-name jiff --edition=2021 /home/mdupont/.cargo/registry/src/index.crates.io-1949cf8c6b5b557f/jiff-0.2.15/src/lib.rs --error-format=json --json=diagnostic-rendered-ansi,artifacts,future-incompat --crate-type lib --emit=dep-info,metadata,link -C embed-bitcode=no -C debuginfo=2 --cfg 'feature="alloc"' --cfg 'feature="std"' --check-cfg 'cfg(docsrs,test)' --check-cfg 'cfg(feature, values("alloc", "default", "js", "logging", "perf-inline", "serde", "static", "static-tz", "std", "tz-fat", "tz-system", "tzdb-bundle-always", "tzdb-bundle-platform", "tzdb-concatenated", "tzdb-zoneinfo"))' -C metadata=36b7cb673d88e525 -C extra-filename=-a26b1e66239f6615 --out-dir /mnt/data1/nix/vendor/rust/cargo2nix/submodules/rust/target/debug/deps -L dependency=/mnt/data1/nix/vendor/rust/cargo2nix/submodules/rust/target/debug/deps --cap-lints allow`
WITNESS_SYMBOL: {"symbol":"simple_scanner_start","from":"main","file":"simple_scanner.rs","line":120}
WITNESS_SYMBOL: {"symbol":"simple_scanner_start","from":"main","file":"simple_scanner.rs","line":120}
SCAN_DIR: /mnt/data1/nix/vendor/rust/cargo2nix/submodules/rust/compiler/rustc_driver/scan_results
SAVED: 13 items to /mnt/data1/nix/vendor/rust/cargo2nix/submodules/rust/compiler/rustc_driver/scan_results/regex.json
WITNESS_SYMBOL: {"symbol":"simple_scanner_start","from":"main","file":"simple_scanner.rs","line":120}
SCAN_DIR: /mnt/data1/nix/vendor/rust/cargo2nix/submodules/rust/compiler/rustc_driver/scan_results
SAVED: 23 items to /mnt/data1/nix/vendor/rust/cargo2nix/submodules/rust/compiler/rustc_driver/scan_results/bstr.json
SUMMARY_DIR: /mnt/data1/nix/vendor/rust/cargo2nix/submodules/rust/compiler/rustc_driver/scan_results
SUMMARY: 16 item types saved to /mnt/data1/nix/vendor/rust/cargo2nix/submodules/rust/compiler/rustc_driver/scan_results/filetime_summary.json
SCAN_DIR: /mnt/data1/nix/vendor/rust/cargo2nix/submodules/rust/compiler/rustc_driver/scan_results
SAVED: 19 items to /mnt/data1/nix/vendor/rust/cargo2nix/submodules/rust/compiler/rustc_driver/scan_results/jiff.json
SUMMARY_DIR: /mnt/data1/nix/vendor/rust/cargo2nix/submodules/rust/compiler/rustc_driver/scan_results
SUMMARY: 33 item types saved to /mnt/data1/nix/vendor/rust/cargo2nix/submodules/rust/compiler/rustc_driver/scan_results/synstructure_summary.json
WITNESS_SYMBOL: {"symbol":"simple_scanner_end","from":"main","file":"simple_scanner.rs","line":126}
   Compiling utf8-width v0.1.7
WITNESS_SYMBOL: {"symbol":"simple_scanner_end","from":"main","file":"simple_scanner.rs","line":126}
     Running `/home/mdupont/nix/vendor/rust/cargo2nix/submodules/rust/compiler/rustc_driver/simple_scanner --crate-name utf8_width --edition=2021 /home/mdupont/.cargo/registry/src/index.crates.io-1949cf8c6b5b557f/utf8-width-0.1.7/src/lib.rs --error-format=json --json=diagnostic-rendered-ansi,artifacts,future-incompat --crate-type lib --emit=dep-info,metadata,link -C embed-bitcode=no -C debuginfo=2 --check-cfg 'cfg(docsrs,test)' --check-cfg 'cfg(feature, values())' -C metadata=b8a32cd591ee2611 -C extra-filename=-9b2a71eded162879 --out-dir /mnt/data1/nix/vendor/rust/cargo2nix/submodules/rust/target/debug/deps -L dependency=/mnt/data1/nix/vendor/rust/cargo2nix/submodules/rust/target/debug/deps --cap-lints allow`
   Compiling portable-atomic v1.11.1
     Running `/home/mdupont/nix/vendor/rust/cargo2nix/submodules/rust/compiler/rustc_driver/simple_scanner --crate-name build_script_build --edition=2018 /home/mdupont/.cargo/registry/src/index.crates.io-1949cf8c6b5b557f/portable-atomic-1.11.1/build.rs --error-format=json --json=diagnostic-rendered-ansi,artifacts,future-incompat --crate-type bin --emit=dep-info,link -C embed-bitcode=no '--warn=clippy::unused_trait_names' --warn=unreachable_pub --warn=unnameable_types --warn=unexpected_cfgs '--warn=clippy::undocumented_unsafe_blocks' '--warn=clippy::transmute_undefined_repr' '--warn=clippy::trailing_empty_array' --warn=single_use_lifetimes --warn=rust_2018_idioms '--warn=clippy::pedantic' --warn=non_ascii_idents '--warn=clippy::inline_asm_x86_att_syntax' --warn=improper_ctypes_definitions --warn=improper_ctypes --warn=deprecated_safe '--warn=clippy::default_union_representation' '--warn=clippy::as_underscore' '--warn=clippy::as_ptr_cast_mut' '--warn=clippy::all' '--allow=clippy::unreadable_literal' '--allow=clippy::type_complexity' '--allow=clippy::too_many_lines' '--allow=clippy::too_many_arguments' '--allow=clippy::struct_field_names' '--allow=clippy::struct_excessive_bools' '--allow=clippy::single_match_else' '--allow=clippy::single_match' '--allow=clippy::similar_names' '--allow=clippy::range_plus_one' '--allow=clippy::nonminimal_bool' '--allow=clippy::naive_bytecount' '--allow=clippy::module_name_repetitions' '--allow=clippy::missing_errors_doc' '--allow=clippy::manual_range_contains' '--allow=clippy::manual_assert' '--allow=clippy::lint_groups_priority' '--allow=clippy::incompatible_msrv' '--allow=clippy::float_cmp' '--allow=clippy::doc_markdown' '--allow=clippy::declare_interior_mutable_const' '--allow=clippy::cast_lossless' '--allow=clippy::borrow_as_ptr' '--allow=clippy::bool_assert_comparison' --check-cfg 'cfg(target_arch,values("xtensa"))' --check-cfg 'cfg(target_arch,values("amdgpu"))' --check-cfg 'cfg(target_arch,values("loongarch32"))' --check-cfg 'cfg(target_os,values("psx"))' --check-cfg 'cfg(target_env,values("psx"))' --check-cfg 'cfg(target_feature,values("lse2","lse128","rcpc3"))' --check-cfg 'cfg(target_feature,values("quadword-atomics"))' --check-cfg 'cfg(target_feature,values("zaamo","zabha"))' --check-cfg 'cfg(target_feature,values("zacas"))' --check-cfg 'cfg(target_pointer_width,values("128"))' --check-cfg 'cfg(portable_atomic_no_outline_atomics,portable_atomic_outline_atomics,portable_atomic_unstable_f16,portable_atomic_unstable_f128)' --check-cfg 'cfg(portable_atomic_unstable_coerce_unsized)' --check-cfg 'cfg(portable_atomic_test_detect_false,portable_atomic_test_no_std_static_assert_ffi,qemu,valgrind)' --cfg 'feature="default"' --cfg 'feature="fallback"' --check-cfg 'cfg(docsrs,test)' --check-cfg 'cfg(feature, values("critical-section", "default", "disable-fiq", "fallback", "float", "force-amo", "require-cas", "s-mode", "serde", "std", "unsafe-assume-single-core"))' -C metadata=c7f8bb09dee328b1 -C extra-filename=-48244d155777222c --out-dir /mnt/data1/nix/vendor/rust/cargo2nix/submodules/rust/target/debug/build/portable-atomic-48244d155777222c -L dependency=/mnt/data1/nix/vendor/rust/cargo2nix/submodules/rust/target/debug/deps --cap-lints allow`
WITNESS_SYMBOL: {"symbol":"simple_scanner_start","from":"main","file":"simple_scanner.rs","line":120}
SCAN_DIR: /mnt/data1/nix/vendor/rust/cargo2nix/submodules/rust/compiler/rustc_driver/scan_results
SAVED: 19 items to /mnt/data1/nix/vendor/rust/cargo2nix/submodules/rust/compiler/rustc_driver/scan_results/utf8-width.json
WITNESS_SYMBOL: {"symbol":"simple_scanner_end","from":"main","file":"simple_scanner.rs","line":126}
SUMMARY_DIR: /mnt/data1/nix/vendor/rust/cargo2nix/submodules/rust/compiler/rustc_driver/scan_results
SUMMARY: 19 item types saved to /mnt/data1/nix/vendor/rust/cargo2nix/submodules/rust/compiler/rustc_driver/scan_results/utf8-width_summary.json
WITNESS_SYMBOL: {"symbol":"simple_scanner_start","from":"main","file":"simple_scanner.rs","line":120}
   Compiling cxxbridge-flags v1.0.168
     Running `/home/mdupont/nix/vendor/rust/cargo2nix/submodules/rust/compiler/rustc_driver/simple_scanner --crate-name cxxbridge_flags --edition=2021 /home/mdupont/.cargo/registry/src/index.crates.io-1949cf8c6b5b557f/cxxbridge-flags-1.0.168/src/lib.rs --error-format=json --json=diagnostic-rendered-ansi,artifacts,future-incompat --crate-type lib --emit=dep-info,metadata,link -C embed-bitcode=no --cfg 'feature="c++20"' --cfg 'feature="default"' --check-cfg 'cfg(docsrs,test)' --check-cfg 'cfg(feature, values("c++14", "c++17", "c++20", "default"))' -C metadata=8ed5d44bad67a9a4 -C extra-filename=-44f85a0a74ff851d --out-dir /mnt/data1/nix/vendor/rust/cargo2nix/submodules/rust/target/debug/deps -L dependency=/mnt/data1/nix/vendor/rust/cargo2nix/submodules/rust/target/debug/deps --cap-lints allow`
SUMMARY_DIR: /mnt/data1/nix/vendor/rust/cargo2nix/submodules/rust/compiler/rustc_driver/scan_results
WITNESS_SYMBOL: {"symbol":"simple_scanner_end","from":"main","file":"simple_scanner.rs","line":126}
SUMMARY: 41 item types saved to /mnt/data1/nix/vendor/rust/cargo2nix/submodules/rust/compiler/rustc_driver/scan_results/uuid_summary.json
   Compiling syn v1.0.109
     Running `/home/mdupont/nix/vendor/rust/cargo2nix/submodules/rust/compiler/rustc_driver/simple_scanner --crate-name build_script_build --edition=2018 /home/mdupont/.cargo/registry/src/index.crates.io-1949cf8c6b5b557f/syn-1.0.109/build.rs --error-format=json --json=diagnostic-rendered-ansi,artifacts,future-incompat --crate-type bin --emit=dep-info,link -C embed-bitcode=no --cfg 'feature="clone-impls"' --cfg 'feature="default"' --cfg 'feature="derive"' --cfg 'feature="extra-traits"' --cfg 'feature="parsing"' --cfg 'feature="printing"' --cfg 'feature="proc-macro"' --cfg 'feature="quote"' --check-cfg 'cfg(docsrs,test)' --check-cfg 'cfg(feature, values("clone-impls", "default", "derive", "extra-traits", "fold", "full", "parsing", "printing", "proc-macro", "quote", "test", "visit", "visit-mut"))' -C metadata=434c3926b9fd1537 -C extra-filename=-24f7a0e5406b1bb0 --out-dir /mnt/data1/nix/vendor/rust/cargo2nix/submodules/rust/target/debug/build/syn-24f7a0e5406b1bb0 -L dependency=/mnt/data1/nix/vendor/rust/cargo2nix/submodules/rust/target/debug/deps --cap-lints allow`
SCAN_DIR: /mnt/data1/nix/vendor/rust/cargo2nix/submodules/rust/compiler/rustc_driver/scan_results
WITNESS_SYMBOL: {"symbol":"simple_scanner_start","from":"main","file":"simple_scanner.rs","line":120}
SAVED: 12 items to /mnt/data1/nix/vendor/rust/cargo2nix/submodules/rust/compiler/rustc_driver/scan_results/portable-atomic.json
SCAN_DIR: /mnt/data1/nix/vendor/rust/cargo2nix/submodules/rust/compiler/rustc_driver/scan_results
SAVED: 2 items to /mnt/data1/nix/vendor/rust/cargo2nix/submodules/rust/compiler/rustc_driver/scan_results/cxxbridge-flags.json
WITNESS_SYMBOL: {"symbol":"simple_scanner_start","from":"main","file":"simple_scanner.rs","line":120}
SUMMARY_DIR: /mnt/data1/nix/vendor/rust/cargo2nix/submodules/rust/compiler/rustc_driver/scan_results
SUMMARY: 2 item types saved to /mnt/data1/nix/vendor/rust/cargo2nix/submodules/rust/compiler/rustc_driver/scan_results/cxxbridge-flags_summary.json
SCAN_DIR: /mnt/data1/nix/vendor/rust/cargo2nix/submodules/rust/compiler/rustc_driver/scan_results
SAVED: 6 items to /mnt/data1/nix/vendor/rust/cargo2nix/submodules/rust/compiler/rustc_driver/scan_results/syn.json
WITNESS_SYMBOL: {"symbol":"simple_scanner_end","from":"main","file":"simple_scanner.rs","line":126}
SUMMARY_DIR: /mnt/data1/nix/vendor/rust/cargo2nix/submodules/rust/compiler/rustc_driver/scan_results
SUMMARY: 5 item types saved to /mnt/data1/nix/vendor/rust/cargo2nix/submodules/rust/compiler/rustc_driver/scan_results/serde_derive_internals_summary.json
   Compiling cxx v1.0.168
     Running `/home/mdupont/nix/vendor/rust/cargo2nix/submodules/rust/compiler/rustc_driver/simple_scanner --crate-name build_script_build --edition=2021 /home/mdupont/.cargo/registry/src/index.crates.io-1949cf8c6b5b557f/cxx-1.0.168/build.rs --error-format=json --json=diagnostic-rendered-ansi,artifacts,future-incompat --crate-type bin --emit=dep-info,link -C embed-bitcode=no --cfg 'feature="alloc"' --cfg 'feature="c++20"' --cfg 'feature="default"' --cfg 'feature="std"' --check-cfg 'cfg(docsrs,test)' --check-cfg 'cfg(feature, values("alloc", "c++14", "c++17", "c++20", "default", "std"))' -C metadata=3f84aeb3a0aea7a7 -C extra-filename=-41216de7c80ad97f --out-dir /mnt/data1/nix/vendor/rust/cargo2nix/submodules/rust/target/debug/build/cxx-41216de7c80ad97f -L dependency=/mnt/data1/nix/vendor/rust/cargo2nix/submodules/rust/target/debug/deps --extern cc=/mnt/data1/nix/vendor/rust/cargo2nix/submodules/rust/target/debug/deps/libcc-436b02cffdc96910.rlib --extern cxxbridge_flags=/mnt/data1/nix/vendor/rust/cargo2nix/submodules/rust/target/debug/deps/libcxxbridge_flags-44f85a0a74ff851d.rlib --cap-lints allow`
WITNESS_SYMBOL: {"symbol":"simple_scanner_end","from":"main","file":"simple_scanner.rs","line":126}
     Running `/mnt/data1/nix/vendor/rust/cargo2nix/submodules/rust/target/debug/build/curl-sys-89d5cd5d05d39f4d/build-script-build`
SUMMARY_DIR: /mnt/data1/nix/vendor/rust/cargo2nix/submodules/rust/compiler/rustc_driver/scan_results
SUMMARY: 6 item types saved to /mnt/data1/nix/vendor/rust/cargo2nix/submodules/rust/compiler/rustc_driver/scan_results/syn_summary.json
WITNESS_SYMBOL: {"symbol":"simple_scanner_start","from":"main","file":"simple_scanner.rs","line":120}
SUMMARY_DIR: /mnt/data1/nix/vendor/rust/cargo2nix/submodules/rust/compiler/rustc_driver/scan_results
SUMMARY: 38 item types saved to /mnt/data1/nix/vendor/rust/cargo2nix/submodules/rust/compiler/rustc_driver/scan_results/nix_summary.json
SCAN_DIR: /mnt/data1/nix/vendor/rust/cargo2nix/submodules/rust/compiler/rustc_driver/scan_results
   Compiling html-escape v0.2.13
     Running `/home/mdupont/nix/vendor/rust/cargo2nix/submodules/rust/compiler/rustc_driver/simple_scanner --crate-name html_escape --edition=2021 /home/mdupont/.cargo/registry/src/index.crates.io-1949cf8c6b5b557f/html-escape-0.2.13/src/lib.rs --error-format=json --json=diagnostic-rendered-ansi,artifacts,future-incompat --crate-type lib --emit=dep-info,metadata,link -C embed-bitcode=no -C debuginfo=2 --cfg 'feature="default"' --cfg 'feature="std"' --check-cfg 'cfg(docsrs,test)' --check-cfg 'cfg(feature, values("default", "std"))' -C metadata=1bdac78fe44a4066 -C extra-filename=-2ac8bba86496aa2d --out-dir /mnt/data1/nix/vendor/rust/cargo2nix/submodules/rust/target/debug/deps -L dependency=/mnt/data1/nix/vendor/rust/cargo2nix/submodules/rust/target/debug/deps --extern utf8_width=/mnt/data1/nix/vendor/rust/cargo2nix/submodules/rust/target/debug/deps/libutf8_width-9b2a71eded162879.rmeta --cap-lints allow`
SAVED: 6 items to /mnt/data1/nix/vendor/rust/cargo2nix/submodules/rust/compiler/rustc_driver/scan_results/cxx.json
WITNESS_SYMBOL: {"symbol":"simple_scanner_start","from":"main","file":"simple_scanner.rs","line":120}
SUMMARY_DIR: /mnt/data1/nix/vendor/rust/cargo2nix/submodules/rust/compiler/rustc_driver/scan_results
SUMMARY: 6 item types saved to /mnt/data1/nix/vendor/rust/cargo2nix/submodules/rust/compiler/rustc_driver/scan_results/cxx_summary.json
SUMMARY_DIR: /mnt/data1/nix/vendor/rust/cargo2nix/submodules/rust/compiler/rustc_driver/scan_results
SUMMARY: 12 item types saved to /mnt/data1/nix/vendor/rust/cargo2nix/submodules/rust/compiler/rustc_driver/scan_results/portable-atomic_summary.json
SUMMARY_DIR: /mnt/data1/nix/vendor/rust/cargo2nix/submodules/rust/compiler/rustc_driver/scan_results
SUMMARY: 34 item types saved to /mnt/data1/nix/vendor/rust/cargo2nix/submodules/rust/compiler/rustc_driver/scan_results/pulldown-cmark_summary.json
SCAN_DIR: /mnt/data1/nix/vendor/rust/cargo2nix/submodules/rust/compiler/rustc_driver/scan_results
SAVED: 6 items to /mnt/data1/nix/vendor/rust/cargo2nix/submodules/rust/compiler/rustc_driver/scan_results/html-escape.json
SUMMARY_DIR: /mnt/data1/nix/vendor/rust/cargo2nix/submodules/rust/compiler/rustc_driver/scan_results
SUMMARY: 13 item types saved to /mnt/data1/nix/vendor/rust/cargo2nix/submodules/rust/compiler/rustc_driver/scan_results/regex_summary.json
WITNESS_SYMBOL: {"symbol":"simple_scanner_end","from":"main","file":"simple_scanner.rs","line":126}
WITNESS_SYMBOL: {"symbol":"simple_scanner_end","from":"main","file":"simple_scanner.rs","line":126}
     Running `/mnt/data1/nix/vendor/rust/cargo2nix/submodules/rust/target/debug/build/capstone-sys-b13ce66955d464f6/build-script-build`
   Compiling tar v0.4.44
     Running `/home/mdupont/nix/vendor/rust/cargo2nix/submodules/rust/compiler/rustc_driver/simple_scanner --crate-name tar --edition=2021 /home/mdupont/.cargo/registry/src/index.crates.io-1949cf8c6b5b557f/tar-0.4.44/src/lib.rs --error-format=json --json=diagnostic-rendered-ansi,artifacts,future-incompat --crate-type lib --emit=dep-info,metadata,link -C embed-bitcode=no -C debuginfo=2 --cfg 'feature="default"' --cfg 'feature="xattr"' --check-cfg 'cfg(docsrs,test)' --check-cfg 'cfg(feature, values("default", "xattr"))' -C metadata=f9c5eff82462fd7a -C extra-filename=-0df6b256048253ba --out-dir /mnt/data1/nix/vendor/rust/cargo2nix/submodules/rust/target/debug/deps -L dependency=/mnt/data1/nix/vendor/rust/cargo2nix/submodules/rust/target/debug/deps --extern filetime=/mnt/data1/nix/vendor/rust/cargo2nix/submodules/rust/target/debug/deps/libfiletime-eb8d974f99786c5a.rmeta --extern libc=/mnt/data1/nix/vendor/rust/cargo2nix/submodules/rust/target/debug/deps/liblibc-ea591502e5075e1d.rmeta --extern xattr=/mnt/data1/nix/vendor/rust/cargo2nix/submodules/rust/target/debug/deps/libxattr-f90ae31308336bb1.rmeta --cap-lints allow`
WITNESS_SYMBOL: {"symbol":"simple_scanner_start","from":"main","file":"simple_scanner.rs","line":120}
SCAN_DIR: /mnt/data1/nix/vendor/rust/cargo2nix/submodules/rust/compiler/rustc_driver/scan_results
SAVED: 16 items to /mnt/data1/nix/vendor/rust/cargo2nix/submodules/rust/compiler/rustc_driver/scan_results/tar.json
WITNESS_SYMBOL: {"symbol":"simple_scanner_end","from":"main","file":"simple_scanner.rs","line":126}
     Running `/mnt/data1/nix/vendor/rust/cargo2nix/submodules/rust/target/debug/build/syn-24f7a0e5406b1bb0/build-script-build`
WITNESS_SYMBOL: {"symbol":"simple_scanner_end","from":"main","file":"simple_scanner.rs","line":126}
     Running `/mnt/data1/nix/vendor/rust/cargo2nix/submodules/rust/target/debug/build/libffi-sys-2965e72e176f07c0/build-script-build`
WITNESS_SYMBOL: {"symbol":"simple_scanner_end","from":"main","file":"simple_scanner.rs","line":126}
SUMMARY_DIR: /mnt/data1/nix/vendor/rust/cargo2nix/submodules/rust/compiler/rustc_driver/scan_results
SUMMARY: 23 item types saved to /mnt/data1/nix/vendor/rust/cargo2nix/submodules/rust/compiler/rustc_driver/scan_results/bstr_summary.json
   Compiling futf v0.1.5
     Running `/home/mdupont/nix/vendor/rust/cargo2nix/submodules/rust/compiler/rustc_driver/simple_scanner --crate-name futf --edition=2015 /home/mdupont/.cargo/registry/src/index.crates.io-1949cf8c6b5b557f/futf-0.1.5/src/lib.rs --error-format=json --json=diagnostic-rendered-ansi,artifacts,future-incompat --crate-type lib --emit=dep-info,metadata,link -C embed-bitcode=no -C debuginfo=2 --check-cfg 'cfg(docsrs,test)' --check-cfg 'cfg(feature, values())' -C metadata=cdbb51fea9d9849a -C extra-filename=-cb2dcd7b512e8430 --out-dir /mnt/data1/nix/vendor/rust/cargo2nix/submodules/rust/target/debug/deps -L dependency=/mnt/data1/nix/vendor/rust/cargo2nix/submodules/rust/target/debug/deps --extern mac=/mnt/data1/nix/vendor/rust/cargo2nix/submodules/rust/target/debug/deps/libmac-53652e72f269ca54.rmeta --extern debug_unreachable=/mnt/data1/nix/vendor/rust/cargo2nix/submodules/rust/target/debug/deps/libdebug_unreachable-4d31cb5ae9a8b4e9.rmeta --cap-lints allow`
   Compiling markup5ever v0.14.1
     Running `/home/mdupont/nix/vendor/rust/cargo2nix/submodules/rust/compiler/rustc_driver/simple_scanner --crate-name build_script_build --edition=2021 /home/mdupont/.cargo/registry/src/index.crates.io-1949cf8c6b5b557f/markup5ever-0.14.1/build.rs --error-format=json --json=diagnostic-rendered-ansi,artifacts,future-incompat --crate-type bin --emit=dep-info,link -C embed-bitcode=no --check-cfg 'cfg(docsrs,test)' --check-cfg 'cfg(feature, values())' -C metadata=c153b667a81febd8 -C extra-filename=-2507201317194821 --out-dir /mnt/data1/nix/vendor/rust/cargo2nix/submodules/rust/target/debug/build/markup5ever-2507201317194821 -L dependency=/mnt/data1/nix/vendor/rust/cargo2nix/submodules/rust/target/debug/deps --extern phf_codegen=/mnt/data1/nix/vendor/rust/cargo2nix/submodules/rust/target/debug/deps/libphf_codegen-9cfc5266d033463d.rlib --extern string_cache_codegen=/mnt/data1/nix/vendor/rust/cargo2nix/submodules/rust/target/debug/deps/libstring_cache_codegen-e375ca45219bcc55.rlib --cap-lints allow`
WITNESS_SYMBOL: {"symbol":"simple_scanner_start","from":"main","file":"simple_scanner.rs","line":120}
WITNESS_SYMBOL: {"symbol":"simple_scanner_start","from":"main","file":"simple_scanner.rs","line":120}
WITNESS_SYMBOL: {"symbol":"simple_scanner_end","from":"main","file":"simple_scanner.rs","line":126}
     Running `/home/mdupont/nix/vendor/rust/cargo2nix/submodules/rust/compiler/rustc_driver/simple_scanner --crate-name scratch --edition=2015 /home/mdupont/.cargo/registry/src/index.crates.io-1949cf8c6b5b557f/scratch-1.0.9/src/lib.rs --error-format=json --json=diagnostic-rendered-ansi,artifacts,future-incompat --crate-type lib --emit=dep-info,metadata,link -C embed-bitcode=no --check-cfg 'cfg(docsrs,test)' --check-cfg 'cfg(feature, values())' -C metadata=8abb332642108ec5 -C extra-filename=-6923646c842e777c --out-dir /mnt/data1/nix/vendor/rust/cargo2nix/submodules/rust/target/debug/deps -L dependency=/mnt/data1/nix/vendor/rust/cargo2nix/submodules/rust/target/debug/deps --cap-lints allow`
SCAN_DIR: /mnt/data1/nix/vendor/rust/cargo2nix/submodules/rust/compiler/rustc_driver/scan_results
SAVED: 11 items to /mnt/data1/nix/vendor/rust/cargo2nix/submodules/rust/compiler/rustc_driver/scan_results/markup5ever.json
SCAN_DIR: /mnt/data1/nix/vendor/rust/cargo2nix/submodules/rust/compiler/rustc_driver/scan_results
SAVED: 14 items to /mnt/data1/nix/vendor/rust/cargo2nix/submodules/rust/compiler/rustc_driver/scan_results/futf.json
SUMMARY_DIR: /mnt/data1/nix/vendor/rust/cargo2nix/submodules/rust/compiler/rustc_driver/scan_results
SUMMARY: 10 item types saved to /mnt/data1/nix/vendor/rust/cargo2nix/submodules/rust/compiler/rustc_driver/scan_results/openssl-sys_summary.json
WITNESS_SYMBOL: {"symbol":"simple_scanner_end","from":"main","file":"simple_scanner.rs","line":126}
WITNESS_SYMBOL: {"symbol":"simple_scanner_start","from":"main","file":"simple_scanner.rs","line":120}
   Compiling globset v0.4.16
     Running `/home/mdupont/nix/vendor/rust/cargo2nix/submodules/rust/compiler/rustc_driver/simple_scanner --crate-name globset --edition=2021 /home/mdupont/.cargo/registry/src/index.crates.io-1949cf8c6b5b557f/globset-0.4.16/src/lib.rs --error-format=json --json=diagnostic-rendered-ansi,artifacts,future-incompat --crate-type lib --emit=dep-info,metadata,link -C embed-bitcode=no -C debuginfo=2 --cfg 'feature="default"' --cfg 'feature="log"' --check-cfg 'cfg(docsrs,test)' --check-cfg 'cfg(feature, values("default", "log", "serde", "serde1", "simd-accel"))' -C metadata=b04d66bb3a1987c4 -C extra-filename=-63b7f665781246bb --out-dir /mnt/data1/nix/vendor/rust/cargo2nix/submodules/rust/target/debug/deps -L dependency=/mnt/data1/nix/vendor/rust/cargo2nix/submodules/rust/target/debug/deps --extern aho_corasick=/mnt/data1/nix/vendor/rust/cargo2nix/submodules/rust/target/debug/deps/libaho_corasick-22c58f580618bb46.rmeta --extern bstr=/mnt/data1/nix/vendor/rust/cargo2nix/submodules/rust/target/debug/deps/libbstr-2af089ad521756f5.rmeta --extern log=/mnt/data1/nix/vendor/rust/cargo2nix/submodules/rust/target/debug/deps/liblog-cbecb290a7a28694.rmeta --extern regex_automata=/mnt/data1/nix/vendor/rust/cargo2nix/submodules/rust/target/debug/deps/libregex_automata-1086d98e26bb955c.rmeta --extern regex_syntax=/mnt/data1/nix/vendor/rust/cargo2nix/submodules/rust/target/debug/deps/libregex_syntax-cad04a484b3f3b99.rmeta --cap-lints allow`
SCAN_DIR: /mnt/data1/nix/vendor/rust/cargo2nix/submodules/rust/compiler/rustc_driver/scan_results
SAVED: 3 items to /mnt/data1/nix/vendor/rust/cargo2nix/submodules/rust/compiler/rustc_driver/scan_results/scratch.json
SUMMARY_DIR: /mnt/data1/nix/vendor/rust/cargo2nix/submodules/rust/compiler/rustc_driver/scan_results
SUMMARY: 3 item types saved to /mnt/data1/nix/vendor/rust/cargo2nix/submodules/rust/compiler/rustc_driver/scan_results/scratch_summary.json
WITNESS_SYMBOL: {"symbol":"simple_scanner_start","from":"main","file":"simple_scanner.rs","line":120}
SUMMARY_DIR: /mnt/data1/nix/vendor/rust/cargo2nix/submodules/rust/compiler/rustc_driver/scan_results
SUMMARY: 14 item types saved to /mnt/data1/nix/vendor/rust/cargo2nix/submodules/rust/compiler/rustc_driver/scan_results/futf_summary.json
SCAN_DIR: /mnt/data1/nix/vendor/rust/cargo2nix/submodules/rust/compiler/rustc_driver/scan_results
WITNESS_SYMBOL: {"symbol":"simple_scanner_end","from":"main","file":"simple_scanner.rs","line":126}
WITNESS_SYMBOL: {"symbol":"simple_scanner_end","from":"main","file":"simple_scanner.rs","line":126}
   Compiling num-bigint v0.4.6
     Running `/home/mdupont/nix/vendor/rust/cargo2nix/submodules/rust/compiler/rustc_driver/simple_scanner --crate-name num_bigint --edition=2021 /home/mdupont/.cargo/registry/src/index.crates.io-1949cf8c6b5b557f/num-bigint-0.4.6/src/lib.rs --error-format=json --json=diagnostic-rendered-ansi,artifacts,future-incompat --crate-type lib --emit=dep-info,metadata,link -C embed-bitcode=no -C debuginfo=2 --cfg 'feature="std"' --check-cfg 'cfg(docsrs,test)' --check-cfg 'cfg(feature, values("arbitrary", "default", "quickcheck", "rand", "serde", "std"))' -C metadata=1b3dc5c058e8102e -C extra-filename=-2e94d6e1da539f30 --out-dir /mnt/data1/nix/vendor/rust/cargo2nix/submodules/rust/target/debug/deps -L dependency=/mnt/data1/nix/vendor/rust/cargo2nix/submodules/rust/target/debug/deps --extern num_integer=/mnt/data1/nix/vendor/rust/cargo2nix/submodules/rust/target/debug/deps/libnum_integer-2c772279569235ed.rmeta --extern num_traits=/mnt/data1/nix/vendor/rust/cargo2nix/submodules/rust/target/debug/deps/libnum_traits-e6d0bd78a2aa48f9.rmeta --cap-lints allow`
SAVED: 50 items to /mnt/data1/nix/vendor/rust/cargo2nix/submodules/rust/compiler/rustc_driver/scan_results/globset.json
     Running `/home/mdupont/nix/vendor/rust/cargo2nix/submodules/rust/compiler/rustc_driver/simple_scanner --crate-name libgit2_sys --edition=2018 /home/mdupont/.cargo/registry/src/index.crates.io-1949cf8c6b5b557f/libgit2-sys-0.18.2+1.9.1/lib.rs --error-format=json --json=diagnostic-rendered-ansi,artifacts,future-incompat --crate-type lib --emit=dep-info,metadata,link -C embed-bitcode=no --cfg 'feature="https"' --cfg 'feature="openssl-sys"' --check-cfg 'cfg(docsrs,test)' --check-cfg 'cfg(feature, values("https", "libssh2-sys", "openssl-sys", "ssh", "vendored", "vendored-openssl", "zlib-ng-compat"))' -C metadata=516ea8f0d776a256 -C extra-filename=-ffecbc074eefc0b7 --out-dir /mnt/data1/nix/vendor/rust/cargo2nix/submodules/rust/target/debug/deps -L dependency=/mnt/data1/nix/vendor/rust/cargo2nix/submodules/rust/target/debug/deps --extern libc=/mnt/data1/nix/vendor/rust/cargo2nix/submodules/rust/target/debug/deps/liblibc-18e57f6ee9f0dceb.rmeta --extern libz_sys=/mnt/data1/nix/vendor/rust/cargo2nix/submodules/rust/target/debug/deps/liblibz_sys-e79bf5db64372cd0.rmeta --extern openssl_sys=/mnt/data1/nix/vendor/rust/cargo2nix/submodules/rust/target/debug/deps/libopenssl_sys-e9a3f620159546a3.rmeta --cap-lints allow -L native=/nix/store/x5la0prz2lwhh06qhz9bmh49cypspn8v-libgit2-1.9.1-lib/lib -L native=/nix/store/l7xwm1f6f3zj2x8jwdbi8gdyfbx07sh7-zlib-1.3.1/lib -L native=/nix/store/61i74yjkj9p1qphfl7018ja4sdwkipx0-openssl-3.6.0/lib -l git2 --check-cfg 'cfg(libgit2_vendored,)'`
SUMMARY_DIR: /mnt/data1/nix/vendor/rust/cargo2nix/submodules/rust/compiler/rustc_driver/scan_results
SUMMARY: 11 item types saved to /mnt/data1/nix/vendor/rust/cargo2nix/submodules/rust/compiler/rustc_driver/scan_results/markup5ever_summary.json
WITNESS_SYMBOL: {"symbol":"simple_scanner_start","from":"main","file":"simple_scanner.rs","line":120}
WITNESS_SYMBOL: {"symbol":"simple_scanner_start","from":"main","file":"simple_scanner.rs","line":120}
SCAN_DIR: /mnt/data1/nix/vendor/rust/cargo2nix/submodules/rust/compiler/rustc_driver/scan_results
SAVED: 29 items to /mnt/data1/nix/vendor/rust/cargo2nix/submodules/rust/compiler/rustc_driver/scan_results/num-bigint.json
WITNESS_SYMBOL: {"symbol":"simple_scanner_end","from":"main","file":"simple_scanner.rs","line":126}
SCAN_DIR: /mnt/data1/nix/vendor/rust/cargo2nix/submodules/rust/compiler/rustc_driver/scan_results
     Running `/mnt/data1/nix/vendor/rust/cargo2nix/submodules/rust/target/debug/build/portable-atomic-48244d155777222c/build-script-build`
WITNESS_SYMBOL: {"symbol":"simple_scanner_end","from":"main","file":"simple_scanner.rs","line":126}
   Compiling tikv-jemalloc-sys v0.6.0+5.3.0-1-ge13ca993e8ccb9ba9847cc330696e02839f328f7
     Running `/home/mdupont/nix/vendor/rust/cargo2nix/submodules/rust/compiler/rustc_driver/simple_scanner --crate-name build_script_build --edition=2018 /home/mdupont/.cargo/registry/src/index.crates.io-1949cf8c6b5b557f/tikv-jemalloc-sys-0.6.0+5.3.0-1-ge13ca993e8ccb9ba9847cc330696e02839f328f7/build.rs --error-format=json --json=diagnostic-rendered-ansi,artifacts,future-incompat --crate-type bin --emit=dep-info,link -C embed-bitcode=no --cfg 'feature="background_threads_runtime_support"' --cfg 'feature="default"' --cfg 'feature="unprefixed_malloc_on_supported_platforms"' --check-cfg 'cfg(docsrs,test)' --check-cfg 'cfg(feature, values("background_threads", "background_threads_runtime_support", "debug", "default", "disable_cache_oblivious", "disable_initial_exec_tls", "profiling", "stats", "unprefixed_malloc_on_supported_platforms"))' -C metadata=66848f21bed56a9e -C extra-filename=-7df5ac9ffbab88e6 --out-dir /mnt/data1/nix/vendor/rust/cargo2nix/submodules/rust/target/debug/build/tikv-jemalloc-sys-7df5ac9ffbab88e6 -L dependency=/mnt/data1/nix/vendor/rust/cargo2nix/submodules/rust/target/debug/deps --extern cc=/mnt/data1/nix/vendor/rust/cargo2nix/submodules/rust/target/debug/deps/libcc-436b02cffdc96910.rlib --cap-lints allow`
   Compiling codespan-reporting v0.12.0
     Running `/home/mdupont/nix/vendor/rust/cargo2nix/submodules/rust/compiler/rustc_driver/simple_scanner --crate-name codespan_reporting --edition=2021 /home/mdupont/.cargo/registry/src/index.crates.io-1949cf8c6b5b557f/codespan-reporting-0.12.0/src/lib.rs --error-format=json --json=diagnostic-rendered-ansi,artifacts,future-incompat --crate-type lib --emit=dep-info,metadata,link -C embed-bitcode=no '--warn=clippy::std_instead_of_core' '--warn=clippy::std_instead_of_alloc' '--warn=clippy::alloc_instead_of_core' --cfg 'feature="default"' --cfg 'feature="std"' --cfg 'feature="termcolor"' --check-cfg 'cfg(docsrs,test)' --check-cfg 'cfg(feature, values("ascii-only", "default", "serde", "serialization", "std", "termcolor"))' -C metadata=0916d00d75ff769c -C extra-filename=-055be9eddb3b845e --out-dir /mnt/data1/nix/vendor/rust/cargo2nix/submodules/rust/target/debug/deps -L dependency=/mnt/data1/nix/vendor/rust/cargo2nix/submodules/rust/target/debug/deps --extern termcolor=/mnt/data1/nix/vendor/rust/cargo2nix/submodules/rust/target/debug/deps/libtermcolor-c9b02eca1e37219c.rmeta --extern unicode_width=/mnt/data1/nix/vendor/rust/cargo2nix/submodules/rust/target/debug/deps/libunicode_width-4c7a73551c4704b9.rmeta --cap-lints allow`
SAVED: 308 items to /mnt/data1/nix/vendor/rust/cargo2nix/submodules/rust/compiler/rustc_driver/scan_results/libgit2-sys.json
WITNESS_SYMBOL: {"symbol":"simple_scanner_start","from":"main","file":"simple_scanner.rs","line":120}
WITNESS_SYMBOL: {"symbol":"simple_scanner_start","from":"main","file":"simple_scanner.rs","line":120}
SCAN_DIR: /mnt/data1/nix/vendor/rust/cargo2nix/submodules/rust/compiler/rustc_driver/scan_results
SAVED: 17 items to /mnt/data1/nix/vendor/rust/cargo2nix/submodules/rust/compiler/rustc_driver/scan_results/tikv-jemalloc-sys.json
SCAN_DIR: /mnt/data1/nix/vendor/rust/cargo2nix/submodules/rust/compiler/rustc_driver/scan_results
SAVED: 5 items to /mnt/data1/nix/vendor/rust/cargo2nix/submodules/rust/compiler/rustc_driver/scan_results/codespan-reporting.json
SUMMARY_DIR: /mnt/data1/nix/vendor/rust/cargo2nix/submodules/rust/compiler/rustc_driver/scan_results
SUMMARY: 17 item types saved to /mnt/data1/nix/vendor/rust/cargo2nix/submodules/rust/compiler/rustc_driver/scan_results/tikv-jemalloc-sys_summary.json
SUMMARY_DIR: /mnt/data1/nix/vendor/rust/cargo2nix/submodules/rust/compiler/rustc_driver/scan_results
SUMMARY: 16 item types saved to /mnt/data1/nix/vendor/rust/cargo2nix/submodules/rust/compiler/rustc_driver/scan_results/tar_summary.json
SUMMARY_DIR: /mnt/data1/nix/vendor/rust/cargo2nix/submodules/rust/compiler/rustc_driver/scan_results
SUMMARY: 50 item types saved to /mnt/data1/nix/vendor/rust/cargo2nix/submodules/rust/compiler/rustc_driver/scan_results/globset_summary.json
SUMMARY_DIR: /mnt/data1/nix/vendor/rust/cargo2nix/submodules/rust/compiler/rustc_driver/scan_results
SUMMARY: 36 item types saved to /mnt/data1/nix/vendor/rust/cargo2nix/submodules/rust/compiler/rustc_driver/scan_results/rayon_summary.json
SUMMARY_DIR: /mnt/data1/nix/vendor/rust/cargo2nix/submodules/rust/compiler/rustc_driver/scan_results
SUMMARY: 6 item types saved to /mnt/data1/nix/vendor/rust/cargo2nix/submodules/rust/compiler/rustc_driver/scan_results/html-escape_summary.json
SUMMARY_DIR: /mnt/data1/nix/vendor/rust/cargo2nix/submodules/rust/compiler/rustc_driver/scan_results
SUMMARY: 308 item types saved to /mnt/data1/nix/vendor/rust/cargo2nix/submodules/rust/compiler/rustc_driver/scan_results/libgit2-sys_summary.json
WITNESS_SYMBOL: {"symbol":"simple_scanner_end","from":"main","file":"simple_scanner.rs","line":126}
WITNESS_SYMBOL: {"symbol":"simple_scanner_end","from":"main","file":"simple_scanner.rs","line":126}
   Compiling ignore v0.4.23
     Running `/home/mdupont/nix/vendor/rust/cargo2nix/submodules/rust/compiler/rustc_driver/simple_scanner --crate-name ignore --edition=2021 /home/mdupont/.cargo/registry/src/index.crates.io-1949cf8c6b5b557f/ignore-0.4.23/src/lib.rs --error-format=json --json=diagnostic-rendered-ansi,artifacts,future-incompat --crate-type lib --emit=dep-info,metadata,link -C embed-bitcode=no -C debuginfo=2 --check-cfg 'cfg(docsrs,test)' --check-cfg 'cfg(feature, values("simd-accel"))' -C metadata=2c82665eaf048825 -C extra-filename=-032a5b5f71df29a9 --out-dir /mnt/data1/nix/vendor/rust/cargo2nix/submodules/rust/target/debug/deps -L dependency=/mnt/data1/nix/vendor/rust/cargo2nix/submodules/rust/target/debug/deps --extern crossbeam_deque=/mnt/data1/nix/vendor/rust/cargo2nix/submodules/rust/target/debug/deps/libcrossbeam_deque-8de9badfcbe54e50.rmeta --extern globset=/mnt/data1/nix/vendor/rust/cargo2nix/submodules/rust/target/debug/deps/libglobset-63b7f665781246bb.rmeta --extern log=/mnt/data1/nix/vendor/rust/cargo2nix/submodules/rust/target/debug/deps/liblog-cbecb290a7a28694.rmeta --extern memchr=/mnt/data1/nix/vendor/rust/cargo2nix/submodules/rust/target/debug/deps/libmemchr-31b9c6cef7758eb1.rmeta --extern regex_automata=/mnt/data1/nix/vendor/rust/cargo2nix/submodules/rust/target/debug/deps/libregex_automata-1086d98e26bb955c.rmeta --extern same_file=/mnt/data1/nix/vendor/rust/cargo2nix/submodules/rust/target/debug/deps/libsame_file-7e6cb25f76624a2e.rmeta --extern walkdir=/mnt/data1/nix/vendor/rust/cargo2nix/submodules/rust/target/debug/deps/libwalkdir-b45cc7a5574640d8.rmeta --cap-lints allow`
   Compiling phf_shared v0.12.1
     Running `/home/mdupont/nix/vendor/rust/cargo2nix/submodules/rust/compiler/rustc_driver/simple_scanner --crate-name phf_shared --edition=2021 /home/mdupont/.cargo/registry/src/index.crates.io-1949cf8c6b5b557f/phf_shared-0.12.1/src/lib.rs --error-format=json --json=diagnostic-rendered-ansi,artifacts,future-incompat --crate-type lib --emit=dep-info,metadata,link -C embed-bitcode=no -C debuginfo=2 --check-cfg 'cfg(docsrs,test)' --check-cfg 'cfg(feature, values("default", "std", "uncased", "unicase"))' -C metadata=27d6eb68b2b5f2a7 -C extra-filename=-6c206a3c440449e7 --out-dir /mnt/data1/nix/vendor/rust/cargo2nix/submodules/rust/target/debug/deps -L dependency=/mnt/data1/nix/vendor/rust/cargo2nix/submodules/rust/target/debug/deps --extern siphasher=/mnt/data1/nix/vendor/rust/cargo2nix/submodules/rust/target/debug/deps/libsiphasher-7c1552b8576267b4.rmeta --cap-lints allow`
WITNESS_SYMBOL: {"symbol":"simple_scanner_end","from":"main","file":"simple_scanner.rs","line":126}
WITNESS_SYMBOL: {"symbol":"simple_scanner_end","from":"main","file":"simple_scanner.rs","line":126}
   Compiling inout v0.1.4
WITNESS_SYMBOL: {"symbol":"simple_scanner_start","from":"main","file":"simple_scanner.rs","line":120}
     Running `/home/mdupont/nix/vendor/rust/cargo2nix/submodules/rust/compiler/rustc_driver/simple_scanner --crate-name inout --edition=2021 /home/mdupont/.cargo/registry/src/index.crates.io-1949cf8c6b5b557f/inout-0.1.4/src/lib.rs --error-format=json --json=diagnostic-rendered-ansi,artifacts,future-incompat --crate-type lib --emit=dep-info,metadata,link -C embed-bitcode=no -C debuginfo=2 --check-cfg 'cfg(docsrs,test)' --check-cfg 'cfg(feature, values("block-padding", "std"))' -C metadata=f9436f5c0f68bdfc -C extra-filename=-173cc508e0efc0ba --out-dir /mnt/data1/nix/vendor/rust/cargo2nix/submodules/rust/target/debug/deps -L dependency=/mnt/data1/nix/vendor/rust/cargo2nix/submodules/rust/target/debug/deps --extern generic_array=/mnt/data1/nix/vendor/rust/cargo2nix/submodules/rust/target/debug/deps/libgeneric_array-ca695b7bfca8747b.rmeta --cap-lints allow`
   Compiling fs-err v2.11.0
WITNESS_SYMBOL: {"symbol":"simple_scanner_start","from":"main","file":"simple_scanner.rs","line":120}
     Running `/home/mdupont/nix/vendor/rust/cargo2nix/submodules/rust/compiler/rustc_driver/simple_scanner --crate-name build_script_build --edition=2018 /home/mdupont/.cargo/registry/src/index.crates.io-1949cf8c6b5b557f/fs-err-2.11.0/build.rs --error-format=json --json=diagnostic-rendered-ansi,artifacts,future-incompat --crate-type bin --emit=dep-info,link -C embed-bitcode=no --check-cfg 'cfg(docsrs,test)' --check-cfg 'cfg(feature, values("io_safety", "tokio"))' -C metadata=ba4fa52cc05a2eac -C extra-filename=-b2b1953f281b8700 --out-dir /mnt/data1/nix/vendor/rust/cargo2nix/submodules/rust/target/debug/build/fs-err-b2b1953f281b8700 -L dependency=/mnt/data1/nix/vendor/rust/cargo2nix/submodules/rust/target/debug/deps --extern autocfg=/mnt/data1/nix/vendor/rust/cargo2nix/submodules/rust/target/debug/deps/libautocfg-ab66ad43d4ad71fb.rlib --cap-lints allow`
SCAN_DIR: /mnt/data1/nix/vendor/rust/cargo2nix/submodules/rust/compiler/rustc_driver/scan_results
SAVED: 20 items to /mnt/data1/nix/vendor/rust/cargo2nix/submodules/rust/compiler/rustc_driver/scan_results/ignore.json
SCAN_DIR: /mnt/data1/nix/vendor/rust/cargo2nix/submodules/rust/compiler/rustc_driver/scan_results
SAVED: 98 items to /mnt/data1/nix/vendor/rust/cargo2nix/submodules/rust/compiler/rustc_driver/scan_results/phf_shared.json
WITNESS_SYMBOL: {"symbol":"simple_scanner_start","from":"main","file":"simple_scanner.rs","line":120}
WITNESS_SYMBOL: {"symbol":"simple_scanner_start","from":"main","file":"simple_scanner.rs","line":120}
WITNESS_SYMBOL: {"symbol":"simple_scanner_end","from":"main","file":"simple_scanner.rs","line":126}
SCAN_DIR: /mnt/data1/nix/vendor/rust/cargo2nix/submodules/rust/compiler/rustc_driver/scan_results
SAVED: 7 items to /mnt/data1/nix/vendor/rust/cargo2nix/submodules/rust/compiler/rustc_driver/scan_results/inout.json
SCAN_DIR: /mnt/data1/nix/vendor/rust/cargo2nix/submodules/rust/compiler/rustc_driver/scan_results
SAVED: 2 items to /mnt/data1/nix/vendor/rust/cargo2nix/submodules/rust/compiler/rustc_driver/scan_results/fs-err.json
   Compiling anstyle-lossy v1.1.4
     Running `/home/mdupont/nix/vendor/rust/cargo2nix/submodules/rust/compiler/rustc_driver/simple_scanner --crate-name anstyle_lossy --edition=2021 /home/mdupont/.cargo/registry/src/index.crates.io-1949cf8c6b5b557f/anstyle-lossy-1.1.4/src/lib.rs --error-format=json --json=diagnostic-rendered-ansi,artifacts,future-incompat --crate-type lib --emit=dep-info,metadata,link -C embed-bitcode=no -C debuginfo=2 --warn=rust_2018_idioms '--warn=clippy::zero_sized_map_values' '--warn=clippy::wildcard_imports' '--warn=clippy::verbose_file_reads' --warn=unused_qualifications --warn=unused_macro_rules --warn=unused_lifetimes --warn=unsafe_op_in_unsafe_fn --warn=unreachable_pub --warn=unnameable_types '--warn=clippy::uninlined_format_args' '--warn=clippy::trait_duplication_in_bounds' '--warn=clippy::todo' '--warn=clippy::string_to_string' '--warn=clippy::string_lit_as_bytes' '--warn=clippy::string_add_assign' '--warn=clippy::string_add' '--warn=clippy::str_to_string' '--warn=clippy::semicolon_if_nothing_returned' '--warn=clippy::self_named_module_files' '--warn=clippy::same_functions_in_if_condition' '--allow=clippy::result_large_err' '--warn=clippy::rest_pat_in_fully_bound_structs' '--warn=clippy::ref_option_ref' '--warn=clippy::redundant_feature_names' '--warn=clippy::rc_mutex' '--warn=clippy::ptr_as_ptr' '--warn=clippy::path_buf_push_overwrite' '--warn=clippy::negative_feature_names' '--warn=clippy::needless_for_each' '--allow=clippy::needless_continue' '--warn=clippy::mutex_integer' '--warn=clippy::mem_forget' '--warn=clippy::macro_use_imports' '--warn=clippy::lossy_float_literal' '--warn=clippy::linkedlist' '--allow=clippy::let_and_return' '--warn=clippy::large_types_passed_by_value' '--warn=clippy::large_stack_arrays' '--warn=clippy::large_digit_groups' '--warn=clippy::invalid_upcast_comparisons' '--warn=clippy::infinite_loop' '--warn=clippy::inefficient_to_string' '--warn=clippy::inconsistent_struct_constructor' '--warn=clippy::imprecise_flops' '--warn=clippy::implicit_clone' '--allow=clippy::if_same_then_else' '--warn=clippy::from_iter_instead_of_collect' '--warn=clippy::fn_params_excessive_bools' '--warn=clippy::float_cmp_const' '--warn=clippy::flat_map_option' '--warn=clippy::filter_map_next' '--warn=clippy::fallible_impl_from' '--warn=clippy::explicit_into_iter_loop' '--warn=clippy::explicit_deref_methods' '--warn=clippy::expl_impl_clone_on_copy' '--warn=clippy::enum_glob_use' '--warn=clippy::empty_enum' '--warn=clippy::doc_markdown' '--warn=clippy::debug_assert_with_mut_call' '--warn=clippy::dbg_macro' '--warn=clippy::create_dir' '--allow=clippy::collapsible_else_if' '--warn=clippy::checked_conversions' '--allow=clippy::branches_sharing_code' '--allow=clippy::bool_assert_comparison' --check-cfg 'cfg(docsrs,test)' --check-cfg 'cfg(feature, values())' -C metadata=fe41e62a9e679981 -C extra-filename=-6df6503cff03d310 --out-dir /mnt/data1/nix/vendor/rust/cargo2nix/submodules/rust/target/debug/deps -L dependency=/mnt/data1/nix/vendor/rust/cargo2nix/submodules/rust/target/debug/deps --extern anstyle=/mnt/data1/nix/vendor/rust/cargo2nix/submodules/rust/target/debug/deps/libanstyle-34da1d8f10e661b4.rmeta --cap-lints allow`
SUMMARY_DIR: /mnt/data1/nix/vendor/rust/cargo2nix/submodules/rust/compiler/rustc_driver/scan_results
SUMMARY: 2 item types saved to /mnt/data1/nix/vendor/rust/cargo2nix/submodules/rust/compiler/rustc_driver/scan_results/fs-err_summary.json
WITNESS_SYMBOL: {"symbol":"simple_scanner_start","from":"main","file":"simple_scanner.rs","line":120}
WITNESS_SYMBOL: {"symbol":"simple_scanner_end","from":"main","file":"simple_scanner.rs","line":126}
SCAN_DIR: /mnt/data1/nix/vendor/rust/cargo2nix/submodules/rust/compiler/rustc_driver/scan_results
   Compiling utf-8 v0.7.6
     Running `/home/mdupont/nix/vendor/rust/cargo2nix/submodules/rust/compiler/rustc_driver/simple_scanner --crate-name utf8 --edition=2015 /home/mdupont/.cargo/registry/src/index.crates.io-1949cf8c6b5b557f/utf-8-0.7.6/src/lib.rs --error-format=json --json=diagnostic-rendered-ansi,artifacts,future-incompat --crate-type lib --emit=dep-info,metadata,link -C embed-bitcode=no -C debuginfo=2 --check-cfg 'cfg(docsrs,test)' --check-cfg 'cfg(feature, values())' -C metadata=4dc92788793dab44 -C extra-filename=-e2f9477621411e71 --out-dir /mnt/data1/nix/vendor/rust/cargo2nix/submodules/rust/target/debug/deps -L dependency=/mnt/data1/nix/vendor/rust/cargo2nix/submodules/rust/target/debug/deps --cap-lints allow`
SAVED: 14 items to /mnt/data1/nix/vendor/rust/cargo2nix/submodules/rust/compiler/rustc_driver/scan_results/anstyle-lossy.json
SUMMARY_DIR: /mnt/data1/nix/vendor/rust/cargo2nix/submodules/rust/compiler/rustc_driver/scan_results
SUMMARY: 7 item types saved to /mnt/data1/nix/vendor/rust/cargo2nix/submodules/rust/compiler/rustc_driver/scan_results/inout_summary.json
WITNESS_SYMBOL: {"symbol":"simple_scanner_end","from":"main","file":"simple_scanner.rs","line":126}
   Compiling glob v0.3.3
     Running `/home/mdupont/nix/vendor/rust/cargo2nix/submodules/rust/compiler/rustc_driver/simple_scanner --crate-name glob --edition=2015 /home/mdupont/.cargo/registry/src/index.crates.io-1949cf8c6b5b557f/glob-0.3.3/src/lib.rs --error-format=json --json=diagnostic-rendered-ansi,artifacts,future-incompat --crate-type lib --emit=dep-info,metadata,link -C embed-bitcode=no -C debuginfo=2 --check-cfg 'cfg(docsrs,test)' --check-cfg 'cfg(feature, values())' -C metadata=f873c042cb1e2e84 -C extra-filename=-01ec83054492d261 --out-dir /mnt/data1/nix/vendor/rust/cargo2nix/submodules/rust/target/debug/deps -L dependency=/mnt/data1/nix/vendor/rust/cargo2nix/submodules/rust/target/debug/deps --cap-lints allow`
WITNESS_SYMBOL: {"symbol":"simple_scanner_start","from":"main","file":"simple_scanner.rs","line":120}
SCAN_DIR: /mnt/data1/nix/vendor/rust/cargo2nix/submodules/rust/compiler/rustc_driver/scan_results
SAVED: 15 items to /mnt/data1/nix/vendor/rust/cargo2nix/submodules/rust/compiler/rustc_driver/scan_results/utf-8.json
SUMMARY_DIR: /mnt/data1/nix/vendor/rust/cargo2nix/submodules/rust/compiler/rustc_driver/scan_results
SUMMARY: 14 item types saved to /mnt/data1/nix/vendor/rust/cargo2nix/submodules/rust/compiler/rustc_driver/scan_results/anstyle-lossy_summary.json
WITNESS_SYMBOL: {"symbol":"simple_scanner_start","from":"main","file":"simple_scanner.rs","line":120}
SUMMARY_DIR: /mnt/data1/nix/vendor/rust/cargo2nix/submodules/rust/compiler/rustc_driver/scan_results
SUMMARY: 5 item types saved to /mnt/data1/nix/vendor/rust/cargo2nix/submodules/rust/compiler/rustc_driver/scan_results/codespan-reporting_summary.json
SUMMARY_DIR: /mnt/data1/nix/vendor/rust/cargo2nix/submodules/rust/compiler/rustc_driver/scan_results
SUMMARY: 98 item types saved to /mnt/data1/nix/vendor/rust/cargo2nix/submodules/rust/compiler/rustc_driver/scan_results/phf_shared_summary.json
WITNESS_SYMBOL: {"symbol":"simple_scanner_end","from":"main","file":"simple_scanner.rs","line":126}
SCAN_DIR: /mnt/data1/nix/vendor/rust/cargo2nix/submodules/rust/compiler/rustc_driver/scan_results
   Compiling libm v0.2.15
     Running `/home/mdupont/nix/vendor/rust/cargo2nix/submodules/rust/compiler/rustc_driver/simple_scanner --crate-name build_script_build --edition=2021 /home/mdupont/.cargo/registry/src/index.crates.io-1949cf8c6b5b557f/libm-0.2.15/build.rs --error-format=json --json=diagnostic-rendered-ansi,artifacts,future-incompat --crate-type bin --emit=dep-info,link -C embed-bitcode=no --warn=unexpected_cfgs --check-cfg 'cfg(feature, values("compiler-builtins"))' --cfg 'feature="arch"' --cfg 'feature="default"' --check-cfg 'cfg(docsrs,test)' --check-cfg 'cfg(feature, values("arch", "default", "force-soft-floats", "unstable", "unstable-float", "unstable-intrinsics", "unstable-public-internals"))' -C metadata=067cddc04cc6f39a -C extra-filename=-eadfb1aa59d96597 --out-dir /mnt/data1/nix/vendor/rust/cargo2nix/submodules/rust/target/debug/build/libm-eadfb1aa59d96597 -L dependency=/mnt/data1/nix/vendor/rust/cargo2nix/submodules/rust/target/debug/deps --cap-lints allow`
SAVED: 49 items to /mnt/data1/nix/vendor/rust/cargo2nix/submodules/rust/compiler/rustc_driver/scan_results/glob.json
WITNESS_SYMBOL: {"symbol":"simple_scanner_end","from":"main","file":"simple_scanner.rs","line":126}
     Running `/home/mdupont/nix/vendor/rust/cargo2nix/submodules/rust/compiler/rustc_driver/simple_scanner --crate-name bitflags --edition=2021 /home/mdupont/.cargo/registry/src/index.crates.io-1949cf8c6b5b557f/bitflags-2.9.3/src/lib.rs --error-format=json --json=diagnostic-rendered-ansi,artifacts,future-incompat --crate-type lib --emit=dep-info,metadata,link -C embed-bitcode=no --check-cfg 'cfg(docsrs,test)' --check-cfg 'cfg(feature, values("arbitrary", "bytemuck", "example_generated", "serde", "std"))' -C metadata=25e48868976a0ba0 -C extra-filename=-74dc9f0d06ed17b2 --out-dir /mnt/data1/nix/vendor/rust/cargo2nix/submodules/rust/target/debug/deps -L dependency=/mnt/data1/nix/vendor/rust/cargo2nix/submodules/rust/target/debug/deps --cap-lints allow`
WITNESS_SYMBOL: {"symbol":"simple_scanner_start","from":"main","file":"simple_scanner.rs","line":120}
WITNESS_SYMBOL: {"symbol":"simple_scanner_end","from":"main","file":"simple_scanner.rs","line":126}
WITNESS_SYMBOL: {"symbol":"simple_scanner_end","from":"main","file":"simple_scanner.rs","line":126}
WITNESS_SYMBOL: {"symbol":"simple_scanner_end","from":"main","file":"simple_scanner.rs","line":126}
SUMMARY_DIR: /mnt/data1/nix/vendor/rust/cargo2nix/submodules/rust/compiler/rustc_driver/scan_results
SUMMARY: 15 item types saved to /mnt/data1/nix/vendor/rust/cargo2nix/submodules/rust/compiler/rustc_driver/scan_results/utf-8_summary.json
SCAN_DIR: /mnt/data1/nix/vendor/rust/cargo2nix/submodules/rust/compiler/rustc_driver/scan_results
SAVED: 3 items to /mnt/data1/nix/vendor/rust/cargo2nix/submodules/rust/compiler/rustc_driver/scan_results/libm.json
   Compiling bumpalo v3.19.0
     Running `/home/mdupont/nix/vendor/rust/cargo2nix/submodules/rust/compiler/rustc_driver/simple_scanner --crate-name bumpalo --edition=2021 /home/mdupont/.cargo/registry/src/index.crates.io-1949cf8c6b5b557f/bumpalo-3.19.0/src/lib.rs --error-format=json --json=diagnostic-rendered-ansi,artifacts,future-incompat --crate-type lib --emit=dep-info,metadata,link -C embed-bitcode=no -C debuginfo=2 --cfg 'feature="default"' --check-cfg 'cfg(docsrs,test)' --check-cfg 'cfg(feature, values("allocator-api2", "allocator_api", "bench_allocator_api", "boxed", "collections", "default", "serde", "std"))' -C metadata=70316c61e0c47598 -C extra-filename=-4b158d6cd54f734b --out-dir /mnt/data1/nix/vendor/rust/cargo2nix/submodules/rust/target/debug/deps -L dependency=/mnt/data1/nix/vendor/rust/cargo2nix/submodules/rust/target/debug/deps --cap-lints allow`
WITNESS_SYMBOL: {"symbol":"simple_scanner_start","from":"main","file":"simple_scanner.rs","line":120}
   Compiling chrono-tz v0.10.4
     Running `/home/mdupont/nix/vendor/rust/cargo2nix/submodules/rust/compiler/rustc_driver/simple_scanner --crate-name build_script_build --edition=2021 /home/mdupont/.cargo/registry/src/index.crates.io-1949cf8c6b5b557f/chrono-tz-0.10.4/build.rs --error-format=json --json=diagnostic-rendered-ansi,artifacts,future-incompat --crate-type bin --emit=dep-info,link -C embed-bitcode=no --cfg 'feature="default"' --cfg 'feature="std"' --check-cfg 'cfg(docsrs,test)' --check-cfg 'cfg(feature, values("arbitrary", "case-insensitive", "chrono-tz-build", "default", "filter-by-regex", "serde", "std"))' -C metadata=4f5704dcb0dfe4ed -C extra-filename=-17a5ab5c332cfdbd --out-dir /mnt/data1/nix/vendor/rust/cargo2nix/submodules/rust/target/debug/build/chrono-tz-17a5ab5c332cfdbd -L dependency=/mnt/data1/nix/vendor/rust/cargo2nix/submodules/rust/target/debug/deps --cap-lints allow`
     Running `/home/mdupont/nix/vendor/rust/cargo2nix/submodules/rust/compiler/rustc_driver/simple_scanner --crate-name log --edition=2021 /home/mdupont/.cargo/registry/src/index.crates.io-1949cf8c6b5b557f/log-0.4.27/src/lib.rs --error-format=json --json=diagnostic-rendered-ansi,artifacts,future-incompat --crate-type lib --emit=dep-info,metadata,link -C embed-bitcode=no --check-cfg 'cfg(docsrs,test)' --check-cfg 'cfg(feature, values("kv", "kv_serde", "kv_std", "kv_sval", "kv_unstable", "kv_unstable_serde", "kv_unstable_std", "kv_unstable_sval", "max_level_debug", "max_level_error", "max_level_info", "max_level_off", "max_level_trace", "max_level_warn", "release_max_level_debug", "release_max_level_error", "release_max_level_info", "release_max_level_off", "release_max_level_trace", "release_max_level_warn", "serde", "std", "sval", "sval_ref", "value-bag"))' -C metadata=23289b09bac913c9 -C extra-filename=-a80c22fb6b9269d7 --out-dir /mnt/data1/nix/vendor/rust/cargo2nix/submodules/rust/target/debug/deps -L dependency=/mnt/data1/nix/vendor/rust/cargo2nix/submodules/rust/target/debug/deps --cap-lints allow`
SCAN_DIR: /mnt/data1/nix/vendor/rust/cargo2nix/submodules/rust/compiler/rustc_driver/scan_results
SAVED: 18 items to /mnt/data1/nix/vendor/rust/cargo2nix/submodules/rust/compiler/rustc_driver/scan_results/bitflags.json
WITNESS_SYMBOL: {"symbol":"simple_scanner_start","from":"main","file":"simple_scanner.rs","line":120}
WITNESS_SYMBOL: {"symbol":"simple_scanner_start","from":"main","file":"simple_scanner.rs","line":120}
SUMMARY_DIR: /mnt/data1/nix/vendor/rust/cargo2nix/submodules/rust/compiler/rustc_driver/scan_results
WITNESS_SYMBOL: {"symbol":"simple_scanner_start","from":"main","file":"simple_scanner.rs","line":120}
SUMMARY: 3 item types saved to /mnt/data1/nix/vendor/rust/cargo2nix/submodules/rust/compiler/rustc_driver/scan_results/libm_summary.json
SUMMARY_DIR: /mnt/data1/nix/vendor/rust/cargo2nix/submodules/rust/compiler/rustc_driver/scan_results
SUMMARY: 16 item types saved to /mnt/data1/nix/vendor/rust/cargo2nix/submodules/rust/compiler/rustc_driver/scan_results/serde_summary.json
SCAN_DIR: /mnt/data1/nix/vendor/rust/cargo2nix/submodules/rust/compiler/rustc_driver/scan_results
SCAN_DIR: /mnt/data1/nix/vendor/rust/cargo2nix/submodules/rust/compiler/rustc_driver/scan_results
SAVED: 3 items to /mnt/data1/nix/vendor/rust/cargo2nix/submodules/rust/compiler/rustc_driver/scan_results/chrono-tz.json
SCAN_DIR: /mnt/data1/nix/vendor/rust/cargo2nix/submodules/rust/compiler/rustc_driver/scan_results
SUMMARY_DIR: /mnt/data1/nix/vendor/rust/cargo2nix/submodules/rust/compiler/rustc_driver/scan_results
SUMMARY: 3 item types saved to /mnt/data1/nix/vendor/rust/cargo2nix/submodules/rust/compiler/rustc_driver/scan_results/chrono-tz_summary.json
WITNESS_SYMBOL: {"symbol":"simple_scanner_end","from":"main","file":"simple_scanner.rs","line":126}
SAVED: 74 items to /mnt/data1/nix/vendor/rust/cargo2nix/submodules/rust/compiler/rustc_driver/scan_results/log.json
   Compiling precomputed-hash v0.1.1
     Running `/home/mdupont/nix/vendor/rust/cargo2nix/submodules/rust/compiler/rustc_driver/simple_scanner --crate-name precomputed_hash --edition=2015 /home/mdupont/.cargo/registry/src/index.crates.io-1949cf8c6b5b557f/precomputed-hash-0.1.1/src/lib.rs --error-format=json --json=diagnostic-rendered-ansi,artifacts,future-incompat --crate-type lib --emit=dep-info,metadata,link -C embed-bitcode=no -C debuginfo=2 --check-cfg 'cfg(docsrs,test)' --check-cfg 'cfg(feature, values())' -C metadata=0ebd1e1a2d3fab4b -C extra-filename=-be511c5c5c07bbf7 --out-dir /mnt/data1/nix/vendor/rust/cargo2nix/submodules/rust/target/debug/deps -L dependency=/mnt/data1/nix/vendor/rust/cargo2nix/submodules/rust/target/debug/deps --cap-lints allow`
SAVED: 61 items to /mnt/data1/nix/vendor/rust/cargo2nix/submodules/rust/compiler/rustc_driver/scan_results/bumpalo.json
SUMMARY_DIR: /mnt/data1/nix/vendor/rust/cargo2nix/submodules/rust/compiler/rustc_driver/scan_results
SUMMARY: 49 item types saved to /mnt/data1/nix/vendor/rust/cargo2nix/submodules/rust/compiler/rustc_driver/scan_results/glob_summary.json
SUMMARY_DIR: /mnt/data1/nix/vendor/rust/cargo2nix/submodules/rust/compiler/rustc_driver/scan_results
SUMMARY: 18 item types saved to /mnt/data1/nix/vendor/rust/cargo2nix/submodules/rust/compiler/rustc_driver/scan_results/bitflags_summary.json
SUMMARY_DIR: /mnt/data1/nix/vendor/rust/cargo2nix/submodules/rust/compiler/rustc_driver/scan_results
WITNESS_SYMBOL: {"symbol":"simple_scanner_start","from":"main","file":"simple_scanner.rs","line":120}
SUMMARY: 29 item types saved to /mnt/data1/nix/vendor/rust/cargo2nix/submodules/rust/compiler/rustc_driver/scan_results/darling_core_summary.json
SCAN_DIR: /mnt/data1/nix/vendor/rust/cargo2nix/submodules/rust/compiler/rustc_driver/scan_results
SAVED: 3 items to /mnt/data1/nix/vendor/rust/cargo2nix/submodules/rust/compiler/rustc_driver/scan_results/precomputed-hash.json
SUMMARY_DIR: /mnt/data1/nix/vendor/rust/cargo2nix/submodules/rust/compiler/rustc_driver/scan_results
SUMMARY: 3 item types saved to /mnt/data1/nix/vendor/rust/cargo2nix/submodules/rust/compiler/rustc_driver/scan_results/precomputed-hash_summary.json
WITNESS_SYMBOL: {"symbol":"simple_scanner_end","from":"main","file":"simple_scanner.rs","line":126}
   Compiling rustc_tools_util v0.4.2 (/mnt/data1/nix/vendor/rust/cargo2nix/submodules/rust/src/tools/clippy/rustc_tools_util)
     Running `/home/mdupont/nix/vendor/rust/cargo2nix/submodules/rust/compiler/rustc_driver/simple_scanner --crate-name rustc_tools_util --edition=2021 src/tools/clippy/rustc_tools_util/src/lib.rs --error-format=json --json=diagnostic-rendered-ansi,artifacts,future-incompat --crate-type lib --emit=dep-info,metadata,link -C embed-bitcode=no -C debuginfo=2 --check-cfg 'cfg(docsrs,test)' --check-cfg 'cfg(feature, values())' -C metadata=9d9bee200b46a917 -C extra-filename=-0a5651eeb9a9a327 --out-dir /mnt/data1/nix/vendor/rust/cargo2nix/submodules/rust/target/debug/deps -C incremental=/mnt/data1/nix/vendor/rust/cargo2nix/submodules/rust/target/debug/incremental -L dependency=/mnt/data1/nix/vendor/rust/cargo2nix/submodules/rust/target/debug/deps`
WITNESS_SYMBOL: {"symbol":"simple_scanner_end","from":"main","file":"simple_scanner.rs","line":126}
WITNESS_SYMBOL: {"symbol":"simple_scanner_end","from":"main","file":"simple_scanner.rs","line":126}
   Compiling minifier v0.3.6
     Running `/home/mdupont/nix/vendor/rust/cargo2nix/submodules/rust/compiler/rustc_driver/simple_scanner --crate-name minifier --edition=2021 /home/mdupont/.cargo/registry/src/index.crates.io-1949cf8c6b5b557f/minifier-0.3.6/src/lib.rs --error-format=json --json=diagnostic-rendered-ansi,artifacts,future-incompat --crate-type lib --emit=dep-info,metadata,link -C embed-bitcode=no -C debuginfo=2 --check-cfg 'cfg(docsrs,test)' --check-cfg 'cfg(feature, values("clap", "default", "html", "regex"))' -C metadata=080fb3121086f49b -C extra-filename=-dc7264993bd17c69 --out-dir /mnt/data1/nix/vendor/rust/cargo2nix/submodules/rust/target/debug/deps -L dependency=/mnt/data1/nix/vendor/rust/cargo2nix/submodules/rust/target/debug/deps --cap-lints allow`
   Compiling id-arena v2.2.1
     Running `/home/mdupont/nix/vendor/rust/cargo2nix/submodules/rust/compiler/rustc_driver/simple_scanner --crate-name id_arena --edition=2015 /home/mdupont/.cargo/registry/src/index.crates.io-1949cf8c6b5b557f/id-arena-2.2.1/src/lib.rs --error-format=json --json=diagnostic-rendered-ansi,artifacts,future-incompat --crate-type lib --emit=dep-info,metadata,link -C embed-bitcode=no -C debuginfo=2 --cfg 'feature="default"' --cfg 'feature="std"' --check-cfg 'cfg(docsrs,test)' --check-cfg 'cfg(feature, values("default", "rayon", "std"))' -C metadata=02ea66138938aefb -C extra-filename=-3cf080a396fc719a --out-dir /mnt/data1/nix/vendor/rust/cargo2nix/submodules/rust/target/debug/deps -L dependency=/mnt/data1/nix/vendor/rust/cargo2nix/submodules/rust/target/debug/deps --cap-lints allow`
WITNESS_SYMBOL: {"symbol":"simple_scanner_start","from":"main","file":"simple_scanner.rs","line":120}
WITNESS_SYMBOL: {"symbol":"simple_scanner_start","from":"main","file":"simple_scanner.rs","line":120}
WITNESS_SYMBOL: {"symbol":"simple_scanner_start","from":"main","file":"simple_scanner.rs","line":120}
SCAN_DIR: /mnt/data1/nix/vendor/rust/cargo2nix/submodules/rust/compiler/rustc_driver/scan_results
SUMMARY_DIR: /mnt/data1/nix/vendor/rust/cargo2nix/submodules/rust/compiler/rustc_driver/scan_results
SAVED: 5 items to /mnt/data1/nix/vendor/rust/cargo2nix/submodules/rust/compiler/rustc_driver/scan_results/minifier.json
SCAN_DIR: /mnt/data1/nix/vendor/rust/cargo2nix/submodules/rust/compiler/rustc_driver/scan_results
SUMMARY: 74 item types saved to /mnt/data1/nix/vendor/rust/cargo2nix/submodules/rust/compiler/rustc_driver/scan_results/log_summary.json
WITNESS_SYMBOL: {"symbol":"simple_scanner_end","from":"main","file":"simple_scanner.rs","line":126}
SAVED: 49 items to /mnt/data1/nix/vendor/rust/cargo2nix/submodules/rust/compiler/rustc_driver/scan_results/id-arena.json
     Running `/mnt/data1/nix/vendor/rust/cargo2nix/submodules/rust/target/debug/build/chrono-tz-17a5ab5c332cfdbd/build-script-build`
SCAN_DIR: /mnt/data1/nix/vendor/rust/cargo2nix/submodules/rust/compiler/rustc_driver/scan_results
SAVED: 15 items to /mnt/data1/nix/vendor/rust/cargo2nix/submodules/rust/compiler/rustc_driver/scan_results/rustc_tools_util.json
WITNESS_SYMBOL: {"symbol":"simple_scanner_end","from":"main","file":"simple_scanner.rs","line":126}
   Compiling tendril v0.4.3
     Running `/home/mdupont/nix/vendor/rust/cargo2nix/submodules/rust/compiler/rustc_driver/simple_scanner --crate-name tendril --edition=2015 /home/mdupont/.cargo/registry/src/index.crates.io-1949cf8c6b5b557f/tendril-0.4.3/src/lib.rs --error-format=json --json=diagnostic-rendered-ansi,artifacts,future-incompat --crate-type lib --emit=dep-info,metadata,link -C embed-bitcode=no -C debuginfo=2 --check-cfg 'cfg(docsrs,test)' --check-cfg 'cfg(feature, values("bench", "encoding", "encoding_rs"))' -C metadata=12443a88166b03d3 -C extra-filename=-d1f3337e9a7a8c64 --out-dir /mnt/data1/nix/vendor/rust/cargo2nix/submodules/rust/target/debug/deps -L dependency=/mnt/data1/nix/vendor/rust/cargo2nix/submodules/rust/target/debug/deps --extern futf=/mnt/data1/nix/vendor/rust/cargo2nix/submodules/rust/target/debug/deps/libfutf-cb2dcd7b512e8430.rmeta --extern mac=/mnt/data1/nix/vendor/rust/cargo2nix/submodules/rust/target/debug/deps/libmac-53652e72f269ca54.rmeta --extern utf8=/mnt/data1/nix/vendor/rust/cargo2nix/submodules/rust/target/debug/deps/libutf8-e2f9477621411e71.rmeta --cap-lints allow`
     Running `/mnt/data1/nix/vendor/rust/cargo2nix/submodules/rust/target/debug/build/tikv-jemalloc-sys-7df5ac9ffbab88e6/build-script-build`
WITNESS_SYMBOL: {"symbol":"simple_scanner_start","from":"main","file":"simple_scanner.rs","line":120}
WITNESS_SYMBOL: {"symbol":"simple_scanner_end","from":"main","file":"simple_scanner.rs","line":126}
SUMMARY_DIR: /mnt/data1/nix/vendor/rust/cargo2nix/submodules/rust/compiler/rustc_driver/scan_results
SUMMARY: 20 item types saved to /mnt/data1/nix/vendor/rust/cargo2nix/submodules/rust/compiler/rustc_driver/scan_results/ignore_summary.json
     Running `/mnt/data1/nix/vendor/rust/cargo2nix/submodules/rust/target/debug/build/fs-err-b2b1953f281b8700/build-script-build`
WITNESS_SYMBOL: {"symbol":"simple_scanner_end","from":"main","file":"simple_scanner.rs","line":126}
SCAN_DIR: /mnt/data1/nix/vendor/rust/cargo2nix/submodules/rust/compiler/rustc_driver/scan_results
SAVED: 18 items to /mnt/data1/nix/vendor/rust/cargo2nix/submodules/rust/compiler/rustc_driver/scan_results/tendril.json
SUMMARY_DIR: /mnt/data1/nix/vendor/rust/cargo2nix/submodules/rust/compiler/rustc_driver/scan_results
SUMMARY: 61 item types saved to /mnt/data1/nix/vendor/rust/cargo2nix/submodules/rust/compiler/rustc_driver/scan_results/bumpalo_summary.json
     Running `/mnt/data1/nix/vendor/rust/cargo2nix/submodules/rust/target/debug/build/libm-eadfb1aa59d96597/build-script-build`
SUMMARY_DIR: /mnt/data1/nix/vendor/rust/cargo2nix/submodules/rust/compiler/rustc_driver/scan_results
SUMMARY: 15 item types saved to /mnt/data1/nix/vendor/rust/cargo2nix/submodules/rust/compiler/rustc_driver/scan_results/rustc_tools_util_summary.json
   Compiling cxx-build v1.0.168
     Running `/home/mdupont/nix/vendor/rust/cargo2nix/submodules/rust/compiler/rustc_driver/simple_scanner --crate-name cxx_build --edition=2021 /home/mdupont/.cargo/registry/src/index.crates.io-1949cf8c6b5b557f/cxx-build-1.0.168/src/lib.rs --error-format=json --json=diagnostic-rendered-ansi,artifacts,future-incompat --crate-type lib --emit=dep-info,metadata,link -C embed-bitcode=no --cfg 'feature="parallel"' --check-cfg 'cfg(docsrs,test)' --check-cfg 'cfg(feature, values("parallel"))' -C metadata=afebf8f7cbdcc571 -C extra-filename=-00cb26c9a7071ca3 --out-dir /mnt/data1/nix/vendor/rust/cargo2nix/submodules/rust/target/debug/deps -L dependency=/mnt/data1/nix/vendor/rust/cargo2nix/submodules/rust/target/debug/deps --extern cc=/mnt/data1/nix/vendor/rust/cargo2nix/submodules/rust/target/debug/deps/libcc-436b02cffdc96910.rmeta --extern codespan_reporting=/mnt/data1/nix/vendor/rust/cargo2nix/submodules/rust/target/debug/deps/libcodespan_reporting-055be9eddb3b845e.rmeta --extern indexmap=/mnt/data1/nix/vendor/rust/cargo2nix/submodules/rust/target/debug/deps/libindexmap-57bd03bd03f4bba0.rmeta --extern proc_macro2=/mnt/data1/nix/vendor/rust/cargo2nix/submodules/rust/target/debug/deps/libproc_macro2-a22d745afa92dadf.rmeta --extern quote=/mnt/data1/nix/vendor/rust/cargo2nix/submodules/rust/target/debug/deps/libquote-cc45a71580a33fbb.rmeta --extern scratch=/mnt/data1/nix/vendor/rust/cargo2nix/submodules/rust/target/debug/deps/libscratch-6923646c842e777c.rmeta --extern syn=/mnt/data1/nix/vendor/rust/cargo2nix/submodules/rust/target/debug/deps/libsyn-8a30a9d5b6c06652.rmeta --cap-lints allow`
WITNESS_SYMBOL: {"symbol":"simple_scanner_end","from":"main","file":"simple_scanner.rs","line":126}
SUMMARY_DIR: /mnt/data1/nix/vendor/rust/cargo2nix/submodules/rust/compiler/rustc_driver/scan_results
SUMMARY: 49 item types saved to /mnt/data1/nix/vendor/rust/cargo2nix/submodules/rust/compiler/rustc_driver/scan_results/id-arena_summary.json
WITNESS_SYMBOL: {"symbol":"simple_scanner_start","from":"main","file":"simple_scanner.rs","line":120}
   Compiling phf v0.12.1
     Running `/home/mdupont/nix/vendor/rust/cargo2nix/submodules/rust/compiler/rustc_driver/simple_scanner --crate-name phf --edition=2021 /home/mdupont/.cargo/registry/src/index.crates.io-1949cf8c6b5b557f/phf-0.12.1/src/lib.rs --error-format=json --json=diagnostic-rendered-ansi,artifacts,future-incompat --crate-type lib --emit=dep-info,metadata,link -C embed-bitcode=no -C debuginfo=2 --check-cfg 'cfg(docsrs,test)' --check-cfg 'cfg(feature, values("default", "macros", "phf_macros", "serde", "std", "uncased", "unicase"))' -C metadata=0ee07465be2e66ae -C extra-filename=-ae5b2b1dbb30f349 --out-dir /mnt/data1/nix/vendor/rust/cargo2nix/submodules/rust/target/debug/deps -L dependency=/mnt/data1/nix/vendor/rust/cargo2nix/submodules/rust/target/debug/deps --extern phf_shared=/mnt/data1/nix/vendor/rust/cargo2nix/submodules/rust/target/debug/deps/libphf_shared-6c206a3c440449e7.rmeta --cap-lints allow`
SCAN_DIR: /mnt/data1/nix/vendor/rust/cargo2nix/submodules/rust/compiler/rustc_driver/scan_results
SAVED: 40 items to /mnt/data1/nix/vendor/rust/cargo2nix/submodules/rust/compiler/rustc_driver/scan_results/cxx-build.json
WITNESS_SYMBOL: {"symbol":"simple_scanner_end","from":"main","file":"simple_scanner.rs","line":126}
WITNESS_SYMBOL: {"symbol":"simple_scanner_end","from":"main","file":"simple_scanner.rs","line":126}
WITNESS_SYMBOL: {"symbol":"simple_scanner_start","from":"main","file":"simple_scanner.rs","line":120}
   Compiling anstyle-svg v0.1.10
     Running `/home/mdupont/nix/vendor/rust/cargo2nix/submodules/rust/compiler/rustc_driver/simple_scanner --crate-name anstyle_svg --edition=2021 /home/mdupont/.cargo/registry/src/index.crates.io-1949cf8c6b5b557f/anstyle-svg-0.1.10/src/lib.rs --error-format=json --json=diagnostic-rendered-ansi,artifacts,future-incompat --crate-type lib --emit=dep-info,metadata,link -C embed-bitcode=no -C debuginfo=2 --warn=rust_2018_idioms '--warn=clippy::zero_sized_map_values' '--warn=clippy::wildcard_imports' '--warn=clippy::verbose_file_reads' --warn=unused_qualifications --warn=unused_macro_rules --warn=unused_lifetimes --warn=unsafe_op_in_unsafe_fn --warn=unreachable_pub --warn=unnameable_types '--warn=clippy::uninlined_format_args' '--warn=clippy::trait_duplication_in_bounds' '--warn=clippy::todo' '--warn=clippy::string_to_string' '--warn=clippy::string_lit_as_bytes' '--warn=clippy::string_add_assign' '--warn=clippy::string_add' '--warn=clippy::str_to_string' '--warn=clippy::semicolon_if_nothing_returned' '--warn=clippy::self_named_module_files' '--warn=clippy::same_functions_in_if_condition' '--allow=clippy::result_large_err' '--warn=clippy::rest_pat_in_fully_bound_structs' '--warn=clippy::ref_option_ref' '--warn=clippy::redundant_feature_names' '--warn=clippy::rc_mutex' '--warn=clippy::ptr_as_ptr' '--warn=clippy::path_buf_push_overwrite' '--warn=clippy::negative_feature_names' '--warn=clippy::needless_for_each' '--allow=clippy::needless_continue' '--warn=clippy::mutex_integer' '--warn=clippy::mem_forget' '--warn=clippy::macro_use_imports' '--warn=clippy::lossy_float_literal' '--warn=clippy::linkedlist' '--allow=clippy::let_and_return' '--warn=clippy::large_types_passed_by_value' '--warn=clippy::large_stack_arrays' '--warn=clippy::large_digit_groups' '--warn=clippy::invalid_upcast_comparisons' '--warn=clippy::infinite_loop' '--warn=clippy::inefficient_to_string' '--warn=clippy::inconsistent_struct_constructor' '--warn=clippy::imprecise_flops' '--warn=clippy::implicit_clone' '--allow=clippy::if_same_then_else' '--warn=clippy::from_iter_instead_of_collect' '--warn=clippy::fn_params_excessive_bools' '--warn=clippy::float_cmp_const' '--warn=clippy::flat_map_option' '--warn=clippy::filter_map_next' '--warn=clippy::fallible_impl_from' '--warn=clippy::explicit_into_iter_loop' '--warn=clippy::explicit_deref_methods' '--warn=clippy::expl_impl_clone_on_copy' '--warn=clippy::enum_glob_use' '--warn=clippy::empty_enum' '--warn=clippy::doc_markdown' '--warn=clippy::debug_assert_with_mut_call' '--warn=clippy::dbg_macro' '--warn=clippy::create_dir' '--allow=clippy::collapsible_else_if' '--warn=clippy::checked_conversions' '--allow=clippy::branches_sharing_code' '--allow=clippy::bool_assert_comparison' --check-cfg 'cfg(docsrs,test)' --check-cfg 'cfg(feature, values())' -C metadata=cc3b64343b733f63 -C extra-filename=-ce2bc4d9f09a7f14 --out-dir /mnt/data1/nix/vendor/rust/cargo2nix/submodules/rust/target/debug/deps -L dependency=/mnt/data1/nix/vendor/rust/cargo2nix/submodules/rust/target/debug/deps --extern anstyle=/mnt/data1/nix/vendor/rust/cargo2nix/submodules/rust/target/debug/deps/libanstyle-34da1d8f10e661b4.rmeta --extern anstyle_lossy=/mnt/data1/nix/vendor/rust/cargo2nix/submodules/rust/target/debug/deps/libanstyle_lossy-6df6503cff03d310.rmeta --extern anstyle_parse=/mnt/data1/nix/vendor/rust/cargo2nix/submodules/rust/target/debug/deps/libanstyle_parse-2b7909e9ebd9bcaf.rmeta --extern html_escape=/mnt/data1/nix/vendor/rust/cargo2nix/submodules/rust/target/debug/deps/libhtml_escape-2ac8bba86496aa2d.rmeta --extern unicode_width=/mnt/data1/nix/vendor/rust/cargo2nix/submodules/rust/target/debug/deps/libunicode_width-b8c4d1f473e679c0.rmeta --cap-lints allow`
   Compiling cipher v0.4.4
     Running `/home/mdupont/nix/vendor/rust/cargo2nix/submodules/rust/compiler/rustc_driver/simple_scanner --crate-name cipher --edition=2021 /home/mdupont/.cargo/registry/src/index.crates.io-1949cf8c6b5b557f/cipher-0.4.4/src/lib.rs --error-format=json --json=diagnostic-rendered-ansi,artifacts,future-incompat --crate-type lib --emit=dep-info,metadata,link -C embed-bitcode=no -C debuginfo=2 --check-cfg 'cfg(docsrs,test)' --check-cfg 'cfg(feature, values("alloc", "blobby", "block-padding", "dev", "rand_core", "std", "zeroize"))' -C metadata=02ebb3719b48b0d2 -C extra-filename=-f679ecf2ef23ab7d --out-dir /mnt/data1/nix/vendor/rust/cargo2nix/submodules/rust/target/debug/deps -L dependency=/mnt/data1/nix/vendor/rust/cargo2nix/submodules/rust/target/debug/deps --extern crypto_common=/mnt/data1/nix/vendor/rust/cargo2nix/submodules/rust/target/debug/deps/libcrypto_common-577f66f921789734.rmeta --extern inout=/mnt/data1/nix/vendor/rust/cargo2nix/submodules/rust/target/debug/deps/libinout-173cc508e0efc0ba.rmeta --cap-lints allow`
     Running `/mnt/data1/nix/vendor/rust/cargo2nix/submodules/rust/target/debug/build/markup5ever-2507201317194821/build-script-build`
SCAN_DIR: /mnt/data1/nix/vendor/rust/cargo2nix/submodules/rust/compiler/rustc_driver/scan_results
SAVED: 14 items to /mnt/data1/nix/vendor/rust/cargo2nix/submodules/rust/compiler/rustc_driver/scan_results/phf.json
WITNESS_SYMBOL: {"symbol":"simple_scanner_start","from":"main","file":"simple_scanner.rs","line":120}
WITNESS_SYMBOL: {"symbol":"simple_scanner_start","from":"main","file":"simple_scanner.rs","line":120}
SCAN_DIR: /mnt/data1/nix/vendor/rust/cargo2nix/submodules/rust/compiler/rustc_driver/scan_results
SAVED: 17 items to /mnt/data1/nix/vendor/rust/cargo2nix/submodules/rust/compiler/rustc_driver/scan_results/cipher.json
SCAN_DIR: /mnt/data1/nix/vendor/rust/cargo2nix/submodules/rust/compiler/rustc_driver/scan_results
SAVED: 27 items to /mnt/data1/nix/vendor/rust/cargo2nix/submodules/rust/compiler/rustc_driver/scan_results/anstyle-svg.json
SUMMARY_DIR: /mnt/data1/nix/vendor/rust/cargo2nix/submodules/rust/compiler/rustc_driver/scan_results
SUMMARY: 14 item types saved to /mnt/data1/nix/vendor/rust/cargo2nix/submodules/rust/compiler/rustc_driver/scan_results/phf_summary.json
WITNESS_SYMBOL: {"symbol":"simple_scanner_end","from":"main","file":"simple_scanner.rs","line":126}
   Compiling basic-toml v0.1.10
     Running `/home/mdupont/nix/vendor/rust/cargo2nix/submodules/rust/compiler/rustc_driver/simple_scanner --crate-name basic_toml --edition=2021 /home/mdupont/.cargo/registry/src/index.crates.io-1949cf8c6b5b557f/basic-toml-0.1.10/src/lib.rs --error-format=json --json=diagnostic-rendered-ansi,artifacts,future-incompat --crate-type lib --emit=dep-info,metadata,link -C embed-bitcode=no --check-cfg 'cfg(docsrs,test)' --check-cfg 'cfg(feature, values())' -C metadata=396915307463f71b -C extra-filename=-c56e8d66e57766aa --out-dir /mnt/data1/nix/vendor/rust/cargo2nix/submodules/rust/target/debug/deps -L dependency=/mnt/data1/nix/vendor/rust/cargo2nix/submodules/rust/target/debug/deps --extern serde=/mnt/data1/nix/vendor/rust/cargo2nix/submodules/rust/target/debug/deps/libserde-208eae26fdee7869.rmeta --cap-lints allow`
WITNESS_SYMBOL: {"symbol":"simple_scanner_end","from":"main","file":"simple_scanner.rs","line":126}
WITNESS_SYMBOL: {"symbol":"simple_scanner_start","from":"main","file":"simple_scanner.rs","line":120}
     Running `/home/mdupont/nix/vendor/rust/cargo2nix/submodules/rust/compiler/rustc_driver/simple_scanner --crate-name portable_atomic --edition=2018 /home/mdupont/.cargo/registry/src/index.crates.io-1949cf8c6b5b557f/portable-atomic-1.11.1/src/lib.rs --error-format=json --json=diagnostic-rendered-ansi,artifacts,future-incompat --crate-type lib --emit=dep-info,metadata,link -C embed-bitcode=no -C debuginfo=2 '--warn=clippy::unused_trait_names' --warn=unreachable_pub --warn=unnameable_types --warn=unexpected_cfgs '--warn=clippy::undocumented_unsafe_blocks' '--warn=clippy::transmute_undefined_repr' '--warn=clippy::trailing_empty_array' --warn=single_use_lifetimes --warn=rust_2018_idioms '--warn=clippy::pedantic' --warn=non_ascii_idents '--warn=clippy::inline_asm_x86_att_syntax' --warn=improper_ctypes_definitions --warn=improper_ctypes --warn=deprecated_safe '--warn=clippy::default_union_representation' '--warn=clippy::as_underscore' '--warn=clippy::as_ptr_cast_mut' '--warn=clippy::all' '--allow=clippy::unreadable_literal' '--allow=clippy::type_complexity' '--allow=clippy::too_many_lines' '--allow=clippy::too_many_arguments' '--allow=clippy::struct_field_names' '--allow=clippy::struct_excessive_bools' '--allow=clippy::single_match_else' '--allow=clippy::single_match' '--allow=clippy::similar_names' '--allow=clippy::range_plus_one' '--allow=clippy::nonminimal_bool' '--allow=clippy::naive_bytecount' '--allow=clippy::module_name_repetitions' '--allow=clippy::missing_errors_doc' '--allow=clippy::manual_range_contains' '--allow=clippy::manual_assert' '--allow=clippy::lint_groups_priority' '--allow=clippy::incompatible_msrv' '--allow=clippy::float_cmp' '--allow=clippy::doc_markdown' '--allow=clippy::declare_interior_mutable_const' '--allow=clippy::cast_lossless' '--allow=clippy::borrow_as_ptr' '--allow=clippy::bool_assert_comparison' --check-cfg 'cfg(target_arch,values("xtensa"))' --check-cfg 'cfg(target_arch,values("amdgpu"))' --check-cfg 'cfg(target_arch,values("loongarch32"))' --check-cfg 'cfg(target_os,values("psx"))' --check-cfg 'cfg(target_env,values("psx"))' --check-cfg 'cfg(target_feature,values("lse2","lse128","rcpc3"))' --check-cfg 'cfg(target_feature,values("quadword-atomics"))' --check-cfg 'cfg(target_feature,values("zaamo","zabha"))' --check-cfg 'cfg(target_feature,values("zacas"))' --check-cfg 'cfg(target_pointer_width,values("128"))' --check-cfg 'cfg(portable_atomic_no_outline_atomics,portable_atomic_outline_atomics,portable_atomic_unstable_f16,portable_atomic_unstable_f128)' --check-cfg 'cfg(portable_atomic_unstable_coerce_unsized)' --check-cfg 'cfg(portable_atomic_test_detect_false,portable_atomic_test_no_std_static_assert_ffi,qemu,valgrind)' --cfg 'feature="default"' --cfg 'feature="fallback"' --check-cfg 'cfg(docsrs,test)' --check-cfg 'cfg(feature, values("critical-section", "default", "disable-fiq", "fallback", "float", "force-amo", "require-cas", "s-mode", "serde", "std", "unsafe-assume-single-core"))' -C metadata=31342bc70a4900e6 -C extra-filename=-f69938c1664759c8 --out-dir /mnt/data1/nix/vendor/rust/cargo2nix/submodules/rust/target/debug/deps -L dependency=/mnt/data1/nix/vendor/rust/cargo2nix/submodules/rust/target/debug/deps --cap-lints allow --check-cfg 'cfg(target_feature,values("lsfe","fast-serialization","load-store-on-cond","distinct-ops","miscellaneous-extensions-3"))' --check-cfg 'cfg(portable_atomic_disable_fiq,portable_atomic_force_amo,portable_atomic_ll_sc_rmw,portable_atomic_atomic_intrinsics,portable_atomic_no_asm,portable_atomic_no_asm_maybe_uninit,portable_atomic_no_atomic_64,portable_atomic_no_atomic_cas,portable_atomic_no_atomic_load_store,portable_atomic_no_atomic_min_max,portable_atomic_no_cfg_target_has_atomic,portable_atomic_no_cmpxchg16b_intrinsic,portable_atomic_no_cmpxchg16b_target_feature,portable_atomic_no_const_mut_refs,portable_atomic_no_const_raw_ptr_deref,portable_atomic_no_const_transmute,portable_atomic_no_core_unwind_safe,portable_atomic_no_diagnostic_namespace,portable_atomic_no_offset_of,portable_atomic_no_strict_provenance,portable_atomic_no_stronger_failure_ordering,portable_atomic_no_track_caller,portable_atomic_no_unsafe_op_in_unsafe_fn,portable_atomic_pre_llvm_15,portable_atomic_pre_llvm_16,portable_atomic_pre_llvm_18,portable_atomic_pre_llvm_20,portable_atomic_s_mode,portable_atomic_sanitize_thread,portable_atomic_target_feature,portable_atomic_unsafe_assume_single_core,portable_atomic_unstable_asm,portable_atomic_unstable_asm_experimental_arch,portable_atomic_unstable_cfg_target_has_atomic,portable_atomic_unstable_isa_attribute)' --check-cfg 'cfg(portable_atomic_target_feature,values("cmpxchg16b","distinct-ops","fast-serialization","load-store-on-cond","lse","lse128","lse2","lsfe","mclass","miscellaneous-extensions-3","quadword-atomics","rcpc3","v6","zaamo","zabha","zacas"))'`
SCAN_DIR: /mnt/data1/nix/vendor/rust/cargo2nix/submodules/rust/compiler/rustc_driver/scan_results
SAVED: 7 items to /mnt/data1/nix/vendor/rust/cargo2nix/submodules/rust/compiler/rustc_driver/scan_results/basic-toml.json
WITNESS_SYMBOL: {"symbol":"simple_scanner_end","from":"main","file":"simple_scanner.rs","line":126}
SUMMARY_DIR: /mnt/data1/nix/vendor/rust/cargo2nix/submodules/rust/compiler/rustc_driver/scan_results
SUMMARY: 18 item types saved to /mnt/data1/nix/vendor/rust/cargo2nix/submodules/rust/compiler/rustc_driver/scan_results/tendril_summary.json
     Running `/home/mdupont/nix/vendor/rust/cargo2nix/submodules/rust/compiler/rustc_driver/simple_scanner --crate-name syn --edition=2018 /home/mdupont/.cargo/registry/src/index.crates.io-1949cf8c6b5b557f/syn-1.0.109/src/lib.rs --error-format=json --json=diagnostic-rendered-ansi,artifacts,future-incompat --crate-type lib --emit=dep-info,metadata,link -C embed-bitcode=no --cfg 'feature="clone-impls"' --cfg 'feature="default"' --cfg 'feature="derive"' --cfg 'feature="extra-traits"' --cfg 'feature="parsing"' --cfg 'feature="printing"' --cfg 'feature="proc-macro"' --cfg 'feature="quote"' --check-cfg 'cfg(docsrs,test)' --check-cfg 'cfg(feature, values("clone-impls", "default", "derive", "extra-traits", "fold", "full", "parsing", "printing", "proc-macro", "quote", "test", "visit", "visit-mut"))' -C metadata=71c79310bccd744b -C extra-filename=-c2d6e2fa159a308d --out-dir /mnt/data1/nix/vendor/rust/cargo2nix/submodules/rust/target/debug/deps -L dependency=/mnt/data1/nix/vendor/rust/cargo2nix/submodules/rust/target/debug/deps --extern proc_macro2=/mnt/data1/nix/vendor/rust/cargo2nix/submodules/rust/target/debug/deps/libproc_macro2-a22d745afa92dadf.rmeta --extern quote=/mnt/data1/nix/vendor/rust/cargo2nix/submodules/rust/target/debug/deps/libquote-cc45a71580a33fbb.rmeta --extern unicode_ident=/mnt/data1/nix/vendor/rust/cargo2nix/submodules/rust/target/debug/deps/libunicode_ident-8285b95b08f858a0.rmeta --cap-lints allow --cfg syn_disable_nightly_tests`
WITNESS_SYMBOL: {"symbol":"simple_scanner_start","from":"main","file":"simple_scanner.rs","line":120}
     Running `/mnt/data1/nix/vendor/rust/cargo2nix/submodules/rust/target/debug/build/cxx-41216de7c80ad97f/build-script-build`
WITNESS_SYMBOL: {"symbol":"simple_scanner_end","from":"main","file":"simple_scanner.rs","line":126}
WITNESS_SYMBOL: {"symbol":"simple_scanner_end","from":"main","file":"simple_scanner.rs","line":126}
SUMMARY_DIR: /mnt/data1/nix/vendor/rust/cargo2nix/submodules/rust/compiler/rustc_driver/scan_results
SCAN_DIR: /mnt/data1/nix/vendor/rust/cargo2nix/submodules/rust/compiler/rustc_driver/scan_results
WITNESS_SYMBOL: {"symbol":"simple_scanner_start","from":"main","file":"simple_scanner.rs","line":120}
SUMMARY: 17 item types saved to /mnt/data1/nix/vendor/rust/cargo2nix/submodules/rust/compiler/rustc_driver/scan_results/cipher_summary.json
   Compiling ctrlc v3.4.7
   Compiling num-iter v0.1.45
     Running `/home/mdupont/nix/vendor/rust/cargo2nix/submodules/rust/compiler/rustc_driver/simple_scanner --crate-name ctrlc --edition=2021 /home/mdupont/.cargo/registry/src/index.crates.io-1949cf8c6b5b557f/ctrlc-3.4.7/src/lib.rs --error-format=json --json=diagnostic-rendered-ansi,artifacts,future-incompat --crate-type lib --emit=dep-info,metadata,link -C embed-bitcode=no -C debuginfo=2 --check-cfg 'cfg(docsrs,test)' --check-cfg 'cfg(feature, values("termination"))' -C metadata=d3e7b1cb9e118680 -C extra-filename=-84d73f0ac533f478 --out-dir /mnt/data1/nix/vendor/rust/cargo2nix/submodules/rust/target/debug/deps -L dependency=/mnt/data1/nix/vendor/rust/cargo2nix/submodules/rust/target/debug/deps --extern nix=/mnt/data1/nix/vendor/rust/cargo2nix/submodules/rust/target/debug/deps/libnix-858b6f44b82ae526.rmeta --cap-lints allow`
     Running `/home/mdupont/nix/vendor/rust/cargo2nix/submodules/rust/compiler/rustc_driver/simple_scanner --crate-name num_iter --edition=2018 /home/mdupont/.cargo/registry/src/index.crates.io-1949cf8c6b5b557f/num-iter-0.1.45/src/lib.rs --error-format=json --json=diagnostic-rendered-ansi,artifacts,future-incompat --crate-type lib --emit=dep-info,metadata,link -C embed-bitcode=no -C debuginfo=2 --cfg 'feature="i128"' --cfg 'feature="std"' --check-cfg 'cfg(docsrs,test)' --check-cfg 'cfg(feature, values("default", "i128", "std"))' -C metadata=4cee1918e7eb2dae -C extra-filename=-c8d0e0b121b1d2a8 --out-dir /mnt/data1/nix/vendor/rust/cargo2nix/submodules/rust/target/debug/deps -L dependency=/mnt/data1/nix/vendor/rust/cargo2nix/submodules/rust/target/debug/deps --extern num_integer=/mnt/data1/nix/vendor/rust/cargo2nix/submodules/rust/target/debug/deps/libnum_integer-2c772279569235ed.rmeta --extern num_traits=/mnt/data1/nix/vendor/rust/cargo2nix/submodules/rust/target/debug/deps/libnum_traits-e6d0bd78a2aa48f9.rmeta --cap-lints allow`
SUMMARY_DIR: /mnt/data1/nix/vendor/rust/cargo2nix/submodules/rust/compiler/rustc_driver/scan_results
SUMMARY: 5 item types saved to /mnt/data1/nix/vendor/rust/cargo2nix/submodules/rust/compiler/rustc_driver/scan_results/minifier_summary.json
SCAN_DIR: /mnt/data1/nix/vendor/rust/cargo2nix/submodules/rust/compiler/rustc_driver/scan_results
SAVED: 69 items to /mnt/data1/nix/vendor/rust/cargo2nix/submodules/rust/compiler/rustc_driver/scan_results/syn.json
SAVED: 39 items to /mnt/data1/nix/vendor/rust/cargo2nix/submodules/rust/compiler/rustc_driver/scan_results/portable-atomic.json
WITNESS_SYMBOL: {"symbol":"simple_scanner_end","from":"main","file":"simple_scanner.rs","line":126}
SUMMARY_DIR: /mnt/data1/nix/vendor/rust/cargo2nix/submodules/rust/compiler/rustc_driver/scan_results
WITNESS_SYMBOL: {"symbol":"simple_scanner_start","from":"main","file":"simple_scanner.rs","line":120}
SUMMARY: 27 item types saved to /mnt/data1/nix/vendor/rust/cargo2nix/submodules/rust/compiler/rustc_driver/scan_results/anstyle-svg_summary.json
WITNESS_SYMBOL: {"symbol":"simple_scanner_start","from":"main","file":"simple_scanner.rs","line":120}
     Running `/home/mdupont/nix/vendor/rust/cargo2nix/submodules/rust/compiler/rustc_driver/simple_scanner --crate-name libz_sys --edition=2018 /home/mdupont/.cargo/registry/src/index.crates.io-1949cf8c6b5b557f/libz-sys-1.1.22/src/lib.rs --error-format=json --json=diagnostic-rendered-ansi,artifacts,future-incompat --crate-type lib --emit=dep-info,metadata,link -C embed-bitcode=no -C debuginfo=2 --warn=unexpected_cfgs --check-cfg 'cfg(zng)' --cfg 'feature="libc"' --check-cfg 'cfg(docsrs,test)' --check-cfg 'cfg(feature, values("asm", "cmake", "default", "libc", "static", "stock-zlib", "zlib-ng", "zlib-ng-no-cmake-experimental-community-maintained"))' -C metadata=11ffd96e2c01b576 -C extra-filename=-11b6249a92f74ffd --out-dir /mnt/data1/nix/vendor/rust/cargo2nix/submodules/rust/target/debug/deps -L dependency=/mnt/data1/nix/vendor/rust/cargo2nix/submodules/rust/target/debug/deps --extern libc=/mnt/data1/nix/vendor/rust/cargo2nix/submodules/rust/target/debug/deps/liblibc-ea591502e5075e1d.rmeta --cap-lints allow -L native=/nix/store/l7xwm1f6f3zj2x8jwdbi8gdyfbx07sh7-zlib-1.3.1/lib -l z -l z`
SCAN_DIR: /mnt/data1/nix/vendor/rust/cargo2nix/submodules/rust/compiler/rustc_driver/scan_results
SAVED: 15 items to /mnt/data1/nix/vendor/rust/cargo2nix/submodules/rust/compiler/rustc_driver/scan_results/ctrlc.json
SCAN_DIR: /mnt/data1/nix/vendor/rust/cargo2nix/submodules/rust/compiler/rustc_driver/scan_results
WITNESS_SYMBOL: {"symbol":"simple_scanner_end","from":"main","file":"simple_scanner.rs","line":126}
SAVED: 29 items to /mnt/data1/nix/vendor/rust/cargo2nix/submodules/rust/compiler/rustc_driver/scan_results/num-iter.json
WITNESS_SYMBOL: {"symbol":"simple_scanner_start","from":"main","file":"simple_scanner.rs","line":120}
     Running `/home/mdupont/nix/vendor/rust/cargo2nix/submodules/rust/compiler/rustc_driver/simple_scanner --crate-name openssl_sys --edition=2021 /home/mdupont/.cargo/registry/src/index.crates.io-1949cf8c6b5b557f/openssl-sys-0.9.109/src/lib.rs --error-format=json --json=diagnostic-rendered-ansi,artifacts,future-incompat --crate-type lib --emit=dep-info,metadata,link -C embed-bitcode=no -C debuginfo=2 --check-cfg 'cfg(docsrs,test)' --check-cfg 'cfg(feature, values("aws-lc", "bindgen", "bssl-sys", "openssl-src", "unstable_boringssl", "vendored"))' -C metadata=f31f2dfa91ed84aa -C extra-filename=-ad265fb11af2e0a2 --out-dir /mnt/data1/nix/vendor/rust/cargo2nix/submodules/rust/target/debug/deps -L dependency=/mnt/data1/nix/vendor/rust/cargo2nix/submodules/rust/target/debug/deps --extern libc=/mnt/data1/nix/vendor/rust/cargo2nix/submodules/rust/target/debug/deps/liblibc-ea591502e5075e1d.rmeta --cap-lints allow -L native=/nix/store/61i74yjkj9p1qphfl7018ja4sdwkipx0-openssl-3.6.0/lib -l ssl -l crypto --cfg 'osslconf="OPENSSL_NO_SSL3_METHOD"' --cfg openssl --cfg ossl340 --cfg ossl330 --cfg ossl320 --cfg ossl300 --cfg ossl101 --cfg ossl102 --cfg ossl102f --cfg ossl102h --cfg ossl110 --cfg ossl110f --cfg ossl110g --cfg ossl110h --cfg ossl111 --cfg ossl111b --cfg ossl111c --cfg ossl111d --check-cfg 'cfg(osslconf, values("OPENSSL_NO_OCB", "OPENSSL_NO_SM4", "OPENSSL_NO_SEED", "OPENSSL_NO_CHACHA", "OPENSSL_NO_CAST", "OPENSSL_NO_IDEA", "OPENSSL_NO_CAMELLIA", "OPENSSL_NO_RC4", "OPENSSL_NO_BF", "OPENSSL_NO_PSK", "OPENSSL_NO_DEPRECATED_3_0", "OPENSSL_NO_SCRYPT", "OPENSSL_NO_SM3", "OPENSSL_NO_RMD160", "OPENSSL_NO_EC2M", "OPENSSL_NO_OCSP", "OPENSSL_NO_CMS", "OPENSSL_NO_COMP", "OPENSSL_NO_SOCK", "OPENSSL_NO_STDIO", "OPENSSL_NO_EC", "OPENSSL_NO_SSL3_METHOD", "OPENSSL_NO_KRB5", "OPENSSL_NO_TLSEXT", "OPENSSL_NO_SRP", "OPENSSL_NO_RFC3779", "OPENSSL_NO_SHA", "OPENSSL_NO_NEXTPROTONEG", "OPENSSL_NO_ENGINE", "OPENSSL_NO_BUF_FREELISTS", "OPENSSL_NO_RC2"))' --check-cfg 'cfg(openssl)' --check-cfg 'cfg(libressl)' --check-cfg 'cfg(boringssl)' --check-cfg 'cfg(awslc)' --check-cfg 'cfg(libressl250)' --check-cfg 'cfg(libressl251)' --check-cfg 'cfg(libressl252)' --check-cfg 'cfg(libressl261)' --check-cfg 'cfg(libressl270)' --check-cfg 'cfg(libressl271)' --check-cfg 'cfg(libressl273)' --check-cfg 'cfg(libressl280)' --check-cfg 'cfg(libressl281)' --check-cfg 'cfg(libressl291)' --check-cfg 'cfg(libressl310)' --check-cfg 'cfg(libressl321)' --check-cfg 'cfg(libressl332)' --check-cfg 'cfg(libressl340)' --check-cfg 'cfg(libressl350)' --check-cfg 'cfg(libressl360)' --check-cfg 'cfg(libressl361)' --check-cfg 'cfg(libressl370)' --check-cfg 'cfg(libressl380)' --check-cfg 'cfg(libressl381)' --check-cfg 'cfg(libressl382)' --check-cfg 'cfg(libressl390)' --check-cfg 'cfg(libressl400)' --check-cfg 'cfg(libressl410)' --check-cfg 'cfg(ossl101)' --check-cfg 'cfg(ossl102)' --check-cfg 'cfg(ossl102f)' --check-cfg 'cfg(ossl102h)' --check-cfg 'cfg(ossl110)' --check-cfg 'cfg(ossl110f)' --check-cfg 'cfg(ossl110g)' --check-cfg 'cfg(ossl110h)' --check-cfg 'cfg(ossl111)' --check-cfg 'cfg(ossl111b)' --check-cfg 'cfg(ossl111c)' --check-cfg 'cfg(ossl111d)' --check-cfg 'cfg(ossl300)' --check-cfg 'cfg(ossl310)' --check-cfg 'cfg(ossl320)' --check-cfg 'cfg(ossl330)' --check-cfg 'cfg(ossl340)'`
SCAN_DIR: /mnt/data1/nix/vendor/rust/cargo2nix/submodules/rust/compiler/rustc_driver/scan_results
SAVED: 69 items to /mnt/data1/nix/vendor/rust/cargo2nix/submodules/rust/compiler/rustc_driver/scan_results/libz-sys.json
SUMMARY_DIR: /mnt/data1/nix/vendor/rust/cargo2nix/submodules/rust/compiler/rustc_driver/scan_results
SUMMARY: 15 item types saved to /mnt/data1/nix/vendor/rust/cargo2nix/submodules/rust/compiler/rustc_driver/scan_results/ctrlc_summary.json
WITNESS_SYMBOL: {"symbol":"simple_scanner_start","from":"main","file":"simple_scanner.rs","line":120}
SUMMARY_DIR: /mnt/data1/nix/vendor/rust/cargo2nix/submodules/rust/compiler/rustc_driver/scan_results
SUMMARY: 29 item types saved to /mnt/data1/nix/vendor/rust/cargo2nix/submodules/rust/compiler/rustc_driver/scan_results/num-iter_summary.json
SCAN_DIR: /mnt/data1/nix/vendor/rust/cargo2nix/submodules/rust/compiler/rustc_driver/scan_results
WITNESS_SYMBOL: {"symbol":"simple_scanner_end","from":"main","file":"simple_scanner.rs","line":126}
SAVED: 10 items to /mnt/data1/nix/vendor/rust/cargo2nix/submodules/rust/compiler/rustc_driver/scan_results/openssl-sys.json
