19:21:39 rustc --crate-name rustc_incremental --edition=2024 /mnt/data1/nix/vendor/rust/cargo2nix/submodules/rust-build/compiler/rustc_incremental/src/lib.rs --error-format=json --json=diagnostic-rendered-ansi,artifacts,future-incompat --crate-type lib --emit=dep-info,metadata,link -C embed-bitcode=no -C debuginfo=2 --check-cfg cfg(docsrs,test) --check-cfg cfg(feature, values()) -C metadata=d704e86f98645119 -C extra-filename=-e60e7a4b2c61ab1f --out-dir /mnt/data1/nix/vendor/rust/cargo2nix/submodules/rust-build/compiler/zombie_driver2/target/debug/deps -C incremental=/mnt/data1/nix/vendor/rust/cargo2nix/submodules/rust-build/compiler/zombie_driver2/target/debug/incremental -L dependency=/mnt/data1/nix/vendor/rust/cargo2nix/submodules/rust-build/compiler/zombie_driver2/target/debug/deps --extern rand=/mnt/data1/nix/vendor/rust/cargo2nix/submodules/rust-build/compiler/zombie_driver2/target/debug/deps/librand-537f213941c07c4b.rmeta --extern rustc_ast=/mnt/data1/nix/vendor/rust/cargo2nix/submodules/rust-build/compiler/zombie_driver2/target/debug/deps/librustc_ast-892745d5973bca50.rmeta --extern rustc_data_structures=/mnt/data1/nix/vendor/rust/cargo2nix/submodules/rust-build/compiler/zombie_driver2/target/debug/deps/librustc_data_structures-7a05c3f43ea74b8d.rmeta --extern rustc_errors=/mnt/data1/nix/vendor/rust/cargo2nix/submodules/rust-build/compiler/zombie_driver2/target/debug/deps/librustc_errors-042ea83da72fde12.rmeta --extern rustc_fluent_macro=/mnt/data1/nix/vendor/rust/cargo2nix/submodules/rust-build/compiler/zombie_driver2/target/debug/deps/librustc_fluent_macro-d795261342a5a863.so --extern rustc_fs_util=/mnt/data1/nix/vendor/rust/cargo2nix/submodules/rust-build/compiler/zombie_driver2/target/debug/deps/librustc_fs_util-4db11bae1137b760.rmeta --extern rustc_graphviz=/mnt/data1/nix/vendor/rust/cargo2nix/submodules/rust-build/compiler/zombie_driver2/target/debug/deps/librustc_graphviz-c7812eafe07feea7.rmeta --extern rustc_hashes=/mnt/data1/nix/vendor/rust/cargo2nix/submodules/rust-build/compiler/zombie_driver2/target/debug/deps/librustc_hashes-90e81dae7d173bd5.rmeta --extern rustc_hir=/mnt/data1/nix/vendor/rust/cargo2nix/submodules/rust-build/compiler/zombie_driver2/target/debug/deps/librustc_hir-60bf32f61521f542.rmeta --extern rustc_macros=/mnt/data1/nix/vendor/rust/cargo2nix/submodules/rust-build/compiler/zombie_driver2/target/debug/deps/librustc_macros-533b3ebf51685542.so --extern rustc_middle=/mnt/data1/nix/vendor/rust/cargo2nix/submodules/rust-build/compiler/zombie_driver2/target/debug/deps/librustc_middle-245c3150683558be.rmeta --extern rustc_serialize=/mnt/data1/nix/vendor/rust/cargo2nix/submodules/rust-build/compiler/zombie_driver2/target/debug/deps/librustc_serialize-865b9514c43ea76f.rmeta --extern rustc_session=/mnt/data1/nix/vendor/rust/cargo2nix/submodules/rust-build/compiler/zombie_driver2/target/debug/deps/librustc_session-ad93ec0078fafc82.rmeta --extern rustc_span=/mnt/data1/nix/vendor/rust/cargo2nix/submodules/rust-build/compiler/zombie_driver2/target/debug/deps/librustc_span-cca3b45fe3825eda.rmeta --extern thin_vec=/mnt/data1/nix/vendor/rust/cargo2nix/submodules/rust-build/compiler/zombie_driver2/target/debug/deps/libthin_vec-c5a2b73fca668a41.rmeta --extern tracing=/mnt/data1/nix/vendor/rust/cargo2nix/submodules/rust-build/compiler/zombie_driver2/target/debug/deps/libtracing-82b3a1ccd9aeceb8.rmeta -L native=/mnt/data1/nix/vendor/rust/cargo2nix/submodules/rust-build/compiler/zombie_driver2/target/debug/build/psm-51115e95e3afce55/out -L native=/mnt/data1/nix/vendor/rust/cargo2nix/submodules/rust-build/compiler/zombie_driver2/target/debug/build/blake3-b449a45f526127c8/out -L native=/mnt/data1/nix/vendor/rust/cargo2nix/submodules/rust-build/compiler/zombie_driver2/target/debug/build/blake3-b449a45f526127c8/out
19:37:12 rustc --crate-name rustc_incremental --edition=2024 /mnt/data1/nix/vendor/rust/cargo2nix/submodules/rust-build/compiler/rustc_incremental/src/lib.rs --error-format=json --json=diagnostic-rendered-ansi,artifacts,future-incompat --crate-type lib --emit=dep-info,metadata,link -C embed-bitcode=no -C debuginfo=2 --check-cfg cfg(docsrs,test) --check-cfg cfg(feature, values()) -C metadata=d704e86f98645119 -C extra-filename=-e60e7a4b2c61ab1f --out-dir /mnt/data1/nix/vendor/rust/cargo2nix/submodules/rust-build/compiler/zombie_driver2/target/debug/deps -C incremental=/mnt/data1/nix/vendor/rust/cargo2nix/submodules/rust-build/compiler/zombie_driver2/target/debug/incremental -L dependency=/mnt/data1/nix/vendor/rust/cargo2nix/submodules/rust-build/compiler/zombie_driver2/target/debug/deps --extern rand=/mnt/data1/nix/vendor/rust/cargo2nix/submodules/rust-build/compiler/zombie_driver2/target/debug/deps/librand-537f213941c07c4b.rmeta --extern rustc_ast=/mnt/data1/nix/vendor/rust/cargo2nix/submodules/rust-build/compiler/zombie_driver2/target/debug/deps/librustc_ast-892745d5973bca50.rmeta --extern rustc_data_structures=/mnt/data1/nix/vendor/rust/cargo2nix/submodules/rust-build/compiler/zombie_driver2/target/debug/deps/librustc_data_structures-7a05c3f43ea74b8d.rmeta --extern rustc_errors=/mnt/data1/nix/vendor/rust/cargo2nix/submodules/rust-build/compiler/zombie_driver2/target/debug/deps/librustc_errors-042ea83da72fde12.rmeta --extern rustc_fluent_macro=/mnt/data1/nix/vendor/rust/cargo2nix/submodules/rust-build/compiler/zombie_driver2/target/debug/deps/librustc_fluent_macro-d795261342a5a863.so --extern rustc_fs_util=/mnt/data1/nix/vendor/rust/cargo2nix/submodules/rust-build/compiler/zombie_driver2/target/debug/deps/librustc_fs_util-4db11bae1137b760.rmeta --extern rustc_graphviz=/mnt/data1/nix/vendor/rust/cargo2nix/submodules/rust-build/compiler/zombie_driver2/target/debug/deps/librustc_graphviz-c7812eafe07feea7.rmeta --extern rustc_hashes=/mnt/data1/nix/vendor/rust/cargo2nix/submodules/rust-build/compiler/zombie_driver2/target/debug/deps/librustc_hashes-90e81dae7d173bd5.rmeta --extern rustc_hir=/mnt/data1/nix/vendor/rust/cargo2nix/submodules/rust-build/compiler/zombie_driver2/target/debug/deps/librustc_hir-60bf32f61521f542.rmeta --extern rustc_macros=/mnt/data1/nix/vendor/rust/cargo2nix/submodules/rust-build/compiler/zombie_driver2/target/debug/deps/librustc_macros-533b3ebf51685542.so --extern rustc_middle=/mnt/data1/nix/vendor/rust/cargo2nix/submodules/rust-build/compiler/zombie_driver2/target/debug/deps/librustc_middle-245c3150683558be.rmeta --extern rustc_serialize=/mnt/data1/nix/vendor/rust/cargo2nix/submodules/rust-build/compiler/zombie_driver2/target/debug/deps/librustc_serialize-865b9514c43ea76f.rmeta --extern rustc_session=/mnt/data1/nix/vendor/rust/cargo2nix/submodules/rust-build/compiler/zombie_driver2/target/debug/deps/librustc_session-ad93ec0078fafc82.rmeta --extern rustc_span=/mnt/data1/nix/vendor/rust/cargo2nix/submodules/rust-build/compiler/zombie_driver2/target/debug/deps/librustc_span-cca3b45fe3825eda.rmeta --extern thin_vec=/mnt/data1/nix/vendor/rust/cargo2nix/submodules/rust-build/compiler/zombie_driver2/target/debug/deps/libthin_vec-c5a2b73fca668a41.rmeta --extern tracing=/mnt/data1/nix/vendor/rust/cargo2nix/submodules/rust-build/compiler/zombie_driver2/target/debug/deps/libtracing-82b3a1ccd9aeceb8.rmeta -L native=/mnt/data1/nix/vendor/rust/cargo2nix/submodules/rust-build/compiler/zombie_driver2/target/debug/build/psm-51115e95e3afce55/out -L native=/mnt/data1/nix/vendor/rust/cargo2nix/submodules/rust-build/compiler/zombie_driver2/target/debug/build/blake3-b449a45f526127c8/out -L native=/mnt/data1/nix/vendor/rust/cargo2nix/submodules/rust-build/compiler/zombie_driver2/target/debug/build/blake3-b449a45f526127c8/out
19:37:22 STATS_CHANGE: Compile requests                    417
Compile requests executed           297
Cache hits                          264
Cache hits (Rust)                   264
Cache misses                         29
Cache misses (Rust)                  29
Cache hits rate                   90.10 %
Cache hits rate (Rust)            90.10 %
Cache timeouts                        0
Cache read errors                     0
Forced recaches                       0
Cache write errors                    0
Cache errors                          0
Compilations                         29
Compilation failures                  4
Non-cacheable compilations            0
Non-cacheable calls                 119
Non-compilation calls                 1
Unsupported compiler calls            0
Average cache write               0.000 s
Average compiler                  0.538 s
Average cache read hit            0.003 s
Failed distributed compilations       0

Non-cacheable reasons:
crate-type                           72
incremental                          38
missing input                         5
-o                                    3
-                                     1

Cache location                  Local disk: "/home/mdupont/.cache/sccache"
Use direct/preprocessor mode?   yes
Version (client)                0.12.0
Cache size                            1 GiB
Max cache size                       10 GiB -> Compile requests                    431
Compile requests executed           297
Cache hits                          264
Cache hits (Rust)                   264
Cache misses                         29
Cache misses (Rust)                  29
Cache hits rate                   90.10 %
Cache hits rate (Rust)            90.10 %
Cache timeouts                        0
Cache read errors                     0
Forced recaches                       0
Cache write errors                    0
Cache errors                          0
Compilations                         29
Compilation failures                  4
Non-cacheable compilations            0
Non-cacheable calls                 133
Non-compilation calls                 1
Unsupported compiler calls            0
Average cache write               0.000 s
Average compiler                  0.538 s
Average cache read hit            0.003 s
Failed distributed compilations       0

Non-cacheable reasons:
crate-type                           72
incremental                          52
missing input                         5
-o                                    3
-                                     1

Cache location                  Local disk: "/home/mdupont/.cache/sccache"
Use direct/preprocessor mode?   yes
Version (client)                0.12.0
Cache size                            1 GiB
Max cache size                       10 GiB
19:37:22 DUPLICATE #2: rustc --crate-name rustc_incremental --edition=2024 /mnt/data1/nix/vendor/rust/cargo2nix/submodules/rust-build/compiler/rustc_incremental/src/lib.rs --error-format=json --json=diagnostic-rendered-ansi,artifacts,future-incompat --crate-type lib --emit=dep-info,metadata,link -C embed-bitcode=no -C debuginfo=2 --check-cfg cfg(docsrs,test) --check-cfg cfg(feature, values()) -C metadata=d704e86f98645119 -C extra-filename=-e60e7a4b2c61ab1f --out-dir /mnt/data1/nix/vendor/rust/cargo2nix/submodules/rust-build/compiler/zombie_driver2/target/debug/deps -C incremental=/mnt/data1/nix/vendor/rust/cargo2nix/submodules/rust-build/compiler/zombie_driver2/target/debug/incremental -L dependency=/mnt/data1/nix/vendor/rust/cargo2nix/submodules/rust-build/compiler/zombie_driver2/target/debug/deps --extern rand=/mnt/data1/nix/vendor/rust/cargo2nix/submodules/rust-build/compiler/zombie_driver2/target/debug/deps/librand-537f213941c07c4b.rmeta --extern rustc_ast=/mnt/data1/nix/vendor/rust/cargo2nix/submodules/rust-build/compiler/zombie_driver2/target/debug/deps/librustc_ast-892745d5973bca50.rmeta --extern rustc_data_structures=/mnt/data1/nix/vendor/rust/cargo2nix/submodules/rust-build/compiler/zombie_driver2/target/debug/deps/librustc_data_structures-7a05c3f43ea74b8d.rmeta --extern rustc_errors=/mnt/data1/nix/vendor/rust/cargo2nix/submodules/rust-build/compiler/zombie_driver2/target/debug/deps/librustc_errors-042ea83da72fde12.rmeta --extern rustc_fluent_macro=/mnt/data1/nix/vendor/rust/cargo2nix/submodules/rust-build/compiler/zombie_driver2/target/debug/deps/librustc_fluent_macro-d795261342a5a863.so --extern rustc_fs_util=/mnt/data1/nix/vendor/rust/cargo2nix/submodules/rust-build/compiler/zombie_driver2/target/debug/deps/librustc_fs_util-4db11bae1137b760.rmeta --extern rustc_graphviz=/mnt/data1/nix/vendor/rust/cargo2nix/submodules/rust-build/compiler/zombie_driver2/target/debug/deps/librustc_graphviz-c7812eafe07feea7.rmeta --extern rustc_hashes=/mnt/data1/nix/vendor/rust/cargo2nix/submodules/rust-build/compiler/zombie_driver2/target/debug/deps/librustc_hashes-90e81dae7d173bd5.rmeta --extern rustc_hir=/mnt/data1/nix/vendor/rust/cargo2nix/submodules/rust-build/compiler/zombie_driver2/target/debug/deps/librustc_hir-60bf32f61521f542.rmeta --extern rustc_macros=/mnt/data1/nix/vendor/rust/cargo2nix/submodules/rust-build/compiler/zombie_driver2/target/debug/deps/librustc_macros-533b3ebf51685542.so --extern rustc_middle=/mnt/data1/nix/vendor/rust/cargo2nix/submodules/rust-build/compiler/zombie_driver2/target/debug/deps/librustc_middle-245c3150683558be.rmeta --extern rustc_serialize=/mnt/data1/nix/vendor/rust/cargo2nix/submodules/rust-build/compiler/zombie_driver2/target/debug/deps/librustc_serialize-865b9514c43ea76f.rmeta --extern rustc_session=/mnt/data1/nix/vendor/rust/cargo2nix/submodules/rust-build/compiler/zombie_driver2/target/debug/deps/librustc_session-ad93ec0078fafc82.rmeta --extern rustc_span=/mnt/data1/nix/vendor/rust/cargo2nix/submodules/rust-build/compiler/zombie_driver2/target/debug/deps/librustc_span-cca3b45fe3825eda.rmeta --extern thin_vec=/mnt/data1/nix/vendor/rust/cargo2nix/submodules/rust-build/compiler/zombie_driver2/target/debug/deps/libthin_vec-c5a2b73fca668a41.rmeta --extern tracing=/mnt/data1/nix/vendor/rust/cargo2nix/submodules/rust-build/compiler/zombie_driver2/target/debug/deps/libtracing-82b3a1ccd9aeceb8.rmeta -L native=/mnt/data1/nix/vendor/rust/cargo2nix/submodules/rust-build/compiler/zombie_driver2/target/debug/build/psm-51115e95e3afce55/out -L native=/mnt/data1/nix/vendor/rust/cargo2nix/submodules/rust-build/compiler/zombie_driver2/target/debug/build/blake3-b449a45f526127c8/out -L native=/mnt/data1/nix/vendor/rust/cargo2nix/submodules/rust-build/compiler/zombie_driver2/target/debug/build/blake3-b449a45f526127c8/out
19:46:31 rustc --crate-name rustc_incremental --edition=2024 /mnt/data1/nix/vendor/rust/cargo2nix/submodules/rust-build/compiler/rustc_incremental/src/lib.rs --error-format=json --json=diagnostic-rendered-ansi,artifacts,future-incompat --crate-type lib --emit=dep-info,metadata,link -C embed-bitcode=no -C debuginfo=2 --check-cfg cfg(docsrs,test) --check-cfg cfg(feature, values()) -C metadata=d704e86f98645119 -C extra-filename=-e60e7a4b2c61ab1f --out-dir /mnt/data1/nix/vendor/rust/cargo2nix/submodules/rust-build/compiler/zombie_driver2/target/debug/deps -C incremental=/mnt/data1/nix/vendor/rust/cargo2nix/submodules/rust-build/compiler/zombie_driver2/target/debug/incremental -L dependency=/mnt/data1/nix/vendor/rust/cargo2nix/submodules/rust-build/compiler/zombie_driver2/target/debug/deps --extern rand=/mnt/data1/nix/vendor/rust/cargo2nix/submodules/rust-build/compiler/zombie_driver2/target/debug/deps/librand-537f213941c07c4b.rmeta --extern rustc_ast=/mnt/data1/nix/vendor/rust/cargo2nix/submodules/rust-build/compiler/zombie_driver2/target/debug/deps/librustc_ast-892745d5973bca50.rmeta --extern rustc_data_structures=/mnt/data1/nix/vendor/rust/cargo2nix/submodules/rust-build/compiler/zombie_driver2/target/debug/deps/librustc_data_structures-7a05c3f43ea74b8d.rmeta --extern rustc_errors=/mnt/data1/nix/vendor/rust/cargo2nix/submodules/rust-build/compiler/zombie_driver2/target/debug/deps/librustc_errors-042ea83da72fde12.rmeta --extern rustc_fluent_macro=/mnt/data1/nix/vendor/rust/cargo2nix/submodules/rust-build/compiler/zombie_driver2/target/debug/deps/librustc_fluent_macro-d795261342a5a863.so --extern rustc_fs_util=/mnt/data1/nix/vendor/rust/cargo2nix/submodules/rust-build/compiler/zombie_driver2/target/debug/deps/librustc_fs_util-4db11bae1137b760.rmeta --extern rustc_graphviz=/mnt/data1/nix/vendor/rust/cargo2nix/submodules/rust-build/compiler/zombie_driver2/target/debug/deps/librustc_graphviz-c7812eafe07feea7.rmeta --extern rustc_hashes=/mnt/data1/nix/vendor/rust/cargo2nix/submodules/rust-build/compiler/zombie_driver2/target/debug/deps/librustc_hashes-90e81dae7d173bd5.rmeta --extern rustc_hir=/mnt/data1/nix/vendor/rust/cargo2nix/submodules/rust-build/compiler/zombie_driver2/target/debug/deps/librustc_hir-60bf32f61521f542.rmeta --extern rustc_macros=/mnt/data1/nix/vendor/rust/cargo2nix/submodules/rust-build/compiler/zombie_driver2/target/debug/deps/librustc_macros-533b3ebf51685542.so --extern rustc_middle=/mnt/data1/nix/vendor/rust/cargo2nix/submodules/rust-build/compiler/zombie_driver2/target/debug/deps/librustc_middle-245c3150683558be.rmeta --extern rustc_serialize=/mnt/data1/nix/vendor/rust/cargo2nix/submodules/rust-build/compiler/zombie_driver2/target/debug/deps/librustc_serialize-865b9514c43ea76f.rmeta --extern rustc_session=/mnt/data1/nix/vendor/rust/cargo2nix/submodules/rust-build/compiler/zombie_driver2/target/debug/deps/librustc_session-ad93ec0078fafc82.rmeta --extern rustc_span=/mnt/data1/nix/vendor/rust/cargo2nix/submodules/rust-build/compiler/zombie_driver2/target/debug/deps/librustc_span-cca3b45fe3825eda.rmeta --extern thin_vec=/mnt/data1/nix/vendor/rust/cargo2nix/submodules/rust-build/compiler/zombie_driver2/target/debug/deps/libthin_vec-c5a2b73fca668a41.rmeta --extern tracing=/mnt/data1/nix/vendor/rust/cargo2nix/submodules/rust-build/compiler/zombie_driver2/target/debug/deps/libtracing-82b3a1ccd9aeceb8.rmeta -L native=/mnt/data1/nix/vendor/rust/cargo2nix/submodules/rust-build/compiler/zombie_driver2/target/debug/build/psm-51115e95e3afce55/out -L native=/mnt/data1/nix/vendor/rust/cargo2nix/submodules/rust-build/compiler/zombie_driver2/target/debug/build/blake3-b449a45f526127c8/out -L native=/mnt/data1/nix/vendor/rust/cargo2nix/submodules/rust-build/compiler/zombie_driver2/target/debug/build/blake3-b449a45f526127c8/out
19:47:54 STATS_CHANGE: Compile requests                    451
Compile requests executed           297
Cache hits                          264
Cache hits (Rust)                   264
Cache misses                         29
Cache misses (Rust)                  29
Cache hits rate                   90.10 %
Cache hits rate (Rust)            90.10 %
Cache timeouts                        0
Cache read errors                     0
Forced recaches                       0
Cache write errors                    0
Cache errors                          0
Compilations                         29
Compilation failures                  4
Non-cacheable compilations            0
Non-cacheable calls                 153
Non-compilation calls                 1
Unsupported compiler calls            0
Average cache write               0.000 s
Average compiler                  0.538 s
Average cache read hit            0.003 s
Failed distributed compilations       0

Non-cacheable reasons:
crate-type                           72
incremental                          69
missing input                         7
-o                                    3
-                                     2

Cache location                  Local disk: "/home/mdupont/.cache/sccache"
Use direct/preprocessor mode?   yes
Version (client)                0.12.0
Cache size                            1 GiB
Max cache size                       10 GiB -> Compile requests                    462
Compile requests executed           297
Cache hits                          264
Cache hits (Rust)                   264
Cache misses                         29
Cache misses (Rust)                  29
Cache hits rate                   90.10 %
Cache hits rate (Rust)            90.10 %
Cache timeouts                        0
Cache read errors                     0
Forced recaches                       0
Cache write errors                    0
Cache errors                          0
Compilations                         29
Compilation failures                  4
Non-cacheable compilations            0
Non-cacheable calls                 164
Non-compilation calls                 1
Unsupported compiler calls            0
Average cache write               0.000 s
Average compiler                  0.538 s
Average cache read hit            0.003 s
Failed distributed compilations       0

Non-cacheable reasons:
incremental                          80
crate-type                           72
missing input                         7
-o                                    3
-                                     2

Cache location                  Local disk: "/home/mdupont/.cache/sccache"
Use direct/preprocessor mode?   yes
Version (client)                0.12.0
Cache size                            1 GiB
Max cache size                       10 GiB
19:47:54 DUPLICATE #4: rustc --crate-name rustc_incremental --edition=2024 /mnt/data1/nix/vendor/rust/cargo2nix/submodules/rust-build/compiler/rustc_incremental/src/lib.rs --error-format=json --json=diagnostic-rendered-ansi,artifacts,future-incompat --crate-type lib --emit=dep-info,metadata,link -C embed-bitcode=no -C debuginfo=2 --check-cfg cfg(docsrs,test) --check-cfg cfg(feature, values()) -C metadata=d704e86f98645119 -C extra-filename=-e60e7a4b2c61ab1f --out-dir /mnt/data1/nix/vendor/rust/cargo2nix/submodules/rust-build/compiler/zombie_driver2/target/debug/deps -C incremental=/mnt/data1/nix/vendor/rust/cargo2nix/submodules/rust-build/compiler/zombie_driver2/target/debug/incremental -L dependency=/mnt/data1/nix/vendor/rust/cargo2nix/submodules/rust-build/compiler/zombie_driver2/target/debug/deps --extern rand=/mnt/data1/nix/vendor/rust/cargo2nix/submodules/rust-build/compiler/zombie_driver2/target/debug/deps/librand-537f213941c07c4b.rmeta --extern rustc_ast=/mnt/data1/nix/vendor/rust/cargo2nix/submodules/rust-build/compiler/zombie_driver2/target/debug/deps/librustc_ast-892745d5973bca50.rmeta --extern rustc_data_structures=/mnt/data1/nix/vendor/rust/cargo2nix/submodules/rust-build/compiler/zombie_driver2/target/debug/deps/librustc_data_structures-7a05c3f43ea74b8d.rmeta --extern rustc_errors=/mnt/data1/nix/vendor/rust/cargo2nix/submodules/rust-build/compiler/zombie_driver2/target/debug/deps/librustc_errors-042ea83da72fde12.rmeta --extern rustc_fluent_macro=/mnt/data1/nix/vendor/rust/cargo2nix/submodules/rust-build/compiler/zombie_driver2/target/debug/deps/librustc_fluent_macro-d795261342a5a863.so --extern rustc_fs_util=/mnt/data1/nix/vendor/rust/cargo2nix/submodules/rust-build/compiler/zombie_driver2/target/debug/deps/librustc_fs_util-4db11bae1137b760.rmeta --extern rustc_graphviz=/mnt/data1/nix/vendor/rust/cargo2nix/submodules/rust-build/compiler/zombie_driver2/target/debug/deps/librustc_graphviz-c7812eafe07feea7.rmeta --extern rustc_hashes=/mnt/data1/nix/vendor/rust/cargo2nix/submodules/rust-build/compiler/zombie_driver2/target/debug/deps/librustc_hashes-90e81dae7d173bd5.rmeta --extern rustc_hir=/mnt/data1/nix/vendor/rust/cargo2nix/submodules/rust-build/compiler/zombie_driver2/target/debug/deps/librustc_hir-60bf32f61521f542.rmeta --extern rustc_macros=/mnt/data1/nix/vendor/rust/cargo2nix/submodules/rust-build/compiler/zombie_driver2/target/debug/deps/librustc_macros-533b3ebf51685542.so --extern rustc_middle=/mnt/data1/nix/vendor/rust/cargo2nix/submodules/rust-build/compiler/zombie_driver2/target/debug/deps/librustc_middle-245c3150683558be.rmeta --extern rustc_serialize=/mnt/data1/nix/vendor/rust/cargo2nix/submodules/rust-build/compiler/zombie_driver2/target/debug/deps/librustc_serialize-865b9514c43ea76f.rmeta --extern rustc_session=/mnt/data1/nix/vendor/rust/cargo2nix/submodules/rust-build/compiler/zombie_driver2/target/debug/deps/librustc_session-ad93ec0078fafc82.rmeta --extern rustc_span=/mnt/data1/nix/vendor/rust/cargo2nix/submodules/rust-build/compiler/zombie_driver2/target/debug/deps/librustc_span-cca3b45fe3825eda.rmeta --extern thin_vec=/mnt/data1/nix/vendor/rust/cargo2nix/submodules/rust-build/compiler/zombie_driver2/target/debug/deps/libthin_vec-c5a2b73fca668a41.rmeta --extern tracing=/mnt/data1/nix/vendor/rust/cargo2nix/submodules/rust-build/compiler/zombie_driver2/target/debug/deps/libtracing-82b3a1ccd9aeceb8.rmeta -L native=/mnt/data1/nix/vendor/rust/cargo2nix/submodules/rust-build/compiler/zombie_driver2/target/debug/build/psm-51115e95e3afce55/out -L native=/mnt/data1/nix/vendor/rust/cargo2nix/submodules/rust-build/compiler/zombie_driver2/target/debug/build/blake3-b449a45f526127c8/out -L native=/mnt/data1/nix/vendor/rust/cargo2nix/submodules/rust-build/compiler/zombie_driver2/target/debug/build/blake3-b449a45f526127c8/out
19:50:26 rustc --crate-name rustc_incremental --edition=2024 /mnt/data1/nix/vendor/rust/cargo2nix/submodules/rust-build/compiler/rustc_incremental/src/lib.rs --error-format=json --json=diagnostic-rendered-ansi,artifacts,future-incompat --crate-type lib --emit=dep-info,metadata,link -C embed-bitcode=no -C debuginfo=2 --check-cfg cfg(docsrs,test) --check-cfg cfg(feature, values()) -C metadata=d704e86f98645119 -C extra-filename=-e60e7a4b2c61ab1f --out-dir /mnt/data1/nix/vendor/rust/cargo2nix/submodules/rust-build/compiler/zombie_driver2/target/debug/deps -C incremental=/mnt/data1/nix/vendor/rust/cargo2nix/submodules/rust-build/compiler/zombie_driver2/target/debug/incremental -L dependency=/mnt/data1/nix/vendor/rust/cargo2nix/submodules/rust-build/compiler/zombie_driver2/target/debug/deps --extern rand=/mnt/data1/nix/vendor/rust/cargo2nix/submodules/rust-build/compiler/zombie_driver2/target/debug/deps/librand-537f213941c07c4b.rmeta --extern rustc_ast=/mnt/data1/nix/vendor/rust/cargo2nix/submodules/rust-build/compiler/zombie_driver2/target/debug/deps/librustc_ast-892745d5973bca50.rmeta --extern rustc_data_structures=/mnt/data1/nix/vendor/rust/cargo2nix/submodules/rust-build/compiler/zombie_driver2/target/debug/deps/librustc_data_structures-7a05c3f43ea74b8d.rmeta --extern rustc_errors=/mnt/data1/nix/vendor/rust/cargo2nix/submodules/rust-build/compiler/zombie_driver2/target/debug/deps/librustc_errors-042ea83da72fde12.rmeta --extern rustc_fluent_macro=/mnt/data1/nix/vendor/rust/cargo2nix/submodules/rust-build/compiler/zombie_driver2/target/debug/deps/librustc_fluent_macro-d795261342a5a863.so --extern rustc_fs_util=/mnt/data1/nix/vendor/rust/cargo2nix/submodules/rust-build/compiler/zombie_driver2/target/debug/deps/librustc_fs_util-4db11bae1137b760.rmeta --extern rustc_graphviz=/mnt/data1/nix/vendor/rust/cargo2nix/submodules/rust-build/compiler/zombie_driver2/target/debug/deps/librustc_graphviz-c7812eafe07feea7.rmeta --extern rustc_hashes=/mnt/data1/nix/vendor/rust/cargo2nix/submodules/rust-build/compiler/zombie_driver2/target/debug/deps/librustc_hashes-90e81dae7d173bd5.rmeta --extern rustc_hir=/mnt/data1/nix/vendor/rust/cargo2nix/submodules/rust-build/compiler/zombie_driver2/target/debug/deps/librustc_hir-60bf32f61521f542.rmeta --extern rustc_macros=/mnt/data1/nix/vendor/rust/cargo2nix/submodules/rust-build/compiler/zombie_driver2/target/debug/deps/librustc_macros-533b3ebf51685542.so --extern rustc_middle=/mnt/data1/nix/vendor/rust/cargo2nix/submodules/rust-build/compiler/zombie_driver2/target/debug/deps/librustc_middle-245c3150683558be.rmeta --extern rustc_serialize=/mnt/data1/nix/vendor/rust/cargo2nix/submodules/rust-build/compiler/zombie_driver2/target/debug/deps/librustc_serialize-865b9514c43ea76f.rmeta --extern rustc_session=/mnt/data1/nix/vendor/rust/cargo2nix/submodules/rust-build/compiler/zombie_driver2/target/debug/deps/librustc_session-ad93ec0078fafc82.rmeta --extern rustc_span=/mnt/data1/nix/vendor/rust/cargo2nix/submodules/rust-build/compiler/zombie_driver2/target/debug/deps/librustc_span-cca3b45fe3825eda.rmeta --extern thin_vec=/mnt/data1/nix/vendor/rust/cargo2nix/submodules/rust-build/compiler/zombie_driver2/target/debug/deps/libthin_vec-c5a2b73fca668a41.rmeta --extern tracing=/mnt/data1/nix/vendor/rust/cargo2nix/submodules/rust-build/compiler/zombie_driver2/target/debug/deps/libtracing-82b3a1ccd9aeceb8.rmeta -L native=/mnt/data1/nix/vendor/rust/cargo2nix/submodules/rust-build/compiler/zombie_driver2/target/debug/build/psm-51115e95e3afce55/out -L native=/mnt/data1/nix/vendor/rust/cargo2nix/submodules/rust-build/compiler/zombie_driver2/target/debug/build/blake3-b449a45f526127c8/out -L native=/mnt/data1/nix/vendor/rust/cargo2nix/submodules/rust-build/compiler/zombie_driver2/target/debug/build/blake3-b449a45f526127c8/out
19:50:28 STATS_CHANGE: Compile requests                    473
Compile requests executed           297
Cache hits                          264
Cache hits (Rust)                   264
Cache misses                         29
Cache misses (Rust)                  29
Cache hits rate                   90.10 %
Cache hits rate (Rust)            90.10 %
Cache timeouts                        0
Cache read errors                     0
Forced recaches                       0
Cache write errors                    0
Cache errors                          0
Compilations                         29
Compilation failures                  4
Non-cacheable compilations            0
Non-cacheable calls                 175
Non-compilation calls                 1
Unsupported compiler calls            0
Average cache write               0.000 s
Average compiler                  0.538 s
Average cache read hit            0.003 s
Failed distributed compilations       0

Non-cacheable reasons:
incremental                          90
crate-type                           72
missing input                         7
-                                     3
-o                                    3

Cache location                  Local disk: "/home/mdupont/.cache/sccache"
Use direct/preprocessor mode?   yes
Version (client)                0.12.0
Cache size                            1 GiB
Max cache size                       10 GiB -> Compile requests                    485
Compile requests executed           297
Cache hits                          264
Cache hits (Rust)                   264
Cache misses                         29
Cache misses (Rust)                  29
Cache hits rate                   90.10 %
Cache hits rate (Rust)            90.10 %
Cache timeouts                        0
Cache read errors                     0
Forced recaches                       0
Cache write errors                    0
Cache errors                          0
Compilations                         29
Compilation failures                  4
Non-cacheable compilations            0
Non-cacheable calls                 187
Non-compilation calls                 1
Unsupported compiler calls            0
Average cache write               0.000 s
Average compiler                  0.538 s
Average cache read hit            0.003 s
Failed distributed compilations       0

Non-cacheable reasons:
incremental                         102
crate-type                           72
missing input                         7
-                                     3
-o                                    3

Cache location                  Local disk: "/home/mdupont/.cache/sccache"
Use direct/preprocessor mode?   yes
Version (client)                0.12.0
Cache size                            1 GiB
Max cache size                       10 GiB
19:50:28 DUPLICATE #6: rustc --crate-name rustc_incremental --edition=2024 /mnt/data1/nix/vendor/rust/cargo2nix/submodules/rust-build/compiler/rustc_incremental/src/lib.rs --error-format=json --json=diagnostic-rendered-ansi,artifacts,future-incompat --crate-type lib --emit=dep-info,metadata,link -C embed-bitcode=no -C debuginfo=2 --check-cfg cfg(docsrs,test) --check-cfg cfg(feature, values()) -C metadata=d704e86f98645119 -C extra-filename=-e60e7a4b2c61ab1f --out-dir /mnt/data1/nix/vendor/rust/cargo2nix/submodules/rust-build/compiler/zombie_driver2/target/debug/deps -C incremental=/mnt/data1/nix/vendor/rust/cargo2nix/submodules/rust-build/compiler/zombie_driver2/target/debug/incremental -L dependency=/mnt/data1/nix/vendor/rust/cargo2nix/submodules/rust-build/compiler/zombie_driver2/target/debug/deps --extern rand=/mnt/data1/nix/vendor/rust/cargo2nix/submodules/rust-build/compiler/zombie_driver2/target/debug/deps/librand-537f213941c07c4b.rmeta --extern rustc_ast=/mnt/data1/nix/vendor/rust/cargo2nix/submodules/rust-build/compiler/zombie_driver2/target/debug/deps/librustc_ast-892745d5973bca50.rmeta --extern rustc_data_structures=/mnt/data1/nix/vendor/rust/cargo2nix/submodules/rust-build/compiler/zombie_driver2/target/debug/deps/librustc_data_structures-7a05c3f43ea74b8d.rmeta --extern rustc_errors=/mnt/data1/nix/vendor/rust/cargo2nix/submodules/rust-build/compiler/zombie_driver2/target/debug/deps/librustc_errors-042ea83da72fde12.rmeta --extern rustc_fluent_macro=/mnt/data1/nix/vendor/rust/cargo2nix/submodules/rust-build/compiler/zombie_driver2/target/debug/deps/librustc_fluent_macro-d795261342a5a863.so --extern rustc_fs_util=/mnt/data1/nix/vendor/rust/cargo2nix/submodules/rust-build/compiler/zombie_driver2/target/debug/deps/librustc_fs_util-4db11bae1137b760.rmeta --extern rustc_graphviz=/mnt/data1/nix/vendor/rust/cargo2nix/submodules/rust-build/compiler/zombie_driver2/target/debug/deps/librustc_graphviz-c7812eafe07feea7.rmeta --extern rustc_hashes=/mnt/data1/nix/vendor/rust/cargo2nix/submodules/rust-build/compiler/zombie_driver2/target/debug/deps/librustc_hashes-90e81dae7d173bd5.rmeta --extern rustc_hir=/mnt/data1/nix/vendor/rust/cargo2nix/submodules/rust-build/compiler/zombie_driver2/target/debug/deps/librustc_hir-60bf32f61521f542.rmeta --extern rustc_macros=/mnt/data1/nix/vendor/rust/cargo2nix/submodules/rust-build/compiler/zombie_driver2/target/debug/deps/librustc_macros-533b3ebf51685542.so --extern rustc_middle=/mnt/data1/nix/vendor/rust/cargo2nix/submodules/rust-build/compiler/zombie_driver2/target/debug/deps/librustc_middle-245c3150683558be.rmeta --extern rustc_serialize=/mnt/data1/nix/vendor/rust/cargo2nix/submodules/rust-build/compiler/zombie_driver2/target/debug/deps/librustc_serialize-865b9514c43ea76f.rmeta --extern rustc_session=/mnt/data1/nix/vendor/rust/cargo2nix/submodules/rust-build/compiler/zombie_driver2/target/debug/deps/librustc_session-ad93ec0078fafc82.rmeta --extern rustc_span=/mnt/data1/nix/vendor/rust/cargo2nix/submodules/rust-build/compiler/zombie_driver2/target/debug/deps/librustc_span-cca3b45fe3825eda.rmeta --extern thin_vec=/mnt/data1/nix/vendor/rust/cargo2nix/submodules/rust-build/compiler/zombie_driver2/target/debug/deps/libthin_vec-c5a2b73fca668a41.rmeta --extern tracing=/mnt/data1/nix/vendor/rust/cargo2nix/submodules/rust-build/compiler/zombie_driver2/target/debug/deps/libtracing-82b3a1ccd9aeceb8.rmeta -L native=/mnt/data1/nix/vendor/rust/cargo2nix/submodules/rust-build/compiler/zombie_driver2/target/debug/build/psm-51115e95e3afce55/out -L native=/mnt/data1/nix/vendor/rust/cargo2nix/submodules/rust-build/compiler/zombie_driver2/target/debug/build/blake3-b449a45f526127c8/out -L native=/mnt/data1/nix/vendor/rust/cargo2nix/submodules/rust-build/compiler/zombie_driver2/target/debug/build/blake3-b449a45f526127c8/out
20:10:05 SKIPPED: rustc --crate-name rustc_incremental --edition=2024 /mnt/data1/nix/vendor/rust/cargo2nix/submodules/rust-build/compiler/rustc_incremental/src/lib.rs --error-format=json --json=diagnostic-rendered-ansi,artifacts,future-incompat --crate-type lib --emit=dep-info,metadata,link -C embed-bitcode=no -C debuginfo=2 --check-cfg cfg(docsrs,test) --check-cfg cfg(feature, values()) -C metadata=d704e86f98645119 -C extra-filename=-e60e7a4b2c61ab1f --out-dir /mnt/data1/nix/vendor/rust/cargo2nix/submodules/rust-build/compiler/zombie_driver2/target/debug/deps -C incremental=/mnt/data1/nix/vendor/rust/cargo2nix/submodules/rust-build/compiler/zombie_driver2/target/debug/incremental -L dependency=/mnt/data1/nix/vendor/rust/cargo2nix/submodules/rust-build/compiler/zombie_driver2/target/debug/deps --extern rand=/mnt/data1/nix/vendor/rust/cargo2nix/submodules/rust-build/compiler/zombie_driver2/target/debug/deps/librand-537f213941c07c4b.rmeta --extern rustc_ast=/mnt/data1/nix/vendor/rust/cargo2nix/submodules/rust-build/compiler/zombie_driver2/target/debug/deps/librustc_ast-892745d5973bca50.rmeta --extern rustc_data_structures=/mnt/data1/nix/vendor/rust/cargo2nix/submodules/rust-build/compiler/zombie_driver2/target/debug/deps/librustc_data_structures-7a05c3f43ea74b8d.rmeta --extern rustc_errors=/mnt/data1/nix/vendor/rust/cargo2nix/submodules/rust-build/compiler/zombie_driver2/target/debug/deps/librustc_errors-042ea83da72fde12.rmeta --extern rustc_fluent_macro=/mnt/data1/nix/vendor/rust/cargo2nix/submodules/rust-build/compiler/zombie_driver2/target/debug/deps/librustc_fluent_macro-d795261342a5a863.so --extern rustc_fs_util=/mnt/data1/nix/vendor/rust/cargo2nix/submodules/rust-build/compiler/zombie_driver2/target/debug/deps/librustc_fs_util-4db11bae1137b760.rmeta --extern rustc_graphviz=/mnt/data1/nix/vendor/rust/cargo2nix/submodules/rust-build/compiler/zombie_driver2/target/debug/deps/librustc_graphviz-c7812eafe07feea7.rmeta --extern rustc_hashes=/mnt/data1/nix/vendor/rust/cargo2nix/submodules/rust-build/compiler/zombie_driver2/target/debug/deps/librustc_hashes-90e81dae7d173bd5.rmeta --extern rustc_hir=/mnt/data1/nix/vendor/rust/cargo2nix/submodules/rust-build/compiler/zombie_driver2/target/debug/deps/librustc_hir-60bf32f61521f542.rmeta --extern rustc_macros=/mnt/data1/nix/vendor/rust/cargo2nix/submodules/rust-build/compiler/zombie_driver2/target/debug/deps/librustc_macros-533b3ebf51685542.so --extern rustc_middle=/mnt/data1/nix/vendor/rust/cargo2nix/submodules/rust-build/compiler/zombie_driver2/target/debug/deps/librustc_middle-245c3150683558be.rmeta --extern rustc_serialize=/mnt/data1/nix/vendor/rust/cargo2nix/submodules/rust-build/compiler/zombie_driver2/target/debug/deps/librustc_serialize-865b9514c43ea76f.rmeta --extern rustc_session=/mnt/data1/nix/vendor/rust/cargo2nix/submodules/rust-build/compiler/zombie_driver2/target/debug/deps/librustc_session-ad93ec0078fafc82.rmeta --extern rustc_span=/mnt/data1/nix/vendor/rust/cargo2nix/submodules/rust-build/compiler/zombie_driver2/target/debug/deps/librustc_span-cca3b45fe3825eda.rmeta --extern thin_vec=/mnt/data1/nix/vendor/rust/cargo2nix/submodules/rust-build/compiler/zombie_driver2/target/debug/deps/libthin_vec-c5a2b73fca668a41.rmeta --extern tracing=/mnt/data1/nix/vendor/rust/cargo2nix/submodules/rust-build/compiler/zombie_driver2/target/debug/deps/libtracing-82b3a1ccd9aeceb8.rmeta -L native=/mnt/data1/nix/vendor/rust/cargo2nix/submodules/rust-build/compiler/zombie_driver2/target/debug/build/psm-51115e95e3afce55/out -L native=/mnt/data1/nix/vendor/rust/cargo2nix/submodules/rust-build/compiler/zombie_driver2/target/debug/build/blake3-b449a45f526127c8/out -L native=/mnt/data1/nix/vendor/rust/cargo2nix/submodules/rust-build/compiler/zombie_driver2/target/debug/build/blake3-b449a45f526127c8/out
20:10:42 SKIPPED: rustc --crate-name rustc_incremental --edition=2024 /mnt/data1/nix/vendor/rust/cargo2nix/submodules/rust-build/compiler/rustc_incremental/src/lib.rs --error-format=json --json=diagnostic-rendered-ansi,artifacts,future-incompat --crate-type lib --emit=dep-info,metadata,link -C embed-bitcode=no -C debuginfo=2 --check-cfg cfg(docsrs,test) --check-cfg cfg(feature, values()) -C metadata=d704e86f98645119 -C extra-filename=-e60e7a4b2c61ab1f --out-dir /mnt/data1/nix/vendor/rust/cargo2nix/submodules/rust-build/compiler/zombie_driver2/target/debug/deps -C incremental=/mnt/data1/nix/vendor/rust/cargo2nix/submodules/rust-build/compiler/zombie_driver2/target/debug/incremental -L dependency=/mnt/data1/nix/vendor/rust/cargo2nix/submodules/rust-build/compiler/zombie_driver2/target/debug/deps --extern rand=/mnt/data1/nix/vendor/rust/cargo2nix/submodules/rust-build/compiler/zombie_driver2/target/debug/deps/librand-537f213941c07c4b.rmeta --extern rustc_ast=/mnt/data1/nix/vendor/rust/cargo2nix/submodules/rust-build/compiler/zombie_driver2/target/debug/deps/librustc_ast-892745d5973bca50.rmeta --extern rustc_data_structures=/mnt/data1/nix/vendor/rust/cargo2nix/submodules/rust-build/compiler/zombie_driver2/target/debug/deps/librustc_data_structures-7a05c3f43ea74b8d.rmeta --extern rustc_errors=/mnt/data1/nix/vendor/rust/cargo2nix/submodules/rust-build/compiler/zombie_driver2/target/debug/deps/librustc_errors-042ea83da72fde12.rmeta --extern rustc_fluent_macro=/mnt/data1/nix/vendor/rust/cargo2nix/submodules/rust-build/compiler/zombie_driver2/target/debug/deps/librustc_fluent_macro-d795261342a5a863.so --extern rustc_fs_util=/mnt/data1/nix/vendor/rust/cargo2nix/submodules/rust-build/compiler/zombie_driver2/target/debug/deps/librustc_fs_util-4db11bae1137b760.rmeta --extern rustc_graphviz=/mnt/data1/nix/vendor/rust/cargo2nix/submodules/rust-build/compiler/zombie_driver2/target/debug/deps/librustc_graphviz-c7812eafe07feea7.rmeta --extern rustc_hashes=/mnt/data1/nix/vendor/rust/cargo2nix/submodules/rust-build/compiler/zombie_driver2/target/debug/deps/librustc_hashes-90e81dae7d173bd5.rmeta --extern rustc_hir=/mnt/data1/nix/vendor/rust/cargo2nix/submodules/rust-build/compiler/zombie_driver2/target/debug/deps/librustc_hir-60bf32f61521f542.rmeta --extern rustc_macros=/mnt/data1/nix/vendor/rust/cargo2nix/submodules/rust-build/compiler/zombie_driver2/target/debug/deps/librustc_macros-533b3ebf51685542.so --extern rustc_middle=/mnt/data1/nix/vendor/rust/cargo2nix/submodules/rust-build/compiler/zombie_driver2/target/debug/deps/librustc_middle-245c3150683558be.rmeta --extern rustc_serialize=/mnt/data1/nix/vendor/rust/cargo2nix/submodules/rust-build/compiler/zombie_driver2/target/debug/deps/librustc_serialize-865b9514c43ea76f.rmeta --extern rustc_session=/mnt/data1/nix/vendor/rust/cargo2nix/submodules/rust-build/compiler/zombie_driver2/target/debug/deps/librustc_session-ad93ec0078fafc82.rmeta --extern rustc_span=/mnt/data1/nix/vendor/rust/cargo2nix/submodules/rust-build/compiler/zombie_driver2/target/debug/deps/librustc_span-cca3b45fe3825eda.rmeta --extern thin_vec=/mnt/data1/nix/vendor/rust/cargo2nix/submodules/rust-build/compiler/zombie_driver2/target/debug/deps/libthin_vec-c5a2b73fca668a41.rmeta --extern tracing=/mnt/data1/nix/vendor/rust/cargo2nix/submodules/rust-build/compiler/zombie_driver2/target/debug/deps/libtracing-82b3a1ccd9aeceb8.rmeta -L native=/mnt/data1/nix/vendor/rust/cargo2nix/submodules/rust-build/compiler/zombie_driver2/target/debug/build/psm-51115e95e3afce55/out -L native=/mnt/data1/nix/vendor/rust/cargo2nix/submodules/rust-build/compiler/zombie_driver2/target/debug/build/blake3-b449a45f526127c8/out -L native=/mnt/data1/nix/vendor/rust/cargo2nix/submodules/rust-build/compiler/zombie_driver2/target/debug/build/blake3-b449a45f526127c8/out
20:13:26 SKIPPED: rustc --crate-name rustc_incremental --edition=2024 /mnt/data1/nix/vendor/rust/cargo2nix/submodules/rust-build/compiler/rustc_incremental/src/lib.rs --error-format=json --json=diagnostic-rendered-ansi,artifacts,future-incompat --crate-type lib --emit=dep-info,metadata,link -C embed-bitcode=no -C debuginfo=2 --check-cfg cfg(docsrs,test) --check-cfg cfg(feature, values()) -C metadata=d704e86f98645119 -C extra-filename=-e60e7a4b2c61ab1f --out-dir /mnt/data1/nix/vendor/rust/cargo2nix/submodules/rust-build/compiler/zombie_driver2/target/debug/deps -C incremental=/mnt/data1/nix/vendor/rust/cargo2nix/submodules/rust-build/compiler/zombie_driver2/target/debug/incremental -L dependency=/mnt/data1/nix/vendor/rust/cargo2nix/submodules/rust-build/compiler/zombie_driver2/target/debug/deps --extern rand=/mnt/data1/nix/vendor/rust/cargo2nix/submodules/rust-build/compiler/zombie_driver2/target/debug/deps/librand-537f213941c07c4b.rmeta --extern rustc_ast=/mnt/data1/nix/vendor/rust/cargo2nix/submodules/rust-build/compiler/zombie_driver2/target/debug/deps/librustc_ast-892745d5973bca50.rmeta --extern rustc_data_structures=/mnt/data1/nix/vendor/rust/cargo2nix/submodules/rust-build/compiler/zombie_driver2/target/debug/deps/librustc_data_structures-7a05c3f43ea74b8d.rmeta --extern rustc_errors=/mnt/data1/nix/vendor/rust/cargo2nix/submodules/rust-build/compiler/zombie_driver2/target/debug/deps/librustc_errors-042ea83da72fde12.rmeta --extern rustc_fluent_macro=/mnt/data1/nix/vendor/rust/cargo2nix/submodules/rust-build/compiler/zombie_driver2/target/debug/deps/librustc_fluent_macro-d795261342a5a863.so --extern rustc_fs_util=/mnt/data1/nix/vendor/rust/cargo2nix/submodules/rust-build/compiler/zombie_driver2/target/debug/deps/librustc_fs_util-4db11bae1137b760.rmeta --extern rustc_graphviz=/mnt/data1/nix/vendor/rust/cargo2nix/submodules/rust-build/compiler/zombie_driver2/target/debug/deps/librustc_graphviz-c7812eafe07feea7.rmeta --extern rustc_hashes=/mnt/data1/nix/vendor/rust/cargo2nix/submodules/rust-build/compiler/zombie_driver2/target/debug/deps/librustc_hashes-90e81dae7d173bd5.rmeta --extern rustc_hir=/mnt/data1/nix/vendor/rust/cargo2nix/submodules/rust-build/compiler/zombie_driver2/target/debug/deps/librustc_hir-60bf32f61521f542.rmeta --extern rustc_macros=/mnt/data1/nix/vendor/rust/cargo2nix/submodules/rust-build/compiler/zombie_driver2/target/debug/deps/librustc_macros-533b3ebf51685542.so --extern rustc_middle=/mnt/data1/nix/vendor/rust/cargo2nix/submodules/rust-build/compiler/zombie_driver2/target/debug/deps/librustc_middle-245c3150683558be.rmeta --extern rustc_serialize=/mnt/data1/nix/vendor/rust/cargo2nix/submodules/rust-build/compiler/zombie_driver2/target/debug/deps/librustc_serialize-865b9514c43ea76f.rmeta --extern rustc_session=/mnt/data1/nix/vendor/rust/cargo2nix/submodules/rust-build/compiler/zombie_driver2/target/debug/deps/librustc_session-ad93ec0078fafc82.rmeta --extern rustc_span=/mnt/data1/nix/vendor/rust/cargo2nix/submodules/rust-build/compiler/zombie_driver2/target/debug/deps/librustc_span-cca3b45fe3825eda.rmeta --extern thin_vec=/mnt/data1/nix/vendor/rust/cargo2nix/submodules/rust-build/compiler/zombie_driver2/target/debug/deps/libthin_vec-c5a2b73fca668a41.rmeta --extern tracing=/mnt/data1/nix/vendor/rust/cargo2nix/submodules/rust-build/compiler/zombie_driver2/target/debug/deps/libtracing-82b3a1ccd9aeceb8.rmeta -L native=/mnt/data1/nix/vendor/rust/cargo2nix/submodules/rust-build/compiler/zombie_driver2/target/debug/build/psm-51115e95e3afce55/out -L native=/mnt/data1/nix/vendor/rust/cargo2nix/submodules/rust-build/compiler/zombie_driver2/target/debug/build/blake3-b449a45f526127c8/out -L native=/mnt/data1/nix/vendor/rust/cargo2nix/submodules/rust-build/compiler/zombie_driver2/target/debug/build/blake3-b449a45f526127c8/out
20:15:55 SKIPPED: rustc --crate-name rustc_incremental --edition=2024 /mnt/data1/nix/vendor/rust/cargo2nix/submodules/rust-build/compiler/rustc_incremental/src/lib.rs --error-format=json --json=diagnostic-rendered-ansi,artifacts,future-incompat --crate-type lib --emit=dep-info,metadata,link -C embed-bitcode=no -C debuginfo=2 --check-cfg cfg(docsrs,test) --check-cfg cfg(feature, values()) -C metadata=d704e86f98645119 -C extra-filename=-e60e7a4b2c61ab1f --out-dir /mnt/data1/nix/vendor/rust/cargo2nix/submodules/rust-build/compiler/zombie_driver2/target/debug/deps -C incremental=/mnt/data1/nix/vendor/rust/cargo2nix/submodules/rust-build/compiler/zombie_driver2/target/debug/incremental -L dependency=/mnt/data1/nix/vendor/rust/cargo2nix/submodules/rust-build/compiler/zombie_driver2/target/debug/deps --extern rand=/mnt/data1/nix/vendor/rust/cargo2nix/submodules/rust-build/compiler/zombie_driver2/target/debug/deps/librand-537f213941c07c4b.rmeta --extern rustc_ast=/mnt/data1/nix/vendor/rust/cargo2nix/submodules/rust-build/compiler/zombie_driver2/target/debug/deps/librustc_ast-892745d5973bca50.rmeta --extern rustc_data_structures=/mnt/data1/nix/vendor/rust/cargo2nix/submodules/rust-build/compiler/zombie_driver2/target/debug/deps/librustc_data_structures-7a05c3f43ea74b8d.rmeta --extern rustc_errors=/mnt/data1/nix/vendor/rust/cargo2nix/submodules/rust-build/compiler/zombie_driver2/target/debug/deps/librustc_errors-042ea83da72fde12.rmeta --extern rustc_fluent_macro=/mnt/data1/nix/vendor/rust/cargo2nix/submodules/rust-build/compiler/zombie_driver2/target/debug/deps/librustc_fluent_macro-d795261342a5a863.so --extern rustc_fs_util=/mnt/data1/nix/vendor/rust/cargo2nix/submodules/rust-build/compiler/zombie_driver2/target/debug/deps/librustc_fs_util-4db11bae1137b760.rmeta --extern rustc_graphviz=/mnt/data1/nix/vendor/rust/cargo2nix/submodules/rust-build/compiler/zombie_driver2/target/debug/deps/librustc_graphviz-c7812eafe07feea7.rmeta --extern rustc_hashes=/mnt/data1/nix/vendor/rust/cargo2nix/submodules/rust-build/compiler/zombie_driver2/target/debug/deps/librustc_hashes-90e81dae7d173bd5.rmeta --extern rustc_hir=/mnt/data1/nix/vendor/rust/cargo2nix/submodules/rust-build/compiler/zombie_driver2/target/debug/deps/librustc_hir-60bf32f61521f542.rmeta --extern rustc_macros=/mnt/data1/nix/vendor/rust/cargo2nix/submodules/rust-build/compiler/zombie_driver2/target/debug/deps/librustc_macros-533b3ebf51685542.so --extern rustc_middle=/mnt/data1/nix/vendor/rust/cargo2nix/submodules/rust-build/compiler/zombie_driver2/target/debug/deps/librustc_middle-245c3150683558be.rmeta --extern rustc_serialize=/mnt/data1/nix/vendor/rust/cargo2nix/submodules/rust-build/compiler/zombie_driver2/target/debug/deps/librustc_serialize-865b9514c43ea76f.rmeta --extern rustc_session=/mnt/data1/nix/vendor/rust/cargo2nix/submodules/rust-build/compiler/zombie_driver2/target/debug/deps/librustc_session-ad93ec0078fafc82.rmeta --extern rustc_span=/mnt/data1/nix/vendor/rust/cargo2nix/submodules/rust-build/compiler/zombie_driver2/target/debug/deps/librustc_span-cca3b45fe3825eda.rmeta --extern thin_vec=/mnt/data1/nix/vendor/rust/cargo2nix/submodules/rust-build/compiler/zombie_driver2/target/debug/deps/libthin_vec-c5a2b73fca668a41.rmeta --extern tracing=/mnt/data1/nix/vendor/rust/cargo2nix/submodules/rust-build/compiler/zombie_driver2/target/debug/deps/libtracing-82b3a1ccd9aeceb8.rmeta -L native=/mnt/data1/nix/vendor/rust/cargo2nix/submodules/rust-build/compiler/zombie_driver2/target/debug/build/psm-51115e95e3afce55/out -L native=/mnt/data1/nix/vendor/rust/cargo2nix/submodules/rust-build/compiler/zombie_driver2/target/debug/build/blake3-b449a45f526127c8/out -L native=/mnt/data1/nix/vendor/rust/cargo2nix/submodules/rust-build/compiler/zombie_driver2/target/debug/build/blake3-b449a45f526127c8/out
20:16:59 SKIPPED: rustc --crate-name rustc_incremental --edition=2024 /mnt/data1/nix/vendor/rust/cargo2nix/submodules/rust-build/compiler/rustc_incremental/src/lib.rs --error-format=json --json=diagnostic-rendered-ansi,artifacts,future-incompat --crate-type lib --emit=dep-info,metadata,link -C embed-bitcode=no -C debuginfo=2 --check-cfg cfg(docsrs,test) --check-cfg cfg(feature, values()) -C metadata=d704e86f98645119 -C extra-filename=-e60e7a4b2c61ab1f --out-dir /mnt/data1/nix/vendor/rust/cargo2nix/submodules/rust-build/compiler/zombie_driver2/target/debug/deps -C incremental=/mnt/data1/nix/vendor/rust/cargo2nix/submodules/rust-build/compiler/zombie_driver2/target/debug/incremental -L dependency=/mnt/data1/nix/vendor/rust/cargo2nix/submodules/rust-build/compiler/zombie_driver2/target/debug/deps --extern rand=/mnt/data1/nix/vendor/rust/cargo2nix/submodules/rust-build/compiler/zombie_driver2/target/debug/deps/librand-537f213941c07c4b.rmeta --extern rustc_ast=/mnt/data1/nix/vendor/rust/cargo2nix/submodules/rust-build/compiler/zombie_driver2/target/debug/deps/librustc_ast-892745d5973bca50.rmeta --extern rustc_data_structures=/mnt/data1/nix/vendor/rust/cargo2nix/submodules/rust-build/compiler/zombie_driver2/target/debug/deps/librustc_data_structures-7a05c3f43ea74b8d.rmeta --extern rustc_errors=/mnt/data1/nix/vendor/rust/cargo2nix/submodules/rust-build/compiler/zombie_driver2/target/debug/deps/librustc_errors-042ea83da72fde12.rmeta --extern rustc_fluent_macro=/mnt/data1/nix/vendor/rust/cargo2nix/submodules/rust-build/compiler/zombie_driver2/target/debug/deps/librustc_fluent_macro-d795261342a5a863.so --extern rustc_fs_util=/mnt/data1/nix/vendor/rust/cargo2nix/submodules/rust-build/compiler/zombie_driver2/target/debug/deps/librustc_fs_util-4db11bae1137b760.rmeta --extern rustc_graphviz=/mnt/data1/nix/vendor/rust/cargo2nix/submodules/rust-build/compiler/zombie_driver2/target/debug/deps/librustc_graphviz-c7812eafe07feea7.rmeta --extern rustc_hashes=/mnt/data1/nix/vendor/rust/cargo2nix/submodules/rust-build/compiler/zombie_driver2/target/debug/deps/librustc_hashes-90e81dae7d173bd5.rmeta --extern rustc_hir=/mnt/data1/nix/vendor/rust/cargo2nix/submodules/rust-build/compiler/zombie_driver2/target/debug/deps/librustc_hir-60bf32f61521f542.rmeta --extern rustc_macros=/mnt/data1/nix/vendor/rust/cargo2nix/submodules/rust-build/compiler/zombie_driver2/target/debug/deps/librustc_macros-533b3ebf51685542.so --extern rustc_middle=/mnt/data1/nix/vendor/rust/cargo2nix/submodules/rust-build/compiler/zombie_driver2/target/debug/deps/librustc_middle-245c3150683558be.rmeta --extern rustc_serialize=/mnt/data1/nix/vendor/rust/cargo2nix/submodules/rust-build/compiler/zombie_driver2/target/debug/deps/librustc_serialize-865b9514c43ea76f.rmeta --extern rustc_session=/mnt/data1/nix/vendor/rust/cargo2nix/submodules/rust-build/compiler/zombie_driver2/target/debug/deps/librustc_session-ad93ec0078fafc82.rmeta --extern rustc_span=/mnt/data1/nix/vendor/rust/cargo2nix/submodules/rust-build/compiler/zombie_driver2/target/debug/deps/librustc_span-cca3b45fe3825eda.rmeta --extern thin_vec=/mnt/data1/nix/vendor/rust/cargo2nix/submodules/rust-build/compiler/zombie_driver2/target/debug/deps/libthin_vec-c5a2b73fca668a41.rmeta --extern tracing=/mnt/data1/nix/vendor/rust/cargo2nix/submodules/rust-build/compiler/zombie_driver2/target/debug/deps/libtracing-82b3a1ccd9aeceb8.rmeta -L native=/mnt/data1/nix/vendor/rust/cargo2nix/submodules/rust-build/compiler/zombie_driver2/target/debug/build/psm-51115e95e3afce55/out -L native=/mnt/data1/nix/vendor/rust/cargo2nix/submodules/rust-build/compiler/zombie_driver2/target/debug/build/blake3-b449a45f526127c8/out -L native=/mnt/data1/nix/vendor/rust/cargo2nix/submodules/rust-build/compiler/zombie_driver2/target/debug/build/blake3-b449a45f526127c8/out
20:19:03 SKIPPED: rustc --crate-name rustc_incremental --edition=2024 /mnt/data1/nix/vendor/rust/cargo2nix/submodules/rust-build/compiler/rustc_incremental/src/lib.rs --error-format=json --json=diagnostic-rendered-ansi,artifacts,future-incompat --crate-type lib --emit=dep-info,metadata,link -C embed-bitcode=no -C debuginfo=2 --check-cfg cfg(docsrs,test) --check-cfg cfg(feature, values()) -C metadata=d704e86f98645119 -C extra-filename=-e60e7a4b2c61ab1f --out-dir /mnt/data1/nix/vendor/rust/cargo2nix/submodules/rust-build/compiler/zombie_driver2/target/debug/deps -C incremental=/mnt/data1/nix/vendor/rust/cargo2nix/submodules/rust-build/compiler/zombie_driver2/target/debug/incremental -L dependency=/mnt/data1/nix/vendor/rust/cargo2nix/submodules/rust-build/compiler/zombie_driver2/target/debug/deps --extern rand=/mnt/data1/nix/vendor/rust/cargo2nix/submodules/rust-build/compiler/zombie_driver2/target/debug/deps/librand-537f213941c07c4b.rmeta --extern rustc_ast=/mnt/data1/nix/vendor/rust/cargo2nix/submodules/rust-build/compiler/zombie_driver2/target/debug/deps/librustc_ast-892745d5973bca50.rmeta --extern rustc_data_structures=/mnt/data1/nix/vendor/rust/cargo2nix/submodules/rust-build/compiler/zombie_driver2/target/debug/deps/librustc_data_structures-7a05c3f43ea74b8d.rmeta --extern rustc_errors=/mnt/data1/nix/vendor/rust/cargo2nix/submodules/rust-build/compiler/zombie_driver2/target/debug/deps/librustc_errors-042ea83da72fde12.rmeta --extern rustc_fluent_macro=/mnt/data1/nix/vendor/rust/cargo2nix/submodules/rust-build/compiler/zombie_driver2/target/debug/deps/librustc_fluent_macro-d795261342a5a863.so --extern rustc_fs_util=/mnt/data1/nix/vendor/rust/cargo2nix/submodules/rust-build/compiler/zombie_driver2/target/debug/deps/librustc_fs_util-4db11bae1137b760.rmeta --extern rustc_graphviz=/mnt/data1/nix/vendor/rust/cargo2nix/submodules/rust-build/compiler/zombie_driver2/target/debug/deps/librustc_graphviz-c7812eafe07feea7.rmeta --extern rustc_hashes=/mnt/data1/nix/vendor/rust/cargo2nix/submodules/rust-build/compiler/zombie_driver2/target/debug/deps/librustc_hashes-90e81dae7d173bd5.rmeta --extern rustc_hir=/mnt/data1/nix/vendor/rust/cargo2nix/submodules/rust-build/compiler/zombie_driver2/target/debug/deps/librustc_hir-60bf32f61521f542.rmeta --extern rustc_macros=/mnt/data1/nix/vendor/rust/cargo2nix/submodules/rust-build/compiler/zombie_driver2/target/debug/deps/librustc_macros-533b3ebf51685542.so --extern rustc_middle=/mnt/data1/nix/vendor/rust/cargo2nix/submodules/rust-build/compiler/zombie_driver2/target/debug/deps/librustc_middle-245c3150683558be.rmeta --extern rustc_serialize=/mnt/data1/nix/vendor/rust/cargo2nix/submodules/rust-build/compiler/zombie_driver2/target/debug/deps/librustc_serialize-865b9514c43ea76f.rmeta --extern rustc_session=/mnt/data1/nix/vendor/rust/cargo2nix/submodules/rust-build/compiler/zombie_driver2/target/debug/deps/librustc_session-ad93ec0078fafc82.rmeta --extern rustc_span=/mnt/data1/nix/vendor/rust/cargo2nix/submodules/rust-build/compiler/zombie_driver2/target/debug/deps/librustc_span-cca3b45fe3825eda.rmeta --extern thin_vec=/mnt/data1/nix/vendor/rust/cargo2nix/submodules/rust-build/compiler/zombie_driver2/target/debug/deps/libthin_vec-c5a2b73fca668a41.rmeta --extern tracing=/mnt/data1/nix/vendor/rust/cargo2nix/submodules/rust-build/compiler/zombie_driver2/target/debug/deps/libtracing-82b3a1ccd9aeceb8.rmeta -L native=/mnt/data1/nix/vendor/rust/cargo2nix/submodules/rust-build/compiler/zombie_driver2/target/debug/build/psm-51115e95e3afce55/out -L native=/mnt/data1/nix/vendor/rust/cargo2nix/submodules/rust-build/compiler/zombie_driver2/target/debug/build/blake3-b449a45f526127c8/out -L native=/mnt/data1/nix/vendor/rust/cargo2nix/submodules/rust-build/compiler/zombie_driver2/target/debug/build/blake3-b449a45f526127c8/out
20:19:35 SKIPPED: rustc --crate-name rustc_incremental --edition=2024 /mnt/data1/nix/vendor/rust/cargo2nix/submodules/rust-build/compiler/rustc_incremental/src/lib.rs --error-format=json --json=diagnostic-rendered-ansi,artifacts,future-incompat --crate-type lib --emit=dep-info,metadata,link -C embed-bitcode=no -C debuginfo=2 --check-cfg cfg(docsrs,test) --check-cfg cfg(feature, values()) -C metadata=d704e86f98645119 -C extra-filename=-e60e7a4b2c61ab1f --out-dir /mnt/data1/nix/vendor/rust/cargo2nix/submodules/rust-build/compiler/zombie_driver2/target/debug/deps -C incremental=/mnt/data1/nix/vendor/rust/cargo2nix/submodules/rust-build/compiler/zombie_driver2/target/debug/incremental -L dependency=/mnt/data1/nix/vendor/rust/cargo2nix/submodules/rust-build/compiler/zombie_driver2/target/debug/deps --extern rand=/mnt/data1/nix/vendor/rust/cargo2nix/submodules/rust-build/compiler/zombie_driver2/target/debug/deps/librand-537f213941c07c4b.rmeta --extern rustc_ast=/mnt/data1/nix/vendor/rust/cargo2nix/submodules/rust-build/compiler/zombie_driver2/target/debug/deps/librustc_ast-892745d5973bca50.rmeta --extern rustc_data_structures=/mnt/data1/nix/vendor/rust/cargo2nix/submodules/rust-build/compiler/zombie_driver2/target/debug/deps/librustc_data_structures-7a05c3f43ea74b8d.rmeta --extern rustc_errors=/mnt/data1/nix/vendor/rust/cargo2nix/submodules/rust-build/compiler/zombie_driver2/target/debug/deps/librustc_errors-042ea83da72fde12.rmeta --extern rustc_fluent_macro=/mnt/data1/nix/vendor/rust/cargo2nix/submodules/rust-build/compiler/zombie_driver2/target/debug/deps/librustc_fluent_macro-d795261342a5a863.so --extern rustc_fs_util=/mnt/data1/nix/vendor/rust/cargo2nix/submodules/rust-build/compiler/zombie_driver2/target/debug/deps/librustc_fs_util-4db11bae1137b760.rmeta --extern rustc_graphviz=/mnt/data1/nix/vendor/rust/cargo2nix/submodules/rust-build/compiler/zombie_driver2/target/debug/deps/librustc_graphviz-c7812eafe07feea7.rmeta --extern rustc_hashes=/mnt/data1/nix/vendor/rust/cargo2nix/submodules/rust-build/compiler/zombie_driver2/target/debug/deps/librustc_hashes-90e81dae7d173bd5.rmeta --extern rustc_hir=/mnt/data1/nix/vendor/rust/cargo2nix/submodules/rust-build/compiler/zombie_driver2/target/debug/deps/librustc_hir-60bf32f61521f542.rmeta --extern rustc_macros=/mnt/data1/nix/vendor/rust/cargo2nix/submodules/rust-build/compiler/zombie_driver2/target/debug/deps/librustc_macros-533b3ebf51685542.so --extern rustc_middle=/mnt/data1/nix/vendor/rust/cargo2nix/submodules/rust-build/compiler/zombie_driver2/target/debug/deps/librustc_middle-245c3150683558be.rmeta --extern rustc_serialize=/mnt/data1/nix/vendor/rust/cargo2nix/submodules/rust-build/compiler/zombie_driver2/target/debug/deps/librustc_serialize-865b9514c43ea76f.rmeta --extern rustc_session=/mnt/data1/nix/vendor/rust/cargo2nix/submodules/rust-build/compiler/zombie_driver2/target/debug/deps/librustc_session-ad93ec0078fafc82.rmeta --extern rustc_span=/mnt/data1/nix/vendor/rust/cargo2nix/submodules/rust-build/compiler/zombie_driver2/target/debug/deps/librustc_span-cca3b45fe3825eda.rmeta --extern thin_vec=/mnt/data1/nix/vendor/rust/cargo2nix/submodules/rust-build/compiler/zombie_driver2/target/debug/deps/libthin_vec-c5a2b73fca668a41.rmeta --extern tracing=/mnt/data1/nix/vendor/rust/cargo2nix/submodules/rust-build/compiler/zombie_driver2/target/debug/deps/libtracing-82b3a1ccd9aeceb8.rmeta -L native=/mnt/data1/nix/vendor/rust/cargo2nix/submodules/rust-build/compiler/zombie_driver2/target/debug/build/psm-51115e95e3afce55/out -L native=/mnt/data1/nix/vendor/rust/cargo2nix/submodules/rust-build/compiler/zombie_driver2/target/debug/build/blake3-b449a45f526127c8/out -L native=/mnt/data1/nix/vendor/rust/cargo2nix/submodules/rust-build/compiler/zombie_driver2/target/debug/build/blake3-b449a45f526127c8/out
20:24:41 SKIPPED: rustc --crate-name rustc_incremental --edition=2024 /mnt/data1/nix/vendor/rust/cargo2nix/submodules/rust-build/compiler/rustc_incremental/src/lib.rs --error-format=json --json=diagnostic-rendered-ansi,artifacts,future-incompat --crate-type lib --emit=dep-info,metadata,link -C embed-bitcode=no -C debuginfo=2 --check-cfg cfg(docsrs,test) --check-cfg cfg(feature, values()) -C metadata=d704e86f98645119 -C extra-filename=-e60e7a4b2c61ab1f --out-dir /mnt/data1/nix/vendor/rust/cargo2nix/submodules/rust-build/compiler/zombie_driver2/target/debug/deps -C incremental=/mnt/data1/nix/vendor/rust/cargo2nix/submodules/rust-build/compiler/zombie_driver2/target/debug/incremental -L dependency=/mnt/data1/nix/vendor/rust/cargo2nix/submodules/rust-build/compiler/zombie_driver2/target/debug/deps --extern rand=/mnt/data1/nix/vendor/rust/cargo2nix/submodules/rust-build/compiler/zombie_driver2/target/debug/deps/librand-537f213941c07c4b.rmeta --extern rustc_ast=/mnt/data1/nix/vendor/rust/cargo2nix/submodules/rust-build/compiler/zombie_driver2/target/debug/deps/librustc_ast-892745d5973bca50.rmeta --extern rustc_data_structures=/mnt/data1/nix/vendor/rust/cargo2nix/submodules/rust-build/compiler/zombie_driver2/target/debug/deps/librustc_data_structures-7a05c3f43ea74b8d.rmeta --extern rustc_errors=/mnt/data1/nix/vendor/rust/cargo2nix/submodules/rust-build/compiler/zombie_driver2/target/debug/deps/librustc_errors-042ea83da72fde12.rmeta --extern rustc_fluent_macro=/mnt/data1/nix/vendor/rust/cargo2nix/submodules/rust-build/compiler/zombie_driver2/target/debug/deps/librustc_fluent_macro-d795261342a5a863.so --extern rustc_fs_util=/mnt/data1/nix/vendor/rust/cargo2nix/submodules/rust-build/compiler/zombie_driver2/target/debug/deps/librustc_fs_util-4db11bae1137b760.rmeta --extern rustc_graphviz=/mnt/data1/nix/vendor/rust/cargo2nix/submodules/rust-build/compiler/zombie_driver2/target/debug/deps/librustc_graphviz-c7812eafe07feea7.rmeta --extern rustc_hashes=/mnt/data1/nix/vendor/rust/cargo2nix/submodules/rust-build/compiler/zombie_driver2/target/debug/deps/librustc_hashes-90e81dae7d173bd5.rmeta --extern rustc_hir=/mnt/data1/nix/vendor/rust/cargo2nix/submodules/rust-build/compiler/zombie_driver2/target/debug/deps/librustc_hir-60bf32f61521f542.rmeta --extern rustc_macros=/mnt/data1/nix/vendor/rust/cargo2nix/submodules/rust-build/compiler/zombie_driver2/target/debug/deps/librustc_macros-533b3ebf51685542.so --extern rustc_middle=/mnt/data1/nix/vendor/rust/cargo2nix/submodules/rust-build/compiler/zombie_driver2/target/debug/deps/librustc_middle-245c3150683558be.rmeta --extern rustc_serialize=/mnt/data1/nix/vendor/rust/cargo2nix/submodules/rust-build/compiler/zombie_driver2/target/debug/deps/librustc_serialize-865b9514c43ea76f.rmeta --extern rustc_session=/mnt/data1/nix/vendor/rust/cargo2nix/submodules/rust-build/compiler/zombie_driver2/target/debug/deps/librustc_session-ad93ec0078fafc82.rmeta --extern rustc_span=/mnt/data1/nix/vendor/rust/cargo2nix/submodules/rust-build/compiler/zombie_driver2/target/debug/deps/librustc_span-cca3b45fe3825eda.rmeta --extern thin_vec=/mnt/data1/nix/vendor/rust/cargo2nix/submodules/rust-build/compiler/zombie_driver2/target/debug/deps/libthin_vec-c5a2b73fca668a41.rmeta --extern tracing=/mnt/data1/nix/vendor/rust/cargo2nix/submodules/rust-build/compiler/zombie_driver2/target/debug/deps/libtracing-82b3a1ccd9aeceb8.rmeta -L native=/mnt/data1/nix/vendor/rust/cargo2nix/submodules/rust-build/compiler/zombie_driver2/target/debug/build/psm-51115e95e3afce55/out -L native=/mnt/data1/nix/vendor/rust/cargo2nix/submodules/rust-build/compiler/zombie_driver2/target/debug/build/blake3-b449a45f526127c8/out -L native=/mnt/data1/nix/vendor/rust/cargo2nix/submodules/rust-build/compiler/zombie_driver2/target/debug/build/blake3-b449a45f526127c8/out
20:24:56 SKIPPED: rustc --crate-name rustc_incremental --edition=2024 /mnt/data1/nix/vendor/rust/cargo2nix/submodules/rust-build/compiler/rustc_incremental/src/lib.rs --error-format=json --json=diagnostic-rendered-ansi,artifacts,future-incompat --crate-type lib --emit=dep-info,metadata,link -C embed-bitcode=no -C debuginfo=2 --check-cfg cfg(docsrs,test) --check-cfg cfg(feature, values()) -C metadata=d704e86f98645119 -C extra-filename=-e60e7a4b2c61ab1f --out-dir /mnt/data1/nix/vendor/rust/cargo2nix/submodules/rust-build/compiler/zombie_driver2/target/debug/deps -C incremental=/mnt/data1/nix/vendor/rust/cargo2nix/submodules/rust-build/compiler/zombie_driver2/target/debug/incremental -L dependency=/mnt/data1/nix/vendor/rust/cargo2nix/submodules/rust-build/compiler/zombie_driver2/target/debug/deps --extern rand=/mnt/data1/nix/vendor/rust/cargo2nix/submodules/rust-build/compiler/zombie_driver2/target/debug/deps/librand-537f213941c07c4b.rmeta --extern rustc_ast=/mnt/data1/nix/vendor/rust/cargo2nix/submodules/rust-build/compiler/zombie_driver2/target/debug/deps/librustc_ast-892745d5973bca50.rmeta --extern rustc_data_structures=/mnt/data1/nix/vendor/rust/cargo2nix/submodules/rust-build/compiler/zombie_driver2/target/debug/deps/librustc_data_structures-7a05c3f43ea74b8d.rmeta --extern rustc_errors=/mnt/data1/nix/vendor/rust/cargo2nix/submodules/rust-build/compiler/zombie_driver2/target/debug/deps/librustc_errors-042ea83da72fde12.rmeta --extern rustc_fluent_macro=/mnt/data1/nix/vendor/rust/cargo2nix/submodules/rust-build/compiler/zombie_driver2/target/debug/deps/librustc_fluent_macro-d795261342a5a863.so --extern rustc_fs_util=/mnt/data1/nix/vendor/rust/cargo2nix/submodules/rust-build/compiler/zombie_driver2/target/debug/deps/librustc_fs_util-4db11bae1137b760.rmeta --extern rustc_graphviz=/mnt/data1/nix/vendor/rust/cargo2nix/submodules/rust-build/compiler/zombie_driver2/target/debug/deps/librustc_graphviz-c7812eafe07feea7.rmeta --extern rustc_hashes=/mnt/data1/nix/vendor/rust/cargo2nix/submodules/rust-build/compiler/zombie_driver2/target/debug/deps/librustc_hashes-90e81dae7d173bd5.rmeta --extern rustc_hir=/mnt/data1/nix/vendor/rust/cargo2nix/submodules/rust-build/compiler/zombie_driver2/target/debug/deps/librustc_hir-60bf32f61521f542.rmeta --extern rustc_macros=/mnt/data1/nix/vendor/rust/cargo2nix/submodules/rust-build/compiler/zombie_driver2/target/debug/deps/librustc_macros-533b3ebf51685542.so --extern rustc_middle=/mnt/data1/nix/vendor/rust/cargo2nix/submodules/rust-build/compiler/zombie_driver2/target/debug/deps/librustc_middle-245c3150683558be.rmeta --extern rustc_serialize=/mnt/data1/nix/vendor/rust/cargo2nix/submodules/rust-build/compiler/zombie_driver2/target/debug/deps/librustc_serialize-865b9514c43ea76f.rmeta --extern rustc_session=/mnt/data1/nix/vendor/rust/cargo2nix/submodules/rust-build/compiler/zombie_driver2/target/debug/deps/librustc_session-ad93ec0078fafc82.rmeta --extern rustc_span=/mnt/data1/nix/vendor/rust/cargo2nix/submodules/rust-build/compiler/zombie_driver2/target/debug/deps/librustc_span-cca3b45fe3825eda.rmeta --extern thin_vec=/mnt/data1/nix/vendor/rust/cargo2nix/submodules/rust-build/compiler/zombie_driver2/target/debug/deps/libthin_vec-c5a2b73fca668a41.rmeta --extern tracing=/mnt/data1/nix/vendor/rust/cargo2nix/submodules/rust-build/compiler/zombie_driver2/target/debug/deps/libtracing-82b3a1ccd9aeceb8.rmeta -L native=/mnt/data1/nix/vendor/rust/cargo2nix/submodules/rust-build/compiler/zombie_driver2/target/debug/build/psm-51115e95e3afce55/out -L native=/mnt/data1/nix/vendor/rust/cargo2nix/submodules/rust-build/compiler/zombie_driver2/target/debug/build/blake3-b449a45f526127c8/out -L native=/mnt/data1/nix/vendor/rust/cargo2nix/submodules/rust-build/compiler/zombie_driver2/target/debug/build/blake3-b449a45f526127c8/out
20:26:57 SKIPPED: rustc --crate-name rustc_incremental --edition=2024 /mnt/data1/nix/vendor/rust/cargo2nix/submodules/rust-build/compiler/rustc_incremental/src/lib.rs --error-format=json --json=diagnostic-rendered-ansi,artifacts,future-incompat --crate-type lib --emit=dep-info,metadata,link -C embed-bitcode=no -C debuginfo=2 --check-cfg cfg(docsrs,test) --check-cfg cfg(feature, values()) -C metadata=d704e86f98645119 -C extra-filename=-e60e7a4b2c61ab1f --out-dir /mnt/data1/nix/vendor/rust/cargo2nix/submodules/rust-build/compiler/zombie_driver2/target/debug/deps -C incremental=/mnt/data1/nix/vendor/rust/cargo2nix/submodules/rust-build/compiler/zombie_driver2/target/debug/incremental -L dependency=/mnt/data1/nix/vendor/rust/cargo2nix/submodules/rust-build/compiler/zombie_driver2/target/debug/deps --extern rand=/mnt/data1/nix/vendor/rust/cargo2nix/submodules/rust-build/compiler/zombie_driver2/target/debug/deps/librand-537f213941c07c4b.rmeta --extern rustc_ast=/mnt/data1/nix/vendor/rust/cargo2nix/submodules/rust-build/compiler/zombie_driver2/target/debug/deps/librustc_ast-892745d5973bca50.rmeta --extern rustc_data_structures=/mnt/data1/nix/vendor/rust/cargo2nix/submodules/rust-build/compiler/zombie_driver2/target/debug/deps/librustc_data_structures-7a05c3f43ea74b8d.rmeta --extern rustc_errors=/mnt/data1/nix/vendor/rust/cargo2nix/submodules/rust-build/compiler/zombie_driver2/target/debug/deps/librustc_errors-042ea83da72fde12.rmeta --extern rustc_fluent_macro=/mnt/data1/nix/vendor/rust/cargo2nix/submodules/rust-build/compiler/zombie_driver2/target/debug/deps/librustc_fluent_macro-d795261342a5a863.so --extern rustc_fs_util=/mnt/data1/nix/vendor/rust/cargo2nix/submodules/rust-build/compiler/zombie_driver2/target/debug/deps/librustc_fs_util-4db11bae1137b760.rmeta --extern rustc_graphviz=/mnt/data1/nix/vendor/rust/cargo2nix/submodules/rust-build/compiler/zombie_driver2/target/debug/deps/librustc_graphviz-c7812eafe07feea7.rmeta --extern rustc_hashes=/mnt/data1/nix/vendor/rust/cargo2nix/submodules/rust-build/compiler/zombie_driver2/target/debug/deps/librustc_hashes-90e81dae7d173bd5.rmeta --extern rustc_hir=/mnt/data1/nix/vendor/rust/cargo2nix/submodules/rust-build/compiler/zombie_driver2/target/debug/deps/librustc_hir-60bf32f61521f542.rmeta --extern rustc_macros=/mnt/data1/nix/vendor/rust/cargo2nix/submodules/rust-build/compiler/zombie_driver2/target/debug/deps/librustc_macros-533b3ebf51685542.so --extern rustc_middle=/mnt/data1/nix/vendor/rust/cargo2nix/submodules/rust-build/compiler/zombie_driver2/target/debug/deps/librustc_middle-245c3150683558be.rmeta --extern rustc_serialize=/mnt/data1/nix/vendor/rust/cargo2nix/submodules/rust-build/compiler/zombie_driver2/target/debug/deps/librustc_serialize-865b9514c43ea76f.rmeta --extern rustc_session=/mnt/data1/nix/vendor/rust/cargo2nix/submodules/rust-build/compiler/zombie_driver2/target/debug/deps/librustc_session-ad93ec0078fafc82.rmeta --extern rustc_span=/mnt/data1/nix/vendor/rust/cargo2nix/submodules/rust-build/compiler/zombie_driver2/target/debug/deps/librustc_span-cca3b45fe3825eda.rmeta --extern thin_vec=/mnt/data1/nix/vendor/rust/cargo2nix/submodules/rust-build/compiler/zombie_driver2/target/debug/deps/libthin_vec-c5a2b73fca668a41.rmeta --extern tracing=/mnt/data1/nix/vendor/rust/cargo2nix/submodules/rust-build/compiler/zombie_driver2/target/debug/deps/libtracing-82b3a1ccd9aeceb8.rmeta -L native=/mnt/data1/nix/vendor/rust/cargo2nix/submodules/rust-build/compiler/zombie_driver2/target/debug/build/psm-51115e95e3afce55/out -L native=/mnt/data1/nix/vendor/rust/cargo2nix/submodules/rust-build/compiler/zombie_driver2/target/debug/build/blake3-b449a45f526127c8/out -L native=/mnt/data1/nix/vendor/rust/cargo2nix/submodules/rust-build/compiler/zombie_driver2/target/debug/build/blake3-b449a45f526127c8/out
20:28:33 SKIPPED: rustc --crate-name rustc_incremental --edition=2024 /mnt/data1/nix/vendor/rust/cargo2nix/submodules/rust-build/compiler/rustc_incremental/src/lib.rs --error-format=json --json=diagnostic-rendered-ansi,artifacts,future-incompat --crate-type lib --emit=dep-info,metadata,link -C embed-bitcode=no -C debuginfo=2 --check-cfg cfg(docsrs,test) --check-cfg cfg(feature, values()) -C metadata=d704e86f98645119 -C extra-filename=-e60e7a4b2c61ab1f --out-dir /mnt/data1/nix/vendor/rust/cargo2nix/submodules/rust-build/compiler/zombie_driver2/target/debug/deps -C incremental=/mnt/data1/nix/vendor/rust/cargo2nix/submodules/rust-build/compiler/zombie_driver2/target/debug/incremental -L dependency=/mnt/data1/nix/vendor/rust/cargo2nix/submodules/rust-build/compiler/zombie_driver2/target/debug/deps --extern rand=/mnt/data1/nix/vendor/rust/cargo2nix/submodules/rust-build/compiler/zombie_driver2/target/debug/deps/librand-537f213941c07c4b.rmeta --extern rustc_ast=/mnt/data1/nix/vendor/rust/cargo2nix/submodules/rust-build/compiler/zombie_driver2/target/debug/deps/librustc_ast-892745d5973bca50.rmeta --extern rustc_data_structures=/mnt/data1/nix/vendor/rust/cargo2nix/submodules/rust-build/compiler/zombie_driver2/target/debug/deps/librustc_data_structures-7a05c3f43ea74b8d.rmeta --extern rustc_errors=/mnt/data1/nix/vendor/rust/cargo2nix/submodules/rust-build/compiler/zombie_driver2/target/debug/deps/librustc_errors-042ea83da72fde12.rmeta --extern rustc_fluent_macro=/mnt/data1/nix/vendor/rust/cargo2nix/submodules/rust-build/compiler/zombie_driver2/target/debug/deps/librustc_fluent_macro-d795261342a5a863.so --extern rustc_fs_util=/mnt/data1/nix/vendor/rust/cargo2nix/submodules/rust-build/compiler/zombie_driver2/target/debug/deps/librustc_fs_util-4db11bae1137b760.rmeta --extern rustc_graphviz=/mnt/data1/nix/vendor/rust/cargo2nix/submodules/rust-build/compiler/zombie_driver2/target/debug/deps/librustc_graphviz-c7812eafe07feea7.rmeta --extern rustc_hashes=/mnt/data1/nix/vendor/rust/cargo2nix/submodules/rust-build/compiler/zombie_driver2/target/debug/deps/librustc_hashes-90e81dae7d173bd5.rmeta --extern rustc_hir=/mnt/data1/nix/vendor/rust/cargo2nix/submodules/rust-build/compiler/zombie_driver2/target/debug/deps/librustc_hir-60bf32f61521f542.rmeta --extern rustc_macros=/mnt/data1/nix/vendor/rust/cargo2nix/submodules/rust-build/compiler/zombie_driver2/target/debug/deps/librustc_macros-533b3ebf51685542.so --extern rustc_middle=/mnt/data1/nix/vendor/rust/cargo2nix/submodules/rust-build/compiler/zombie_driver2/target/debug/deps/librustc_middle-245c3150683558be.rmeta --extern rustc_serialize=/mnt/data1/nix/vendor/rust/cargo2nix/submodules/rust-build/compiler/zombie_driver2/target/debug/deps/librustc_serialize-865b9514c43ea76f.rmeta --extern rustc_session=/mnt/data1/nix/vendor/rust/cargo2nix/submodules/rust-build/compiler/zombie_driver2/target/debug/deps/librustc_session-ad93ec0078fafc82.rmeta --extern rustc_span=/mnt/data1/nix/vendor/rust/cargo2nix/submodules/rust-build/compiler/zombie_driver2/target/debug/deps/librustc_span-cca3b45fe3825eda.rmeta --extern thin_vec=/mnt/data1/nix/vendor/rust/cargo2nix/submodules/rust-build/compiler/zombie_driver2/target/debug/deps/libthin_vec-c5a2b73fca668a41.rmeta --extern tracing=/mnt/data1/nix/vendor/rust/cargo2nix/submodules/rust-build/compiler/zombie_driver2/target/debug/deps/libtracing-82b3a1ccd9aeceb8.rmeta -L native=/mnt/data1/nix/vendor/rust/cargo2nix/submodules/rust-build/compiler/zombie_driver2/target/debug/build/psm-51115e95e3afce55/out -L native=/mnt/data1/nix/vendor/rust/cargo2nix/submodules/rust-build/compiler/zombie_driver2/target/debug/build/blake3-b449a45f526127c8/out -L native=/mnt/data1/nix/vendor/rust/cargo2nix/submodules/rust-build/compiler/zombie_driver2/target/debug/build/blake3-b449a45f526127c8/out
20:29:09 SKIPPED: rustc --crate-name rustc_incremental --edition=2024 /mnt/data1/nix/vendor/rust/cargo2nix/submodules/rust-build/compiler/rustc_incremental/src/lib.rs --error-format=json --json=diagnostic-rendered-ansi,artifacts,future-incompat --crate-type lib --emit=dep-info,metadata,link -C embed-bitcode=no -C debuginfo=2 --check-cfg cfg(docsrs,test) --check-cfg cfg(feature, values()) -C metadata=d704e86f98645119 -C extra-filename=-e60e7a4b2c61ab1f --out-dir /mnt/data1/nix/vendor/rust/cargo2nix/submodules/rust-build/compiler/zombie_driver2/target/debug/deps -C incremental=/mnt/data1/nix/vendor/rust/cargo2nix/submodules/rust-build/compiler/zombie_driver2/target/debug/incremental -L dependency=/mnt/data1/nix/vendor/rust/cargo2nix/submodules/rust-build/compiler/zombie_driver2/target/debug/deps --extern rand=/mnt/data1/nix/vendor/rust/cargo2nix/submodules/rust-build/compiler/zombie_driver2/target/debug/deps/librand-537f213941c07c4b.rmeta --extern rustc_ast=/mnt/data1/nix/vendor/rust/cargo2nix/submodules/rust-build/compiler/zombie_driver2/target/debug/deps/librustc_ast-892745d5973bca50.rmeta --extern rustc_data_structures=/mnt/data1/nix/vendor/rust/cargo2nix/submodules/rust-build/compiler/zombie_driver2/target/debug/deps/librustc_data_structures-7a05c3f43ea74b8d.rmeta --extern rustc_errors=/mnt/data1/nix/vendor/rust/cargo2nix/submodules/rust-build/compiler/zombie_driver2/target/debug/deps/librustc_errors-042ea83da72fde12.rmeta --extern rustc_fluent_macro=/mnt/data1/nix/vendor/rust/cargo2nix/submodules/rust-build/compiler/zombie_driver2/target/debug/deps/librustc_fluent_macro-d795261342a5a863.so --extern rustc_fs_util=/mnt/data1/nix/vendor/rust/cargo2nix/submodules/rust-build/compiler/zombie_driver2/target/debug/deps/librustc_fs_util-4db11bae1137b760.rmeta --extern rustc_graphviz=/mnt/data1/nix/vendor/rust/cargo2nix/submodules/rust-build/compiler/zombie_driver2/target/debug/deps/librustc_graphviz-c7812eafe07feea7.rmeta --extern rustc_hashes=/mnt/data1/nix/vendor/rust/cargo2nix/submodules/rust-build/compiler/zombie_driver2/target/debug/deps/librustc_hashes-90e81dae7d173bd5.rmeta --extern rustc_hir=/mnt/data1/nix/vendor/rust/cargo2nix/submodules/rust-build/compiler/zombie_driver2/target/debug/deps/librustc_hir-60bf32f61521f542.rmeta --extern rustc_macros=/mnt/data1/nix/vendor/rust/cargo2nix/submodules/rust-build/compiler/zombie_driver2/target/debug/deps/librustc_macros-533b3ebf51685542.so --extern rustc_middle=/mnt/data1/nix/vendor/rust/cargo2nix/submodules/rust-build/compiler/zombie_driver2/target/debug/deps/librustc_middle-245c3150683558be.rmeta --extern rustc_serialize=/mnt/data1/nix/vendor/rust/cargo2nix/submodules/rust-build/compiler/zombie_driver2/target/debug/deps/librustc_serialize-865b9514c43ea76f.rmeta --extern rustc_session=/mnt/data1/nix/vendor/rust/cargo2nix/submodules/rust-build/compiler/zombie_driver2/target/debug/deps/librustc_session-ad93ec0078fafc82.rmeta --extern rustc_span=/mnt/data1/nix/vendor/rust/cargo2nix/submodules/rust-build/compiler/zombie_driver2/target/debug/deps/librustc_span-cca3b45fe3825eda.rmeta --extern thin_vec=/mnt/data1/nix/vendor/rust/cargo2nix/submodules/rust-build/compiler/zombie_driver2/target/debug/deps/libthin_vec-c5a2b73fca668a41.rmeta --extern tracing=/mnt/data1/nix/vendor/rust/cargo2nix/submodules/rust-build/compiler/zombie_driver2/target/debug/deps/libtracing-82b3a1ccd9aeceb8.rmeta -L native=/mnt/data1/nix/vendor/rust/cargo2nix/submodules/rust-build/compiler/zombie_driver2/target/debug/build/psm-51115e95e3afce55/out -L native=/mnt/data1/nix/vendor/rust/cargo2nix/submodules/rust-build/compiler/zombie_driver2/target/debug/build/blake3-b449a45f526127c8/out -L native=/mnt/data1/nix/vendor/rust/cargo2nix/submodules/rust-build/compiler/zombie_driver2/target/debug/build/blake3-b449a45f526127c8/out
20:31:11 SKIPPED: rustc --crate-name rustc_incremental --edition=2024 /mnt/data1/nix/vendor/rust/cargo2nix/submodules/rust-build/compiler/rustc_incremental/src/lib.rs --error-format=json --json=diagnostic-rendered-ansi,artifacts,future-incompat --crate-type lib --emit=dep-info,metadata,link -C embed-bitcode=no -C debuginfo=2 --check-cfg cfg(docsrs,test) --check-cfg cfg(feature, values()) -C metadata=d704e86f98645119 -C extra-filename=-e60e7a4b2c61ab1f --out-dir /mnt/data1/nix/vendor/rust/cargo2nix/submodules/rust-build/compiler/zombie_driver2/target/debug/deps -C incremental=/mnt/data1/nix/vendor/rust/cargo2nix/submodules/rust-build/compiler/zombie_driver2/target/debug/incremental -L dependency=/mnt/data1/nix/vendor/rust/cargo2nix/submodules/rust-build/compiler/zombie_driver2/target/debug/deps --extern rand=/mnt/data1/nix/vendor/rust/cargo2nix/submodules/rust-build/compiler/zombie_driver2/target/debug/deps/librand-537f213941c07c4b.rmeta --extern rustc_ast=/mnt/data1/nix/vendor/rust/cargo2nix/submodules/rust-build/compiler/zombie_driver2/target/debug/deps/librustc_ast-892745d5973bca50.rmeta --extern rustc_data_structures=/mnt/data1/nix/vendor/rust/cargo2nix/submodules/rust-build/compiler/zombie_driver2/target/debug/deps/librustc_data_structures-7a05c3f43ea74b8d.rmeta --extern rustc_errors=/mnt/data1/nix/vendor/rust/cargo2nix/submodules/rust-build/compiler/zombie_driver2/target/debug/deps/librustc_errors-042ea83da72fde12.rmeta --extern rustc_fluent_macro=/mnt/data1/nix/vendor/rust/cargo2nix/submodules/rust-build/compiler/zombie_driver2/target/debug/deps/librustc_fluent_macro-d795261342a5a863.so --extern rustc_fs_util=/mnt/data1/nix/vendor/rust/cargo2nix/submodules/rust-build/compiler/zombie_driver2/target/debug/deps/librustc_fs_util-4db11bae1137b760.rmeta --extern rustc_graphviz=/mnt/data1/nix/vendor/rust/cargo2nix/submodules/rust-build/compiler/zombie_driver2/target/debug/deps/librustc_graphviz-c7812eafe07feea7.rmeta --extern rustc_hashes=/mnt/data1/nix/vendor/rust/cargo2nix/submodules/rust-build/compiler/zombie_driver2/target/debug/deps/librustc_hashes-90e81dae7d173bd5.rmeta --extern rustc_hir=/mnt/data1/nix/vendor/rust/cargo2nix/submodules/rust-build/compiler/zombie_driver2/target/debug/deps/librustc_hir-60bf32f61521f542.rmeta --extern rustc_macros=/mnt/data1/nix/vendor/rust/cargo2nix/submodules/rust-build/compiler/zombie_driver2/target/debug/deps/librustc_macros-533b3ebf51685542.so --extern rustc_middle=/mnt/data1/nix/vendor/rust/cargo2nix/submodules/rust-build/compiler/zombie_driver2/target/debug/deps/librustc_middle-245c3150683558be.rmeta --extern rustc_serialize=/mnt/data1/nix/vendor/rust/cargo2nix/submodules/rust-build/compiler/zombie_driver2/target/debug/deps/librustc_serialize-865b9514c43ea76f.rmeta --extern rustc_session=/mnt/data1/nix/vendor/rust/cargo2nix/submodules/rust-build/compiler/zombie_driver2/target/debug/deps/librustc_session-ad93ec0078fafc82.rmeta --extern rustc_span=/mnt/data1/nix/vendor/rust/cargo2nix/submodules/rust-build/compiler/zombie_driver2/target/debug/deps/librustc_span-cca3b45fe3825eda.rmeta --extern thin_vec=/mnt/data1/nix/vendor/rust/cargo2nix/submodules/rust-build/compiler/zombie_driver2/target/debug/deps/libthin_vec-c5a2b73fca668a41.rmeta --extern tracing=/mnt/data1/nix/vendor/rust/cargo2nix/submodules/rust-build/compiler/zombie_driver2/target/debug/deps/libtracing-82b3a1ccd9aeceb8.rmeta -L native=/mnt/data1/nix/vendor/rust/cargo2nix/submodules/rust-build/compiler/zombie_driver2/target/debug/build/psm-51115e95e3afce55/out -L native=/mnt/data1/nix/vendor/rust/cargo2nix/submodules/rust-build/compiler/zombie_driver2/target/debug/build/blake3-b449a45f526127c8/out -L native=/mnt/data1/nix/vendor/rust/cargo2nix/submodules/rust-build/compiler/zombie_driver2/target/debug/build/blake3-b449a45f526127c8/out
20:31:55 SKIPPED: rustc --crate-name rustc_incremental --edition=2024 /mnt/data1/nix/vendor/rust/cargo2nix/submodules/rust-build/compiler/rustc_incremental/src/lib.rs --error-format=json --json=diagnostic-rendered-ansi,artifacts,future-incompat --crate-type lib --emit=dep-info,metadata,link -C embed-bitcode=no -C debuginfo=2 --check-cfg cfg(docsrs,test) --check-cfg cfg(feature, values()) -C metadata=d704e86f98645119 -C extra-filename=-e60e7a4b2c61ab1f --out-dir /mnt/data1/nix/vendor/rust/cargo2nix/submodules/rust-build/compiler/zombie_driver2/target/debug/deps -C incremental=/mnt/data1/nix/vendor/rust/cargo2nix/submodules/rust-build/compiler/zombie_driver2/target/debug/incremental -L dependency=/mnt/data1/nix/vendor/rust/cargo2nix/submodules/rust-build/compiler/zombie_driver2/target/debug/deps --extern rand=/mnt/data1/nix/vendor/rust/cargo2nix/submodules/rust-build/compiler/zombie_driver2/target/debug/deps/librand-537f213941c07c4b.rmeta --extern rustc_ast=/mnt/data1/nix/vendor/rust/cargo2nix/submodules/rust-build/compiler/zombie_driver2/target/debug/deps/librustc_ast-892745d5973bca50.rmeta --extern rustc_data_structures=/mnt/data1/nix/vendor/rust/cargo2nix/submodules/rust-build/compiler/zombie_driver2/target/debug/deps/librustc_data_structures-7a05c3f43ea74b8d.rmeta --extern rustc_errors=/mnt/data1/nix/vendor/rust/cargo2nix/submodules/rust-build/compiler/zombie_driver2/target/debug/deps/librustc_errors-042ea83da72fde12.rmeta --extern rustc_fluent_macro=/mnt/data1/nix/vendor/rust/cargo2nix/submodules/rust-build/compiler/zombie_driver2/target/debug/deps/librustc_fluent_macro-d795261342a5a863.so --extern rustc_fs_util=/mnt/data1/nix/vendor/rust/cargo2nix/submodules/rust-build/compiler/zombie_driver2/target/debug/deps/librustc_fs_util-4db11bae1137b760.rmeta --extern rustc_graphviz=/mnt/data1/nix/vendor/rust/cargo2nix/submodules/rust-build/compiler/zombie_driver2/target/debug/deps/librustc_graphviz-c7812eafe07feea7.rmeta --extern rustc_hashes=/mnt/data1/nix/vendor/rust/cargo2nix/submodules/rust-build/compiler/zombie_driver2/target/debug/deps/librustc_hashes-90e81dae7d173bd5.rmeta --extern rustc_hir=/mnt/data1/nix/vendor/rust/cargo2nix/submodules/rust-build/compiler/zombie_driver2/target/debug/deps/librustc_hir-60bf32f61521f542.rmeta --extern rustc_macros=/mnt/data1/nix/vendor/rust/cargo2nix/submodules/rust-build/compiler/zombie_driver2/target/debug/deps/librustc_macros-533b3ebf51685542.so --extern rustc_middle=/mnt/data1/nix/vendor/rust/cargo2nix/submodules/rust-build/compiler/zombie_driver2/target/debug/deps/librustc_middle-245c3150683558be.rmeta --extern rustc_serialize=/mnt/data1/nix/vendor/rust/cargo2nix/submodules/rust-build/compiler/zombie_driver2/target/debug/deps/librustc_serialize-865b9514c43ea76f.rmeta --extern rustc_session=/mnt/data1/nix/vendor/rust/cargo2nix/submodules/rust-build/compiler/zombie_driver2/target/debug/deps/librustc_session-ad93ec0078fafc82.rmeta --extern rustc_span=/mnt/data1/nix/vendor/rust/cargo2nix/submodules/rust-build/compiler/zombie_driver2/target/debug/deps/librustc_span-cca3b45fe3825eda.rmeta --extern thin_vec=/mnt/data1/nix/vendor/rust/cargo2nix/submodules/rust-build/compiler/zombie_driver2/target/debug/deps/libthin_vec-c5a2b73fca668a41.rmeta --extern tracing=/mnt/data1/nix/vendor/rust/cargo2nix/submodules/rust-build/compiler/zombie_driver2/target/debug/deps/libtracing-82b3a1ccd9aeceb8.rmeta -L native=/mnt/data1/nix/vendor/rust/cargo2nix/submodules/rust-build/compiler/zombie_driver2/target/debug/build/psm-51115e95e3afce55/out -L native=/mnt/data1/nix/vendor/rust/cargo2nix/submodules/rust-build/compiler/zombie_driver2/target/debug/build/blake3-b449a45f526127c8/out -L native=/mnt/data1/nix/vendor/rust/cargo2nix/submodules/rust-build/compiler/zombie_driver2/target/debug/build/blake3-b449a45f526127c8/out
20:34:40 SKIPPED: rustc --crate-name rustc_incremental --edition=2024 /mnt/data1/nix/vendor/rust/cargo2nix/submodules/rust-build/compiler/rustc_incremental/src/lib.rs --error-format=json --json=diagnostic-rendered-ansi,artifacts,future-incompat --crate-type lib --emit=dep-info,metadata,link -C embed-bitcode=no -C debuginfo=2 --check-cfg cfg(docsrs,test) --check-cfg cfg(feature, values()) -C metadata=d704e86f98645119 -C extra-filename=-e60e7a4b2c61ab1f --out-dir /mnt/data1/nix/vendor/rust/cargo2nix/submodules/rust-build/compiler/zombie_driver2/target/debug/deps -C incremental=/mnt/data1/nix/vendor/rust/cargo2nix/submodules/rust-build/compiler/zombie_driver2/target/debug/incremental -L dependency=/mnt/data1/nix/vendor/rust/cargo2nix/submodules/rust-build/compiler/zombie_driver2/target/debug/deps --extern rand=/mnt/data1/nix/vendor/rust/cargo2nix/submodules/rust-build/compiler/zombie_driver2/target/debug/deps/librand-537f213941c07c4b.rmeta --extern rustc_ast=/mnt/data1/nix/vendor/rust/cargo2nix/submodules/rust-build/compiler/zombie_driver2/target/debug/deps/librustc_ast-892745d5973bca50.rmeta --extern rustc_data_structures=/mnt/data1/nix/vendor/rust/cargo2nix/submodules/rust-build/compiler/zombie_driver2/target/debug/deps/librustc_data_structures-7a05c3f43ea74b8d.rmeta --extern rustc_errors=/mnt/data1/nix/vendor/rust/cargo2nix/submodules/rust-build/compiler/zombie_driver2/target/debug/deps/librustc_errors-042ea83da72fde12.rmeta --extern rustc_fluent_macro=/mnt/data1/nix/vendor/rust/cargo2nix/submodules/rust-build/compiler/zombie_driver2/target/debug/deps/librustc_fluent_macro-d795261342a5a863.so --extern rustc_fs_util=/mnt/data1/nix/vendor/rust/cargo2nix/submodules/rust-build/compiler/zombie_driver2/target/debug/deps/librustc_fs_util-4db11bae1137b760.rmeta --extern rustc_graphviz=/mnt/data1/nix/vendor/rust/cargo2nix/submodules/rust-build/compiler/zombie_driver2/target/debug/deps/librustc_graphviz-c7812eafe07feea7.rmeta --extern rustc_hashes=/mnt/data1/nix/vendor/rust/cargo2nix/submodules/rust-build/compiler/zombie_driver2/target/debug/deps/librustc_hashes-90e81dae7d173bd5.rmeta --extern rustc_hir=/mnt/data1/nix/vendor/rust/cargo2nix/submodules/rust-build/compiler/zombie_driver2/target/debug/deps/librustc_hir-60bf32f61521f542.rmeta --extern rustc_macros=/mnt/data1/nix/vendor/rust/cargo2nix/submodules/rust-build/compiler/zombie_driver2/target/debug/deps/librustc_macros-533b3ebf51685542.so --extern rustc_middle=/mnt/data1/nix/vendor/rust/cargo2nix/submodules/rust-build/compiler/zombie_driver2/target/debug/deps/librustc_middle-245c3150683558be.rmeta --extern rustc_serialize=/mnt/data1/nix/vendor/rust/cargo2nix/submodules/rust-build/compiler/zombie_driver2/target/debug/deps/librustc_serialize-865b9514c43ea76f.rmeta --extern rustc_session=/mnt/data1/nix/vendor/rust/cargo2nix/submodules/rust-build/compiler/zombie_driver2/target/debug/deps/librustc_session-ad93ec0078fafc82.rmeta --extern rustc_span=/mnt/data1/nix/vendor/rust/cargo2nix/submodules/rust-build/compiler/zombie_driver2/target/debug/deps/librustc_span-cca3b45fe3825eda.rmeta --extern thin_vec=/mnt/data1/nix/vendor/rust/cargo2nix/submodules/rust-build/compiler/zombie_driver2/target/debug/deps/libthin_vec-c5a2b73fca668a41.rmeta --extern tracing=/mnt/data1/nix/vendor/rust/cargo2nix/submodules/rust-build/compiler/zombie_driver2/target/debug/deps/libtracing-82b3a1ccd9aeceb8.rmeta -L native=/mnt/data1/nix/vendor/rust/cargo2nix/submodules/rust-build/compiler/zombie_driver2/target/debug/build/psm-51115e95e3afce55/out -L native=/mnt/data1/nix/vendor/rust/cargo2nix/submodules/rust-build/compiler/zombie_driver2/target/debug/build/blake3-b449a45f526127c8/out -L native=/mnt/data1/nix/vendor/rust/cargo2nix/submodules/rust-build/compiler/zombie_driver2/target/debug/build/blake3-b449a45f526127c8/out
20:34:59 SKIPPED: rustc --crate-name rustc_incremental --edition=2024 /mnt/data1/nix/vendor/rust/cargo2nix/submodules/rust-build/compiler/rustc_incremental/src/lib.rs --error-format=json --json=diagnostic-rendered-ansi,artifacts,future-incompat --crate-type lib --emit=dep-info,metadata,link -C embed-bitcode=no -C debuginfo=2 --check-cfg cfg(docsrs,test) --check-cfg cfg(feature, values()) -C metadata=d704e86f98645119 -C extra-filename=-e60e7a4b2c61ab1f --out-dir /mnt/data1/nix/vendor/rust/cargo2nix/submodules/rust-build/compiler/zombie_driver2/target/debug/deps -C incremental=/mnt/data1/nix/vendor/rust/cargo2nix/submodules/rust-build/compiler/zombie_driver2/target/debug/incremental -L dependency=/mnt/data1/nix/vendor/rust/cargo2nix/submodules/rust-build/compiler/zombie_driver2/target/debug/deps --extern rand=/mnt/data1/nix/vendor/rust/cargo2nix/submodules/rust-build/compiler/zombie_driver2/target/debug/deps/librand-537f213941c07c4b.rmeta --extern rustc_ast=/mnt/data1/nix/vendor/rust/cargo2nix/submodules/rust-build/compiler/zombie_driver2/target/debug/deps/librustc_ast-892745d5973bca50.rmeta --extern rustc_data_structures=/mnt/data1/nix/vendor/rust/cargo2nix/submodules/rust-build/compiler/zombie_driver2/target/debug/deps/librustc_data_structures-7a05c3f43ea74b8d.rmeta --extern rustc_errors=/mnt/data1/nix/vendor/rust/cargo2nix/submodules/rust-build/compiler/zombie_driver2/target/debug/deps/librustc_errors-042ea83da72fde12.rmeta --extern rustc_fluent_macro=/mnt/data1/nix/vendor/rust/cargo2nix/submodules/rust-build/compiler/zombie_driver2/target/debug/deps/librustc_fluent_macro-d795261342a5a863.so --extern rustc_fs_util=/mnt/data1/nix/vendor/rust/cargo2nix/submodules/rust-build/compiler/zombie_driver2/target/debug/deps/librustc_fs_util-4db11bae1137b760.rmeta --extern rustc_graphviz=/mnt/data1/nix/vendor/rust/cargo2nix/submodules/rust-build/compiler/zombie_driver2/target/debug/deps/librustc_graphviz-c7812eafe07feea7.rmeta --extern rustc_hashes=/mnt/data1/nix/vendor/rust/cargo2nix/submodules/rust-build/compiler/zombie_driver2/target/debug/deps/librustc_hashes-90e81dae7d173bd5.rmeta --extern rustc_hir=/mnt/data1/nix/vendor/rust/cargo2nix/submodules/rust-build/compiler/zombie_driver2/target/debug/deps/librustc_hir-60bf32f61521f542.rmeta --extern rustc_macros=/mnt/data1/nix/vendor/rust/cargo2nix/submodules/rust-build/compiler/zombie_driver2/target/debug/deps/librustc_macros-533b3ebf51685542.so --extern rustc_middle=/mnt/data1/nix/vendor/rust/cargo2nix/submodules/rust-build/compiler/zombie_driver2/target/debug/deps/librustc_middle-245c3150683558be.rmeta --extern rustc_serialize=/mnt/data1/nix/vendor/rust/cargo2nix/submodules/rust-build/compiler/zombie_driver2/target/debug/deps/librustc_serialize-865b9514c43ea76f.rmeta --extern rustc_session=/mnt/data1/nix/vendor/rust/cargo2nix/submodules/rust-build/compiler/zombie_driver2/target/debug/deps/librustc_session-ad93ec0078fafc82.rmeta --extern rustc_span=/mnt/data1/nix/vendor/rust/cargo2nix/submodules/rust-build/compiler/zombie_driver2/target/debug/deps/librustc_span-cca3b45fe3825eda.rmeta --extern thin_vec=/mnt/data1/nix/vendor/rust/cargo2nix/submodules/rust-build/compiler/zombie_driver2/target/debug/deps/libthin_vec-c5a2b73fca668a41.rmeta --extern tracing=/mnt/data1/nix/vendor/rust/cargo2nix/submodules/rust-build/compiler/zombie_driver2/target/debug/deps/libtracing-82b3a1ccd9aeceb8.rmeta -L native=/mnt/data1/nix/vendor/rust/cargo2nix/submodules/rust-build/compiler/zombie_driver2/target/debug/build/psm-51115e95e3afce55/out -L native=/mnt/data1/nix/vendor/rust/cargo2nix/submodules/rust-build/compiler/zombie_driver2/target/debug/build/blake3-b449a45f526127c8/out -L native=/mnt/data1/nix/vendor/rust/cargo2nix/submodules/rust-build/compiler/zombie_driver2/target/debug/build/blake3-b449a45f526127c8/out
20:35:46 SKIPPED: rustc --crate-name rustc_incremental --edition=2024 /mnt/data1/nix/vendor/rust/cargo2nix/submodules/rust-build/compiler/rustc_incremental/src/lib.rs --error-format=json --json=diagnostic-rendered-ansi,artifacts,future-incompat --crate-type lib --emit=dep-info,metadata,link -C embed-bitcode=no -C debuginfo=2 --check-cfg cfg(docsrs,test) --check-cfg cfg(feature, values()) -C metadata=d704e86f98645119 -C extra-filename=-e60e7a4b2c61ab1f --out-dir /mnt/data1/nix/vendor/rust/cargo2nix/submodules/rust-build/compiler/zombie_driver2/target/debug/deps -C incremental=/mnt/data1/nix/vendor/rust/cargo2nix/submodules/rust-build/compiler/zombie_driver2/target/debug/incremental -L dependency=/mnt/data1/nix/vendor/rust/cargo2nix/submodules/rust-build/compiler/zombie_driver2/target/debug/deps --extern rand=/mnt/data1/nix/vendor/rust/cargo2nix/submodules/rust-build/compiler/zombie_driver2/target/debug/deps/librand-537f213941c07c4b.rmeta --extern rustc_ast=/mnt/data1/nix/vendor/rust/cargo2nix/submodules/rust-build/compiler/zombie_driver2/target/debug/deps/librustc_ast-892745d5973bca50.rmeta --extern rustc_data_structures=/mnt/data1/nix/vendor/rust/cargo2nix/submodules/rust-build/compiler/zombie_driver2/target/debug/deps/librustc_data_structures-7a05c3f43ea74b8d.rmeta --extern rustc_errors=/mnt/data1/nix/vendor/rust/cargo2nix/submodules/rust-build/compiler/zombie_driver2/target/debug/deps/librustc_errors-042ea83da72fde12.rmeta --extern rustc_fluent_macro=/mnt/data1/nix/vendor/rust/cargo2nix/submodules/rust-build/compiler/zombie_driver2/target/debug/deps/librustc_fluent_macro-d795261342a5a863.so --extern rustc_fs_util=/mnt/data1/nix/vendor/rust/cargo2nix/submodules/rust-build/compiler/zombie_driver2/target/debug/deps/librustc_fs_util-4db11bae1137b760.rmeta --extern rustc_graphviz=/mnt/data1/nix/vendor/rust/cargo2nix/submodules/rust-build/compiler/zombie_driver2/target/debug/deps/librustc_graphviz-c7812eafe07feea7.rmeta --extern rustc_hashes=/mnt/data1/nix/vendor/rust/cargo2nix/submodules/rust-build/compiler/zombie_driver2/target/debug/deps/librustc_hashes-90e81dae7d173bd5.rmeta --extern rustc_hir=/mnt/data1/nix/vendor/rust/cargo2nix/submodules/rust-build/compiler/zombie_driver2/target/debug/deps/librustc_hir-60bf32f61521f542.rmeta --extern rustc_macros=/mnt/data1/nix/vendor/rust/cargo2nix/submodules/rust-build/compiler/zombie_driver2/target/debug/deps/librustc_macros-533b3ebf51685542.so --extern rustc_middle=/mnt/data1/nix/vendor/rust/cargo2nix/submodules/rust-build/compiler/zombie_driver2/target/debug/deps/librustc_middle-245c3150683558be.rmeta --extern rustc_serialize=/mnt/data1/nix/vendor/rust/cargo2nix/submodules/rust-build/compiler/zombie_driver2/target/debug/deps/librustc_serialize-865b9514c43ea76f.rmeta --extern rustc_session=/mnt/data1/nix/vendor/rust/cargo2nix/submodules/rust-build/compiler/zombie_driver2/target/debug/deps/librustc_session-ad93ec0078fafc82.rmeta --extern rustc_span=/mnt/data1/nix/vendor/rust/cargo2nix/submodules/rust-build/compiler/zombie_driver2/target/debug/deps/librustc_span-cca3b45fe3825eda.rmeta --extern thin_vec=/mnt/data1/nix/vendor/rust/cargo2nix/submodules/rust-build/compiler/zombie_driver2/target/debug/deps/libthin_vec-c5a2b73fca668a41.rmeta --extern tracing=/mnt/data1/nix/vendor/rust/cargo2nix/submodules/rust-build/compiler/zombie_driver2/target/debug/deps/libtracing-82b3a1ccd9aeceb8.rmeta -L native=/mnt/data1/nix/vendor/rust/cargo2nix/submodules/rust-build/compiler/zombie_driver2/target/debug/build/psm-51115e95e3afce55/out -L native=/mnt/data1/nix/vendor/rust/cargo2nix/submodules/rust-build/compiler/zombie_driver2/target/debug/build/blake3-b449a45f526127c8/out -L native=/mnt/data1/nix/vendor/rust/cargo2nix/submodules/rust-build/compiler/zombie_driver2/target/debug/build/blake3-b449a45f526127c8/out
20:36:03 SKIPPED: rustc --crate-name rustc_incremental --edition=2024 /mnt/data1/nix/vendor/rust/cargo2nix/submodules/rust-build/compiler/rustc_incremental/src/lib.rs --error-format=json --json=diagnostic-rendered-ansi,artifacts,future-incompat --crate-type lib --emit=dep-info,metadata,link -C embed-bitcode=no -C debuginfo=2 --check-cfg cfg(docsrs,test) --check-cfg cfg(feature, values()) -C metadata=d704e86f98645119 -C extra-filename=-e60e7a4b2c61ab1f --out-dir /mnt/data1/nix/vendor/rust/cargo2nix/submodules/rust-build/compiler/zombie_driver2/target/debug/deps -C incremental=/mnt/data1/nix/vendor/rust/cargo2nix/submodules/rust-build/compiler/zombie_driver2/target/debug/incremental -L dependency=/mnt/data1/nix/vendor/rust/cargo2nix/submodules/rust-build/compiler/zombie_driver2/target/debug/deps --extern rand=/mnt/data1/nix/vendor/rust/cargo2nix/submodules/rust-build/compiler/zombie_driver2/target/debug/deps/librand-537f213941c07c4b.rmeta --extern rustc_ast=/mnt/data1/nix/vendor/rust/cargo2nix/submodules/rust-build/compiler/zombie_driver2/target/debug/deps/librustc_ast-892745d5973bca50.rmeta --extern rustc_data_structures=/mnt/data1/nix/vendor/rust/cargo2nix/submodules/rust-build/compiler/zombie_driver2/target/debug/deps/librustc_data_structures-7a05c3f43ea74b8d.rmeta --extern rustc_errors=/mnt/data1/nix/vendor/rust/cargo2nix/submodules/rust-build/compiler/zombie_driver2/target/debug/deps/librustc_errors-042ea83da72fde12.rmeta --extern rustc_fluent_macro=/mnt/data1/nix/vendor/rust/cargo2nix/submodules/rust-build/compiler/zombie_driver2/target/debug/deps/librustc_fluent_macro-d795261342a5a863.so --extern rustc_fs_util=/mnt/data1/nix/vendor/rust/cargo2nix/submodules/rust-build/compiler/zombie_driver2/target/debug/deps/librustc_fs_util-4db11bae1137b760.rmeta --extern rustc_graphviz=/mnt/data1/nix/vendor/rust/cargo2nix/submodules/rust-build/compiler/zombie_driver2/target/debug/deps/librustc_graphviz-c7812eafe07feea7.rmeta --extern rustc_hashes=/mnt/data1/nix/vendor/rust/cargo2nix/submodules/rust-build/compiler/zombie_driver2/target/debug/deps/librustc_hashes-90e81dae7d173bd5.rmeta --extern rustc_hir=/mnt/data1/nix/vendor/rust/cargo2nix/submodules/rust-build/compiler/zombie_driver2/target/debug/deps/librustc_hir-60bf32f61521f542.rmeta --extern rustc_macros=/mnt/data1/nix/vendor/rust/cargo2nix/submodules/rust-build/compiler/zombie_driver2/target/debug/deps/librustc_macros-533b3ebf51685542.so --extern rustc_middle=/mnt/data1/nix/vendor/rust/cargo2nix/submodules/rust-build/compiler/zombie_driver2/target/debug/deps/librustc_middle-245c3150683558be.rmeta --extern rustc_serialize=/mnt/data1/nix/vendor/rust/cargo2nix/submodules/rust-build/compiler/zombie_driver2/target/debug/deps/librustc_serialize-865b9514c43ea76f.rmeta --extern rustc_session=/mnt/data1/nix/vendor/rust/cargo2nix/submodules/rust-build/compiler/zombie_driver2/target/debug/deps/librustc_session-ad93ec0078fafc82.rmeta --extern rustc_span=/mnt/data1/nix/vendor/rust/cargo2nix/submodules/rust-build/compiler/zombie_driver2/target/debug/deps/librustc_span-cca3b45fe3825eda.rmeta --extern thin_vec=/mnt/data1/nix/vendor/rust/cargo2nix/submodules/rust-build/compiler/zombie_driver2/target/debug/deps/libthin_vec-c5a2b73fca668a41.rmeta --extern tracing=/mnt/data1/nix/vendor/rust/cargo2nix/submodules/rust-build/compiler/zombie_driver2/target/debug/deps/libtracing-82b3a1ccd9aeceb8.rmeta -L native=/mnt/data1/nix/vendor/rust/cargo2nix/submodules/rust-build/compiler/zombie_driver2/target/debug/build/psm-51115e95e3afce55/out -L native=/mnt/data1/nix/vendor/rust/cargo2nix/submodules/rust-build/compiler/zombie_driver2/target/debug/build/blake3-b449a45f526127c8/out -L native=/mnt/data1/nix/vendor/rust/cargo2nix/submodules/rust-build/compiler/zombie_driver2/target/debug/build/blake3-b449a45f526127c8/out
20:36:30 SKIPPED: rustc --crate-name rustc_incremental --edition=2024 /mnt/data1/nix/vendor/rust/cargo2nix/submodules/rust-build/compiler/rustc_incremental/src/lib.rs --error-format=json --json=diagnostic-rendered-ansi,artifacts,future-incompat --crate-type lib --emit=dep-info,metadata,link -C embed-bitcode=no -C debuginfo=2 --check-cfg cfg(docsrs,test) --check-cfg cfg(feature, values()) -C metadata=d704e86f98645119 -C extra-filename=-e60e7a4b2c61ab1f --out-dir /mnt/data1/nix/vendor/rust/cargo2nix/submodules/rust-build/compiler/zombie_driver2/target/debug/deps -C incremental=/mnt/data1/nix/vendor/rust/cargo2nix/submodules/rust-build/compiler/zombie_driver2/target/debug/incremental -L dependency=/mnt/data1/nix/vendor/rust/cargo2nix/submodules/rust-build/compiler/zombie_driver2/target/debug/deps --extern rand=/mnt/data1/nix/vendor/rust/cargo2nix/submodules/rust-build/compiler/zombie_driver2/target/debug/deps/librand-537f213941c07c4b.rmeta --extern rustc_ast=/mnt/data1/nix/vendor/rust/cargo2nix/submodules/rust-build/compiler/zombie_driver2/target/debug/deps/librustc_ast-892745d5973bca50.rmeta --extern rustc_data_structures=/mnt/data1/nix/vendor/rust/cargo2nix/submodules/rust-build/compiler/zombie_driver2/target/debug/deps/librustc_data_structures-7a05c3f43ea74b8d.rmeta --extern rustc_errors=/mnt/data1/nix/vendor/rust/cargo2nix/submodules/rust-build/compiler/zombie_driver2/target/debug/deps/librustc_errors-042ea83da72fde12.rmeta --extern rustc_fluent_macro=/mnt/data1/nix/vendor/rust/cargo2nix/submodules/rust-build/compiler/zombie_driver2/target/debug/deps/librustc_fluent_macro-d795261342a5a863.so --extern rustc_fs_util=/mnt/data1/nix/vendor/rust/cargo2nix/submodules/rust-build/compiler/zombie_driver2/target/debug/deps/librustc_fs_util-4db11bae1137b760.rmeta --extern rustc_graphviz=/mnt/data1/nix/vendor/rust/cargo2nix/submodules/rust-build/compiler/zombie_driver2/target/debug/deps/librustc_graphviz-c7812eafe07feea7.rmeta --extern rustc_hashes=/mnt/data1/nix/vendor/rust/cargo2nix/submodules/rust-build/compiler/zombie_driver2/target/debug/deps/librustc_hashes-90e81dae7d173bd5.rmeta --extern rustc_hir=/mnt/data1/nix/vendor/rust/cargo2nix/submodules/rust-build/compiler/zombie_driver2/target/debug/deps/librustc_hir-60bf32f61521f542.rmeta --extern rustc_macros=/mnt/data1/nix/vendor/rust/cargo2nix/submodules/rust-build/compiler/zombie_driver2/target/debug/deps/librustc_macros-533b3ebf51685542.so --extern rustc_middle=/mnt/data1/nix/vendor/rust/cargo2nix/submodules/rust-build/compiler/zombie_driver2/target/debug/deps/librustc_middle-245c3150683558be.rmeta --extern rustc_serialize=/mnt/data1/nix/vendor/rust/cargo2nix/submodules/rust-build/compiler/zombie_driver2/target/debug/deps/librustc_serialize-865b9514c43ea76f.rmeta --extern rustc_session=/mnt/data1/nix/vendor/rust/cargo2nix/submodules/rust-build/compiler/zombie_driver2/target/debug/deps/librustc_session-ad93ec0078fafc82.rmeta --extern rustc_span=/mnt/data1/nix/vendor/rust/cargo2nix/submodules/rust-build/compiler/zombie_driver2/target/debug/deps/librustc_span-cca3b45fe3825eda.rmeta --extern thin_vec=/mnt/data1/nix/vendor/rust/cargo2nix/submodules/rust-build/compiler/zombie_driver2/target/debug/deps/libthin_vec-c5a2b73fca668a41.rmeta --extern tracing=/mnt/data1/nix/vendor/rust/cargo2nix/submodules/rust-build/compiler/zombie_driver2/target/debug/deps/libtracing-82b3a1ccd9aeceb8.rmeta -L native=/mnt/data1/nix/vendor/rust/cargo2nix/submodules/rust-build/compiler/zombie_driver2/target/debug/build/psm-51115e95e3afce55/out -L native=/mnt/data1/nix/vendor/rust/cargo2nix/submodules/rust-build/compiler/zombie_driver2/target/debug/build/blake3-b449a45f526127c8/out -L native=/mnt/data1/nix/vendor/rust/cargo2nix/submodules/rust-build/compiler/zombie_driver2/target/debug/build/blake3-b449a45f526127c8/out
