19:41:50 rustc --crate-name rustc_interface --edition=2024 /mnt/data1/nix/vendor/rust/cargo2nix/submodules/rust-build/compiler/rustc_interface/src/lib.rs --error-format=json --json=diagnostic-rendered-ansi,artifacts,future-incompat --crate-type lib --emit=dep-info,metadata,link -C embed-bitcode=no -C debuginfo=2 --check-cfg cfg(docsrs,test) --check-cfg cfg(feature, values("check_only", "llvm", "llvm_enzyme")) -C metadata=3f1eef24c3bb33e4 -C extra-filename=-0baff863143ebe73 --out-dir /mnt/data1/nix/vendor/rust/cargo2nix/submodules/rust-build/compiler/zombie_driver2/target/debug/deps -C incremental=/mnt/data1/nix/vendor/rust/cargo2nix/submodules/rust-build/compiler/zombie_driver2/target/debug/incremental -L dependency=/mnt/data1/nix/vendor/rust/cargo2nix/submodules/rust-build/compiler/zombie_driver2/target/debug/deps --extern rustc_ast=/mnt/data1/nix/vendor/rust/cargo2nix/submodules/rust-build/compiler/zombie_driver2/target/debug/deps/librustc_ast-892745d5973bca50.rmeta --extern rustc_ast_lowering=/mnt/data1/nix/vendor/rust/cargo2nix/submodules/rust-build/compiler/zombie_driver2/target/debug/deps/librustc_ast_lowering-3ac4060a84415c65.rmeta --extern rustc_ast_passes=/mnt/data1/nix/vendor/rust/cargo2nix/submodules/rust-build/compiler/zombie_driver2/target/debug/deps/librustc_ast_passes-611ee6033e8ac644.rmeta --extern rustc_ast_pretty=/mnt/data1/nix/vendor/rust/cargo2nix/submodules/rust-build/compiler/zombie_driver2/target/debug/deps/librustc_ast_pretty-5d710bed6e10f481.rmeta --extern rustc_attr_parsing=/mnt/data1/nix/vendor/rust/cargo2nix/submodules/rust-build/compiler/zombie_driver2/target/debug/deps/librustc_attr_parsing-5a1f561174f84576.rmeta --extern rustc_borrowck=/mnt/data1/nix/vendor/rust/cargo2nix/submodules/rust-build/compiler/zombie_driver2/target/debug/deps/librustc_borrowck-0f2c99f6e9fda801.rmeta --extern rustc_builtin_macros=/mnt/data1/nix/vendor/rust/cargo2nix/submodules/rust-build/compiler/zombie_driver2/target/debug/deps/librustc_builtin_macros-21d65c3727207a09.rmeta --extern rustc_codegen_ssa=/mnt/data1/nix/vendor/rust/cargo2nix/submodules/rust-build/compiler/zombie_driver2/target/debug/deps/librustc_codegen_ssa-58627ced607c9438.rmeta --extern rustc_const_eval=/mnt/data1/nix/vendor/rust/cargo2nix/submodules/rust-build/compiler/zombie_driver2/target/debug/deps/librustc_const_eval-04d7334c33aece71.rmeta --extern rustc_data_structures=/mnt/data1/nix/vendor/rust/cargo2nix/submodules/rust-build/compiler/zombie_driver2/target/debug/deps/librustc_data_structures-7a05c3f43ea74b8d.rmeta --extern rustc_errors=/mnt/data1/nix/vendor/rust/cargo2nix/submodules/rust-build/compiler/zombie_driver2/target/debug/deps/librustc_errors-042ea83da72fde12.rmeta --extern rustc_expand=/mnt/data1/nix/vendor/rust/cargo2nix/submodules/rust-build/compiler/zombie_driver2/target/debug/deps/librustc_expand-4fdda5caa9ef4c80.rmeta --extern rustc_feature=/mnt/data1/nix/vendor/rust/cargo2nix/submodules/rust-build/compiler/zombie_driver2/target/debug/deps/librustc_feature-8b7a1e168a753038.rmeta --extern rustc_fluent_macro=/mnt/data1/nix/vendor/rust/cargo2nix/submodules/rust-build/compiler/zombie_driver2/target/debug/deps/librustc_fluent_macro-d795261342a5a863.so --extern rustc_fs_util=/mnt/data1/nix/vendor/rust/cargo2nix/submodules/rust-build/compiler/zombie_driver2/target/debug/deps/librustc_fs_util-4db11bae1137b760.rmeta --extern rustc_hir=/mnt/data1/nix/vendor/rust/cargo2nix/submodules/rust-build/compiler/zombie_driver2/target/debug/deps/librustc_hir-60bf32f61521f542.rmeta --extern rustc_hir_analysis=/mnt/data1/nix/vendor/rust/cargo2nix/submodules/rust-build/compiler/zombie_driver2/target/debug/deps/librustc_hir_analysis-3e9d450ef92b008e.rmeta --extern rustc_hir_typeck=/mnt/data1/nix/vendor/rust/cargo2nix/submodules/rust-build/compiler/zombie_driver2/target/debug/deps/librustc_hir_typeck-a70c642e8e282aa7.rmeta --extern rustc_incremental=/mnt/data1/nix/vendor/rust/cargo2nix/submodules/rust-build/compiler/zombie_driver2/target/debug/deps/librustc_incremental-e60e7a4b2c61ab1f.rmeta --extern rustc_lint=/mnt/data1/nix/vendor/rust/cargo2nix/submodules/rust-build/compiler/zombie_driver2/target/debug/deps/librustc_lint-9fb9e4ed8d461a70.rmeta --extern rustc_macros=/mnt/data1/nix/vendor/rust/cargo2nix/submodules/rust-build/compiler/zombie_driver2/target/debug/deps/librustc_macros-533b3ebf51685542.so --extern rustc_metadata=/mnt/data1/nix/vendor/rust/cargo2nix/submodules/rust-build/compiler/zombie_driver2/target/debug/deps/librustc_metadata-efbf0dfc64041f00.rmeta --extern rustc_middle=/mnt/data1/nix/vendor/rust/cargo2nix/submodules/rust-build/compiler/zombie_driver2/target/debug/deps/librustc_middle-245c3150683558be.rmeta --extern rustc_mir_build=/mnt/data1/nix/vendor/rust/cargo2nix/submodules/rust-build/compiler/zombie_driver2/target/debug/deps/librustc_mir_build-9f0d49511222e71c.rmeta --extern rustc_mir_transform=/mnt/data1/nix/vendor/rust/cargo2nix/submodules/rust-build/compiler/zombie_driver2/target/debug/deps/librustc_mir_transform-320ce7cd78251c0c.rmeta --extern rustc_monomorphize=/mnt/data1/nix/vendor/rust/cargo2nix/submodules/rust-build/compiler/zombie_driver2/target/debug/deps/librustc_monomorphize-129bfa6cae930845.rmeta --extern rustc_parse=/mnt/data1/nix/vendor/rust/cargo2nix/submodules/rust-build/compiler/zombie_driver2/target/debug/deps/librustc_parse-867e097141c1b310.rmeta --extern rustc_passes=/mnt/data1/nix/vendor/rust/cargo2nix/submodules/rust-build/compiler/zombie_driver2/target/debug/deps/librustc_passes-21118fe9c583c933.rmeta --extern rustc_privacy=/mnt/data1/nix/vendor/rust/cargo2nix/submodules/rust-build/compiler/zombie_driver2/target/debug/deps/librustc_privacy-6cba5d76f986fc5f.rmeta --extern rustc_query_impl=/mnt/data1/nix/vendor/rust/cargo2nix/submodules/rust-build/compiler/zombie_driver2/target/debug/deps/librustc_query_impl-360e701d07584f1b.rmeta --extern rustc_query_system=/mnt/data1/nix/vendor/rust/cargo2nix/submodules/rust-build/compiler/zombie_driver2/target/debug/deps/librustc_query_system-fdb82a57abdd9f77.rmeta --extern rustc_resolve=/mnt/data1/nix/vendor/rust/cargo2nix/submodules/rust-build/compiler/zombie_driver2/target/debug/deps/librustc_resolve-3cbef7edbe67901e.rmeta --extern rustc_session=/mnt/data1/nix/vendor/rust/cargo2nix/submodules/rust-build/compiler/zombie_driver2/target/debug/deps/librustc_session-ad93ec0078fafc82.rmeta --extern rustc_span=/mnt/data1/nix/vendor/rust/cargo2nix/submodules/rust-build/compiler/zombie_driver2/target/debug/deps/librustc_span-cca3b45fe3825eda.rmeta --extern rustc_symbol_mangling=/mnt/data1/nix/vendor/rust/cargo2nix/submodules/rust-build/compiler/zombie_driver2/target/debug/deps/librustc_symbol_mangling-89e5266dc8d43ab2.rmeta --extern rustc_target=/mnt/data1/nix/vendor/rust/cargo2nix/submodules/rust-build/compiler/zombie_driver2/target/debug/deps/librustc_target-5de06d076d06ccca.rmeta --extern rustc_thread_pool=/mnt/data1/nix/vendor/rust/cargo2nix/submodules/rust-build/compiler/zombie_driver2/target/debug/deps/librustc_thread_pool-83aef153b3813075.rmeta --extern rustc_trait_selection=/mnt/data1/nix/vendor/rust/cargo2nix/submodules/rust-build/compiler/zombie_driver2/target/debug/deps/librustc_trait_selection-6f2bf10a906840c8.rmeta --extern rustc_traits=/mnt/data1/nix/vendor/rust/cargo2nix/submodules/rust-build/compiler/zombie_driver2/target/debug/deps/librustc_traits-c794481613b67b14.rmeta --extern rustc_ty_utils=/mnt/data1/nix/vendor/rust/cargo2nix/submodules/rust-build/compiler/zombie_driver2/target/debug/deps/librustc_ty_utils-0af97f67749ea847.rmeta --extern tracing=/mnt/data1/nix/vendor/rust/cargo2nix/submodules/rust-build/compiler/zombie_driver2/target/debug/deps/libtracing-82b3a1ccd9aeceb8.rmeta -L native=/mnt/data1/nix/vendor/rust/cargo2nix/submodules/rust-build/compiler/zombie_driver2/target/debug/build/psm-51115e95e3afce55/out -L native=/mnt/data1/nix/vendor/rust/cargo2nix/submodules/rust-build/compiler/zombie_driver2/target/debug/build/blake3-b449a45f526127c8/out -L native=/mnt/data1/nix/vendor/rust/cargo2nix/submodules/rust-build/compiler/zombie_driver2/target/debug/build/blake3-b449a45f526127c8/out
19:42:13 STATS_CHANGE: Compile requests                    443
Compile requests executed           297
Cache hits                          264
Cache hits (Rust)                   264
Cache misses                         29
Cache misses (Rust)                  29
Cache hits rate                   90.10 %
Cache hits rate (Rust)            90.10 %
Cache timeouts                        0
Cache read errors                     0
Forced recaches                       0
Cache write errors                    0
Cache errors                          0
Compilations                         29
Compilation failures                  4
Non-cacheable compilations            0
Non-cacheable calls                 145
Non-compilation calls                 1
Unsupported compiler calls            0
Average cache write               0.000 s
Average compiler                  0.538 s
Average cache read hit            0.003 s
Failed distributed compilations       0

Non-cacheable reasons:
crate-type                           72
incremental                          64
missing input                         5
-o                                    3
-                                     1

Cache location                  Local disk: "/home/mdupont/.cache/sccache"
Use direct/preprocessor mode?   yes
Version (client)                0.12.0
Cache size                            1 GiB
Max cache size                       10 GiB -> Compile requests                    444
Compile requests executed           297
Cache hits                          264
Cache hits (Rust)                   264
Cache misses                         29
Cache misses (Rust)                  29
Cache hits rate                   90.10 %
Cache hits rate (Rust)            90.10 %
Cache timeouts                        0
Cache read errors                     0
Forced recaches                       0
Cache write errors                    0
Cache errors                          0
Compilations                         29
Compilation failures                  4
Non-cacheable compilations            0
Non-cacheable calls                 146
Non-compilation calls                 1
Unsupported compiler calls            0
Average cache write               0.000 s
Average compiler                  0.538 s
Average cache read hit            0.003 s
Failed distributed compilations       0

Non-cacheable reasons:
crate-type                           72
incremental                          65
missing input                         5
-o                                    3
-                                     1

Cache location                  Local disk: "/home/mdupont/.cache/sccache"
Use direct/preprocessor mode?   yes
Version (client)                0.12.0
Cache size                            1 GiB
Max cache size                       10 GiB
19:51:46 rustc --crate-name rustc_interface --edition=2024 /mnt/data1/nix/vendor/rust/cargo2nix/submodules/rust-build/compiler/rustc_interface/src/lib.rs --error-format=json --json=diagnostic-rendered-ansi,artifacts,future-incompat --crate-type lib --emit=dep-info,metadata,link -C embed-bitcode=no -C debuginfo=2 --check-cfg cfg(docsrs,test) --check-cfg cfg(feature, values("check_only", "llvm", "llvm_enzyme")) -C metadata=3f1eef24c3bb33e4 -C extra-filename=-0baff863143ebe73 --out-dir /mnt/data1/nix/vendor/rust/cargo2nix/submodules/rust-build/compiler/zombie_driver2/target/debug/deps -C incremental=/mnt/data1/nix/vendor/rust/cargo2nix/submodules/rust-build/compiler/zombie_driver2/target/debug/incremental -L dependency=/mnt/data1/nix/vendor/rust/cargo2nix/submodules/rust-build/compiler/zombie_driver2/target/debug/deps --extern rustc_ast=/mnt/data1/nix/vendor/rust/cargo2nix/submodules/rust-build/compiler/zombie_driver2/target/debug/deps/librustc_ast-892745d5973bca50.rmeta --extern rustc_ast_lowering=/mnt/data1/nix/vendor/rust/cargo2nix/submodules/rust-build/compiler/zombie_driver2/target/debug/deps/librustc_ast_lowering-3ac4060a84415c65.rmeta --extern rustc_ast_passes=/mnt/data1/nix/vendor/rust/cargo2nix/submodules/rust-build/compiler/zombie_driver2/target/debug/deps/librustc_ast_passes-611ee6033e8ac644.rmeta --extern rustc_ast_pretty=/mnt/data1/nix/vendor/rust/cargo2nix/submodules/rust-build/compiler/zombie_driver2/target/debug/deps/librustc_ast_pretty-5d710bed6e10f481.rmeta --extern rustc_attr_parsing=/mnt/data1/nix/vendor/rust/cargo2nix/submodules/rust-build/compiler/zombie_driver2/target/debug/deps/librustc_attr_parsing-5a1f561174f84576.rmeta --extern rustc_borrowck=/mnt/data1/nix/vendor/rust/cargo2nix/submodules/rust-build/compiler/zombie_driver2/target/debug/deps/librustc_borrowck-0f2c99f6e9fda801.rmeta --extern rustc_builtin_macros=/mnt/data1/nix/vendor/rust/cargo2nix/submodules/rust-build/compiler/zombie_driver2/target/debug/deps/librustc_builtin_macros-21d65c3727207a09.rmeta --extern rustc_codegen_ssa=/mnt/data1/nix/vendor/rust/cargo2nix/submodules/rust-build/compiler/zombie_driver2/target/debug/deps/librustc_codegen_ssa-58627ced607c9438.rmeta --extern rustc_const_eval=/mnt/data1/nix/vendor/rust/cargo2nix/submodules/rust-build/compiler/zombie_driver2/target/debug/deps/librustc_const_eval-04d7334c33aece71.rmeta --extern rustc_data_structures=/mnt/data1/nix/vendor/rust/cargo2nix/submodules/rust-build/compiler/zombie_driver2/target/debug/deps/librustc_data_structures-7a05c3f43ea74b8d.rmeta --extern rustc_errors=/mnt/data1/nix/vendor/rust/cargo2nix/submodules/rust-build/compiler/zombie_driver2/target/debug/deps/librustc_errors-042ea83da72fde12.rmeta --extern rustc_expand=/mnt/data1/nix/vendor/rust/cargo2nix/submodules/rust-build/compiler/zombie_driver2/target/debug/deps/librustc_expand-4fdda5caa9ef4c80.rmeta --extern rustc_feature=/mnt/data1/nix/vendor/rust/cargo2nix/submodules/rust-build/compiler/zombie_driver2/target/debug/deps/librustc_feature-8b7a1e168a753038.rmeta --extern rustc_fluent_macro=/mnt/data1/nix/vendor/rust/cargo2nix/submodules/rust-build/compiler/zombie_driver2/target/debug/deps/librustc_fluent_macro-d795261342a5a863.so --extern rustc_fs_util=/mnt/data1/nix/vendor/rust/cargo2nix/submodules/rust-build/compiler/zombie_driver2/target/debug/deps/librustc_fs_util-4db11bae1137b760.rmeta --extern rustc_hir=/mnt/data1/nix/vendor/rust/cargo2nix/submodules/rust-build/compiler/zombie_driver2/target/debug/deps/librustc_hir-60bf32f61521f542.rmeta --extern rustc_hir_analysis=/mnt/data1/nix/vendor/rust/cargo2nix/submodules/rust-build/compiler/zombie_driver2/target/debug/deps/librustc_hir_analysis-3e9d450ef92b008e.rmeta --extern rustc_hir_typeck=/mnt/data1/nix/vendor/rust/cargo2nix/submodules/rust-build/compiler/zombie_driver2/target/debug/deps/librustc_hir_typeck-a70c642e8e282aa7.rmeta --extern rustc_incremental=/mnt/data1/nix/vendor/rust/cargo2nix/submodules/rust-build/compiler/zombie_driver2/target/debug/deps/librustc_incremental-e60e7a4b2c61ab1f.rmeta --extern rustc_lint=/mnt/data1/nix/vendor/rust/cargo2nix/submodules/rust-build/compiler/zombie_driver2/target/debug/deps/librustc_lint-9fb9e4ed8d461a70.rmeta --extern rustc_macros=/mnt/data1/nix/vendor/rust/cargo2nix/submodules/rust-build/compiler/zombie_driver2/target/debug/deps/librustc_macros-533b3ebf51685542.so --extern rustc_metadata=/mnt/data1/nix/vendor/rust/cargo2nix/submodules/rust-build/compiler/zombie_driver2/target/debug/deps/librustc_metadata-efbf0dfc64041f00.rmeta --extern rustc_middle=/mnt/data1/nix/vendor/rust/cargo2nix/submodules/rust-build/compiler/zombie_driver2/target/debug/deps/librustc_middle-245c3150683558be.rmeta --extern rustc_mir_build=/mnt/data1/nix/vendor/rust/cargo2nix/submodules/rust-build/compiler/zombie_driver2/target/debug/deps/librustc_mir_build-9f0d49511222e71c.rmeta --extern rustc_mir_transform=/mnt/data1/nix/vendor/rust/cargo2nix/submodules/rust-build/compiler/zombie_driver2/target/debug/deps/librustc_mir_transform-320ce7cd78251c0c.rmeta --extern rustc_monomorphize=/mnt/data1/nix/vendor/rust/cargo2nix/submodules/rust-build/compiler/zombie_driver2/target/debug/deps/librustc_monomorphize-129bfa6cae930845.rmeta --extern rustc_parse=/mnt/data1/nix/vendor/rust/cargo2nix/submodules/rust-build/compiler/zombie_driver2/target/debug/deps/librustc_parse-867e097141c1b310.rmeta --extern rustc_passes=/mnt/data1/nix/vendor/rust/cargo2nix/submodules/rust-build/compiler/zombie_driver2/target/debug/deps/librustc_passes-21118fe9c583c933.rmeta --extern rustc_privacy=/mnt/data1/nix/vendor/rust/cargo2nix/submodules/rust-build/compiler/zombie_driver2/target/debug/deps/librustc_privacy-6cba5d76f986fc5f.rmeta --extern rustc_query_impl=/mnt/data1/nix/vendor/rust/cargo2nix/submodules/rust-build/compiler/zombie_driver2/target/debug/deps/librustc_query_impl-360e701d07584f1b.rmeta --extern rustc_query_system=/mnt/data1/nix/vendor/rust/cargo2nix/submodules/rust-build/compiler/zombie_driver2/target/debug/deps/librustc_query_system-fdb82a57abdd9f77.rmeta --extern rustc_resolve=/mnt/data1/nix/vendor/rust/cargo2nix/submodules/rust-build/compiler/zombie_driver2/target/debug/deps/librustc_resolve-3cbef7edbe67901e.rmeta --extern rustc_session=/mnt/data1/nix/vendor/rust/cargo2nix/submodules/rust-build/compiler/zombie_driver2/target/debug/deps/librustc_session-ad93ec0078fafc82.rmeta --extern rustc_span=/mnt/data1/nix/vendor/rust/cargo2nix/submodules/rust-build/compiler/zombie_driver2/target/debug/deps/librustc_span-cca3b45fe3825eda.rmeta --extern rustc_symbol_mangling=/mnt/data1/nix/vendor/rust/cargo2nix/submodules/rust-build/compiler/zombie_driver2/target/debug/deps/librustc_symbol_mangling-89e5266dc8d43ab2.rmeta --extern rustc_target=/mnt/data1/nix/vendor/rust/cargo2nix/submodules/rust-build/compiler/zombie_driver2/target/debug/deps/librustc_target-5de06d076d06ccca.rmeta --extern rustc_thread_pool=/mnt/data1/nix/vendor/rust/cargo2nix/submodules/rust-build/compiler/zombie_driver2/target/debug/deps/librustc_thread_pool-83aef153b3813075.rmeta --extern rustc_trait_selection=/mnt/data1/nix/vendor/rust/cargo2nix/submodules/rust-build/compiler/zombie_driver2/target/debug/deps/librustc_trait_selection-6f2bf10a906840c8.rmeta --extern rustc_traits=/mnt/data1/nix/vendor/rust/cargo2nix/submodules/rust-build/compiler/zombie_driver2/target/debug/deps/librustc_traits-c794481613b67b14.rmeta --extern rustc_ty_utils=/mnt/data1/nix/vendor/rust/cargo2nix/submodules/rust-build/compiler/zombie_driver2/target/debug/deps/librustc_ty_utils-0af97f67749ea847.rmeta --extern tracing=/mnt/data1/nix/vendor/rust/cargo2nix/submodules/rust-build/compiler/zombie_driver2/target/debug/deps/libtracing-82b3a1ccd9aeceb8.rmeta -L native=/mnt/data1/nix/vendor/rust/cargo2nix/submodules/rust-build/compiler/zombie_driver2/target/debug/build/psm-51115e95e3afce55/out -L native=/mnt/data1/nix/vendor/rust/cargo2nix/submodules/rust-build/compiler/zombie_driver2/target/debug/build/blake3-b449a45f526127c8/out -L native=/mnt/data1/nix/vendor/rust/cargo2nix/submodules/rust-build/compiler/zombie_driver2/target/debug/build/blake3-b449a45f526127c8/out
19:52:45 STATS_CHANGE: Compile requests                    497
Compile requests executed           297
Cache hits                          264
Cache hits (Rust)                   264
Cache misses                         29
Cache misses (Rust)                  29
Cache hits rate                   90.10 %
Cache hits rate (Rust)            90.10 %
Cache timeouts                        0
Cache read errors                     0
Forced recaches                       0
Cache write errors                    0
Cache errors                          0
Compilations                         29
Compilation failures                  4
Non-cacheable compilations            0
Non-cacheable calls                 199
Non-compilation calls                 1
Unsupported compiler calls            0
Average cache write               0.000 s
Average compiler                  0.538 s
Average cache read hit            0.003 s
Failed distributed compilations       0

Non-cacheable reasons:
incremental                         114
crate-type                           72
missing input                         7
-                                     3
-o                                    3

Cache location                  Local disk: "/home/mdupont/.cache/sccache"
Use direct/preprocessor mode?   yes
Version (client)                0.12.0
Cache size                            1 GiB
Max cache size                       10 GiB -> Compile requests                    499
Compile requests executed           297
Cache hits                          264
Cache hits (Rust)                   264
Cache misses                         29
Cache misses (Rust)                  29
Cache hits rate                   90.10 %
Cache hits rate (Rust)            90.10 %
Cache timeouts                        0
Cache read errors                     0
Forced recaches                       0
Cache write errors                    0
Cache errors                          0
Compilations                         29
Compilation failures                  4
Non-cacheable compilations            0
Non-cacheable calls                 201
Non-compilation calls                 1
Unsupported compiler calls            0
Average cache write               0.000 s
Average compiler                  0.538 s
Average cache read hit            0.003 s
Failed distributed compilations       0

Non-cacheable reasons:
incremental                         116
crate-type                           72
missing input                         7
-                                     3
-o                                    3

Cache location                  Local disk: "/home/mdupont/.cache/sccache"
Use direct/preprocessor mode?   yes
Version (client)                0.12.0
Cache size                            1 GiB
Max cache size                       10 GiB
19:52:46 DUPLICATE #2: rustc --crate-name rustc_interface --edition=2024 /mnt/data1/nix/vendor/rust/cargo2nix/submodules/rust-build/compiler/rustc_interface/src/lib.rs --error-format=json --json=diagnostic-rendered-ansi,artifacts,future-incompat --crate-type lib --emit=dep-info,metadata,link -C embed-bitcode=no -C debuginfo=2 --check-cfg cfg(docsrs,test) --check-cfg cfg(feature, values("check_only", "llvm", "llvm_enzyme")) -C metadata=3f1eef24c3bb33e4 -C extra-filename=-0baff863143ebe73 --out-dir /mnt/data1/nix/vendor/rust/cargo2nix/submodules/rust-build/compiler/zombie_driver2/target/debug/deps -C incremental=/mnt/data1/nix/vendor/rust/cargo2nix/submodules/rust-build/compiler/zombie_driver2/target/debug/incremental -L dependency=/mnt/data1/nix/vendor/rust/cargo2nix/submodules/rust-build/compiler/zombie_driver2/target/debug/deps --extern rustc_ast=/mnt/data1/nix/vendor/rust/cargo2nix/submodules/rust-build/compiler/zombie_driver2/target/debug/deps/librustc_ast-892745d5973bca50.rmeta --extern rustc_ast_lowering=/mnt/data1/nix/vendor/rust/cargo2nix/submodules/rust-build/compiler/zombie_driver2/target/debug/deps/librustc_ast_lowering-3ac4060a84415c65.rmeta --extern rustc_ast_passes=/mnt/data1/nix/vendor/rust/cargo2nix/submodules/rust-build/compiler/zombie_driver2/target/debug/deps/librustc_ast_passes-611ee6033e8ac644.rmeta --extern rustc_ast_pretty=/mnt/data1/nix/vendor/rust/cargo2nix/submodules/rust-build/compiler/zombie_driver2/target/debug/deps/librustc_ast_pretty-5d710bed6e10f481.rmeta --extern rustc_attr_parsing=/mnt/data1/nix/vendor/rust/cargo2nix/submodules/rust-build/compiler/zombie_driver2/target/debug/deps/librustc_attr_parsing-5a1f561174f84576.rmeta --extern rustc_borrowck=/mnt/data1/nix/vendor/rust/cargo2nix/submodules/rust-build/compiler/zombie_driver2/target/debug/deps/librustc_borrowck-0f2c99f6e9fda801.rmeta --extern rustc_builtin_macros=/mnt/data1/nix/vendor/rust/cargo2nix/submodules/rust-build/compiler/zombie_driver2/target/debug/deps/librustc_builtin_macros-21d65c3727207a09.rmeta --extern rustc_codegen_ssa=/mnt/data1/nix/vendor/rust/cargo2nix/submodules/rust-build/compiler/zombie_driver2/target/debug/deps/librustc_codegen_ssa-58627ced607c9438.rmeta --extern rustc_const_eval=/mnt/data1/nix/vendor/rust/cargo2nix/submodules/rust-build/compiler/zombie_driver2/target/debug/deps/librustc_const_eval-04d7334c33aece71.rmeta --extern rustc_data_structures=/mnt/data1/nix/vendor/rust/cargo2nix/submodules/rust-build/compiler/zombie_driver2/target/debug/deps/librustc_data_structures-7a05c3f43ea74b8d.rmeta --extern rustc_errors=/mnt/data1/nix/vendor/rust/cargo2nix/submodules/rust-build/compiler/zombie_driver2/target/debug/deps/librustc_errors-042ea83da72fde12.rmeta --extern rustc_expand=/mnt/data1/nix/vendor/rust/cargo2nix/submodules/rust-build/compiler/zombie_driver2/target/debug/deps/librustc_expand-4fdda5caa9ef4c80.rmeta --extern rustc_feature=/mnt/data1/nix/vendor/rust/cargo2nix/submodules/rust-build/compiler/zombie_driver2/target/debug/deps/librustc_feature-8b7a1e168a753038.rmeta --extern rustc_fluent_macro=/mnt/data1/nix/vendor/rust/cargo2nix/submodules/rust-build/compiler/zombie_driver2/target/debug/deps/librustc_fluent_macro-d795261342a5a863.so --extern rustc_fs_util=/mnt/data1/nix/vendor/rust/cargo2nix/submodules/rust-build/compiler/zombie_driver2/target/debug/deps/librustc_fs_util-4db11bae1137b760.rmeta --extern rustc_hir=/mnt/data1/nix/vendor/rust/cargo2nix/submodules/rust-build/compiler/zombie_driver2/target/debug/deps/librustc_hir-60bf32f61521f542.rmeta --extern rustc_hir_analysis=/mnt/data1/nix/vendor/rust/cargo2nix/submodules/rust-build/compiler/zombie_driver2/target/debug/deps/librustc_hir_analysis-3e9d450ef92b008e.rmeta --extern rustc_hir_typeck=/mnt/data1/nix/vendor/rust/cargo2nix/submodules/rust-build/compiler/zombie_driver2/target/debug/deps/librustc_hir_typeck-a70c642e8e282aa7.rmeta --extern rustc_incremental=/mnt/data1/nix/vendor/rust/cargo2nix/submodules/rust-build/compiler/zombie_driver2/target/debug/deps/librustc_incremental-e60e7a4b2c61ab1f.rmeta --extern rustc_lint=/mnt/data1/nix/vendor/rust/cargo2nix/submodules/rust-build/compiler/zombie_driver2/target/debug/deps/librustc_lint-9fb9e4ed8d461a70.rmeta --extern rustc_macros=/mnt/data1/nix/vendor/rust/cargo2nix/submodules/rust-build/compiler/zombie_driver2/target/debug/deps/librustc_macros-533b3ebf51685542.so --extern rustc_metadata=/mnt/data1/nix/vendor/rust/cargo2nix/submodules/rust-build/compiler/zombie_driver2/target/debug/deps/librustc_metadata-efbf0dfc64041f00.rmeta --extern rustc_middle=/mnt/data1/nix/vendor/rust/cargo2nix/submodules/rust-build/compiler/zombie_driver2/target/debug/deps/librustc_middle-245c3150683558be.rmeta --extern rustc_mir_build=/mnt/data1/nix/vendor/rust/cargo2nix/submodules/rust-build/compiler/zombie_driver2/target/debug/deps/librustc_mir_build-9f0d49511222e71c.rmeta --extern rustc_mir_transform=/mnt/data1/nix/vendor/rust/cargo2nix/submodules/rust-build/compiler/zombie_driver2/target/debug/deps/librustc_mir_transform-320ce7cd78251c0c.rmeta --extern rustc_monomorphize=/mnt/data1/nix/vendor/rust/cargo2nix/submodules/rust-build/compiler/zombie_driver2/target/debug/deps/librustc_monomorphize-129bfa6cae930845.rmeta --extern rustc_parse=/mnt/data1/nix/vendor/rust/cargo2nix/submodules/rust-build/compiler/zombie_driver2/target/debug/deps/librustc_parse-867e097141c1b310.rmeta --extern rustc_passes=/mnt/data1/nix/vendor/rust/cargo2nix/submodules/rust-build/compiler/zombie_driver2/target/debug/deps/librustc_passes-21118fe9c583c933.rmeta --extern rustc_privacy=/mnt/data1/nix/vendor/rust/cargo2nix/submodules/rust-build/compiler/zombie_driver2/target/debug/deps/librustc_privacy-6cba5d76f986fc5f.rmeta --extern rustc_query_impl=/mnt/data1/nix/vendor/rust/cargo2nix/submodules/rust-build/compiler/zombie_driver2/target/debug/deps/librustc_query_impl-360e701d07584f1b.rmeta --extern rustc_query_system=/mnt/data1/nix/vendor/rust/cargo2nix/submodules/rust-build/compiler/zombie_driver2/target/debug/deps/librustc_query_system-fdb82a57abdd9f77.rmeta --extern rustc_resolve=/mnt/data1/nix/vendor/rust/cargo2nix/submodules/rust-build/compiler/zombie_driver2/target/debug/deps/librustc_resolve-3cbef7edbe67901e.rmeta --extern rustc_session=/mnt/data1/nix/vendor/rust/cargo2nix/submodules/rust-build/compiler/zombie_driver2/target/debug/deps/librustc_session-ad93ec0078fafc82.rmeta --extern rustc_span=/mnt/data1/nix/vendor/rust/cargo2nix/submodules/rust-build/compiler/zombie_driver2/target/debug/deps/librustc_span-cca3b45fe3825eda.rmeta --extern rustc_symbol_mangling=/mnt/data1/nix/vendor/rust/cargo2nix/submodules/rust-build/compiler/zombie_driver2/target/debug/deps/librustc_symbol_mangling-89e5266dc8d43ab2.rmeta --extern rustc_target=/mnt/data1/nix/vendor/rust/cargo2nix/submodules/rust-build/compiler/zombie_driver2/target/debug/deps/librustc_target-5de06d076d06ccca.rmeta --extern rustc_thread_pool=/mnt/data1/nix/vendor/rust/cargo2nix/submodules/rust-build/compiler/zombie_driver2/target/debug/deps/librustc_thread_pool-83aef153b3813075.rmeta --extern rustc_trait_selection=/mnt/data1/nix/vendor/rust/cargo2nix/submodules/rust-build/compiler/zombie_driver2/target/debug/deps/librustc_trait_selection-6f2bf10a906840c8.rmeta --extern rustc_traits=/mnt/data1/nix/vendor/rust/cargo2nix/submodules/rust-build/compiler/zombie_driver2/target/debug/deps/librustc_traits-c794481613b67b14.rmeta --extern rustc_ty_utils=/mnt/data1/nix/vendor/rust/cargo2nix/submodules/rust-build/compiler/zombie_driver2/target/debug/deps/librustc_ty_utils-0af97f67749ea847.rmeta --extern tracing=/mnt/data1/nix/vendor/rust/cargo2nix/submodules/rust-build/compiler/zombie_driver2/target/debug/deps/libtracing-82b3a1ccd9aeceb8.rmeta -L native=/mnt/data1/nix/vendor/rust/cargo2nix/submodules/rust-build/compiler/zombie_driver2/target/debug/build/psm-51115e95e3afce55/out -L native=/mnt/data1/nix/vendor/rust/cargo2nix/submodules/rust-build/compiler/zombie_driver2/target/debug/build/blake3-b449a45f526127c8/out -L native=/mnt/data1/nix/vendor/rust/cargo2nix/submodules/rust-build/compiler/zombie_driver2/target/debug/build/blake3-b449a45f526127c8/out
20:10:06 SKIPPED: rustc --crate-name rustc_interface --edition=2024 /mnt/data1/nix/vendor/rust/cargo2nix/submodules/rust-build/compiler/rustc_interface/src/lib.rs --error-format=json --json=diagnostic-rendered-ansi,artifacts,future-incompat --crate-type lib --emit=dep-info,metadata,link -C embed-bitcode=no -C debuginfo=2 --check-cfg cfg(docsrs,test) --check-cfg cfg(feature, values("check_only", "llvm", "llvm_enzyme")) -C metadata=3f1eef24c3bb33e4 -C extra-filename=-0baff863143ebe73 --out-dir /mnt/data1/nix/vendor/rust/cargo2nix/submodules/rust-build/compiler/zombie_driver2/target/debug/deps -C incremental=/mnt/data1/nix/vendor/rust/cargo2nix/submodules/rust-build/compiler/zombie_driver2/target/debug/incremental -L dependency=/mnt/data1/nix/vendor/rust/cargo2nix/submodules/rust-build/compiler/zombie_driver2/target/debug/deps --extern rustc_ast=/mnt/data1/nix/vendor/rust/cargo2nix/submodules/rust-build/compiler/zombie_driver2/target/debug/deps/librustc_ast-892745d5973bca50.rmeta --extern rustc_ast_lowering=/mnt/data1/nix/vendor/rust/cargo2nix/submodules/rust-build/compiler/zombie_driver2/target/debug/deps/librustc_ast_lowering-3ac4060a84415c65.rmeta --extern rustc_ast_passes=/mnt/data1/nix/vendor/rust/cargo2nix/submodules/rust-build/compiler/zombie_driver2/target/debug/deps/librustc_ast_passes-611ee6033e8ac644.rmeta --extern rustc_ast_pretty=/mnt/data1/nix/vendor/rust/cargo2nix/submodules/rust-build/compiler/zombie_driver2/target/debug/deps/librustc_ast_pretty-5d710bed6e10f481.rmeta --extern rustc_attr_parsing=/mnt/data1/nix/vendor/rust/cargo2nix/submodules/rust-build/compiler/zombie_driver2/target/debug/deps/librustc_attr_parsing-5a1f561174f84576.rmeta --extern rustc_borrowck=/mnt/data1/nix/vendor/rust/cargo2nix/submodules/rust-build/compiler/zombie_driver2/target/debug/deps/librustc_borrowck-0f2c99f6e9fda801.rmeta --extern rustc_builtin_macros=/mnt/data1/nix/vendor/rust/cargo2nix/submodules/rust-build/compiler/zombie_driver2/target/debug/deps/librustc_builtin_macros-21d65c3727207a09.rmeta --extern rustc_codegen_ssa=/mnt/data1/nix/vendor/rust/cargo2nix/submodules/rust-build/compiler/zombie_driver2/target/debug/deps/librustc_codegen_ssa-58627ced607c9438.rmeta --extern rustc_const_eval=/mnt/data1/nix/vendor/rust/cargo2nix/submodules/rust-build/compiler/zombie_driver2/target/debug/deps/librustc_const_eval-04d7334c33aece71.rmeta --extern rustc_data_structures=/mnt/data1/nix/vendor/rust/cargo2nix/submodules/rust-build/compiler/zombie_driver2/target/debug/deps/librustc_data_structures-7a05c3f43ea74b8d.rmeta --extern rustc_errors=/mnt/data1/nix/vendor/rust/cargo2nix/submodules/rust-build/compiler/zombie_driver2/target/debug/deps/librustc_errors-042ea83da72fde12.rmeta --extern rustc_expand=/mnt/data1/nix/vendor/rust/cargo2nix/submodules/rust-build/compiler/zombie_driver2/target/debug/deps/librustc_expand-4fdda5caa9ef4c80.rmeta --extern rustc_feature=/mnt/data1/nix/vendor/rust/cargo2nix/submodules/rust-build/compiler/zombie_driver2/target/debug/deps/librustc_feature-8b7a1e168a753038.rmeta --extern rustc_fluent_macro=/mnt/data1/nix/vendor/rust/cargo2nix/submodules/rust-build/compiler/zombie_driver2/target/debug/deps/librustc_fluent_macro-d795261342a5a863.so --extern rustc_fs_util=/mnt/data1/nix/vendor/rust/cargo2nix/submodules/rust-build/compiler/zombie_driver2/target/debug/deps/librustc_fs_util-4db11bae1137b760.rmeta --extern rustc_hir=/mnt/data1/nix/vendor/rust/cargo2nix/submodules/rust-build/compiler/zombie_driver2/target/debug/deps/librustc_hir-60bf32f61521f542.rmeta --extern rustc_hir_analysis=/mnt/data1/nix/vendor/rust/cargo2nix/submodules/rust-build/compiler/zombie_driver2/target/debug/deps/librustc_hir_analysis-3e9d450ef92b008e.rmeta --extern rustc_hir_typeck=/mnt/data1/nix/vendor/rust/cargo2nix/submodules/rust-build/compiler/zombie_driver2/target/debug/deps/librustc_hir_typeck-a70c642e8e282aa7.rmeta --extern rustc_incremental=/mnt/data1/nix/vendor/rust/cargo2nix/submodules/rust-build/compiler/zombie_driver2/target/debug/deps/librustc_incremental-e60e7a4b2c61ab1f.rmeta --extern rustc_lint=/mnt/data1/nix/vendor/rust/cargo2nix/submodules/rust-build/compiler/zombie_driver2/target/debug/deps/librustc_lint-9fb9e4ed8d461a70.rmeta --extern rustc_macros=/mnt/data1/nix/vendor/rust/cargo2nix/submodules/rust-build/compiler/zombie_driver2/target/debug/deps/librustc_macros-533b3ebf51685542.so --extern rustc_metadata=/mnt/data1/nix/vendor/rust/cargo2nix/submodules/rust-build/compiler/zombie_driver2/target/debug/deps/librustc_metadata-efbf0dfc64041f00.rmeta --extern rustc_middle=/mnt/data1/nix/vendor/rust/cargo2nix/submodules/rust-build/compiler/zombie_driver2/target/debug/deps/librustc_middle-245c3150683558be.rmeta --extern rustc_mir_build=/mnt/data1/nix/vendor/rust/cargo2nix/submodules/rust-build/compiler/zombie_driver2/target/debug/deps/librustc_mir_build-9f0d49511222e71c.rmeta --extern rustc_mir_transform=/mnt/data1/nix/vendor/rust/cargo2nix/submodules/rust-build/compiler/zombie_driver2/target/debug/deps/librustc_mir_transform-320ce7cd78251c0c.rmeta --extern rustc_monomorphize=/mnt/data1/nix/vendor/rust/cargo2nix/submodules/rust-build/compiler/zombie_driver2/target/debug/deps/librustc_monomorphize-129bfa6cae930845.rmeta --extern rustc_parse=/mnt/data1/nix/vendor/rust/cargo2nix/submodules/rust-build/compiler/zombie_driver2/target/debug/deps/librustc_parse-867e097141c1b310.rmeta --extern rustc_passes=/mnt/data1/nix/vendor/rust/cargo2nix/submodules/rust-build/compiler/zombie_driver2/target/debug/deps/librustc_passes-21118fe9c583c933.rmeta --extern rustc_privacy=/mnt/data1/nix/vendor/rust/cargo2nix/submodules/rust-build/compiler/zombie_driver2/target/debug/deps/librustc_privacy-6cba5d76f986fc5f.rmeta --extern rustc_query_impl=/mnt/data1/nix/vendor/rust/cargo2nix/submodules/rust-build/compiler/zombie_driver2/target/debug/deps/librustc_query_impl-360e701d07584f1b.rmeta --extern rustc_query_system=/mnt/data1/nix/vendor/rust/cargo2nix/submodules/rust-build/compiler/zombie_driver2/target/debug/deps/librustc_query_system-fdb82a57abdd9f77.rmeta --extern rustc_resolve=/mnt/data1/nix/vendor/rust/cargo2nix/submodules/rust-build/compiler/zombie_driver2/target/debug/deps/librustc_resolve-3cbef7edbe67901e.rmeta --extern rustc_session=/mnt/data1/nix/vendor/rust/cargo2nix/submodules/rust-build/compiler/zombie_driver2/target/debug/deps/librustc_session-ad93ec0078fafc82.rmeta --extern rustc_span=/mnt/data1/nix/vendor/rust/cargo2nix/submodules/rust-build/compiler/zombie_driver2/target/debug/deps/librustc_span-cca3b45fe3825eda.rmeta --extern rustc_symbol_mangling=/mnt/data1/nix/vendor/rust/cargo2nix/submodules/rust-build/compiler/zombie_driver2/target/debug/deps/librustc_symbol_mangling-89e5266dc8d43ab2.rmeta --extern rustc_target=/mnt/data1/nix/vendor/rust/cargo2nix/submodules/rust-build/compiler/zombie_driver2/target/debug/deps/librustc_target-5de06d076d06ccca.rmeta --extern rustc_thread_pool=/mnt/data1/nix/vendor/rust/cargo2nix/submodules/rust-build/compiler/zombie_driver2/target/debug/deps/librustc_thread_pool-83aef153b3813075.rmeta --extern rustc_trait_selection=/mnt/data1/nix/vendor/rust/cargo2nix/submodules/rust-build/compiler/zombie_driver2/target/debug/deps/librustc_trait_selection-6f2bf10a906840c8.rmeta --extern rustc_traits=/mnt/data1/nix/vendor/rust/cargo2nix/submodules/rust-build/compiler/zombie_driver2/target/debug/deps/librustc_traits-c794481613b67b14.rmeta --extern rustc_ty_utils=/mnt/data1/nix/vendor/rust/cargo2nix/submodules/rust-build/compiler/zombie_driver2/target/debug/deps/librustc_ty_utils-0af97f67749ea847.rmeta --extern tracing=/mnt/data1/nix/vendor/rust/cargo2nix/submodules/rust-build/compiler/zombie_driver2/target/debug/deps/libtracing-82b3a1ccd9aeceb8.rmeta -L native=/mnt/data1/nix/vendor/rust/cargo2nix/submodules/rust-build/compiler/zombie_driver2/target/debug/build/psm-51115e95e3afce55/out -L native=/mnt/data1/nix/vendor/rust/cargo2nix/submodules/rust-build/compiler/zombie_driver2/target/debug/build/blake3-b449a45f526127c8/out -L native=/mnt/data1/nix/vendor/rust/cargo2nix/submodules/rust-build/compiler/zombie_driver2/target/debug/build/blake3-b449a45f526127c8/out
20:10:42 SKIPPED: rustc --crate-name rustc_interface --edition=2024 /mnt/data1/nix/vendor/rust/cargo2nix/submodules/rust-build/compiler/rustc_interface/src/lib.rs --error-format=json --json=diagnostic-rendered-ansi,artifacts,future-incompat --crate-type lib --emit=dep-info,metadata,link -C embed-bitcode=no -C debuginfo=2 --check-cfg cfg(docsrs,test) --check-cfg cfg(feature, values("check_only", "llvm", "llvm_enzyme")) -C metadata=3f1eef24c3bb33e4 -C extra-filename=-0baff863143ebe73 --out-dir /mnt/data1/nix/vendor/rust/cargo2nix/submodules/rust-build/compiler/zombie_driver2/target/debug/deps -C incremental=/mnt/data1/nix/vendor/rust/cargo2nix/submodules/rust-build/compiler/zombie_driver2/target/debug/incremental -L dependency=/mnt/data1/nix/vendor/rust/cargo2nix/submodules/rust-build/compiler/zombie_driver2/target/debug/deps --extern rustc_ast=/mnt/data1/nix/vendor/rust/cargo2nix/submodules/rust-build/compiler/zombie_driver2/target/debug/deps/librustc_ast-892745d5973bca50.rmeta --extern rustc_ast_lowering=/mnt/data1/nix/vendor/rust/cargo2nix/submodules/rust-build/compiler/zombie_driver2/target/debug/deps/librustc_ast_lowering-3ac4060a84415c65.rmeta --extern rustc_ast_passes=/mnt/data1/nix/vendor/rust/cargo2nix/submodules/rust-build/compiler/zombie_driver2/target/debug/deps/librustc_ast_passes-611ee6033e8ac644.rmeta --extern rustc_ast_pretty=/mnt/data1/nix/vendor/rust/cargo2nix/submodules/rust-build/compiler/zombie_driver2/target/debug/deps/librustc_ast_pretty-5d710bed6e10f481.rmeta --extern rustc_attr_parsing=/mnt/data1/nix/vendor/rust/cargo2nix/submodules/rust-build/compiler/zombie_driver2/target/debug/deps/librustc_attr_parsing-5a1f561174f84576.rmeta --extern rustc_borrowck=/mnt/data1/nix/vendor/rust/cargo2nix/submodules/rust-build/compiler/zombie_driver2/target/debug/deps/librustc_borrowck-0f2c99f6e9fda801.rmeta --extern rustc_builtin_macros=/mnt/data1/nix/vendor/rust/cargo2nix/submodules/rust-build/compiler/zombie_driver2/target/debug/deps/librustc_builtin_macros-21d65c3727207a09.rmeta --extern rustc_codegen_ssa=/mnt/data1/nix/vendor/rust/cargo2nix/submodules/rust-build/compiler/zombie_driver2/target/debug/deps/librustc_codegen_ssa-58627ced607c9438.rmeta --extern rustc_const_eval=/mnt/data1/nix/vendor/rust/cargo2nix/submodules/rust-build/compiler/zombie_driver2/target/debug/deps/librustc_const_eval-04d7334c33aece71.rmeta --extern rustc_data_structures=/mnt/data1/nix/vendor/rust/cargo2nix/submodules/rust-build/compiler/zombie_driver2/target/debug/deps/librustc_data_structures-7a05c3f43ea74b8d.rmeta --extern rustc_errors=/mnt/data1/nix/vendor/rust/cargo2nix/submodules/rust-build/compiler/zombie_driver2/target/debug/deps/librustc_errors-042ea83da72fde12.rmeta --extern rustc_expand=/mnt/data1/nix/vendor/rust/cargo2nix/submodules/rust-build/compiler/zombie_driver2/target/debug/deps/librustc_expand-4fdda5caa9ef4c80.rmeta --extern rustc_feature=/mnt/data1/nix/vendor/rust/cargo2nix/submodules/rust-build/compiler/zombie_driver2/target/debug/deps/librustc_feature-8b7a1e168a753038.rmeta --extern rustc_fluent_macro=/mnt/data1/nix/vendor/rust/cargo2nix/submodules/rust-build/compiler/zombie_driver2/target/debug/deps/librustc_fluent_macro-d795261342a5a863.so --extern rustc_fs_util=/mnt/data1/nix/vendor/rust/cargo2nix/submodules/rust-build/compiler/zombie_driver2/target/debug/deps/librustc_fs_util-4db11bae1137b760.rmeta --extern rustc_hir=/mnt/data1/nix/vendor/rust/cargo2nix/submodules/rust-build/compiler/zombie_driver2/target/debug/deps/librustc_hir-60bf32f61521f542.rmeta --extern rustc_hir_analysis=/mnt/data1/nix/vendor/rust/cargo2nix/submodules/rust-build/compiler/zombie_driver2/target/debug/deps/librustc_hir_analysis-3e9d450ef92b008e.rmeta --extern rustc_hir_typeck=/mnt/data1/nix/vendor/rust/cargo2nix/submodules/rust-build/compiler/zombie_driver2/target/debug/deps/librustc_hir_typeck-a70c642e8e282aa7.rmeta --extern rustc_incremental=/mnt/data1/nix/vendor/rust/cargo2nix/submodules/rust-build/compiler/zombie_driver2/target/debug/deps/librustc_incremental-e60e7a4b2c61ab1f.rmeta --extern rustc_lint=/mnt/data1/nix/vendor/rust/cargo2nix/submodules/rust-build/compiler/zombie_driver2/target/debug/deps/librustc_lint-9fb9e4ed8d461a70.rmeta --extern rustc_macros=/mnt/data1/nix/vendor/rust/cargo2nix/submodules/rust-build/compiler/zombie_driver2/target/debug/deps/librustc_macros-533b3ebf51685542.so --extern rustc_metadata=/mnt/data1/nix/vendor/rust/cargo2nix/submodules/rust-build/compiler/zombie_driver2/target/debug/deps/librustc_metadata-efbf0dfc64041f00.rmeta --extern rustc_middle=/mnt/data1/nix/vendor/rust/cargo2nix/submodules/rust-build/compiler/zombie_driver2/target/debug/deps/librustc_middle-245c3150683558be.rmeta --extern rustc_mir_build=/mnt/data1/nix/vendor/rust/cargo2nix/submodules/rust-build/compiler/zombie_driver2/target/debug/deps/librustc_mir_build-9f0d49511222e71c.rmeta --extern rustc_mir_transform=/mnt/data1/nix/vendor/rust/cargo2nix/submodules/rust-build/compiler/zombie_driver2/target/debug/deps/librustc_mir_transform-320ce7cd78251c0c.rmeta --extern rustc_monomorphize=/mnt/data1/nix/vendor/rust/cargo2nix/submodules/rust-build/compiler/zombie_driver2/target/debug/deps/librustc_monomorphize-129bfa6cae930845.rmeta --extern rustc_parse=/mnt/data1/nix/vendor/rust/cargo2nix/submodules/rust-build/compiler/zombie_driver2/target/debug/deps/librustc_parse-867e097141c1b310.rmeta --extern rustc_passes=/mnt/data1/nix/vendor/rust/cargo2nix/submodules/rust-build/compiler/zombie_driver2/target/debug/deps/librustc_passes-21118fe9c583c933.rmeta --extern rustc_privacy=/mnt/data1/nix/vendor/rust/cargo2nix/submodules/rust-build/compiler/zombie_driver2/target/debug/deps/librustc_privacy-6cba5d76f986fc5f.rmeta --extern rustc_query_impl=/mnt/data1/nix/vendor/rust/cargo2nix/submodules/rust-build/compiler/zombie_driver2/target/debug/deps/librustc_query_impl-360e701d07584f1b.rmeta --extern rustc_query_system=/mnt/data1/nix/vendor/rust/cargo2nix/submodules/rust-build/compiler/zombie_driver2/target/debug/deps/librustc_query_system-fdb82a57abdd9f77.rmeta --extern rustc_resolve=/mnt/data1/nix/vendor/rust/cargo2nix/submodules/rust-build/compiler/zombie_driver2/target/debug/deps/librustc_resolve-3cbef7edbe67901e.rmeta --extern rustc_session=/mnt/data1/nix/vendor/rust/cargo2nix/submodules/rust-build/compiler/zombie_driver2/target/debug/deps/librustc_session-ad93ec0078fafc82.rmeta --extern rustc_span=/mnt/data1/nix/vendor/rust/cargo2nix/submodules/rust-build/compiler/zombie_driver2/target/debug/deps/librustc_span-cca3b45fe3825eda.rmeta --extern rustc_symbol_mangling=/mnt/data1/nix/vendor/rust/cargo2nix/submodules/rust-build/compiler/zombie_driver2/target/debug/deps/librustc_symbol_mangling-89e5266dc8d43ab2.rmeta --extern rustc_target=/mnt/data1/nix/vendor/rust/cargo2nix/submodules/rust-build/compiler/zombie_driver2/target/debug/deps/librustc_target-5de06d076d06ccca.rmeta --extern rustc_thread_pool=/mnt/data1/nix/vendor/rust/cargo2nix/submodules/rust-build/compiler/zombie_driver2/target/debug/deps/librustc_thread_pool-83aef153b3813075.rmeta --extern rustc_trait_selection=/mnt/data1/nix/vendor/rust/cargo2nix/submodules/rust-build/compiler/zombie_driver2/target/debug/deps/librustc_trait_selection-6f2bf10a906840c8.rmeta --extern rustc_traits=/mnt/data1/nix/vendor/rust/cargo2nix/submodules/rust-build/compiler/zombie_driver2/target/debug/deps/librustc_traits-c794481613b67b14.rmeta --extern rustc_ty_utils=/mnt/data1/nix/vendor/rust/cargo2nix/submodules/rust-build/compiler/zombie_driver2/target/debug/deps/librustc_ty_utils-0af97f67749ea847.rmeta --extern tracing=/mnt/data1/nix/vendor/rust/cargo2nix/submodules/rust-build/compiler/zombie_driver2/target/debug/deps/libtracing-82b3a1ccd9aeceb8.rmeta -L native=/mnt/data1/nix/vendor/rust/cargo2nix/submodules/rust-build/compiler/zombie_driver2/target/debug/build/psm-51115e95e3afce55/out -L native=/mnt/data1/nix/vendor/rust/cargo2nix/submodules/rust-build/compiler/zombie_driver2/target/debug/build/blake3-b449a45f526127c8/out -L native=/mnt/data1/nix/vendor/rust/cargo2nix/submodules/rust-build/compiler/zombie_driver2/target/debug/build/blake3-b449a45f526127c8/out
20:13:26 SKIPPED: rustc --crate-name rustc_interface --edition=2024 /mnt/data1/nix/vendor/rust/cargo2nix/submodules/rust-build/compiler/rustc_interface/src/lib.rs --error-format=json --json=diagnostic-rendered-ansi,artifacts,future-incompat --crate-type lib --emit=dep-info,metadata,link -C embed-bitcode=no -C debuginfo=2 --check-cfg cfg(docsrs,test) --check-cfg cfg(feature, values("check_only", "llvm", "llvm_enzyme")) -C metadata=3f1eef24c3bb33e4 -C extra-filename=-0baff863143ebe73 --out-dir /mnt/data1/nix/vendor/rust/cargo2nix/submodules/rust-build/compiler/zombie_driver2/target/debug/deps -C incremental=/mnt/data1/nix/vendor/rust/cargo2nix/submodules/rust-build/compiler/zombie_driver2/target/debug/incremental -L dependency=/mnt/data1/nix/vendor/rust/cargo2nix/submodules/rust-build/compiler/zombie_driver2/target/debug/deps --extern rustc_ast=/mnt/data1/nix/vendor/rust/cargo2nix/submodules/rust-build/compiler/zombie_driver2/target/debug/deps/librustc_ast-892745d5973bca50.rmeta --extern rustc_ast_lowering=/mnt/data1/nix/vendor/rust/cargo2nix/submodules/rust-build/compiler/zombie_driver2/target/debug/deps/librustc_ast_lowering-3ac4060a84415c65.rmeta --extern rustc_ast_passes=/mnt/data1/nix/vendor/rust/cargo2nix/submodules/rust-build/compiler/zombie_driver2/target/debug/deps/librustc_ast_passes-611ee6033e8ac644.rmeta --extern rustc_ast_pretty=/mnt/data1/nix/vendor/rust/cargo2nix/submodules/rust-build/compiler/zombie_driver2/target/debug/deps/librustc_ast_pretty-5d710bed6e10f481.rmeta --extern rustc_attr_parsing=/mnt/data1/nix/vendor/rust/cargo2nix/submodules/rust-build/compiler/zombie_driver2/target/debug/deps/librustc_attr_parsing-5a1f561174f84576.rmeta --extern rustc_borrowck=/mnt/data1/nix/vendor/rust/cargo2nix/submodules/rust-build/compiler/zombie_driver2/target/debug/deps/librustc_borrowck-0f2c99f6e9fda801.rmeta --extern rustc_builtin_macros=/mnt/data1/nix/vendor/rust/cargo2nix/submodules/rust-build/compiler/zombie_driver2/target/debug/deps/librustc_builtin_macros-21d65c3727207a09.rmeta --extern rustc_codegen_ssa=/mnt/data1/nix/vendor/rust/cargo2nix/submodules/rust-build/compiler/zombie_driver2/target/debug/deps/librustc_codegen_ssa-58627ced607c9438.rmeta --extern rustc_const_eval=/mnt/data1/nix/vendor/rust/cargo2nix/submodules/rust-build/compiler/zombie_driver2/target/debug/deps/librustc_const_eval-04d7334c33aece71.rmeta --extern rustc_data_structures=/mnt/data1/nix/vendor/rust/cargo2nix/submodules/rust-build/compiler/zombie_driver2/target/debug/deps/librustc_data_structures-7a05c3f43ea74b8d.rmeta --extern rustc_errors=/mnt/data1/nix/vendor/rust/cargo2nix/submodules/rust-build/compiler/zombie_driver2/target/debug/deps/librustc_errors-042ea83da72fde12.rmeta --extern rustc_expand=/mnt/data1/nix/vendor/rust/cargo2nix/submodules/rust-build/compiler/zombie_driver2/target/debug/deps/librustc_expand-4fdda5caa9ef4c80.rmeta --extern rustc_feature=/mnt/data1/nix/vendor/rust/cargo2nix/submodules/rust-build/compiler/zombie_driver2/target/debug/deps/librustc_feature-8b7a1e168a753038.rmeta --extern rustc_fluent_macro=/mnt/data1/nix/vendor/rust/cargo2nix/submodules/rust-build/compiler/zombie_driver2/target/debug/deps/librustc_fluent_macro-d795261342a5a863.so --extern rustc_fs_util=/mnt/data1/nix/vendor/rust/cargo2nix/submodules/rust-build/compiler/zombie_driver2/target/debug/deps/librustc_fs_util-4db11bae1137b760.rmeta --extern rustc_hir=/mnt/data1/nix/vendor/rust/cargo2nix/submodules/rust-build/compiler/zombie_driver2/target/debug/deps/librustc_hir-60bf32f61521f542.rmeta --extern rustc_hir_analysis=/mnt/data1/nix/vendor/rust/cargo2nix/submodules/rust-build/compiler/zombie_driver2/target/debug/deps/librustc_hir_analysis-3e9d450ef92b008e.rmeta --extern rustc_hir_typeck=/mnt/data1/nix/vendor/rust/cargo2nix/submodules/rust-build/compiler/zombie_driver2/target/debug/deps/librustc_hir_typeck-a70c642e8e282aa7.rmeta --extern rustc_incremental=/mnt/data1/nix/vendor/rust/cargo2nix/submodules/rust-build/compiler/zombie_driver2/target/debug/deps/librustc_incremental-e60e7a4b2c61ab1f.rmeta --extern rustc_lint=/mnt/data1/nix/vendor/rust/cargo2nix/submodules/rust-build/compiler/zombie_driver2/target/debug/deps/librustc_lint-9fb9e4ed8d461a70.rmeta --extern rustc_macros=/mnt/data1/nix/vendor/rust/cargo2nix/submodules/rust-build/compiler/zombie_driver2/target/debug/deps/librustc_macros-533b3ebf51685542.so --extern rustc_metadata=/mnt/data1/nix/vendor/rust/cargo2nix/submodules/rust-build/compiler/zombie_driver2/target/debug/deps/librustc_metadata-efbf0dfc64041f00.rmeta --extern rustc_middle=/mnt/data1/nix/vendor/rust/cargo2nix/submodules/rust-build/compiler/zombie_driver2/target/debug/deps/librustc_middle-245c3150683558be.rmeta --extern rustc_mir_build=/mnt/data1/nix/vendor/rust/cargo2nix/submodules/rust-build/compiler/zombie_driver2/target/debug/deps/librustc_mir_build-9f0d49511222e71c.rmeta --extern rustc_mir_transform=/mnt/data1/nix/vendor/rust/cargo2nix/submodules/rust-build/compiler/zombie_driver2/target/debug/deps/librustc_mir_transform-320ce7cd78251c0c.rmeta --extern rustc_monomorphize=/mnt/data1/nix/vendor/rust/cargo2nix/submodules/rust-build/compiler/zombie_driver2/target/debug/deps/librustc_monomorphize-129bfa6cae930845.rmeta --extern rustc_parse=/mnt/data1/nix/vendor/rust/cargo2nix/submodules/rust-build/compiler/zombie_driver2/target/debug/deps/librustc_parse-867e097141c1b310.rmeta --extern rustc_passes=/mnt/data1/nix/vendor/rust/cargo2nix/submodules/rust-build/compiler/zombie_driver2/target/debug/deps/librustc_passes-21118fe9c583c933.rmeta --extern rustc_privacy=/mnt/data1/nix/vendor/rust/cargo2nix/submodules/rust-build/compiler/zombie_driver2/target/debug/deps/librustc_privacy-6cba5d76f986fc5f.rmeta --extern rustc_query_impl=/mnt/data1/nix/vendor/rust/cargo2nix/submodules/rust-build/compiler/zombie_driver2/target/debug/deps/librustc_query_impl-360e701d07584f1b.rmeta --extern rustc_query_system=/mnt/data1/nix/vendor/rust/cargo2nix/submodules/rust-build/compiler/zombie_driver2/target/debug/deps/librustc_query_system-fdb82a57abdd9f77.rmeta --extern rustc_resolve=/mnt/data1/nix/vendor/rust/cargo2nix/submodules/rust-build/compiler/zombie_driver2/target/debug/deps/librustc_resolve-3cbef7edbe67901e.rmeta --extern rustc_session=/mnt/data1/nix/vendor/rust/cargo2nix/submodules/rust-build/compiler/zombie_driver2/target/debug/deps/librustc_session-ad93ec0078fafc82.rmeta --extern rustc_span=/mnt/data1/nix/vendor/rust/cargo2nix/submodules/rust-build/compiler/zombie_driver2/target/debug/deps/librustc_span-cca3b45fe3825eda.rmeta --extern rustc_symbol_mangling=/mnt/data1/nix/vendor/rust/cargo2nix/submodules/rust-build/compiler/zombie_driver2/target/debug/deps/librustc_symbol_mangling-89e5266dc8d43ab2.rmeta --extern rustc_target=/mnt/data1/nix/vendor/rust/cargo2nix/submodules/rust-build/compiler/zombie_driver2/target/debug/deps/librustc_target-5de06d076d06ccca.rmeta --extern rustc_thread_pool=/mnt/data1/nix/vendor/rust/cargo2nix/submodules/rust-build/compiler/zombie_driver2/target/debug/deps/librustc_thread_pool-83aef153b3813075.rmeta --extern rustc_trait_selection=/mnt/data1/nix/vendor/rust/cargo2nix/submodules/rust-build/compiler/zombie_driver2/target/debug/deps/librustc_trait_selection-6f2bf10a906840c8.rmeta --extern rustc_traits=/mnt/data1/nix/vendor/rust/cargo2nix/submodules/rust-build/compiler/zombie_driver2/target/debug/deps/librustc_traits-c794481613b67b14.rmeta --extern rustc_ty_utils=/mnt/data1/nix/vendor/rust/cargo2nix/submodules/rust-build/compiler/zombie_driver2/target/debug/deps/librustc_ty_utils-0af97f67749ea847.rmeta --extern tracing=/mnt/data1/nix/vendor/rust/cargo2nix/submodules/rust-build/compiler/zombie_driver2/target/debug/deps/libtracing-82b3a1ccd9aeceb8.rmeta -L native=/mnt/data1/nix/vendor/rust/cargo2nix/submodules/rust-build/compiler/zombie_driver2/target/debug/build/psm-51115e95e3afce55/out -L native=/mnt/data1/nix/vendor/rust/cargo2nix/submodules/rust-build/compiler/zombie_driver2/target/debug/build/blake3-b449a45f526127c8/out -L native=/mnt/data1/nix/vendor/rust/cargo2nix/submodules/rust-build/compiler/zombie_driver2/target/debug/build/blake3-b449a45f526127c8/out
20:15:55 SKIPPED: rustc --crate-name rustc_interface --edition=2024 /mnt/data1/nix/vendor/rust/cargo2nix/submodules/rust-build/compiler/rustc_interface/src/lib.rs --error-format=json --json=diagnostic-rendered-ansi,artifacts,future-incompat --crate-type lib --emit=dep-info,metadata,link -C embed-bitcode=no -C debuginfo=2 --check-cfg cfg(docsrs,test) --check-cfg cfg(feature, values("check_only", "llvm", "llvm_enzyme")) -C metadata=3f1eef24c3bb33e4 -C extra-filename=-0baff863143ebe73 --out-dir /mnt/data1/nix/vendor/rust/cargo2nix/submodules/rust-build/compiler/zombie_driver2/target/debug/deps -C incremental=/mnt/data1/nix/vendor/rust/cargo2nix/submodules/rust-build/compiler/zombie_driver2/target/debug/incremental -L dependency=/mnt/data1/nix/vendor/rust/cargo2nix/submodules/rust-build/compiler/zombie_driver2/target/debug/deps --extern rustc_ast=/mnt/data1/nix/vendor/rust/cargo2nix/submodules/rust-build/compiler/zombie_driver2/target/debug/deps/librustc_ast-892745d5973bca50.rmeta --extern rustc_ast_lowering=/mnt/data1/nix/vendor/rust/cargo2nix/submodules/rust-build/compiler/zombie_driver2/target/debug/deps/librustc_ast_lowering-3ac4060a84415c65.rmeta --extern rustc_ast_passes=/mnt/data1/nix/vendor/rust/cargo2nix/submodules/rust-build/compiler/zombie_driver2/target/debug/deps/librustc_ast_passes-611ee6033e8ac644.rmeta --extern rustc_ast_pretty=/mnt/data1/nix/vendor/rust/cargo2nix/submodules/rust-build/compiler/zombie_driver2/target/debug/deps/librustc_ast_pretty-5d710bed6e10f481.rmeta --extern rustc_attr_parsing=/mnt/data1/nix/vendor/rust/cargo2nix/submodules/rust-build/compiler/zombie_driver2/target/debug/deps/librustc_attr_parsing-5a1f561174f84576.rmeta --extern rustc_borrowck=/mnt/data1/nix/vendor/rust/cargo2nix/submodules/rust-build/compiler/zombie_driver2/target/debug/deps/librustc_borrowck-0f2c99f6e9fda801.rmeta --extern rustc_builtin_macros=/mnt/data1/nix/vendor/rust/cargo2nix/submodules/rust-build/compiler/zombie_driver2/target/debug/deps/librustc_builtin_macros-21d65c3727207a09.rmeta --extern rustc_codegen_ssa=/mnt/data1/nix/vendor/rust/cargo2nix/submodules/rust-build/compiler/zombie_driver2/target/debug/deps/librustc_codegen_ssa-58627ced607c9438.rmeta --extern rustc_const_eval=/mnt/data1/nix/vendor/rust/cargo2nix/submodules/rust-build/compiler/zombie_driver2/target/debug/deps/librustc_const_eval-04d7334c33aece71.rmeta --extern rustc_data_structures=/mnt/data1/nix/vendor/rust/cargo2nix/submodules/rust-build/compiler/zombie_driver2/target/debug/deps/librustc_data_structures-7a05c3f43ea74b8d.rmeta --extern rustc_errors=/mnt/data1/nix/vendor/rust/cargo2nix/submodules/rust-build/compiler/zombie_driver2/target/debug/deps/librustc_errors-042ea83da72fde12.rmeta --extern rustc_expand=/mnt/data1/nix/vendor/rust/cargo2nix/submodules/rust-build/compiler/zombie_driver2/target/debug/deps/librustc_expand-4fdda5caa9ef4c80.rmeta --extern rustc_feature=/mnt/data1/nix/vendor/rust/cargo2nix/submodules/rust-build/compiler/zombie_driver2/target/debug/deps/librustc_feature-8b7a1e168a753038.rmeta --extern rustc_fluent_macro=/mnt/data1/nix/vendor/rust/cargo2nix/submodules/rust-build/compiler/zombie_driver2/target/debug/deps/librustc_fluent_macro-d795261342a5a863.so --extern rustc_fs_util=/mnt/data1/nix/vendor/rust/cargo2nix/submodules/rust-build/compiler/zombie_driver2/target/debug/deps/librustc_fs_util-4db11bae1137b760.rmeta --extern rustc_hir=/mnt/data1/nix/vendor/rust/cargo2nix/submodules/rust-build/compiler/zombie_driver2/target/debug/deps/librustc_hir-60bf32f61521f542.rmeta --extern rustc_hir_analysis=/mnt/data1/nix/vendor/rust/cargo2nix/submodules/rust-build/compiler/zombie_driver2/target/debug/deps/librustc_hir_analysis-3e9d450ef92b008e.rmeta --extern rustc_hir_typeck=/mnt/data1/nix/vendor/rust/cargo2nix/submodules/rust-build/compiler/zombie_driver2/target/debug/deps/librustc_hir_typeck-a70c642e8e282aa7.rmeta --extern rustc_incremental=/mnt/data1/nix/vendor/rust/cargo2nix/submodules/rust-build/compiler/zombie_driver2/target/debug/deps/librustc_incremental-e60e7a4b2c61ab1f.rmeta --extern rustc_lint=/mnt/data1/nix/vendor/rust/cargo2nix/submodules/rust-build/compiler/zombie_driver2/target/debug/deps/librustc_lint-9fb9e4ed8d461a70.rmeta --extern rustc_macros=/mnt/data1/nix/vendor/rust/cargo2nix/submodules/rust-build/compiler/zombie_driver2/target/debug/deps/librustc_macros-533b3ebf51685542.so --extern rustc_metadata=/mnt/data1/nix/vendor/rust/cargo2nix/submodules/rust-build/compiler/zombie_driver2/target/debug/deps/librustc_metadata-efbf0dfc64041f00.rmeta --extern rustc_middle=/mnt/data1/nix/vendor/rust/cargo2nix/submodules/rust-build/compiler/zombie_driver2/target/debug/deps/librustc_middle-245c3150683558be.rmeta --extern rustc_mir_build=/mnt/data1/nix/vendor/rust/cargo2nix/submodules/rust-build/compiler/zombie_driver2/target/debug/deps/librustc_mir_build-9f0d49511222e71c.rmeta --extern rustc_mir_transform=/mnt/data1/nix/vendor/rust/cargo2nix/submodules/rust-build/compiler/zombie_driver2/target/debug/deps/librustc_mir_transform-320ce7cd78251c0c.rmeta --extern rustc_monomorphize=/mnt/data1/nix/vendor/rust/cargo2nix/submodules/rust-build/compiler/zombie_driver2/target/debug/deps/librustc_monomorphize-129bfa6cae930845.rmeta --extern rustc_parse=/mnt/data1/nix/vendor/rust/cargo2nix/submodules/rust-build/compiler/zombie_driver2/target/debug/deps/librustc_parse-867e097141c1b310.rmeta --extern rustc_passes=/mnt/data1/nix/vendor/rust/cargo2nix/submodules/rust-build/compiler/zombie_driver2/target/debug/deps/librustc_passes-21118fe9c583c933.rmeta --extern rustc_privacy=/mnt/data1/nix/vendor/rust/cargo2nix/submodules/rust-build/compiler/zombie_driver2/target/debug/deps/librustc_privacy-6cba5d76f986fc5f.rmeta --extern rustc_query_impl=/mnt/data1/nix/vendor/rust/cargo2nix/submodules/rust-build/compiler/zombie_driver2/target/debug/deps/librustc_query_impl-360e701d07584f1b.rmeta --extern rustc_query_system=/mnt/data1/nix/vendor/rust/cargo2nix/submodules/rust-build/compiler/zombie_driver2/target/debug/deps/librustc_query_system-fdb82a57abdd9f77.rmeta --extern rustc_resolve=/mnt/data1/nix/vendor/rust/cargo2nix/submodules/rust-build/compiler/zombie_driver2/target/debug/deps/librustc_resolve-3cbef7edbe67901e.rmeta --extern rustc_session=/mnt/data1/nix/vendor/rust/cargo2nix/submodules/rust-build/compiler/zombie_driver2/target/debug/deps/librustc_session-ad93ec0078fafc82.rmeta --extern rustc_span=/mnt/data1/nix/vendor/rust/cargo2nix/submodules/rust-build/compiler/zombie_driver2/target/debug/deps/librustc_span-cca3b45fe3825eda.rmeta --extern rustc_symbol_mangling=/mnt/data1/nix/vendor/rust/cargo2nix/submodules/rust-build/compiler/zombie_driver2/target/debug/deps/librustc_symbol_mangling-89e5266dc8d43ab2.rmeta --extern rustc_target=/mnt/data1/nix/vendor/rust/cargo2nix/submodules/rust-build/compiler/zombie_driver2/target/debug/deps/librustc_target-5de06d076d06ccca.rmeta --extern rustc_thread_pool=/mnt/data1/nix/vendor/rust/cargo2nix/submodules/rust-build/compiler/zombie_driver2/target/debug/deps/librustc_thread_pool-83aef153b3813075.rmeta --extern rustc_trait_selection=/mnt/data1/nix/vendor/rust/cargo2nix/submodules/rust-build/compiler/zombie_driver2/target/debug/deps/librustc_trait_selection-6f2bf10a906840c8.rmeta --extern rustc_traits=/mnt/data1/nix/vendor/rust/cargo2nix/submodules/rust-build/compiler/zombie_driver2/target/debug/deps/librustc_traits-c794481613b67b14.rmeta --extern rustc_ty_utils=/mnt/data1/nix/vendor/rust/cargo2nix/submodules/rust-build/compiler/zombie_driver2/target/debug/deps/librustc_ty_utils-0af97f67749ea847.rmeta --extern tracing=/mnt/data1/nix/vendor/rust/cargo2nix/submodules/rust-build/compiler/zombie_driver2/target/debug/deps/libtracing-82b3a1ccd9aeceb8.rmeta -L native=/mnt/data1/nix/vendor/rust/cargo2nix/submodules/rust-build/compiler/zombie_driver2/target/debug/build/psm-51115e95e3afce55/out -L native=/mnt/data1/nix/vendor/rust/cargo2nix/submodules/rust-build/compiler/zombie_driver2/target/debug/build/blake3-b449a45f526127c8/out -L native=/mnt/data1/nix/vendor/rust/cargo2nix/submodules/rust-build/compiler/zombie_driver2/target/debug/build/blake3-b449a45f526127c8/out
20:16:59 SKIPPED: rustc --crate-name rustc_interface --edition=2024 /mnt/data1/nix/vendor/rust/cargo2nix/submodules/rust-build/compiler/rustc_interface/src/lib.rs --error-format=json --json=diagnostic-rendered-ansi,artifacts,future-incompat --crate-type lib --emit=dep-info,metadata,link -C embed-bitcode=no -C debuginfo=2 --check-cfg cfg(docsrs,test) --check-cfg cfg(feature, values("check_only", "llvm", "llvm_enzyme")) -C metadata=3f1eef24c3bb33e4 -C extra-filename=-0baff863143ebe73 --out-dir /mnt/data1/nix/vendor/rust/cargo2nix/submodules/rust-build/compiler/zombie_driver2/target/debug/deps -C incremental=/mnt/data1/nix/vendor/rust/cargo2nix/submodules/rust-build/compiler/zombie_driver2/target/debug/incremental -L dependency=/mnt/data1/nix/vendor/rust/cargo2nix/submodules/rust-build/compiler/zombie_driver2/target/debug/deps --extern rustc_ast=/mnt/data1/nix/vendor/rust/cargo2nix/submodules/rust-build/compiler/zombie_driver2/target/debug/deps/librustc_ast-892745d5973bca50.rmeta --extern rustc_ast_lowering=/mnt/data1/nix/vendor/rust/cargo2nix/submodules/rust-build/compiler/zombie_driver2/target/debug/deps/librustc_ast_lowering-3ac4060a84415c65.rmeta --extern rustc_ast_passes=/mnt/data1/nix/vendor/rust/cargo2nix/submodules/rust-build/compiler/zombie_driver2/target/debug/deps/librustc_ast_passes-611ee6033e8ac644.rmeta --extern rustc_ast_pretty=/mnt/data1/nix/vendor/rust/cargo2nix/submodules/rust-build/compiler/zombie_driver2/target/debug/deps/librustc_ast_pretty-5d710bed6e10f481.rmeta --extern rustc_attr_parsing=/mnt/data1/nix/vendor/rust/cargo2nix/submodules/rust-build/compiler/zombie_driver2/target/debug/deps/librustc_attr_parsing-5a1f561174f84576.rmeta --extern rustc_borrowck=/mnt/data1/nix/vendor/rust/cargo2nix/submodules/rust-build/compiler/zombie_driver2/target/debug/deps/librustc_borrowck-0f2c99f6e9fda801.rmeta --extern rustc_builtin_macros=/mnt/data1/nix/vendor/rust/cargo2nix/submodules/rust-build/compiler/zombie_driver2/target/debug/deps/librustc_builtin_macros-21d65c3727207a09.rmeta --extern rustc_codegen_ssa=/mnt/data1/nix/vendor/rust/cargo2nix/submodules/rust-build/compiler/zombie_driver2/target/debug/deps/librustc_codegen_ssa-58627ced607c9438.rmeta --extern rustc_const_eval=/mnt/data1/nix/vendor/rust/cargo2nix/submodules/rust-build/compiler/zombie_driver2/target/debug/deps/librustc_const_eval-04d7334c33aece71.rmeta --extern rustc_data_structures=/mnt/data1/nix/vendor/rust/cargo2nix/submodules/rust-build/compiler/zombie_driver2/target/debug/deps/librustc_data_structures-7a05c3f43ea74b8d.rmeta --extern rustc_errors=/mnt/data1/nix/vendor/rust/cargo2nix/submodules/rust-build/compiler/zombie_driver2/target/debug/deps/librustc_errors-042ea83da72fde12.rmeta --extern rustc_expand=/mnt/data1/nix/vendor/rust/cargo2nix/submodules/rust-build/compiler/zombie_driver2/target/debug/deps/librustc_expand-4fdda5caa9ef4c80.rmeta --extern rustc_feature=/mnt/data1/nix/vendor/rust/cargo2nix/submodules/rust-build/compiler/zombie_driver2/target/debug/deps/librustc_feature-8b7a1e168a753038.rmeta --extern rustc_fluent_macro=/mnt/data1/nix/vendor/rust/cargo2nix/submodules/rust-build/compiler/zombie_driver2/target/debug/deps/librustc_fluent_macro-d795261342a5a863.so --extern rustc_fs_util=/mnt/data1/nix/vendor/rust/cargo2nix/submodules/rust-build/compiler/zombie_driver2/target/debug/deps/librustc_fs_util-4db11bae1137b760.rmeta --extern rustc_hir=/mnt/data1/nix/vendor/rust/cargo2nix/submodules/rust-build/compiler/zombie_driver2/target/debug/deps/librustc_hir-60bf32f61521f542.rmeta --extern rustc_hir_analysis=/mnt/data1/nix/vendor/rust/cargo2nix/submodules/rust-build/compiler/zombie_driver2/target/debug/deps/librustc_hir_analysis-3e9d450ef92b008e.rmeta --extern rustc_hir_typeck=/mnt/data1/nix/vendor/rust/cargo2nix/submodules/rust-build/compiler/zombie_driver2/target/debug/deps/librustc_hir_typeck-a70c642e8e282aa7.rmeta --extern rustc_incremental=/mnt/data1/nix/vendor/rust/cargo2nix/submodules/rust-build/compiler/zombie_driver2/target/debug/deps/librustc_incremental-e60e7a4b2c61ab1f.rmeta --extern rustc_lint=/mnt/data1/nix/vendor/rust/cargo2nix/submodules/rust-build/compiler/zombie_driver2/target/debug/deps/librustc_lint-9fb9e4ed8d461a70.rmeta --extern rustc_macros=/mnt/data1/nix/vendor/rust/cargo2nix/submodules/rust-build/compiler/zombie_driver2/target/debug/deps/librustc_macros-533b3ebf51685542.so --extern rustc_metadata=/mnt/data1/nix/vendor/rust/cargo2nix/submodules/rust-build/compiler/zombie_driver2/target/debug/deps/librustc_metadata-efbf0dfc64041f00.rmeta --extern rustc_middle=/mnt/data1/nix/vendor/rust/cargo2nix/submodules/rust-build/compiler/zombie_driver2/target/debug/deps/librustc_middle-245c3150683558be.rmeta --extern rustc_mir_build=/mnt/data1/nix/vendor/rust/cargo2nix/submodules/rust-build/compiler/zombie_driver2/target/debug/deps/librustc_mir_build-9f0d49511222e71c.rmeta --extern rustc_mir_transform=/mnt/data1/nix/vendor/rust/cargo2nix/submodules/rust-build/compiler/zombie_driver2/target/debug/deps/librustc_mir_transform-320ce7cd78251c0c.rmeta --extern rustc_monomorphize=/mnt/data1/nix/vendor/rust/cargo2nix/submodules/rust-build/compiler/zombie_driver2/target/debug/deps/librustc_monomorphize-129bfa6cae930845.rmeta --extern rustc_parse=/mnt/data1/nix/vendor/rust/cargo2nix/submodules/rust-build/compiler/zombie_driver2/target/debug/deps/librustc_parse-867e097141c1b310.rmeta --extern rustc_passes=/mnt/data1/nix/vendor/rust/cargo2nix/submodules/rust-build/compiler/zombie_driver2/target/debug/deps/librustc_passes-21118fe9c583c933.rmeta --extern rustc_privacy=/mnt/data1/nix/vendor/rust/cargo2nix/submodules/rust-build/compiler/zombie_driver2/target/debug/deps/librustc_privacy-6cba5d76f986fc5f.rmeta --extern rustc_query_impl=/mnt/data1/nix/vendor/rust/cargo2nix/submodules/rust-build/compiler/zombie_driver2/target/debug/deps/librustc_query_impl-360e701d07584f1b.rmeta --extern rustc_query_system=/mnt/data1/nix/vendor/rust/cargo2nix/submodules/rust-build/compiler/zombie_driver2/target/debug/deps/librustc_query_system-fdb82a57abdd9f77.rmeta --extern rustc_resolve=/mnt/data1/nix/vendor/rust/cargo2nix/submodules/rust-build/compiler/zombie_driver2/target/debug/deps/librustc_resolve-3cbef7edbe67901e.rmeta --extern rustc_session=/mnt/data1/nix/vendor/rust/cargo2nix/submodules/rust-build/compiler/zombie_driver2/target/debug/deps/librustc_session-ad93ec0078fafc82.rmeta --extern rustc_span=/mnt/data1/nix/vendor/rust/cargo2nix/submodules/rust-build/compiler/zombie_driver2/target/debug/deps/librustc_span-cca3b45fe3825eda.rmeta --extern rustc_symbol_mangling=/mnt/data1/nix/vendor/rust/cargo2nix/submodules/rust-build/compiler/zombie_driver2/target/debug/deps/librustc_symbol_mangling-89e5266dc8d43ab2.rmeta --extern rustc_target=/mnt/data1/nix/vendor/rust/cargo2nix/submodules/rust-build/compiler/zombie_driver2/target/debug/deps/librustc_target-5de06d076d06ccca.rmeta --extern rustc_thread_pool=/mnt/data1/nix/vendor/rust/cargo2nix/submodules/rust-build/compiler/zombie_driver2/target/debug/deps/librustc_thread_pool-83aef153b3813075.rmeta --extern rustc_trait_selection=/mnt/data1/nix/vendor/rust/cargo2nix/submodules/rust-build/compiler/zombie_driver2/target/debug/deps/librustc_trait_selection-6f2bf10a906840c8.rmeta --extern rustc_traits=/mnt/data1/nix/vendor/rust/cargo2nix/submodules/rust-build/compiler/zombie_driver2/target/debug/deps/librustc_traits-c794481613b67b14.rmeta --extern rustc_ty_utils=/mnt/data1/nix/vendor/rust/cargo2nix/submodules/rust-build/compiler/zombie_driver2/target/debug/deps/librustc_ty_utils-0af97f67749ea847.rmeta --extern tracing=/mnt/data1/nix/vendor/rust/cargo2nix/submodules/rust-build/compiler/zombie_driver2/target/debug/deps/libtracing-82b3a1ccd9aeceb8.rmeta -L native=/mnt/data1/nix/vendor/rust/cargo2nix/submodules/rust-build/compiler/zombie_driver2/target/debug/build/psm-51115e95e3afce55/out -L native=/mnt/data1/nix/vendor/rust/cargo2nix/submodules/rust-build/compiler/zombie_driver2/target/debug/build/blake3-b449a45f526127c8/out -L native=/mnt/data1/nix/vendor/rust/cargo2nix/submodules/rust-build/compiler/zombie_driver2/target/debug/build/blake3-b449a45f526127c8/out
20:19:03 SKIPPED: rustc --crate-name rustc_interface --edition=2024 /mnt/data1/nix/vendor/rust/cargo2nix/submodules/rust-build/compiler/rustc_interface/src/lib.rs --error-format=json --json=diagnostic-rendered-ansi,artifacts,future-incompat --crate-type lib --emit=dep-info,metadata,link -C embed-bitcode=no -C debuginfo=2 --check-cfg cfg(docsrs,test) --check-cfg cfg(feature, values("check_only", "llvm", "llvm_enzyme")) -C metadata=3f1eef24c3bb33e4 -C extra-filename=-0baff863143ebe73 --out-dir /mnt/data1/nix/vendor/rust/cargo2nix/submodules/rust-build/compiler/zombie_driver2/target/debug/deps -C incremental=/mnt/data1/nix/vendor/rust/cargo2nix/submodules/rust-build/compiler/zombie_driver2/target/debug/incremental -L dependency=/mnt/data1/nix/vendor/rust/cargo2nix/submodules/rust-build/compiler/zombie_driver2/target/debug/deps --extern rustc_ast=/mnt/data1/nix/vendor/rust/cargo2nix/submodules/rust-build/compiler/zombie_driver2/target/debug/deps/librustc_ast-892745d5973bca50.rmeta --extern rustc_ast_lowering=/mnt/data1/nix/vendor/rust/cargo2nix/submodules/rust-build/compiler/zombie_driver2/target/debug/deps/librustc_ast_lowering-3ac4060a84415c65.rmeta --extern rustc_ast_passes=/mnt/data1/nix/vendor/rust/cargo2nix/submodules/rust-build/compiler/zombie_driver2/target/debug/deps/librustc_ast_passes-611ee6033e8ac644.rmeta --extern rustc_ast_pretty=/mnt/data1/nix/vendor/rust/cargo2nix/submodules/rust-build/compiler/zombie_driver2/target/debug/deps/librustc_ast_pretty-5d710bed6e10f481.rmeta --extern rustc_attr_parsing=/mnt/data1/nix/vendor/rust/cargo2nix/submodules/rust-build/compiler/zombie_driver2/target/debug/deps/librustc_attr_parsing-5a1f561174f84576.rmeta --extern rustc_borrowck=/mnt/data1/nix/vendor/rust/cargo2nix/submodules/rust-build/compiler/zombie_driver2/target/debug/deps/librustc_borrowck-0f2c99f6e9fda801.rmeta --extern rustc_builtin_macros=/mnt/data1/nix/vendor/rust/cargo2nix/submodules/rust-build/compiler/zombie_driver2/target/debug/deps/librustc_builtin_macros-21d65c3727207a09.rmeta --extern rustc_codegen_ssa=/mnt/data1/nix/vendor/rust/cargo2nix/submodules/rust-build/compiler/zombie_driver2/target/debug/deps/librustc_codegen_ssa-58627ced607c9438.rmeta --extern rustc_const_eval=/mnt/data1/nix/vendor/rust/cargo2nix/submodules/rust-build/compiler/zombie_driver2/target/debug/deps/librustc_const_eval-04d7334c33aece71.rmeta --extern rustc_data_structures=/mnt/data1/nix/vendor/rust/cargo2nix/submodules/rust-build/compiler/zombie_driver2/target/debug/deps/librustc_data_structures-7a05c3f43ea74b8d.rmeta --extern rustc_errors=/mnt/data1/nix/vendor/rust/cargo2nix/submodules/rust-build/compiler/zombie_driver2/target/debug/deps/librustc_errors-042ea83da72fde12.rmeta --extern rustc_expand=/mnt/data1/nix/vendor/rust/cargo2nix/submodules/rust-build/compiler/zombie_driver2/target/debug/deps/librustc_expand-4fdda5caa9ef4c80.rmeta --extern rustc_feature=/mnt/data1/nix/vendor/rust/cargo2nix/submodules/rust-build/compiler/zombie_driver2/target/debug/deps/librustc_feature-8b7a1e168a753038.rmeta --extern rustc_fluent_macro=/mnt/data1/nix/vendor/rust/cargo2nix/submodules/rust-build/compiler/zombie_driver2/target/debug/deps/librustc_fluent_macro-d795261342a5a863.so --extern rustc_fs_util=/mnt/data1/nix/vendor/rust/cargo2nix/submodules/rust-build/compiler/zombie_driver2/target/debug/deps/librustc_fs_util-4db11bae1137b760.rmeta --extern rustc_hir=/mnt/data1/nix/vendor/rust/cargo2nix/submodules/rust-build/compiler/zombie_driver2/target/debug/deps/librustc_hir-60bf32f61521f542.rmeta --extern rustc_hir_analysis=/mnt/data1/nix/vendor/rust/cargo2nix/submodules/rust-build/compiler/zombie_driver2/target/debug/deps/librustc_hir_analysis-3e9d450ef92b008e.rmeta --extern rustc_hir_typeck=/mnt/data1/nix/vendor/rust/cargo2nix/submodules/rust-build/compiler/zombie_driver2/target/debug/deps/librustc_hir_typeck-a70c642e8e282aa7.rmeta --extern rustc_incremental=/mnt/data1/nix/vendor/rust/cargo2nix/submodules/rust-build/compiler/zombie_driver2/target/debug/deps/librustc_incremental-e60e7a4b2c61ab1f.rmeta --extern rustc_lint=/mnt/data1/nix/vendor/rust/cargo2nix/submodules/rust-build/compiler/zombie_driver2/target/debug/deps/librustc_lint-9fb9e4ed8d461a70.rmeta --extern rustc_macros=/mnt/data1/nix/vendor/rust/cargo2nix/submodules/rust-build/compiler/zombie_driver2/target/debug/deps/librustc_macros-533b3ebf51685542.so --extern rustc_metadata=/mnt/data1/nix/vendor/rust/cargo2nix/submodules/rust-build/compiler/zombie_driver2/target/debug/deps/librustc_metadata-efbf0dfc64041f00.rmeta --extern rustc_middle=/mnt/data1/nix/vendor/rust/cargo2nix/submodules/rust-build/compiler/zombie_driver2/target/debug/deps/librustc_middle-245c3150683558be.rmeta --extern rustc_mir_build=/mnt/data1/nix/vendor/rust/cargo2nix/submodules/rust-build/compiler/zombie_driver2/target/debug/deps/librustc_mir_build-9f0d49511222e71c.rmeta --extern rustc_mir_transform=/mnt/data1/nix/vendor/rust/cargo2nix/submodules/rust-build/compiler/zombie_driver2/target/debug/deps/librustc_mir_transform-320ce7cd78251c0c.rmeta --extern rustc_monomorphize=/mnt/data1/nix/vendor/rust/cargo2nix/submodules/rust-build/compiler/zombie_driver2/target/debug/deps/librustc_monomorphize-129bfa6cae930845.rmeta --extern rustc_parse=/mnt/data1/nix/vendor/rust/cargo2nix/submodules/rust-build/compiler/zombie_driver2/target/debug/deps/librustc_parse-867e097141c1b310.rmeta --extern rustc_passes=/mnt/data1/nix/vendor/rust/cargo2nix/submodules/rust-build/compiler/zombie_driver2/target/debug/deps/librustc_passes-21118fe9c583c933.rmeta --extern rustc_privacy=/mnt/data1/nix/vendor/rust/cargo2nix/submodules/rust-build/compiler/zombie_driver2/target/debug/deps/librustc_privacy-6cba5d76f986fc5f.rmeta --extern rustc_query_impl=/mnt/data1/nix/vendor/rust/cargo2nix/submodules/rust-build/compiler/zombie_driver2/target/debug/deps/librustc_query_impl-360e701d07584f1b.rmeta --extern rustc_query_system=/mnt/data1/nix/vendor/rust/cargo2nix/submodules/rust-build/compiler/zombie_driver2/target/debug/deps/librustc_query_system-fdb82a57abdd9f77.rmeta --extern rustc_resolve=/mnt/data1/nix/vendor/rust/cargo2nix/submodules/rust-build/compiler/zombie_driver2/target/debug/deps/librustc_resolve-3cbef7edbe67901e.rmeta --extern rustc_session=/mnt/data1/nix/vendor/rust/cargo2nix/submodules/rust-build/compiler/zombie_driver2/target/debug/deps/librustc_session-ad93ec0078fafc82.rmeta --extern rustc_span=/mnt/data1/nix/vendor/rust/cargo2nix/submodules/rust-build/compiler/zombie_driver2/target/debug/deps/librustc_span-cca3b45fe3825eda.rmeta --extern rustc_symbol_mangling=/mnt/data1/nix/vendor/rust/cargo2nix/submodules/rust-build/compiler/zombie_driver2/target/debug/deps/librustc_symbol_mangling-89e5266dc8d43ab2.rmeta --extern rustc_target=/mnt/data1/nix/vendor/rust/cargo2nix/submodules/rust-build/compiler/zombie_driver2/target/debug/deps/librustc_target-5de06d076d06ccca.rmeta --extern rustc_thread_pool=/mnt/data1/nix/vendor/rust/cargo2nix/submodules/rust-build/compiler/zombie_driver2/target/debug/deps/librustc_thread_pool-83aef153b3813075.rmeta --extern rustc_trait_selection=/mnt/data1/nix/vendor/rust/cargo2nix/submodules/rust-build/compiler/zombie_driver2/target/debug/deps/librustc_trait_selection-6f2bf10a906840c8.rmeta --extern rustc_traits=/mnt/data1/nix/vendor/rust/cargo2nix/submodules/rust-build/compiler/zombie_driver2/target/debug/deps/librustc_traits-c794481613b67b14.rmeta --extern rustc_ty_utils=/mnt/data1/nix/vendor/rust/cargo2nix/submodules/rust-build/compiler/zombie_driver2/target/debug/deps/librustc_ty_utils-0af97f67749ea847.rmeta --extern tracing=/mnt/data1/nix/vendor/rust/cargo2nix/submodules/rust-build/compiler/zombie_driver2/target/debug/deps/libtracing-82b3a1ccd9aeceb8.rmeta -L native=/mnt/data1/nix/vendor/rust/cargo2nix/submodules/rust-build/compiler/zombie_driver2/target/debug/build/psm-51115e95e3afce55/out -L native=/mnt/data1/nix/vendor/rust/cargo2nix/submodules/rust-build/compiler/zombie_driver2/target/debug/build/blake3-b449a45f526127c8/out -L native=/mnt/data1/nix/vendor/rust/cargo2nix/submodules/rust-build/compiler/zombie_driver2/target/debug/build/blake3-b449a45f526127c8/out
20:19:35 SKIPPED: rustc --crate-name rustc_interface --edition=2024 /mnt/data1/nix/vendor/rust/cargo2nix/submodules/rust-build/compiler/rustc_interface/src/lib.rs --error-format=json --json=diagnostic-rendered-ansi,artifacts,future-incompat --crate-type lib --emit=dep-info,metadata,link -C embed-bitcode=no -C debuginfo=2 --check-cfg cfg(docsrs,test) --check-cfg cfg(feature, values("check_only", "llvm", "llvm_enzyme")) -C metadata=3f1eef24c3bb33e4 -C extra-filename=-0baff863143ebe73 --out-dir /mnt/data1/nix/vendor/rust/cargo2nix/submodules/rust-build/compiler/zombie_driver2/target/debug/deps -C incremental=/mnt/data1/nix/vendor/rust/cargo2nix/submodules/rust-build/compiler/zombie_driver2/target/debug/incremental -L dependency=/mnt/data1/nix/vendor/rust/cargo2nix/submodules/rust-build/compiler/zombie_driver2/target/debug/deps --extern rustc_ast=/mnt/data1/nix/vendor/rust/cargo2nix/submodules/rust-build/compiler/zombie_driver2/target/debug/deps/librustc_ast-892745d5973bca50.rmeta --extern rustc_ast_lowering=/mnt/data1/nix/vendor/rust/cargo2nix/submodules/rust-build/compiler/zombie_driver2/target/debug/deps/librustc_ast_lowering-3ac4060a84415c65.rmeta --extern rustc_ast_passes=/mnt/data1/nix/vendor/rust/cargo2nix/submodules/rust-build/compiler/zombie_driver2/target/debug/deps/librustc_ast_passes-611ee6033e8ac644.rmeta --extern rustc_ast_pretty=/mnt/data1/nix/vendor/rust/cargo2nix/submodules/rust-build/compiler/zombie_driver2/target/debug/deps/librustc_ast_pretty-5d710bed6e10f481.rmeta --extern rustc_attr_parsing=/mnt/data1/nix/vendor/rust/cargo2nix/submodules/rust-build/compiler/zombie_driver2/target/debug/deps/librustc_attr_parsing-5a1f561174f84576.rmeta --extern rustc_borrowck=/mnt/data1/nix/vendor/rust/cargo2nix/submodules/rust-build/compiler/zombie_driver2/target/debug/deps/librustc_borrowck-0f2c99f6e9fda801.rmeta --extern rustc_builtin_macros=/mnt/data1/nix/vendor/rust/cargo2nix/submodules/rust-build/compiler/zombie_driver2/target/debug/deps/librustc_builtin_macros-21d65c3727207a09.rmeta --extern rustc_codegen_ssa=/mnt/data1/nix/vendor/rust/cargo2nix/submodules/rust-build/compiler/zombie_driver2/target/debug/deps/librustc_codegen_ssa-58627ced607c9438.rmeta --extern rustc_const_eval=/mnt/data1/nix/vendor/rust/cargo2nix/submodules/rust-build/compiler/zombie_driver2/target/debug/deps/librustc_const_eval-04d7334c33aece71.rmeta --extern rustc_data_structures=/mnt/data1/nix/vendor/rust/cargo2nix/submodules/rust-build/compiler/zombie_driver2/target/debug/deps/librustc_data_structures-7a05c3f43ea74b8d.rmeta --extern rustc_errors=/mnt/data1/nix/vendor/rust/cargo2nix/submodules/rust-build/compiler/zombie_driver2/target/debug/deps/librustc_errors-042ea83da72fde12.rmeta --extern rustc_expand=/mnt/data1/nix/vendor/rust/cargo2nix/submodules/rust-build/compiler/zombie_driver2/target/debug/deps/librustc_expand-4fdda5caa9ef4c80.rmeta --extern rustc_feature=/mnt/data1/nix/vendor/rust/cargo2nix/submodules/rust-build/compiler/zombie_driver2/target/debug/deps/librustc_feature-8b7a1e168a753038.rmeta --extern rustc_fluent_macro=/mnt/data1/nix/vendor/rust/cargo2nix/submodules/rust-build/compiler/zombie_driver2/target/debug/deps/librustc_fluent_macro-d795261342a5a863.so --extern rustc_fs_util=/mnt/data1/nix/vendor/rust/cargo2nix/submodules/rust-build/compiler/zombie_driver2/target/debug/deps/librustc_fs_util-4db11bae1137b760.rmeta --extern rustc_hir=/mnt/data1/nix/vendor/rust/cargo2nix/submodules/rust-build/compiler/zombie_driver2/target/debug/deps/librustc_hir-60bf32f61521f542.rmeta --extern rustc_hir_analysis=/mnt/data1/nix/vendor/rust/cargo2nix/submodules/rust-build/compiler/zombie_driver2/target/debug/deps/librustc_hir_analysis-3e9d450ef92b008e.rmeta --extern rustc_hir_typeck=/mnt/data1/nix/vendor/rust/cargo2nix/submodules/rust-build/compiler/zombie_driver2/target/debug/deps/librustc_hir_typeck-a70c642e8e282aa7.rmeta --extern rustc_incremental=/mnt/data1/nix/vendor/rust/cargo2nix/submodules/rust-build/compiler/zombie_driver2/target/debug/deps/librustc_incremental-e60e7a4b2c61ab1f.rmeta --extern rustc_lint=/mnt/data1/nix/vendor/rust/cargo2nix/submodules/rust-build/compiler/zombie_driver2/target/debug/deps/librustc_lint-9fb9e4ed8d461a70.rmeta --extern rustc_macros=/mnt/data1/nix/vendor/rust/cargo2nix/submodules/rust-build/compiler/zombie_driver2/target/debug/deps/librustc_macros-533b3ebf51685542.so --extern rustc_metadata=/mnt/data1/nix/vendor/rust/cargo2nix/submodules/rust-build/compiler/zombie_driver2/target/debug/deps/librustc_metadata-efbf0dfc64041f00.rmeta --extern rustc_middle=/mnt/data1/nix/vendor/rust/cargo2nix/submodules/rust-build/compiler/zombie_driver2/target/debug/deps/librustc_middle-245c3150683558be.rmeta --extern rustc_mir_build=/mnt/data1/nix/vendor/rust/cargo2nix/submodules/rust-build/compiler/zombie_driver2/target/debug/deps/librustc_mir_build-9f0d49511222e71c.rmeta --extern rustc_mir_transform=/mnt/data1/nix/vendor/rust/cargo2nix/submodules/rust-build/compiler/zombie_driver2/target/debug/deps/librustc_mir_transform-320ce7cd78251c0c.rmeta --extern rustc_monomorphize=/mnt/data1/nix/vendor/rust/cargo2nix/submodules/rust-build/compiler/zombie_driver2/target/debug/deps/librustc_monomorphize-129bfa6cae930845.rmeta --extern rustc_parse=/mnt/data1/nix/vendor/rust/cargo2nix/submodules/rust-build/compiler/zombie_driver2/target/debug/deps/librustc_parse-867e097141c1b310.rmeta --extern rustc_passes=/mnt/data1/nix/vendor/rust/cargo2nix/submodules/rust-build/compiler/zombie_driver2/target/debug/deps/librustc_passes-21118fe9c583c933.rmeta --extern rustc_privacy=/mnt/data1/nix/vendor/rust/cargo2nix/submodules/rust-build/compiler/zombie_driver2/target/debug/deps/librustc_privacy-6cba5d76f986fc5f.rmeta --extern rustc_query_impl=/mnt/data1/nix/vendor/rust/cargo2nix/submodules/rust-build/compiler/zombie_driver2/target/debug/deps/librustc_query_impl-360e701d07584f1b.rmeta --extern rustc_query_system=/mnt/data1/nix/vendor/rust/cargo2nix/submodules/rust-build/compiler/zombie_driver2/target/debug/deps/librustc_query_system-fdb82a57abdd9f77.rmeta --extern rustc_resolve=/mnt/data1/nix/vendor/rust/cargo2nix/submodules/rust-build/compiler/zombie_driver2/target/debug/deps/librustc_resolve-3cbef7edbe67901e.rmeta --extern rustc_session=/mnt/data1/nix/vendor/rust/cargo2nix/submodules/rust-build/compiler/zombie_driver2/target/debug/deps/librustc_session-ad93ec0078fafc82.rmeta --extern rustc_span=/mnt/data1/nix/vendor/rust/cargo2nix/submodules/rust-build/compiler/zombie_driver2/target/debug/deps/librustc_span-cca3b45fe3825eda.rmeta --extern rustc_symbol_mangling=/mnt/data1/nix/vendor/rust/cargo2nix/submodules/rust-build/compiler/zombie_driver2/target/debug/deps/librustc_symbol_mangling-89e5266dc8d43ab2.rmeta --extern rustc_target=/mnt/data1/nix/vendor/rust/cargo2nix/submodules/rust-build/compiler/zombie_driver2/target/debug/deps/librustc_target-5de06d076d06ccca.rmeta --extern rustc_thread_pool=/mnt/data1/nix/vendor/rust/cargo2nix/submodules/rust-build/compiler/zombie_driver2/target/debug/deps/librustc_thread_pool-83aef153b3813075.rmeta --extern rustc_trait_selection=/mnt/data1/nix/vendor/rust/cargo2nix/submodules/rust-build/compiler/zombie_driver2/target/debug/deps/librustc_trait_selection-6f2bf10a906840c8.rmeta --extern rustc_traits=/mnt/data1/nix/vendor/rust/cargo2nix/submodules/rust-build/compiler/zombie_driver2/target/debug/deps/librustc_traits-c794481613b67b14.rmeta --extern rustc_ty_utils=/mnt/data1/nix/vendor/rust/cargo2nix/submodules/rust-build/compiler/zombie_driver2/target/debug/deps/librustc_ty_utils-0af97f67749ea847.rmeta --extern tracing=/mnt/data1/nix/vendor/rust/cargo2nix/submodules/rust-build/compiler/zombie_driver2/target/debug/deps/libtracing-82b3a1ccd9aeceb8.rmeta -L native=/mnt/data1/nix/vendor/rust/cargo2nix/submodules/rust-build/compiler/zombie_driver2/target/debug/build/psm-51115e95e3afce55/out -L native=/mnt/data1/nix/vendor/rust/cargo2nix/submodules/rust-build/compiler/zombie_driver2/target/debug/build/blake3-b449a45f526127c8/out -L native=/mnt/data1/nix/vendor/rust/cargo2nix/submodules/rust-build/compiler/zombie_driver2/target/debug/build/blake3-b449a45f526127c8/out
20:23:50 SKIPPED: rustc --crate-name rustc_interface --edition=2024 /mnt/data1/nix/vendor/rust/cargo2nix/submodules/rust-build/compiler/rustc_interface/src/lib.rs --error-format=json --json=diagnostic-rendered-ansi,artifacts,future-incompat --crate-type lib --emit=dep-info,metadata,link -C embed-bitcode=no -C debuginfo=2 --check-cfg cfg(docsrs,test) --check-cfg cfg(feature, values("check_only", "llvm", "llvm_enzyme")) -C metadata=3f1eef24c3bb33e4 -C extra-filename=-0baff863143ebe73 --out-dir /mnt/data1/nix/vendor/rust/cargo2nix/submodules/rust-build/compiler/zombie_driver2/target/debug/deps -C incremental=/mnt/data1/nix/vendor/rust/cargo2nix/submodules/rust-build/compiler/zombie_driver2/target/debug/incremental -L dependency=/mnt/data1/nix/vendor/rust/cargo2nix/submodules/rust-build/compiler/zombie_driver2/target/debug/deps --extern rustc_ast=/mnt/data1/nix/vendor/rust/cargo2nix/submodules/rust-build/compiler/zombie_driver2/target/debug/deps/librustc_ast-892745d5973bca50.rmeta --extern rustc_ast_lowering=/mnt/data1/nix/vendor/rust/cargo2nix/submodules/rust-build/compiler/zombie_driver2/target/debug/deps/librustc_ast_lowering-3ac4060a84415c65.rmeta --extern rustc_ast_passes=/mnt/data1/nix/vendor/rust/cargo2nix/submodules/rust-build/compiler/zombie_driver2/target/debug/deps/librustc_ast_passes-611ee6033e8ac644.rmeta --extern rustc_ast_pretty=/mnt/data1/nix/vendor/rust/cargo2nix/submodules/rust-build/compiler/zombie_driver2/target/debug/deps/librustc_ast_pretty-5d710bed6e10f481.rmeta --extern rustc_attr_parsing=/mnt/data1/nix/vendor/rust/cargo2nix/submodules/rust-build/compiler/zombie_driver2/target/debug/deps/librustc_attr_parsing-5a1f561174f84576.rmeta --extern rustc_borrowck=/mnt/data1/nix/vendor/rust/cargo2nix/submodules/rust-build/compiler/zombie_driver2/target/debug/deps/librustc_borrowck-0f2c99f6e9fda801.rmeta --extern rustc_builtin_macros=/mnt/data1/nix/vendor/rust/cargo2nix/submodules/rust-build/compiler/zombie_driver2/target/debug/deps/librustc_builtin_macros-21d65c3727207a09.rmeta --extern rustc_codegen_ssa=/mnt/data1/nix/vendor/rust/cargo2nix/submodules/rust-build/compiler/zombie_driver2/target/debug/deps/librustc_codegen_ssa-58627ced607c9438.rmeta --extern rustc_const_eval=/mnt/data1/nix/vendor/rust/cargo2nix/submodules/rust-build/compiler/zombie_driver2/target/debug/deps/librustc_const_eval-04d7334c33aece71.rmeta --extern rustc_data_structures=/mnt/data1/nix/vendor/rust/cargo2nix/submodules/rust-build/compiler/zombie_driver2/target/debug/deps/librustc_data_structures-7a05c3f43ea74b8d.rmeta --extern rustc_errors=/mnt/data1/nix/vendor/rust/cargo2nix/submodules/rust-build/compiler/zombie_driver2/target/debug/deps/librustc_errors-042ea83da72fde12.rmeta --extern rustc_expand=/mnt/data1/nix/vendor/rust/cargo2nix/submodules/rust-build/compiler/zombie_driver2/target/debug/deps/librustc_expand-4fdda5caa9ef4c80.rmeta --extern rustc_feature=/mnt/data1/nix/vendor/rust/cargo2nix/submodules/rust-build/compiler/zombie_driver2/target/debug/deps/librustc_feature-8b7a1e168a753038.rmeta --extern rustc_fluent_macro=/mnt/data1/nix/vendor/rust/cargo2nix/submodules/rust-build/compiler/zombie_driver2/target/debug/deps/librustc_fluent_macro-d795261342a5a863.so --extern rustc_fs_util=/mnt/data1/nix/vendor/rust/cargo2nix/submodules/rust-build/compiler/zombie_driver2/target/debug/deps/librustc_fs_util-4db11bae1137b760.rmeta --extern rustc_hir=/mnt/data1/nix/vendor/rust/cargo2nix/submodules/rust-build/compiler/zombie_driver2/target/debug/deps/librustc_hir-60bf32f61521f542.rmeta --extern rustc_hir_analysis=/mnt/data1/nix/vendor/rust/cargo2nix/submodules/rust-build/compiler/zombie_driver2/target/debug/deps/librustc_hir_analysis-3e9d450ef92b008e.rmeta --extern rustc_hir_typeck=/mnt/data1/nix/vendor/rust/cargo2nix/submodules/rust-build/compiler/zombie_driver2/target/debug/deps/librustc_hir_typeck-a70c642e8e282aa7.rmeta --extern rustc_incremental=/mnt/data1/nix/vendor/rust/cargo2nix/submodules/rust-build/compiler/zombie_driver2/target/debug/deps/librustc_incremental-e60e7a4b2c61ab1f.rmeta --extern rustc_lint=/mnt/data1/nix/vendor/rust/cargo2nix/submodules/rust-build/compiler/zombie_driver2/target/debug/deps/librustc_lint-9fb9e4ed8d461a70.rmeta --extern rustc_macros=/mnt/data1/nix/vendor/rust/cargo2nix/submodules/rust-build/compiler/zombie_driver2/target/debug/deps/librustc_macros-533b3ebf51685542.so --extern rustc_metadata=/mnt/data1/nix/vendor/rust/cargo2nix/submodules/rust-build/compiler/zombie_driver2/target/debug/deps/librustc_metadata-efbf0dfc64041f00.rmeta --extern rustc_middle=/mnt/data1/nix/vendor/rust/cargo2nix/submodules/rust-build/compiler/zombie_driver2/target/debug/deps/librustc_middle-245c3150683558be.rmeta --extern rustc_mir_build=/mnt/data1/nix/vendor/rust/cargo2nix/submodules/rust-build/compiler/zombie_driver2/target/debug/deps/librustc_mir_build-9f0d49511222e71c.rmeta --extern rustc_mir_transform=/mnt/data1/nix/vendor/rust/cargo2nix/submodules/rust-build/compiler/zombie_driver2/target/debug/deps/librustc_mir_transform-320ce7cd78251c0c.rmeta --extern rustc_monomorphize=/mnt/data1/nix/vendor/rust/cargo2nix/submodules/rust-build/compiler/zombie_driver2/target/debug/deps/librustc_monomorphize-129bfa6cae930845.rmeta --extern rustc_parse=/mnt/data1/nix/vendor/rust/cargo2nix/submodules/rust-build/compiler/zombie_driver2/target/debug/deps/librustc_parse-867e097141c1b310.rmeta --extern rustc_passes=/mnt/data1/nix/vendor/rust/cargo2nix/submodules/rust-build/compiler/zombie_driver2/target/debug/deps/librustc_passes-21118fe9c583c933.rmeta --extern rustc_privacy=/mnt/data1/nix/vendor/rust/cargo2nix/submodules/rust-build/compiler/zombie_driver2/target/debug/deps/librustc_privacy-6cba5d76f986fc5f.rmeta --extern rustc_query_impl=/mnt/data1/nix/vendor/rust/cargo2nix/submodules/rust-build/compiler/zombie_driver2/target/debug/deps/librustc_query_impl-360e701d07584f1b.rmeta --extern rustc_query_system=/mnt/data1/nix/vendor/rust/cargo2nix/submodules/rust-build/compiler/zombie_driver2/target/debug/deps/librustc_query_system-fdb82a57abdd9f77.rmeta --extern rustc_resolve=/mnt/data1/nix/vendor/rust/cargo2nix/submodules/rust-build/compiler/zombie_driver2/target/debug/deps/librustc_resolve-3cbef7edbe67901e.rmeta --extern rustc_session=/mnt/data1/nix/vendor/rust/cargo2nix/submodules/rust-build/compiler/zombie_driver2/target/debug/deps/librustc_session-ad93ec0078fafc82.rmeta --extern rustc_span=/mnt/data1/nix/vendor/rust/cargo2nix/submodules/rust-build/compiler/zombie_driver2/target/debug/deps/librustc_span-cca3b45fe3825eda.rmeta --extern rustc_symbol_mangling=/mnt/data1/nix/vendor/rust/cargo2nix/submodules/rust-build/compiler/zombie_driver2/target/debug/deps/librustc_symbol_mangling-89e5266dc8d43ab2.rmeta --extern rustc_target=/mnt/data1/nix/vendor/rust/cargo2nix/submodules/rust-build/compiler/zombie_driver2/target/debug/deps/librustc_target-5de06d076d06ccca.rmeta --extern rustc_thread_pool=/mnt/data1/nix/vendor/rust/cargo2nix/submodules/rust-build/compiler/zombie_driver2/target/debug/deps/librustc_thread_pool-83aef153b3813075.rmeta --extern rustc_trait_selection=/mnt/data1/nix/vendor/rust/cargo2nix/submodules/rust-build/compiler/zombie_driver2/target/debug/deps/librustc_trait_selection-6f2bf10a906840c8.rmeta --extern rustc_traits=/mnt/data1/nix/vendor/rust/cargo2nix/submodules/rust-build/compiler/zombie_driver2/target/debug/deps/librustc_traits-c794481613b67b14.rmeta --extern rustc_ty_utils=/mnt/data1/nix/vendor/rust/cargo2nix/submodules/rust-build/compiler/zombie_driver2/target/debug/deps/librustc_ty_utils-0af97f67749ea847.rmeta --extern tracing=/mnt/data1/nix/vendor/rust/cargo2nix/submodules/rust-build/compiler/zombie_driver2/target/debug/deps/libtracing-82b3a1ccd9aeceb8.rmeta -L native=/mnt/data1/nix/vendor/rust/cargo2nix/submodules/rust-build/compiler/zombie_driver2/target/debug/build/psm-51115e95e3afce55/out -L native=/mnt/data1/nix/vendor/rust/cargo2nix/submodules/rust-build/compiler/zombie_driver2/target/debug/build/blake3-b449a45f526127c8/out -L native=/mnt/data1/nix/vendor/rust/cargo2nix/submodules/rust-build/compiler/zombie_driver2/target/debug/build/blake3-b449a45f526127c8/out
20:24:41 SKIPPED: rustc --crate-name rustc_interface --edition=2024 /mnt/data1/nix/vendor/rust/cargo2nix/submodules/rust-build/compiler/rustc_interface/src/lib.rs --error-format=json --json=diagnostic-rendered-ansi,artifacts,future-incompat --crate-type lib --emit=dep-info,metadata,link -C embed-bitcode=no -C debuginfo=2 --check-cfg cfg(docsrs,test) --check-cfg cfg(feature, values("check_only", "llvm", "llvm_enzyme")) -C metadata=3f1eef24c3bb33e4 -C extra-filename=-0baff863143ebe73 --out-dir /mnt/data1/nix/vendor/rust/cargo2nix/submodules/rust-build/compiler/zombie_driver2/target/debug/deps -C incremental=/mnt/data1/nix/vendor/rust/cargo2nix/submodules/rust-build/compiler/zombie_driver2/target/debug/incremental -L dependency=/mnt/data1/nix/vendor/rust/cargo2nix/submodules/rust-build/compiler/zombie_driver2/target/debug/deps --extern rustc_ast=/mnt/data1/nix/vendor/rust/cargo2nix/submodules/rust-build/compiler/zombie_driver2/target/debug/deps/librustc_ast-892745d5973bca50.rmeta --extern rustc_ast_lowering=/mnt/data1/nix/vendor/rust/cargo2nix/submodules/rust-build/compiler/zombie_driver2/target/debug/deps/librustc_ast_lowering-3ac4060a84415c65.rmeta --extern rustc_ast_passes=/mnt/data1/nix/vendor/rust/cargo2nix/submodules/rust-build/compiler/zombie_driver2/target/debug/deps/librustc_ast_passes-611ee6033e8ac644.rmeta --extern rustc_ast_pretty=/mnt/data1/nix/vendor/rust/cargo2nix/submodules/rust-build/compiler/zombie_driver2/target/debug/deps/librustc_ast_pretty-5d710bed6e10f481.rmeta --extern rustc_attr_parsing=/mnt/data1/nix/vendor/rust/cargo2nix/submodules/rust-build/compiler/zombie_driver2/target/debug/deps/librustc_attr_parsing-5a1f561174f84576.rmeta --extern rustc_borrowck=/mnt/data1/nix/vendor/rust/cargo2nix/submodules/rust-build/compiler/zombie_driver2/target/debug/deps/librustc_borrowck-0f2c99f6e9fda801.rmeta --extern rustc_builtin_macros=/mnt/data1/nix/vendor/rust/cargo2nix/submodules/rust-build/compiler/zombie_driver2/target/debug/deps/librustc_builtin_macros-21d65c3727207a09.rmeta --extern rustc_codegen_ssa=/mnt/data1/nix/vendor/rust/cargo2nix/submodules/rust-build/compiler/zombie_driver2/target/debug/deps/librustc_codegen_ssa-58627ced607c9438.rmeta --extern rustc_const_eval=/mnt/data1/nix/vendor/rust/cargo2nix/submodules/rust-build/compiler/zombie_driver2/target/debug/deps/librustc_const_eval-04d7334c33aece71.rmeta --extern rustc_data_structures=/mnt/data1/nix/vendor/rust/cargo2nix/submodules/rust-build/compiler/zombie_driver2/target/debug/deps/librustc_data_structures-7a05c3f43ea74b8d.rmeta --extern rustc_errors=/mnt/data1/nix/vendor/rust/cargo2nix/submodules/rust-build/compiler/zombie_driver2/target/debug/deps/librustc_errors-042ea83da72fde12.rmeta --extern rustc_expand=/mnt/data1/nix/vendor/rust/cargo2nix/submodules/rust-build/compiler/zombie_driver2/target/debug/deps/librustc_expand-4fdda5caa9ef4c80.rmeta --extern rustc_feature=/mnt/data1/nix/vendor/rust/cargo2nix/submodules/rust-build/compiler/zombie_driver2/target/debug/deps/librustc_feature-8b7a1e168a753038.rmeta --extern rustc_fluent_macro=/mnt/data1/nix/vendor/rust/cargo2nix/submodules/rust-build/compiler/zombie_driver2/target/debug/deps/librustc_fluent_macro-d795261342a5a863.so --extern rustc_fs_util=/mnt/data1/nix/vendor/rust/cargo2nix/submodules/rust-build/compiler/zombie_driver2/target/debug/deps/librustc_fs_util-4db11bae1137b760.rmeta --extern rustc_hir=/mnt/data1/nix/vendor/rust/cargo2nix/submodules/rust-build/compiler/zombie_driver2/target/debug/deps/librustc_hir-60bf32f61521f542.rmeta --extern rustc_hir_analysis=/mnt/data1/nix/vendor/rust/cargo2nix/submodules/rust-build/compiler/zombie_driver2/target/debug/deps/librustc_hir_analysis-3e9d450ef92b008e.rmeta --extern rustc_hir_typeck=/mnt/data1/nix/vendor/rust/cargo2nix/submodules/rust-build/compiler/zombie_driver2/target/debug/deps/librustc_hir_typeck-a70c642e8e282aa7.rmeta --extern rustc_incremental=/mnt/data1/nix/vendor/rust/cargo2nix/submodules/rust-build/compiler/zombie_driver2/target/debug/deps/librustc_incremental-e60e7a4b2c61ab1f.rmeta --extern rustc_lint=/mnt/data1/nix/vendor/rust/cargo2nix/submodules/rust-build/compiler/zombie_driver2/target/debug/deps/librustc_lint-9fb9e4ed8d461a70.rmeta --extern rustc_macros=/mnt/data1/nix/vendor/rust/cargo2nix/submodules/rust-build/compiler/zombie_driver2/target/debug/deps/librustc_macros-533b3ebf51685542.so --extern rustc_metadata=/mnt/data1/nix/vendor/rust/cargo2nix/submodules/rust-build/compiler/zombie_driver2/target/debug/deps/librustc_metadata-efbf0dfc64041f00.rmeta --extern rustc_middle=/mnt/data1/nix/vendor/rust/cargo2nix/submodules/rust-build/compiler/zombie_driver2/target/debug/deps/librustc_middle-245c3150683558be.rmeta --extern rustc_mir_build=/mnt/data1/nix/vendor/rust/cargo2nix/submodules/rust-build/compiler/zombie_driver2/target/debug/deps/librustc_mir_build-9f0d49511222e71c.rmeta --extern rustc_mir_transform=/mnt/data1/nix/vendor/rust/cargo2nix/submodules/rust-build/compiler/zombie_driver2/target/debug/deps/librustc_mir_transform-320ce7cd78251c0c.rmeta --extern rustc_monomorphize=/mnt/data1/nix/vendor/rust/cargo2nix/submodules/rust-build/compiler/zombie_driver2/target/debug/deps/librustc_monomorphize-129bfa6cae930845.rmeta --extern rustc_parse=/mnt/data1/nix/vendor/rust/cargo2nix/submodules/rust-build/compiler/zombie_driver2/target/debug/deps/librustc_parse-867e097141c1b310.rmeta --extern rustc_passes=/mnt/data1/nix/vendor/rust/cargo2nix/submodules/rust-build/compiler/zombie_driver2/target/debug/deps/librustc_passes-21118fe9c583c933.rmeta --extern rustc_privacy=/mnt/data1/nix/vendor/rust/cargo2nix/submodules/rust-build/compiler/zombie_driver2/target/debug/deps/librustc_privacy-6cba5d76f986fc5f.rmeta --extern rustc_query_impl=/mnt/data1/nix/vendor/rust/cargo2nix/submodules/rust-build/compiler/zombie_driver2/target/debug/deps/librustc_query_impl-360e701d07584f1b.rmeta --extern rustc_query_system=/mnt/data1/nix/vendor/rust/cargo2nix/submodules/rust-build/compiler/zombie_driver2/target/debug/deps/librustc_query_system-fdb82a57abdd9f77.rmeta --extern rustc_resolve=/mnt/data1/nix/vendor/rust/cargo2nix/submodules/rust-build/compiler/zombie_driver2/target/debug/deps/librustc_resolve-3cbef7edbe67901e.rmeta --extern rustc_session=/mnt/data1/nix/vendor/rust/cargo2nix/submodules/rust-build/compiler/zombie_driver2/target/debug/deps/librustc_session-ad93ec0078fafc82.rmeta --extern rustc_span=/mnt/data1/nix/vendor/rust/cargo2nix/submodules/rust-build/compiler/zombie_driver2/target/debug/deps/librustc_span-cca3b45fe3825eda.rmeta --extern rustc_symbol_mangling=/mnt/data1/nix/vendor/rust/cargo2nix/submodules/rust-build/compiler/zombie_driver2/target/debug/deps/librustc_symbol_mangling-89e5266dc8d43ab2.rmeta --extern rustc_target=/mnt/data1/nix/vendor/rust/cargo2nix/submodules/rust-build/compiler/zombie_driver2/target/debug/deps/librustc_target-5de06d076d06ccca.rmeta --extern rustc_thread_pool=/mnt/data1/nix/vendor/rust/cargo2nix/submodules/rust-build/compiler/zombie_driver2/target/debug/deps/librustc_thread_pool-83aef153b3813075.rmeta --extern rustc_trait_selection=/mnt/data1/nix/vendor/rust/cargo2nix/submodules/rust-build/compiler/zombie_driver2/target/debug/deps/librustc_trait_selection-6f2bf10a906840c8.rmeta --extern rustc_traits=/mnt/data1/nix/vendor/rust/cargo2nix/submodules/rust-build/compiler/zombie_driver2/target/debug/deps/librustc_traits-c794481613b67b14.rmeta --extern rustc_ty_utils=/mnt/data1/nix/vendor/rust/cargo2nix/submodules/rust-build/compiler/zombie_driver2/target/debug/deps/librustc_ty_utils-0af97f67749ea847.rmeta --extern tracing=/mnt/data1/nix/vendor/rust/cargo2nix/submodules/rust-build/compiler/zombie_driver2/target/debug/deps/libtracing-82b3a1ccd9aeceb8.rmeta -L native=/mnt/data1/nix/vendor/rust/cargo2nix/submodules/rust-build/compiler/zombie_driver2/target/debug/build/psm-51115e95e3afce55/out -L native=/mnt/data1/nix/vendor/rust/cargo2nix/submodules/rust-build/compiler/zombie_driver2/target/debug/build/blake3-b449a45f526127c8/out -L native=/mnt/data1/nix/vendor/rust/cargo2nix/submodules/rust-build/compiler/zombie_driver2/target/debug/build/blake3-b449a45f526127c8/out
20:24:56 SKIPPED: rustc --crate-name rustc_interface --edition=2024 /mnt/data1/nix/vendor/rust/cargo2nix/submodules/rust-build/compiler/rustc_interface/src/lib.rs --error-format=json --json=diagnostic-rendered-ansi,artifacts,future-incompat --crate-type lib --emit=dep-info,metadata,link -C embed-bitcode=no -C debuginfo=2 --check-cfg cfg(docsrs,test) --check-cfg cfg(feature, values("check_only", "llvm", "llvm_enzyme")) -C metadata=3f1eef24c3bb33e4 -C extra-filename=-0baff863143ebe73 --out-dir /mnt/data1/nix/vendor/rust/cargo2nix/submodules/rust-build/compiler/zombie_driver2/target/debug/deps -C incremental=/mnt/data1/nix/vendor/rust/cargo2nix/submodules/rust-build/compiler/zombie_driver2/target/debug/incremental -L dependency=/mnt/data1/nix/vendor/rust/cargo2nix/submodules/rust-build/compiler/zombie_driver2/target/debug/deps --extern rustc_ast=/mnt/data1/nix/vendor/rust/cargo2nix/submodules/rust-build/compiler/zombie_driver2/target/debug/deps/librustc_ast-892745d5973bca50.rmeta --extern rustc_ast_lowering=/mnt/data1/nix/vendor/rust/cargo2nix/submodules/rust-build/compiler/zombie_driver2/target/debug/deps/librustc_ast_lowering-3ac4060a84415c65.rmeta --extern rustc_ast_passes=/mnt/data1/nix/vendor/rust/cargo2nix/submodules/rust-build/compiler/zombie_driver2/target/debug/deps/librustc_ast_passes-611ee6033e8ac644.rmeta --extern rustc_ast_pretty=/mnt/data1/nix/vendor/rust/cargo2nix/submodules/rust-build/compiler/zombie_driver2/target/debug/deps/librustc_ast_pretty-5d710bed6e10f481.rmeta --extern rustc_attr_parsing=/mnt/data1/nix/vendor/rust/cargo2nix/submodules/rust-build/compiler/zombie_driver2/target/debug/deps/librustc_attr_parsing-5a1f561174f84576.rmeta --extern rustc_borrowck=/mnt/data1/nix/vendor/rust/cargo2nix/submodules/rust-build/compiler/zombie_driver2/target/debug/deps/librustc_borrowck-0f2c99f6e9fda801.rmeta --extern rustc_builtin_macros=/mnt/data1/nix/vendor/rust/cargo2nix/submodules/rust-build/compiler/zombie_driver2/target/debug/deps/librustc_builtin_macros-21d65c3727207a09.rmeta --extern rustc_codegen_ssa=/mnt/data1/nix/vendor/rust/cargo2nix/submodules/rust-build/compiler/zombie_driver2/target/debug/deps/librustc_codegen_ssa-58627ced607c9438.rmeta --extern rustc_const_eval=/mnt/data1/nix/vendor/rust/cargo2nix/submodules/rust-build/compiler/zombie_driver2/target/debug/deps/librustc_const_eval-04d7334c33aece71.rmeta --extern rustc_data_structures=/mnt/data1/nix/vendor/rust/cargo2nix/submodules/rust-build/compiler/zombie_driver2/target/debug/deps/librustc_data_structures-7a05c3f43ea74b8d.rmeta --extern rustc_errors=/mnt/data1/nix/vendor/rust/cargo2nix/submodules/rust-build/compiler/zombie_driver2/target/debug/deps/librustc_errors-042ea83da72fde12.rmeta --extern rustc_expand=/mnt/data1/nix/vendor/rust/cargo2nix/submodules/rust-build/compiler/zombie_driver2/target/debug/deps/librustc_expand-4fdda5caa9ef4c80.rmeta --extern rustc_feature=/mnt/data1/nix/vendor/rust/cargo2nix/submodules/rust-build/compiler/zombie_driver2/target/debug/deps/librustc_feature-8b7a1e168a753038.rmeta --extern rustc_fluent_macro=/mnt/data1/nix/vendor/rust/cargo2nix/submodules/rust-build/compiler/zombie_driver2/target/debug/deps/librustc_fluent_macro-d795261342a5a863.so --extern rustc_fs_util=/mnt/data1/nix/vendor/rust/cargo2nix/submodules/rust-build/compiler/zombie_driver2/target/debug/deps/librustc_fs_util-4db11bae1137b760.rmeta --extern rustc_hir=/mnt/data1/nix/vendor/rust/cargo2nix/submodules/rust-build/compiler/zombie_driver2/target/debug/deps/librustc_hir-60bf32f61521f542.rmeta --extern rustc_hir_analysis=/mnt/data1/nix/vendor/rust/cargo2nix/submodules/rust-build/compiler/zombie_driver2/target/debug/deps/librustc_hir_analysis-3e9d450ef92b008e.rmeta --extern rustc_hir_typeck=/mnt/data1/nix/vendor/rust/cargo2nix/submodules/rust-build/compiler/zombie_driver2/target/debug/deps/librustc_hir_typeck-a70c642e8e282aa7.rmeta --extern rustc_incremental=/mnt/data1/nix/vendor/rust/cargo2nix/submodules/rust-build/compiler/zombie_driver2/target/debug/deps/librustc_incremental-e60e7a4b2c61ab1f.rmeta --extern rustc_lint=/mnt/data1/nix/vendor/rust/cargo2nix/submodules/rust-build/compiler/zombie_driver2/target/debug/deps/librustc_lint-9fb9e4ed8d461a70.rmeta --extern rustc_macros=/mnt/data1/nix/vendor/rust/cargo2nix/submodules/rust-build/compiler/zombie_driver2/target/debug/deps/librustc_macros-533b3ebf51685542.so --extern rustc_metadata=/mnt/data1/nix/vendor/rust/cargo2nix/submodules/rust-build/compiler/zombie_driver2/target/debug/deps/librustc_metadata-efbf0dfc64041f00.rmeta --extern rustc_middle=/mnt/data1/nix/vendor/rust/cargo2nix/submodules/rust-build/compiler/zombie_driver2/target/debug/deps/librustc_middle-245c3150683558be.rmeta --extern rustc_mir_build=/mnt/data1/nix/vendor/rust/cargo2nix/submodules/rust-build/compiler/zombie_driver2/target/debug/deps/librustc_mir_build-9f0d49511222e71c.rmeta --extern rustc_mir_transform=/mnt/data1/nix/vendor/rust/cargo2nix/submodules/rust-build/compiler/zombie_driver2/target/debug/deps/librustc_mir_transform-320ce7cd78251c0c.rmeta --extern rustc_monomorphize=/mnt/data1/nix/vendor/rust/cargo2nix/submodules/rust-build/compiler/zombie_driver2/target/debug/deps/librustc_monomorphize-129bfa6cae930845.rmeta --extern rustc_parse=/mnt/data1/nix/vendor/rust/cargo2nix/submodules/rust-build/compiler/zombie_driver2/target/debug/deps/librustc_parse-867e097141c1b310.rmeta --extern rustc_passes=/mnt/data1/nix/vendor/rust/cargo2nix/submodules/rust-build/compiler/zombie_driver2/target/debug/deps/librustc_passes-21118fe9c583c933.rmeta --extern rustc_privacy=/mnt/data1/nix/vendor/rust/cargo2nix/submodules/rust-build/compiler/zombie_driver2/target/debug/deps/librustc_privacy-6cba5d76f986fc5f.rmeta --extern rustc_query_impl=/mnt/data1/nix/vendor/rust/cargo2nix/submodules/rust-build/compiler/zombie_driver2/target/debug/deps/librustc_query_impl-360e701d07584f1b.rmeta --extern rustc_query_system=/mnt/data1/nix/vendor/rust/cargo2nix/submodules/rust-build/compiler/zombie_driver2/target/debug/deps/librustc_query_system-fdb82a57abdd9f77.rmeta --extern rustc_resolve=/mnt/data1/nix/vendor/rust/cargo2nix/submodules/rust-build/compiler/zombie_driver2/target/debug/deps/librustc_resolve-3cbef7edbe67901e.rmeta --extern rustc_session=/mnt/data1/nix/vendor/rust/cargo2nix/submodules/rust-build/compiler/zombie_driver2/target/debug/deps/librustc_session-ad93ec0078fafc82.rmeta --extern rustc_span=/mnt/data1/nix/vendor/rust/cargo2nix/submodules/rust-build/compiler/zombie_driver2/target/debug/deps/librustc_span-cca3b45fe3825eda.rmeta --extern rustc_symbol_mangling=/mnt/data1/nix/vendor/rust/cargo2nix/submodules/rust-build/compiler/zombie_driver2/target/debug/deps/librustc_symbol_mangling-89e5266dc8d43ab2.rmeta --extern rustc_target=/mnt/data1/nix/vendor/rust/cargo2nix/submodules/rust-build/compiler/zombie_driver2/target/debug/deps/librustc_target-5de06d076d06ccca.rmeta --extern rustc_thread_pool=/mnt/data1/nix/vendor/rust/cargo2nix/submodules/rust-build/compiler/zombie_driver2/target/debug/deps/librustc_thread_pool-83aef153b3813075.rmeta --extern rustc_trait_selection=/mnt/data1/nix/vendor/rust/cargo2nix/submodules/rust-build/compiler/zombie_driver2/target/debug/deps/librustc_trait_selection-6f2bf10a906840c8.rmeta --extern rustc_traits=/mnt/data1/nix/vendor/rust/cargo2nix/submodules/rust-build/compiler/zombie_driver2/target/debug/deps/librustc_traits-c794481613b67b14.rmeta --extern rustc_ty_utils=/mnt/data1/nix/vendor/rust/cargo2nix/submodules/rust-build/compiler/zombie_driver2/target/debug/deps/librustc_ty_utils-0af97f67749ea847.rmeta --extern tracing=/mnt/data1/nix/vendor/rust/cargo2nix/submodules/rust-build/compiler/zombie_driver2/target/debug/deps/libtracing-82b3a1ccd9aeceb8.rmeta -L native=/mnt/data1/nix/vendor/rust/cargo2nix/submodules/rust-build/compiler/zombie_driver2/target/debug/build/psm-51115e95e3afce55/out -L native=/mnt/data1/nix/vendor/rust/cargo2nix/submodules/rust-build/compiler/zombie_driver2/target/debug/build/blake3-b449a45f526127c8/out -L native=/mnt/data1/nix/vendor/rust/cargo2nix/submodules/rust-build/compiler/zombie_driver2/target/debug/build/blake3-b449a45f526127c8/out
20:26:58 SKIPPED: rustc --crate-name rustc_interface --edition=2024 /mnt/data1/nix/vendor/rust/cargo2nix/submodules/rust-build/compiler/rustc_interface/src/lib.rs --error-format=json --json=diagnostic-rendered-ansi,artifacts,future-incompat --crate-type lib --emit=dep-info,metadata,link -C embed-bitcode=no -C debuginfo=2 --check-cfg cfg(docsrs,test) --check-cfg cfg(feature, values("check_only", "llvm", "llvm_enzyme")) -C metadata=3f1eef24c3bb33e4 -C extra-filename=-0baff863143ebe73 --out-dir /mnt/data1/nix/vendor/rust/cargo2nix/submodules/rust-build/compiler/zombie_driver2/target/debug/deps -C incremental=/mnt/data1/nix/vendor/rust/cargo2nix/submodules/rust-build/compiler/zombie_driver2/target/debug/incremental -L dependency=/mnt/data1/nix/vendor/rust/cargo2nix/submodules/rust-build/compiler/zombie_driver2/target/debug/deps --extern rustc_ast=/mnt/data1/nix/vendor/rust/cargo2nix/submodules/rust-build/compiler/zombie_driver2/target/debug/deps/librustc_ast-892745d5973bca50.rmeta --extern rustc_ast_lowering=/mnt/data1/nix/vendor/rust/cargo2nix/submodules/rust-build/compiler/zombie_driver2/target/debug/deps/librustc_ast_lowering-3ac4060a84415c65.rmeta --extern rustc_ast_passes=/mnt/data1/nix/vendor/rust/cargo2nix/submodules/rust-build/compiler/zombie_driver2/target/debug/deps/librustc_ast_passes-611ee6033e8ac644.rmeta --extern rustc_ast_pretty=/mnt/data1/nix/vendor/rust/cargo2nix/submodules/rust-build/compiler/zombie_driver2/target/debug/deps/librustc_ast_pretty-5d710bed6e10f481.rmeta --extern rustc_attr_parsing=/mnt/data1/nix/vendor/rust/cargo2nix/submodules/rust-build/compiler/zombie_driver2/target/debug/deps/librustc_attr_parsing-5a1f561174f84576.rmeta --extern rustc_borrowck=/mnt/data1/nix/vendor/rust/cargo2nix/submodules/rust-build/compiler/zombie_driver2/target/debug/deps/librustc_borrowck-0f2c99f6e9fda801.rmeta --extern rustc_builtin_macros=/mnt/data1/nix/vendor/rust/cargo2nix/submodules/rust-build/compiler/zombie_driver2/target/debug/deps/librustc_builtin_macros-21d65c3727207a09.rmeta --extern rustc_codegen_ssa=/mnt/data1/nix/vendor/rust/cargo2nix/submodules/rust-build/compiler/zombie_driver2/target/debug/deps/librustc_codegen_ssa-58627ced607c9438.rmeta --extern rustc_const_eval=/mnt/data1/nix/vendor/rust/cargo2nix/submodules/rust-build/compiler/zombie_driver2/target/debug/deps/librustc_const_eval-04d7334c33aece71.rmeta --extern rustc_data_structures=/mnt/data1/nix/vendor/rust/cargo2nix/submodules/rust-build/compiler/zombie_driver2/target/debug/deps/librustc_data_structures-7a05c3f43ea74b8d.rmeta --extern rustc_errors=/mnt/data1/nix/vendor/rust/cargo2nix/submodules/rust-build/compiler/zombie_driver2/target/debug/deps/librustc_errors-042ea83da72fde12.rmeta --extern rustc_expand=/mnt/data1/nix/vendor/rust/cargo2nix/submodules/rust-build/compiler/zombie_driver2/target/debug/deps/librustc_expand-4fdda5caa9ef4c80.rmeta --extern rustc_feature=/mnt/data1/nix/vendor/rust/cargo2nix/submodules/rust-build/compiler/zombie_driver2/target/debug/deps/librustc_feature-8b7a1e168a753038.rmeta --extern rustc_fluent_macro=/mnt/data1/nix/vendor/rust/cargo2nix/submodules/rust-build/compiler/zombie_driver2/target/debug/deps/librustc_fluent_macro-d795261342a5a863.so --extern rustc_fs_util=/mnt/data1/nix/vendor/rust/cargo2nix/submodules/rust-build/compiler/zombie_driver2/target/debug/deps/librustc_fs_util-4db11bae1137b760.rmeta --extern rustc_hir=/mnt/data1/nix/vendor/rust/cargo2nix/submodules/rust-build/compiler/zombie_driver2/target/debug/deps/librustc_hir-60bf32f61521f542.rmeta --extern rustc_hir_analysis=/mnt/data1/nix/vendor/rust/cargo2nix/submodules/rust-build/compiler/zombie_driver2/target/debug/deps/librustc_hir_analysis-3e9d450ef92b008e.rmeta --extern rustc_hir_typeck=/mnt/data1/nix/vendor/rust/cargo2nix/submodules/rust-build/compiler/zombie_driver2/target/debug/deps/librustc_hir_typeck-a70c642e8e282aa7.rmeta --extern rustc_incremental=/mnt/data1/nix/vendor/rust/cargo2nix/submodules/rust-build/compiler/zombie_driver2/target/debug/deps/librustc_incremental-e60e7a4b2c61ab1f.rmeta --extern rustc_lint=/mnt/data1/nix/vendor/rust/cargo2nix/submodules/rust-build/compiler/zombie_driver2/target/debug/deps/librustc_lint-9fb9e4ed8d461a70.rmeta --extern rustc_macros=/mnt/data1/nix/vendor/rust/cargo2nix/submodules/rust-build/compiler/zombie_driver2/target/debug/deps/librustc_macros-533b3ebf51685542.so --extern rustc_metadata=/mnt/data1/nix/vendor/rust/cargo2nix/submodules/rust-build/compiler/zombie_driver2/target/debug/deps/librustc_metadata-efbf0dfc64041f00.rmeta --extern rustc_middle=/mnt/data1/nix/vendor/rust/cargo2nix/submodules/rust-build/compiler/zombie_driver2/target/debug/deps/librustc_middle-245c3150683558be.rmeta --extern rustc_mir_build=/mnt/data1/nix/vendor/rust/cargo2nix/submodules/rust-build/compiler/zombie_driver2/target/debug/deps/librustc_mir_build-9f0d49511222e71c.rmeta --extern rustc_mir_transform=/mnt/data1/nix/vendor/rust/cargo2nix/submodules/rust-build/compiler/zombie_driver2/target/debug/deps/librustc_mir_transform-320ce7cd78251c0c.rmeta --extern rustc_monomorphize=/mnt/data1/nix/vendor/rust/cargo2nix/submodules/rust-build/compiler/zombie_driver2/target/debug/deps/librustc_monomorphize-129bfa6cae930845.rmeta --extern rustc_parse=/mnt/data1/nix/vendor/rust/cargo2nix/submodules/rust-build/compiler/zombie_driver2/target/debug/deps/librustc_parse-867e097141c1b310.rmeta --extern rustc_passes=/mnt/data1/nix/vendor/rust/cargo2nix/submodules/rust-build/compiler/zombie_driver2/target/debug/deps/librustc_passes-21118fe9c583c933.rmeta --extern rustc_privacy=/mnt/data1/nix/vendor/rust/cargo2nix/submodules/rust-build/compiler/zombie_driver2/target/debug/deps/librustc_privacy-6cba5d76f986fc5f.rmeta --extern rustc_query_impl=/mnt/data1/nix/vendor/rust/cargo2nix/submodules/rust-build/compiler/zombie_driver2/target/debug/deps/librustc_query_impl-360e701d07584f1b.rmeta --extern rustc_query_system=/mnt/data1/nix/vendor/rust/cargo2nix/submodules/rust-build/compiler/zombie_driver2/target/debug/deps/librustc_query_system-fdb82a57abdd9f77.rmeta --extern rustc_resolve=/mnt/data1/nix/vendor/rust/cargo2nix/submodules/rust-build/compiler/zombie_driver2/target/debug/deps/librustc_resolve-3cbef7edbe67901e.rmeta --extern rustc_session=/mnt/data1/nix/vendor/rust/cargo2nix/submodules/rust-build/compiler/zombie_driver2/target/debug/deps/librustc_session-ad93ec0078fafc82.rmeta --extern rustc_span=/mnt/data1/nix/vendor/rust/cargo2nix/submodules/rust-build/compiler/zombie_driver2/target/debug/deps/librustc_span-cca3b45fe3825eda.rmeta --extern rustc_symbol_mangling=/mnt/data1/nix/vendor/rust/cargo2nix/submodules/rust-build/compiler/zombie_driver2/target/debug/deps/librustc_symbol_mangling-89e5266dc8d43ab2.rmeta --extern rustc_target=/mnt/data1/nix/vendor/rust/cargo2nix/submodules/rust-build/compiler/zombie_driver2/target/debug/deps/librustc_target-5de06d076d06ccca.rmeta --extern rustc_thread_pool=/mnt/data1/nix/vendor/rust/cargo2nix/submodules/rust-build/compiler/zombie_driver2/target/debug/deps/librustc_thread_pool-83aef153b3813075.rmeta --extern rustc_trait_selection=/mnt/data1/nix/vendor/rust/cargo2nix/submodules/rust-build/compiler/zombie_driver2/target/debug/deps/librustc_trait_selection-6f2bf10a906840c8.rmeta --extern rustc_traits=/mnt/data1/nix/vendor/rust/cargo2nix/submodules/rust-build/compiler/zombie_driver2/target/debug/deps/librustc_traits-c794481613b67b14.rmeta --extern rustc_ty_utils=/mnt/data1/nix/vendor/rust/cargo2nix/submodules/rust-build/compiler/zombie_driver2/target/debug/deps/librustc_ty_utils-0af97f67749ea847.rmeta --extern tracing=/mnt/data1/nix/vendor/rust/cargo2nix/submodules/rust-build/compiler/zombie_driver2/target/debug/deps/libtracing-82b3a1ccd9aeceb8.rmeta -L native=/mnt/data1/nix/vendor/rust/cargo2nix/submodules/rust-build/compiler/zombie_driver2/target/debug/build/psm-51115e95e3afce55/out -L native=/mnt/data1/nix/vendor/rust/cargo2nix/submodules/rust-build/compiler/zombie_driver2/target/debug/build/blake3-b449a45f526127c8/out -L native=/mnt/data1/nix/vendor/rust/cargo2nix/submodules/rust-build/compiler/zombie_driver2/target/debug/build/blake3-b449a45f526127c8/out
20:28:33 SKIPPED: rustc --crate-name rustc_interface --edition=2024 /mnt/data1/nix/vendor/rust/cargo2nix/submodules/rust-build/compiler/rustc_interface/src/lib.rs --error-format=json --json=diagnostic-rendered-ansi,artifacts,future-incompat --crate-type lib --emit=dep-info,metadata,link -C embed-bitcode=no -C debuginfo=2 --check-cfg cfg(docsrs,test) --check-cfg cfg(feature, values("check_only", "llvm", "llvm_enzyme")) -C metadata=3f1eef24c3bb33e4 -C extra-filename=-0baff863143ebe73 --out-dir /mnt/data1/nix/vendor/rust/cargo2nix/submodules/rust-build/compiler/zombie_driver2/target/debug/deps -C incremental=/mnt/data1/nix/vendor/rust/cargo2nix/submodules/rust-build/compiler/zombie_driver2/target/debug/incremental -L dependency=/mnt/data1/nix/vendor/rust/cargo2nix/submodules/rust-build/compiler/zombie_driver2/target/debug/deps --extern rustc_ast=/mnt/data1/nix/vendor/rust/cargo2nix/submodules/rust-build/compiler/zombie_driver2/target/debug/deps/librustc_ast-892745d5973bca50.rmeta --extern rustc_ast_lowering=/mnt/data1/nix/vendor/rust/cargo2nix/submodules/rust-build/compiler/zombie_driver2/target/debug/deps/librustc_ast_lowering-3ac4060a84415c65.rmeta --extern rustc_ast_passes=/mnt/data1/nix/vendor/rust/cargo2nix/submodules/rust-build/compiler/zombie_driver2/target/debug/deps/librustc_ast_passes-611ee6033e8ac644.rmeta --extern rustc_ast_pretty=/mnt/data1/nix/vendor/rust/cargo2nix/submodules/rust-build/compiler/zombie_driver2/target/debug/deps/librustc_ast_pretty-5d710bed6e10f481.rmeta --extern rustc_attr_parsing=/mnt/data1/nix/vendor/rust/cargo2nix/submodules/rust-build/compiler/zombie_driver2/target/debug/deps/librustc_attr_parsing-5a1f561174f84576.rmeta --extern rustc_borrowck=/mnt/data1/nix/vendor/rust/cargo2nix/submodules/rust-build/compiler/zombie_driver2/target/debug/deps/librustc_borrowck-0f2c99f6e9fda801.rmeta --extern rustc_builtin_macros=/mnt/data1/nix/vendor/rust/cargo2nix/submodules/rust-build/compiler/zombie_driver2/target/debug/deps/librustc_builtin_macros-21d65c3727207a09.rmeta --extern rustc_codegen_ssa=/mnt/data1/nix/vendor/rust/cargo2nix/submodules/rust-build/compiler/zombie_driver2/target/debug/deps/librustc_codegen_ssa-58627ced607c9438.rmeta --extern rustc_const_eval=/mnt/data1/nix/vendor/rust/cargo2nix/submodules/rust-build/compiler/zombie_driver2/target/debug/deps/librustc_const_eval-04d7334c33aece71.rmeta --extern rustc_data_structures=/mnt/data1/nix/vendor/rust/cargo2nix/submodules/rust-build/compiler/zombie_driver2/target/debug/deps/librustc_data_structures-7a05c3f43ea74b8d.rmeta --extern rustc_errors=/mnt/data1/nix/vendor/rust/cargo2nix/submodules/rust-build/compiler/zombie_driver2/target/debug/deps/librustc_errors-042ea83da72fde12.rmeta --extern rustc_expand=/mnt/data1/nix/vendor/rust/cargo2nix/submodules/rust-build/compiler/zombie_driver2/target/debug/deps/librustc_expand-4fdda5caa9ef4c80.rmeta --extern rustc_feature=/mnt/data1/nix/vendor/rust/cargo2nix/submodules/rust-build/compiler/zombie_driver2/target/debug/deps/librustc_feature-8b7a1e168a753038.rmeta --extern rustc_fluent_macro=/mnt/data1/nix/vendor/rust/cargo2nix/submodules/rust-build/compiler/zombie_driver2/target/debug/deps/librustc_fluent_macro-d795261342a5a863.so --extern rustc_fs_util=/mnt/data1/nix/vendor/rust/cargo2nix/submodules/rust-build/compiler/zombie_driver2/target/debug/deps/librustc_fs_util-4db11bae1137b760.rmeta --extern rustc_hir=/mnt/data1/nix/vendor/rust/cargo2nix/submodules/rust-build/compiler/zombie_driver2/target/debug/deps/librustc_hir-60bf32f61521f542.rmeta --extern rustc_hir_analysis=/mnt/data1/nix/vendor/rust/cargo2nix/submodules/rust-build/compiler/zombie_driver2/target/debug/deps/librustc_hir_analysis-3e9d450ef92b008e.rmeta --extern rustc_hir_typeck=/mnt/data1/nix/vendor/rust/cargo2nix/submodules/rust-build/compiler/zombie_driver2/target/debug/deps/librustc_hir_typeck-a70c642e8e282aa7.rmeta --extern rustc_incremental=/mnt/data1/nix/vendor/rust/cargo2nix/submodules/rust-build/compiler/zombie_driver2/target/debug/deps/librustc_incremental-e60e7a4b2c61ab1f.rmeta --extern rustc_lint=/mnt/data1/nix/vendor/rust/cargo2nix/submodules/rust-build/compiler/zombie_driver2/target/debug/deps/librustc_lint-9fb9e4ed8d461a70.rmeta --extern rustc_macros=/mnt/data1/nix/vendor/rust/cargo2nix/submodules/rust-build/compiler/zombie_driver2/target/debug/deps/librustc_macros-533b3ebf51685542.so --extern rustc_metadata=/mnt/data1/nix/vendor/rust/cargo2nix/submodules/rust-build/compiler/zombie_driver2/target/debug/deps/librustc_metadata-efbf0dfc64041f00.rmeta --extern rustc_middle=/mnt/data1/nix/vendor/rust/cargo2nix/submodules/rust-build/compiler/zombie_driver2/target/debug/deps/librustc_middle-245c3150683558be.rmeta --extern rustc_mir_build=/mnt/data1/nix/vendor/rust/cargo2nix/submodules/rust-build/compiler/zombie_driver2/target/debug/deps/librustc_mir_build-9f0d49511222e71c.rmeta --extern rustc_mir_transform=/mnt/data1/nix/vendor/rust/cargo2nix/submodules/rust-build/compiler/zombie_driver2/target/debug/deps/librustc_mir_transform-320ce7cd78251c0c.rmeta --extern rustc_monomorphize=/mnt/data1/nix/vendor/rust/cargo2nix/submodules/rust-build/compiler/zombie_driver2/target/debug/deps/librustc_monomorphize-129bfa6cae930845.rmeta --extern rustc_parse=/mnt/data1/nix/vendor/rust/cargo2nix/submodules/rust-build/compiler/zombie_driver2/target/debug/deps/librustc_parse-867e097141c1b310.rmeta --extern rustc_passes=/mnt/data1/nix/vendor/rust/cargo2nix/submodules/rust-build/compiler/zombie_driver2/target/debug/deps/librustc_passes-21118fe9c583c933.rmeta --extern rustc_privacy=/mnt/data1/nix/vendor/rust/cargo2nix/submodules/rust-build/compiler/zombie_driver2/target/debug/deps/librustc_privacy-6cba5d76f986fc5f.rmeta --extern rustc_query_impl=/mnt/data1/nix/vendor/rust/cargo2nix/submodules/rust-build/compiler/zombie_driver2/target/debug/deps/librustc_query_impl-360e701d07584f1b.rmeta --extern rustc_query_system=/mnt/data1/nix/vendor/rust/cargo2nix/submodules/rust-build/compiler/zombie_driver2/target/debug/deps/librustc_query_system-fdb82a57abdd9f77.rmeta --extern rustc_resolve=/mnt/data1/nix/vendor/rust/cargo2nix/submodules/rust-build/compiler/zombie_driver2/target/debug/deps/librustc_resolve-3cbef7edbe67901e.rmeta --extern rustc_session=/mnt/data1/nix/vendor/rust/cargo2nix/submodules/rust-build/compiler/zombie_driver2/target/debug/deps/librustc_session-ad93ec0078fafc82.rmeta --extern rustc_span=/mnt/data1/nix/vendor/rust/cargo2nix/submodules/rust-build/compiler/zombie_driver2/target/debug/deps/librustc_span-cca3b45fe3825eda.rmeta --extern rustc_symbol_mangling=/mnt/data1/nix/vendor/rust/cargo2nix/submodules/rust-build/compiler/zombie_driver2/target/debug/deps/librustc_symbol_mangling-89e5266dc8d43ab2.rmeta --extern rustc_target=/mnt/data1/nix/vendor/rust/cargo2nix/submodules/rust-build/compiler/zombie_driver2/target/debug/deps/librustc_target-5de06d076d06ccca.rmeta --extern rustc_thread_pool=/mnt/data1/nix/vendor/rust/cargo2nix/submodules/rust-build/compiler/zombie_driver2/target/debug/deps/librustc_thread_pool-83aef153b3813075.rmeta --extern rustc_trait_selection=/mnt/data1/nix/vendor/rust/cargo2nix/submodules/rust-build/compiler/zombie_driver2/target/debug/deps/librustc_trait_selection-6f2bf10a906840c8.rmeta --extern rustc_traits=/mnt/data1/nix/vendor/rust/cargo2nix/submodules/rust-build/compiler/zombie_driver2/target/debug/deps/librustc_traits-c794481613b67b14.rmeta --extern rustc_ty_utils=/mnt/data1/nix/vendor/rust/cargo2nix/submodules/rust-build/compiler/zombie_driver2/target/debug/deps/librustc_ty_utils-0af97f67749ea847.rmeta --extern tracing=/mnt/data1/nix/vendor/rust/cargo2nix/submodules/rust-build/compiler/zombie_driver2/target/debug/deps/libtracing-82b3a1ccd9aeceb8.rmeta -L native=/mnt/data1/nix/vendor/rust/cargo2nix/submodules/rust-build/compiler/zombie_driver2/target/debug/build/psm-51115e95e3afce55/out -L native=/mnt/data1/nix/vendor/rust/cargo2nix/submodules/rust-build/compiler/zombie_driver2/target/debug/build/blake3-b449a45f526127c8/out -L native=/mnt/data1/nix/vendor/rust/cargo2nix/submodules/rust-build/compiler/zombie_driver2/target/debug/build/blake3-b449a45f526127c8/out
20:29:09 SKIPPED: rustc --crate-name rustc_interface --edition=2024 /mnt/data1/nix/vendor/rust/cargo2nix/submodules/rust-build/compiler/rustc_interface/src/lib.rs --error-format=json --json=diagnostic-rendered-ansi,artifacts,future-incompat --crate-type lib --emit=dep-info,metadata,link -C embed-bitcode=no -C debuginfo=2 --check-cfg cfg(docsrs,test) --check-cfg cfg(feature, values("check_only", "llvm", "llvm_enzyme")) -C metadata=3f1eef24c3bb33e4 -C extra-filename=-0baff863143ebe73 --out-dir /mnt/data1/nix/vendor/rust/cargo2nix/submodules/rust-build/compiler/zombie_driver2/target/debug/deps -C incremental=/mnt/data1/nix/vendor/rust/cargo2nix/submodules/rust-build/compiler/zombie_driver2/target/debug/incremental -L dependency=/mnt/data1/nix/vendor/rust/cargo2nix/submodules/rust-build/compiler/zombie_driver2/target/debug/deps --extern rustc_ast=/mnt/data1/nix/vendor/rust/cargo2nix/submodules/rust-build/compiler/zombie_driver2/target/debug/deps/librustc_ast-892745d5973bca50.rmeta --extern rustc_ast_lowering=/mnt/data1/nix/vendor/rust/cargo2nix/submodules/rust-build/compiler/zombie_driver2/target/debug/deps/librustc_ast_lowering-3ac4060a84415c65.rmeta --extern rustc_ast_passes=/mnt/data1/nix/vendor/rust/cargo2nix/submodules/rust-build/compiler/zombie_driver2/target/debug/deps/librustc_ast_passes-611ee6033e8ac644.rmeta --extern rustc_ast_pretty=/mnt/data1/nix/vendor/rust/cargo2nix/submodules/rust-build/compiler/zombie_driver2/target/debug/deps/librustc_ast_pretty-5d710bed6e10f481.rmeta --extern rustc_attr_parsing=/mnt/data1/nix/vendor/rust/cargo2nix/submodules/rust-build/compiler/zombie_driver2/target/debug/deps/librustc_attr_parsing-5a1f561174f84576.rmeta --extern rustc_borrowck=/mnt/data1/nix/vendor/rust/cargo2nix/submodules/rust-build/compiler/zombie_driver2/target/debug/deps/librustc_borrowck-0f2c99f6e9fda801.rmeta --extern rustc_builtin_macros=/mnt/data1/nix/vendor/rust/cargo2nix/submodules/rust-build/compiler/zombie_driver2/target/debug/deps/librustc_builtin_macros-21d65c3727207a09.rmeta --extern rustc_codegen_ssa=/mnt/data1/nix/vendor/rust/cargo2nix/submodules/rust-build/compiler/zombie_driver2/target/debug/deps/librustc_codegen_ssa-58627ced607c9438.rmeta --extern rustc_const_eval=/mnt/data1/nix/vendor/rust/cargo2nix/submodules/rust-build/compiler/zombie_driver2/target/debug/deps/librustc_const_eval-04d7334c33aece71.rmeta --extern rustc_data_structures=/mnt/data1/nix/vendor/rust/cargo2nix/submodules/rust-build/compiler/zombie_driver2/target/debug/deps/librustc_data_structures-7a05c3f43ea74b8d.rmeta --extern rustc_errors=/mnt/data1/nix/vendor/rust/cargo2nix/submodules/rust-build/compiler/zombie_driver2/target/debug/deps/librustc_errors-042ea83da72fde12.rmeta --extern rustc_expand=/mnt/data1/nix/vendor/rust/cargo2nix/submodules/rust-build/compiler/zombie_driver2/target/debug/deps/librustc_expand-4fdda5caa9ef4c80.rmeta --extern rustc_feature=/mnt/data1/nix/vendor/rust/cargo2nix/submodules/rust-build/compiler/zombie_driver2/target/debug/deps/librustc_feature-8b7a1e168a753038.rmeta --extern rustc_fluent_macro=/mnt/data1/nix/vendor/rust/cargo2nix/submodules/rust-build/compiler/zombie_driver2/target/debug/deps/librustc_fluent_macro-d795261342a5a863.so --extern rustc_fs_util=/mnt/data1/nix/vendor/rust/cargo2nix/submodules/rust-build/compiler/zombie_driver2/target/debug/deps/librustc_fs_util-4db11bae1137b760.rmeta --extern rustc_hir=/mnt/data1/nix/vendor/rust/cargo2nix/submodules/rust-build/compiler/zombie_driver2/target/debug/deps/librustc_hir-60bf32f61521f542.rmeta --extern rustc_hir_analysis=/mnt/data1/nix/vendor/rust/cargo2nix/submodules/rust-build/compiler/zombie_driver2/target/debug/deps/librustc_hir_analysis-3e9d450ef92b008e.rmeta --extern rustc_hir_typeck=/mnt/data1/nix/vendor/rust/cargo2nix/submodules/rust-build/compiler/zombie_driver2/target/debug/deps/librustc_hir_typeck-a70c642e8e282aa7.rmeta --extern rustc_incremental=/mnt/data1/nix/vendor/rust/cargo2nix/submodules/rust-build/compiler/zombie_driver2/target/debug/deps/librustc_incremental-e60e7a4b2c61ab1f.rmeta --extern rustc_lint=/mnt/data1/nix/vendor/rust/cargo2nix/submodules/rust-build/compiler/zombie_driver2/target/debug/deps/librustc_lint-9fb9e4ed8d461a70.rmeta --extern rustc_macros=/mnt/data1/nix/vendor/rust/cargo2nix/submodules/rust-build/compiler/zombie_driver2/target/debug/deps/librustc_macros-533b3ebf51685542.so --extern rustc_metadata=/mnt/data1/nix/vendor/rust/cargo2nix/submodules/rust-build/compiler/zombie_driver2/target/debug/deps/librustc_metadata-efbf0dfc64041f00.rmeta --extern rustc_middle=/mnt/data1/nix/vendor/rust/cargo2nix/submodules/rust-build/compiler/zombie_driver2/target/debug/deps/librustc_middle-245c3150683558be.rmeta --extern rustc_mir_build=/mnt/data1/nix/vendor/rust/cargo2nix/submodules/rust-build/compiler/zombie_driver2/target/debug/deps/librustc_mir_build-9f0d49511222e71c.rmeta --extern rustc_mir_transform=/mnt/data1/nix/vendor/rust/cargo2nix/submodules/rust-build/compiler/zombie_driver2/target/debug/deps/librustc_mir_transform-320ce7cd78251c0c.rmeta --extern rustc_monomorphize=/mnt/data1/nix/vendor/rust/cargo2nix/submodules/rust-build/compiler/zombie_driver2/target/debug/deps/librustc_monomorphize-129bfa6cae930845.rmeta --extern rustc_parse=/mnt/data1/nix/vendor/rust/cargo2nix/submodules/rust-build/compiler/zombie_driver2/target/debug/deps/librustc_parse-867e097141c1b310.rmeta --extern rustc_passes=/mnt/data1/nix/vendor/rust/cargo2nix/submodules/rust-build/compiler/zombie_driver2/target/debug/deps/librustc_passes-21118fe9c583c933.rmeta --extern rustc_privacy=/mnt/data1/nix/vendor/rust/cargo2nix/submodules/rust-build/compiler/zombie_driver2/target/debug/deps/librustc_privacy-6cba5d76f986fc5f.rmeta --extern rustc_query_impl=/mnt/data1/nix/vendor/rust/cargo2nix/submodules/rust-build/compiler/zombie_driver2/target/debug/deps/librustc_query_impl-360e701d07584f1b.rmeta --extern rustc_query_system=/mnt/data1/nix/vendor/rust/cargo2nix/submodules/rust-build/compiler/zombie_driver2/target/debug/deps/librustc_query_system-fdb82a57abdd9f77.rmeta --extern rustc_resolve=/mnt/data1/nix/vendor/rust/cargo2nix/submodules/rust-build/compiler/zombie_driver2/target/debug/deps/librustc_resolve-3cbef7edbe67901e.rmeta --extern rustc_session=/mnt/data1/nix/vendor/rust/cargo2nix/submodules/rust-build/compiler/zombie_driver2/target/debug/deps/librustc_session-ad93ec0078fafc82.rmeta --extern rustc_span=/mnt/data1/nix/vendor/rust/cargo2nix/submodules/rust-build/compiler/zombie_driver2/target/debug/deps/librustc_span-cca3b45fe3825eda.rmeta --extern rustc_symbol_mangling=/mnt/data1/nix/vendor/rust/cargo2nix/submodules/rust-build/compiler/zombie_driver2/target/debug/deps/librustc_symbol_mangling-89e5266dc8d43ab2.rmeta --extern rustc_target=/mnt/data1/nix/vendor/rust/cargo2nix/submodules/rust-build/compiler/zombie_driver2/target/debug/deps/librustc_target-5de06d076d06ccca.rmeta --extern rustc_thread_pool=/mnt/data1/nix/vendor/rust/cargo2nix/submodules/rust-build/compiler/zombie_driver2/target/debug/deps/librustc_thread_pool-83aef153b3813075.rmeta --extern rustc_trait_selection=/mnt/data1/nix/vendor/rust/cargo2nix/submodules/rust-build/compiler/zombie_driver2/target/debug/deps/librustc_trait_selection-6f2bf10a906840c8.rmeta --extern rustc_traits=/mnt/data1/nix/vendor/rust/cargo2nix/submodules/rust-build/compiler/zombie_driver2/target/debug/deps/librustc_traits-c794481613b67b14.rmeta --extern rustc_ty_utils=/mnt/data1/nix/vendor/rust/cargo2nix/submodules/rust-build/compiler/zombie_driver2/target/debug/deps/librustc_ty_utils-0af97f67749ea847.rmeta --extern tracing=/mnt/data1/nix/vendor/rust/cargo2nix/submodules/rust-build/compiler/zombie_driver2/target/debug/deps/libtracing-82b3a1ccd9aeceb8.rmeta -L native=/mnt/data1/nix/vendor/rust/cargo2nix/submodules/rust-build/compiler/zombie_driver2/target/debug/build/psm-51115e95e3afce55/out -L native=/mnt/data1/nix/vendor/rust/cargo2nix/submodules/rust-build/compiler/zombie_driver2/target/debug/build/blake3-b449a45f526127c8/out -L native=/mnt/data1/nix/vendor/rust/cargo2nix/submodules/rust-build/compiler/zombie_driver2/target/debug/build/blake3-b449a45f526127c8/out
20:31:11 SKIPPED: rustc --crate-name rustc_interface --edition=2024 /mnt/data1/nix/vendor/rust/cargo2nix/submodules/rust-build/compiler/rustc_interface/src/lib.rs --error-format=json --json=diagnostic-rendered-ansi,artifacts,future-incompat --crate-type lib --emit=dep-info,metadata,link -C embed-bitcode=no -C debuginfo=2 --check-cfg cfg(docsrs,test) --check-cfg cfg(feature, values("check_only", "llvm", "llvm_enzyme")) -C metadata=3f1eef24c3bb33e4 -C extra-filename=-0baff863143ebe73 --out-dir /mnt/data1/nix/vendor/rust/cargo2nix/submodules/rust-build/compiler/zombie_driver2/target/debug/deps -C incremental=/mnt/data1/nix/vendor/rust/cargo2nix/submodules/rust-build/compiler/zombie_driver2/target/debug/incremental -L dependency=/mnt/data1/nix/vendor/rust/cargo2nix/submodules/rust-build/compiler/zombie_driver2/target/debug/deps --extern rustc_ast=/mnt/data1/nix/vendor/rust/cargo2nix/submodules/rust-build/compiler/zombie_driver2/target/debug/deps/librustc_ast-892745d5973bca50.rmeta --extern rustc_ast_lowering=/mnt/data1/nix/vendor/rust/cargo2nix/submodules/rust-build/compiler/zombie_driver2/target/debug/deps/librustc_ast_lowering-3ac4060a84415c65.rmeta --extern rustc_ast_passes=/mnt/data1/nix/vendor/rust/cargo2nix/submodules/rust-build/compiler/zombie_driver2/target/debug/deps/librustc_ast_passes-611ee6033e8ac644.rmeta --extern rustc_ast_pretty=/mnt/data1/nix/vendor/rust/cargo2nix/submodules/rust-build/compiler/zombie_driver2/target/debug/deps/librustc_ast_pretty-5d710bed6e10f481.rmeta --extern rustc_attr_parsing=/mnt/data1/nix/vendor/rust/cargo2nix/submodules/rust-build/compiler/zombie_driver2/target/debug/deps/librustc_attr_parsing-5a1f561174f84576.rmeta --extern rustc_borrowck=/mnt/data1/nix/vendor/rust/cargo2nix/submodules/rust-build/compiler/zombie_driver2/target/debug/deps/librustc_borrowck-0f2c99f6e9fda801.rmeta --extern rustc_builtin_macros=/mnt/data1/nix/vendor/rust/cargo2nix/submodules/rust-build/compiler/zombie_driver2/target/debug/deps/librustc_builtin_macros-21d65c3727207a09.rmeta --extern rustc_codegen_ssa=/mnt/data1/nix/vendor/rust/cargo2nix/submodules/rust-build/compiler/zombie_driver2/target/debug/deps/librustc_codegen_ssa-58627ced607c9438.rmeta --extern rustc_const_eval=/mnt/data1/nix/vendor/rust/cargo2nix/submodules/rust-build/compiler/zombie_driver2/target/debug/deps/librustc_const_eval-04d7334c33aece71.rmeta --extern rustc_data_structures=/mnt/data1/nix/vendor/rust/cargo2nix/submodules/rust-build/compiler/zombie_driver2/target/debug/deps/librustc_data_structures-7a05c3f43ea74b8d.rmeta --extern rustc_errors=/mnt/data1/nix/vendor/rust/cargo2nix/submodules/rust-build/compiler/zombie_driver2/target/debug/deps/librustc_errors-042ea83da72fde12.rmeta --extern rustc_expand=/mnt/data1/nix/vendor/rust/cargo2nix/submodules/rust-build/compiler/zombie_driver2/target/debug/deps/librustc_expand-4fdda5caa9ef4c80.rmeta --extern rustc_feature=/mnt/data1/nix/vendor/rust/cargo2nix/submodules/rust-build/compiler/zombie_driver2/target/debug/deps/librustc_feature-8b7a1e168a753038.rmeta --extern rustc_fluent_macro=/mnt/data1/nix/vendor/rust/cargo2nix/submodules/rust-build/compiler/zombie_driver2/target/debug/deps/librustc_fluent_macro-d795261342a5a863.so --extern rustc_fs_util=/mnt/data1/nix/vendor/rust/cargo2nix/submodules/rust-build/compiler/zombie_driver2/target/debug/deps/librustc_fs_util-4db11bae1137b760.rmeta --extern rustc_hir=/mnt/data1/nix/vendor/rust/cargo2nix/submodules/rust-build/compiler/zombie_driver2/target/debug/deps/librustc_hir-60bf32f61521f542.rmeta --extern rustc_hir_analysis=/mnt/data1/nix/vendor/rust/cargo2nix/submodules/rust-build/compiler/zombie_driver2/target/debug/deps/librustc_hir_analysis-3e9d450ef92b008e.rmeta --extern rustc_hir_typeck=/mnt/data1/nix/vendor/rust/cargo2nix/submodules/rust-build/compiler/zombie_driver2/target/debug/deps/librustc_hir_typeck-a70c642e8e282aa7.rmeta --extern rustc_incremental=/mnt/data1/nix/vendor/rust/cargo2nix/submodules/rust-build/compiler/zombie_driver2/target/debug/deps/librustc_incremental-e60e7a4b2c61ab1f.rmeta --extern rustc_lint=/mnt/data1/nix/vendor/rust/cargo2nix/submodules/rust-build/compiler/zombie_driver2/target/debug/deps/librustc_lint-9fb9e4ed8d461a70.rmeta --extern rustc_macros=/mnt/data1/nix/vendor/rust/cargo2nix/submodules/rust-build/compiler/zombie_driver2/target/debug/deps/librustc_macros-533b3ebf51685542.so --extern rustc_metadata=/mnt/data1/nix/vendor/rust/cargo2nix/submodules/rust-build/compiler/zombie_driver2/target/debug/deps/librustc_metadata-efbf0dfc64041f00.rmeta --extern rustc_middle=/mnt/data1/nix/vendor/rust/cargo2nix/submodules/rust-build/compiler/zombie_driver2/target/debug/deps/librustc_middle-245c3150683558be.rmeta --extern rustc_mir_build=/mnt/data1/nix/vendor/rust/cargo2nix/submodules/rust-build/compiler/zombie_driver2/target/debug/deps/librustc_mir_build-9f0d49511222e71c.rmeta --extern rustc_mir_transform=/mnt/data1/nix/vendor/rust/cargo2nix/submodules/rust-build/compiler/zombie_driver2/target/debug/deps/librustc_mir_transform-320ce7cd78251c0c.rmeta --extern rustc_monomorphize=/mnt/data1/nix/vendor/rust/cargo2nix/submodules/rust-build/compiler/zombie_driver2/target/debug/deps/librustc_monomorphize-129bfa6cae930845.rmeta --extern rustc_parse=/mnt/data1/nix/vendor/rust/cargo2nix/submodules/rust-build/compiler/zombie_driver2/target/debug/deps/librustc_parse-867e097141c1b310.rmeta --extern rustc_passes=/mnt/data1/nix/vendor/rust/cargo2nix/submodules/rust-build/compiler/zombie_driver2/target/debug/deps/librustc_passes-21118fe9c583c933.rmeta --extern rustc_privacy=/mnt/data1/nix/vendor/rust/cargo2nix/submodules/rust-build/compiler/zombie_driver2/target/debug/deps/librustc_privacy-6cba5d76f986fc5f.rmeta --extern rustc_query_impl=/mnt/data1/nix/vendor/rust/cargo2nix/submodules/rust-build/compiler/zombie_driver2/target/debug/deps/librustc_query_impl-360e701d07584f1b.rmeta --extern rustc_query_system=/mnt/data1/nix/vendor/rust/cargo2nix/submodules/rust-build/compiler/zombie_driver2/target/debug/deps/librustc_query_system-fdb82a57abdd9f77.rmeta --extern rustc_resolve=/mnt/data1/nix/vendor/rust/cargo2nix/submodules/rust-build/compiler/zombie_driver2/target/debug/deps/librustc_resolve-3cbef7edbe67901e.rmeta --extern rustc_session=/mnt/data1/nix/vendor/rust/cargo2nix/submodules/rust-build/compiler/zombie_driver2/target/debug/deps/librustc_session-ad93ec0078fafc82.rmeta --extern rustc_span=/mnt/data1/nix/vendor/rust/cargo2nix/submodules/rust-build/compiler/zombie_driver2/target/debug/deps/librustc_span-cca3b45fe3825eda.rmeta --extern rustc_symbol_mangling=/mnt/data1/nix/vendor/rust/cargo2nix/submodules/rust-build/compiler/zombie_driver2/target/debug/deps/librustc_symbol_mangling-89e5266dc8d43ab2.rmeta --extern rustc_target=/mnt/data1/nix/vendor/rust/cargo2nix/submodules/rust-build/compiler/zombie_driver2/target/debug/deps/librustc_target-5de06d076d06ccca.rmeta --extern rustc_thread_pool=/mnt/data1/nix/vendor/rust/cargo2nix/submodules/rust-build/compiler/zombie_driver2/target/debug/deps/librustc_thread_pool-83aef153b3813075.rmeta --extern rustc_trait_selection=/mnt/data1/nix/vendor/rust/cargo2nix/submodules/rust-build/compiler/zombie_driver2/target/debug/deps/librustc_trait_selection-6f2bf10a906840c8.rmeta --extern rustc_traits=/mnt/data1/nix/vendor/rust/cargo2nix/submodules/rust-build/compiler/zombie_driver2/target/debug/deps/librustc_traits-c794481613b67b14.rmeta --extern rustc_ty_utils=/mnt/data1/nix/vendor/rust/cargo2nix/submodules/rust-build/compiler/zombie_driver2/target/debug/deps/librustc_ty_utils-0af97f67749ea847.rmeta --extern tracing=/mnt/data1/nix/vendor/rust/cargo2nix/submodules/rust-build/compiler/zombie_driver2/target/debug/deps/libtracing-82b3a1ccd9aeceb8.rmeta -L native=/mnt/data1/nix/vendor/rust/cargo2nix/submodules/rust-build/compiler/zombie_driver2/target/debug/build/psm-51115e95e3afce55/out -L native=/mnt/data1/nix/vendor/rust/cargo2nix/submodules/rust-build/compiler/zombie_driver2/target/debug/build/blake3-b449a45f526127c8/out -L native=/mnt/data1/nix/vendor/rust/cargo2nix/submodules/rust-build/compiler/zombie_driver2/target/debug/build/blake3-b449a45f526127c8/out
20:31:55 SKIPPED: rustc --crate-name rustc_interface --edition=2024 /mnt/data1/nix/vendor/rust/cargo2nix/submodules/rust-build/compiler/rustc_interface/src/lib.rs --error-format=json --json=diagnostic-rendered-ansi,artifacts,future-incompat --crate-type lib --emit=dep-info,metadata,link -C embed-bitcode=no -C debuginfo=2 --check-cfg cfg(docsrs,test) --check-cfg cfg(feature, values("check_only", "llvm", "llvm_enzyme")) -C metadata=3f1eef24c3bb33e4 -C extra-filename=-0baff863143ebe73 --out-dir /mnt/data1/nix/vendor/rust/cargo2nix/submodules/rust-build/compiler/zombie_driver2/target/debug/deps -C incremental=/mnt/data1/nix/vendor/rust/cargo2nix/submodules/rust-build/compiler/zombie_driver2/target/debug/incremental -L dependency=/mnt/data1/nix/vendor/rust/cargo2nix/submodules/rust-build/compiler/zombie_driver2/target/debug/deps --extern rustc_ast=/mnt/data1/nix/vendor/rust/cargo2nix/submodules/rust-build/compiler/zombie_driver2/target/debug/deps/librustc_ast-892745d5973bca50.rmeta --extern rustc_ast_lowering=/mnt/data1/nix/vendor/rust/cargo2nix/submodules/rust-build/compiler/zombie_driver2/target/debug/deps/librustc_ast_lowering-3ac4060a84415c65.rmeta --extern rustc_ast_passes=/mnt/data1/nix/vendor/rust/cargo2nix/submodules/rust-build/compiler/zombie_driver2/target/debug/deps/librustc_ast_passes-611ee6033e8ac644.rmeta --extern rustc_ast_pretty=/mnt/data1/nix/vendor/rust/cargo2nix/submodules/rust-build/compiler/zombie_driver2/target/debug/deps/librustc_ast_pretty-5d710bed6e10f481.rmeta --extern rustc_attr_parsing=/mnt/data1/nix/vendor/rust/cargo2nix/submodules/rust-build/compiler/zombie_driver2/target/debug/deps/librustc_attr_parsing-5a1f561174f84576.rmeta --extern rustc_borrowck=/mnt/data1/nix/vendor/rust/cargo2nix/submodules/rust-build/compiler/zombie_driver2/target/debug/deps/librustc_borrowck-0f2c99f6e9fda801.rmeta --extern rustc_builtin_macros=/mnt/data1/nix/vendor/rust/cargo2nix/submodules/rust-build/compiler/zombie_driver2/target/debug/deps/librustc_builtin_macros-21d65c3727207a09.rmeta --extern rustc_codegen_ssa=/mnt/data1/nix/vendor/rust/cargo2nix/submodules/rust-build/compiler/zombie_driver2/target/debug/deps/librustc_codegen_ssa-58627ced607c9438.rmeta --extern rustc_const_eval=/mnt/data1/nix/vendor/rust/cargo2nix/submodules/rust-build/compiler/zombie_driver2/target/debug/deps/librustc_const_eval-04d7334c33aece71.rmeta --extern rustc_data_structures=/mnt/data1/nix/vendor/rust/cargo2nix/submodules/rust-build/compiler/zombie_driver2/target/debug/deps/librustc_data_structures-7a05c3f43ea74b8d.rmeta --extern rustc_errors=/mnt/data1/nix/vendor/rust/cargo2nix/submodules/rust-build/compiler/zombie_driver2/target/debug/deps/librustc_errors-042ea83da72fde12.rmeta --extern rustc_expand=/mnt/data1/nix/vendor/rust/cargo2nix/submodules/rust-build/compiler/zombie_driver2/target/debug/deps/librustc_expand-4fdda5caa9ef4c80.rmeta --extern rustc_feature=/mnt/data1/nix/vendor/rust/cargo2nix/submodules/rust-build/compiler/zombie_driver2/target/debug/deps/librustc_feature-8b7a1e168a753038.rmeta --extern rustc_fluent_macro=/mnt/data1/nix/vendor/rust/cargo2nix/submodules/rust-build/compiler/zombie_driver2/target/debug/deps/librustc_fluent_macro-d795261342a5a863.so --extern rustc_fs_util=/mnt/data1/nix/vendor/rust/cargo2nix/submodules/rust-build/compiler/zombie_driver2/target/debug/deps/librustc_fs_util-4db11bae1137b760.rmeta --extern rustc_hir=/mnt/data1/nix/vendor/rust/cargo2nix/submodules/rust-build/compiler/zombie_driver2/target/debug/deps/librustc_hir-60bf32f61521f542.rmeta --extern rustc_hir_analysis=/mnt/data1/nix/vendor/rust/cargo2nix/submodules/rust-build/compiler/zombie_driver2/target/debug/deps/librustc_hir_analysis-3e9d450ef92b008e.rmeta --extern rustc_hir_typeck=/mnt/data1/nix/vendor/rust/cargo2nix/submodules/rust-build/compiler/zombie_driver2/target/debug/deps/librustc_hir_typeck-a70c642e8e282aa7.rmeta --extern rustc_incremental=/mnt/data1/nix/vendor/rust/cargo2nix/submodules/rust-build/compiler/zombie_driver2/target/debug/deps/librustc_incremental-e60e7a4b2c61ab1f.rmeta --extern rustc_lint=/mnt/data1/nix/vendor/rust/cargo2nix/submodules/rust-build/compiler/zombie_driver2/target/debug/deps/librustc_lint-9fb9e4ed8d461a70.rmeta --extern rustc_macros=/mnt/data1/nix/vendor/rust/cargo2nix/submodules/rust-build/compiler/zombie_driver2/target/debug/deps/librustc_macros-533b3ebf51685542.so --extern rustc_metadata=/mnt/data1/nix/vendor/rust/cargo2nix/submodules/rust-build/compiler/zombie_driver2/target/debug/deps/librustc_metadata-efbf0dfc64041f00.rmeta --extern rustc_middle=/mnt/data1/nix/vendor/rust/cargo2nix/submodules/rust-build/compiler/zombie_driver2/target/debug/deps/librustc_middle-245c3150683558be.rmeta --extern rustc_mir_build=/mnt/data1/nix/vendor/rust/cargo2nix/submodules/rust-build/compiler/zombie_driver2/target/debug/deps/librustc_mir_build-9f0d49511222e71c.rmeta --extern rustc_mir_transform=/mnt/data1/nix/vendor/rust/cargo2nix/submodules/rust-build/compiler/zombie_driver2/target/debug/deps/librustc_mir_transform-320ce7cd78251c0c.rmeta --extern rustc_monomorphize=/mnt/data1/nix/vendor/rust/cargo2nix/submodules/rust-build/compiler/zombie_driver2/target/debug/deps/librustc_monomorphize-129bfa6cae930845.rmeta --extern rustc_parse=/mnt/data1/nix/vendor/rust/cargo2nix/submodules/rust-build/compiler/zombie_driver2/target/debug/deps/librustc_parse-867e097141c1b310.rmeta --extern rustc_passes=/mnt/data1/nix/vendor/rust/cargo2nix/submodules/rust-build/compiler/zombie_driver2/target/debug/deps/librustc_passes-21118fe9c583c933.rmeta --extern rustc_privacy=/mnt/data1/nix/vendor/rust/cargo2nix/submodules/rust-build/compiler/zombie_driver2/target/debug/deps/librustc_privacy-6cba5d76f986fc5f.rmeta --extern rustc_query_impl=/mnt/data1/nix/vendor/rust/cargo2nix/submodules/rust-build/compiler/zombie_driver2/target/debug/deps/librustc_query_impl-360e701d07584f1b.rmeta --extern rustc_query_system=/mnt/data1/nix/vendor/rust/cargo2nix/submodules/rust-build/compiler/zombie_driver2/target/debug/deps/librustc_query_system-fdb82a57abdd9f77.rmeta --extern rustc_resolve=/mnt/data1/nix/vendor/rust/cargo2nix/submodules/rust-build/compiler/zombie_driver2/target/debug/deps/librustc_resolve-3cbef7edbe67901e.rmeta --extern rustc_session=/mnt/data1/nix/vendor/rust/cargo2nix/submodules/rust-build/compiler/zombie_driver2/target/debug/deps/librustc_session-ad93ec0078fafc82.rmeta --extern rustc_span=/mnt/data1/nix/vendor/rust/cargo2nix/submodules/rust-build/compiler/zombie_driver2/target/debug/deps/librustc_span-cca3b45fe3825eda.rmeta --extern rustc_symbol_mangling=/mnt/data1/nix/vendor/rust/cargo2nix/submodules/rust-build/compiler/zombie_driver2/target/debug/deps/librustc_symbol_mangling-89e5266dc8d43ab2.rmeta --extern rustc_target=/mnt/data1/nix/vendor/rust/cargo2nix/submodules/rust-build/compiler/zombie_driver2/target/debug/deps/librustc_target-5de06d076d06ccca.rmeta --extern rustc_thread_pool=/mnt/data1/nix/vendor/rust/cargo2nix/submodules/rust-build/compiler/zombie_driver2/target/debug/deps/librustc_thread_pool-83aef153b3813075.rmeta --extern rustc_trait_selection=/mnt/data1/nix/vendor/rust/cargo2nix/submodules/rust-build/compiler/zombie_driver2/target/debug/deps/librustc_trait_selection-6f2bf10a906840c8.rmeta --extern rustc_traits=/mnt/data1/nix/vendor/rust/cargo2nix/submodules/rust-build/compiler/zombie_driver2/target/debug/deps/librustc_traits-c794481613b67b14.rmeta --extern rustc_ty_utils=/mnt/data1/nix/vendor/rust/cargo2nix/submodules/rust-build/compiler/zombie_driver2/target/debug/deps/librustc_ty_utils-0af97f67749ea847.rmeta --extern tracing=/mnt/data1/nix/vendor/rust/cargo2nix/submodules/rust-build/compiler/zombie_driver2/target/debug/deps/libtracing-82b3a1ccd9aeceb8.rmeta -L native=/mnt/data1/nix/vendor/rust/cargo2nix/submodules/rust-build/compiler/zombie_driver2/target/debug/build/psm-51115e95e3afce55/out -L native=/mnt/data1/nix/vendor/rust/cargo2nix/submodules/rust-build/compiler/zombie_driver2/target/debug/build/blake3-b449a45f526127c8/out -L native=/mnt/data1/nix/vendor/rust/cargo2nix/submodules/rust-build/compiler/zombie_driver2/target/debug/build/blake3-b449a45f526127c8/out
20:34:40 SKIPPED: rustc --crate-name rustc_interface --edition=2024 /mnt/data1/nix/vendor/rust/cargo2nix/submodules/rust-build/compiler/rustc_interface/src/lib.rs --error-format=json --json=diagnostic-rendered-ansi,artifacts,future-incompat --crate-type lib --emit=dep-info,metadata,link -C embed-bitcode=no -C debuginfo=2 --check-cfg cfg(docsrs,test) --check-cfg cfg(feature, values("check_only", "llvm", "llvm_enzyme")) -C metadata=3f1eef24c3bb33e4 -C extra-filename=-0baff863143ebe73 --out-dir /mnt/data1/nix/vendor/rust/cargo2nix/submodules/rust-build/compiler/zombie_driver2/target/debug/deps -C incremental=/mnt/data1/nix/vendor/rust/cargo2nix/submodules/rust-build/compiler/zombie_driver2/target/debug/incremental -L dependency=/mnt/data1/nix/vendor/rust/cargo2nix/submodules/rust-build/compiler/zombie_driver2/target/debug/deps --extern rustc_ast=/mnt/data1/nix/vendor/rust/cargo2nix/submodules/rust-build/compiler/zombie_driver2/target/debug/deps/librustc_ast-892745d5973bca50.rmeta --extern rustc_ast_lowering=/mnt/data1/nix/vendor/rust/cargo2nix/submodules/rust-build/compiler/zombie_driver2/target/debug/deps/librustc_ast_lowering-3ac4060a84415c65.rmeta --extern rustc_ast_passes=/mnt/data1/nix/vendor/rust/cargo2nix/submodules/rust-build/compiler/zombie_driver2/target/debug/deps/librustc_ast_passes-611ee6033e8ac644.rmeta --extern rustc_ast_pretty=/mnt/data1/nix/vendor/rust/cargo2nix/submodules/rust-build/compiler/zombie_driver2/target/debug/deps/librustc_ast_pretty-5d710bed6e10f481.rmeta --extern rustc_attr_parsing=/mnt/data1/nix/vendor/rust/cargo2nix/submodules/rust-build/compiler/zombie_driver2/target/debug/deps/librustc_attr_parsing-5a1f561174f84576.rmeta --extern rustc_borrowck=/mnt/data1/nix/vendor/rust/cargo2nix/submodules/rust-build/compiler/zombie_driver2/target/debug/deps/librustc_borrowck-0f2c99f6e9fda801.rmeta --extern rustc_builtin_macros=/mnt/data1/nix/vendor/rust/cargo2nix/submodules/rust-build/compiler/zombie_driver2/target/debug/deps/librustc_builtin_macros-21d65c3727207a09.rmeta --extern rustc_codegen_ssa=/mnt/data1/nix/vendor/rust/cargo2nix/submodules/rust-build/compiler/zombie_driver2/target/debug/deps/librustc_codegen_ssa-58627ced607c9438.rmeta --extern rustc_const_eval=/mnt/data1/nix/vendor/rust/cargo2nix/submodules/rust-build/compiler/zombie_driver2/target/debug/deps/librustc_const_eval-04d7334c33aece71.rmeta --extern rustc_data_structures=/mnt/data1/nix/vendor/rust/cargo2nix/submodules/rust-build/compiler/zombie_driver2/target/debug/deps/librustc_data_structures-7a05c3f43ea74b8d.rmeta --extern rustc_errors=/mnt/data1/nix/vendor/rust/cargo2nix/submodules/rust-build/compiler/zombie_driver2/target/debug/deps/librustc_errors-042ea83da72fde12.rmeta --extern rustc_expand=/mnt/data1/nix/vendor/rust/cargo2nix/submodules/rust-build/compiler/zombie_driver2/target/debug/deps/librustc_expand-4fdda5caa9ef4c80.rmeta --extern rustc_feature=/mnt/data1/nix/vendor/rust/cargo2nix/submodules/rust-build/compiler/zombie_driver2/target/debug/deps/librustc_feature-8b7a1e168a753038.rmeta --extern rustc_fluent_macro=/mnt/data1/nix/vendor/rust/cargo2nix/submodules/rust-build/compiler/zombie_driver2/target/debug/deps/librustc_fluent_macro-d795261342a5a863.so --extern rustc_fs_util=/mnt/data1/nix/vendor/rust/cargo2nix/submodules/rust-build/compiler/zombie_driver2/target/debug/deps/librustc_fs_util-4db11bae1137b760.rmeta --extern rustc_hir=/mnt/data1/nix/vendor/rust/cargo2nix/submodules/rust-build/compiler/zombie_driver2/target/debug/deps/librustc_hir-60bf32f61521f542.rmeta --extern rustc_hir_analysis=/mnt/data1/nix/vendor/rust/cargo2nix/submodules/rust-build/compiler/zombie_driver2/target/debug/deps/librustc_hir_analysis-3e9d450ef92b008e.rmeta --extern rustc_hir_typeck=/mnt/data1/nix/vendor/rust/cargo2nix/submodules/rust-build/compiler/zombie_driver2/target/debug/deps/librustc_hir_typeck-a70c642e8e282aa7.rmeta --extern rustc_incremental=/mnt/data1/nix/vendor/rust/cargo2nix/submodules/rust-build/compiler/zombie_driver2/target/debug/deps/librustc_incremental-e60e7a4b2c61ab1f.rmeta --extern rustc_lint=/mnt/data1/nix/vendor/rust/cargo2nix/submodules/rust-build/compiler/zombie_driver2/target/debug/deps/librustc_lint-9fb9e4ed8d461a70.rmeta --extern rustc_macros=/mnt/data1/nix/vendor/rust/cargo2nix/submodules/rust-build/compiler/zombie_driver2/target/debug/deps/librustc_macros-533b3ebf51685542.so --extern rustc_metadata=/mnt/data1/nix/vendor/rust/cargo2nix/submodules/rust-build/compiler/zombie_driver2/target/debug/deps/librustc_metadata-efbf0dfc64041f00.rmeta --extern rustc_middle=/mnt/data1/nix/vendor/rust/cargo2nix/submodules/rust-build/compiler/zombie_driver2/target/debug/deps/librustc_middle-245c3150683558be.rmeta --extern rustc_mir_build=/mnt/data1/nix/vendor/rust/cargo2nix/submodules/rust-build/compiler/zombie_driver2/target/debug/deps/librustc_mir_build-9f0d49511222e71c.rmeta --extern rustc_mir_transform=/mnt/data1/nix/vendor/rust/cargo2nix/submodules/rust-build/compiler/zombie_driver2/target/debug/deps/librustc_mir_transform-320ce7cd78251c0c.rmeta --extern rustc_monomorphize=/mnt/data1/nix/vendor/rust/cargo2nix/submodules/rust-build/compiler/zombie_driver2/target/debug/deps/librustc_monomorphize-129bfa6cae930845.rmeta --extern rustc_parse=/mnt/data1/nix/vendor/rust/cargo2nix/submodules/rust-build/compiler/zombie_driver2/target/debug/deps/librustc_parse-867e097141c1b310.rmeta --extern rustc_passes=/mnt/data1/nix/vendor/rust/cargo2nix/submodules/rust-build/compiler/zombie_driver2/target/debug/deps/librustc_passes-21118fe9c583c933.rmeta --extern rustc_privacy=/mnt/data1/nix/vendor/rust/cargo2nix/submodules/rust-build/compiler/zombie_driver2/target/debug/deps/librustc_privacy-6cba5d76f986fc5f.rmeta --extern rustc_query_impl=/mnt/data1/nix/vendor/rust/cargo2nix/submodules/rust-build/compiler/zombie_driver2/target/debug/deps/librustc_query_impl-360e701d07584f1b.rmeta --extern rustc_query_system=/mnt/data1/nix/vendor/rust/cargo2nix/submodules/rust-build/compiler/zombie_driver2/target/debug/deps/librustc_query_system-fdb82a57abdd9f77.rmeta --extern rustc_resolve=/mnt/data1/nix/vendor/rust/cargo2nix/submodules/rust-build/compiler/zombie_driver2/target/debug/deps/librustc_resolve-3cbef7edbe67901e.rmeta --extern rustc_session=/mnt/data1/nix/vendor/rust/cargo2nix/submodules/rust-build/compiler/zombie_driver2/target/debug/deps/librustc_session-ad93ec0078fafc82.rmeta --extern rustc_span=/mnt/data1/nix/vendor/rust/cargo2nix/submodules/rust-build/compiler/zombie_driver2/target/debug/deps/librustc_span-cca3b45fe3825eda.rmeta --extern rustc_symbol_mangling=/mnt/data1/nix/vendor/rust/cargo2nix/submodules/rust-build/compiler/zombie_driver2/target/debug/deps/librustc_symbol_mangling-89e5266dc8d43ab2.rmeta --extern rustc_target=/mnt/data1/nix/vendor/rust/cargo2nix/submodules/rust-build/compiler/zombie_driver2/target/debug/deps/librustc_target-5de06d076d06ccca.rmeta --extern rustc_thread_pool=/mnt/data1/nix/vendor/rust/cargo2nix/submodules/rust-build/compiler/zombie_driver2/target/debug/deps/librustc_thread_pool-83aef153b3813075.rmeta --extern rustc_trait_selection=/mnt/data1/nix/vendor/rust/cargo2nix/submodules/rust-build/compiler/zombie_driver2/target/debug/deps/librustc_trait_selection-6f2bf10a906840c8.rmeta --extern rustc_traits=/mnt/data1/nix/vendor/rust/cargo2nix/submodules/rust-build/compiler/zombie_driver2/target/debug/deps/librustc_traits-c794481613b67b14.rmeta --extern rustc_ty_utils=/mnt/data1/nix/vendor/rust/cargo2nix/submodules/rust-build/compiler/zombie_driver2/target/debug/deps/librustc_ty_utils-0af97f67749ea847.rmeta --extern tracing=/mnt/data1/nix/vendor/rust/cargo2nix/submodules/rust-build/compiler/zombie_driver2/target/debug/deps/libtracing-82b3a1ccd9aeceb8.rmeta -L native=/mnt/data1/nix/vendor/rust/cargo2nix/submodules/rust-build/compiler/zombie_driver2/target/debug/build/psm-51115e95e3afce55/out -L native=/mnt/data1/nix/vendor/rust/cargo2nix/submodules/rust-build/compiler/zombie_driver2/target/debug/build/blake3-b449a45f526127c8/out -L native=/mnt/data1/nix/vendor/rust/cargo2nix/submodules/rust-build/compiler/zombie_driver2/target/debug/build/blake3-b449a45f526127c8/out
20:35:00 SKIPPED: rustc --crate-name rustc_interface --edition=2024 /mnt/data1/nix/vendor/rust/cargo2nix/submodules/rust-build/compiler/rustc_interface/src/lib.rs --error-format=json --json=diagnostic-rendered-ansi,artifacts,future-incompat --crate-type lib --emit=dep-info,metadata,link -C embed-bitcode=no -C debuginfo=2 --check-cfg cfg(docsrs,test) --check-cfg cfg(feature, values("check_only", "llvm", "llvm_enzyme")) -C metadata=3f1eef24c3bb33e4 -C extra-filename=-0baff863143ebe73 --out-dir /mnt/data1/nix/vendor/rust/cargo2nix/submodules/rust-build/compiler/zombie_driver2/target/debug/deps -C incremental=/mnt/data1/nix/vendor/rust/cargo2nix/submodules/rust-build/compiler/zombie_driver2/target/debug/incremental -L dependency=/mnt/data1/nix/vendor/rust/cargo2nix/submodules/rust-build/compiler/zombie_driver2/target/debug/deps --extern rustc_ast=/mnt/data1/nix/vendor/rust/cargo2nix/submodules/rust-build/compiler/zombie_driver2/target/debug/deps/librustc_ast-892745d5973bca50.rmeta --extern rustc_ast_lowering=/mnt/data1/nix/vendor/rust/cargo2nix/submodules/rust-build/compiler/zombie_driver2/target/debug/deps/librustc_ast_lowering-3ac4060a84415c65.rmeta --extern rustc_ast_passes=/mnt/data1/nix/vendor/rust/cargo2nix/submodules/rust-build/compiler/zombie_driver2/target/debug/deps/librustc_ast_passes-611ee6033e8ac644.rmeta --extern rustc_ast_pretty=/mnt/data1/nix/vendor/rust/cargo2nix/submodules/rust-build/compiler/zombie_driver2/target/debug/deps/librustc_ast_pretty-5d710bed6e10f481.rmeta --extern rustc_attr_parsing=/mnt/data1/nix/vendor/rust/cargo2nix/submodules/rust-build/compiler/zombie_driver2/target/debug/deps/librustc_attr_parsing-5a1f561174f84576.rmeta --extern rustc_borrowck=/mnt/data1/nix/vendor/rust/cargo2nix/submodules/rust-build/compiler/zombie_driver2/target/debug/deps/librustc_borrowck-0f2c99f6e9fda801.rmeta --extern rustc_builtin_macros=/mnt/data1/nix/vendor/rust/cargo2nix/submodules/rust-build/compiler/zombie_driver2/target/debug/deps/librustc_builtin_macros-21d65c3727207a09.rmeta --extern rustc_codegen_ssa=/mnt/data1/nix/vendor/rust/cargo2nix/submodules/rust-build/compiler/zombie_driver2/target/debug/deps/librustc_codegen_ssa-58627ced607c9438.rmeta --extern rustc_const_eval=/mnt/data1/nix/vendor/rust/cargo2nix/submodules/rust-build/compiler/zombie_driver2/target/debug/deps/librustc_const_eval-04d7334c33aece71.rmeta --extern rustc_data_structures=/mnt/data1/nix/vendor/rust/cargo2nix/submodules/rust-build/compiler/zombie_driver2/target/debug/deps/librustc_data_structures-7a05c3f43ea74b8d.rmeta --extern rustc_errors=/mnt/data1/nix/vendor/rust/cargo2nix/submodules/rust-build/compiler/zombie_driver2/target/debug/deps/librustc_errors-042ea83da72fde12.rmeta --extern rustc_expand=/mnt/data1/nix/vendor/rust/cargo2nix/submodules/rust-build/compiler/zombie_driver2/target/debug/deps/librustc_expand-4fdda5caa9ef4c80.rmeta --extern rustc_feature=/mnt/data1/nix/vendor/rust/cargo2nix/submodules/rust-build/compiler/zombie_driver2/target/debug/deps/librustc_feature-8b7a1e168a753038.rmeta --extern rustc_fluent_macro=/mnt/data1/nix/vendor/rust/cargo2nix/submodules/rust-build/compiler/zombie_driver2/target/debug/deps/librustc_fluent_macro-d795261342a5a863.so --extern rustc_fs_util=/mnt/data1/nix/vendor/rust/cargo2nix/submodules/rust-build/compiler/zombie_driver2/target/debug/deps/librustc_fs_util-4db11bae1137b760.rmeta --extern rustc_hir=/mnt/data1/nix/vendor/rust/cargo2nix/submodules/rust-build/compiler/zombie_driver2/target/debug/deps/librustc_hir-60bf32f61521f542.rmeta --extern rustc_hir_analysis=/mnt/data1/nix/vendor/rust/cargo2nix/submodules/rust-build/compiler/zombie_driver2/target/debug/deps/librustc_hir_analysis-3e9d450ef92b008e.rmeta --extern rustc_hir_typeck=/mnt/data1/nix/vendor/rust/cargo2nix/submodules/rust-build/compiler/zombie_driver2/target/debug/deps/librustc_hir_typeck-a70c642e8e282aa7.rmeta --extern rustc_incremental=/mnt/data1/nix/vendor/rust/cargo2nix/submodules/rust-build/compiler/zombie_driver2/target/debug/deps/librustc_incremental-e60e7a4b2c61ab1f.rmeta --extern rustc_lint=/mnt/data1/nix/vendor/rust/cargo2nix/submodules/rust-build/compiler/zombie_driver2/target/debug/deps/librustc_lint-9fb9e4ed8d461a70.rmeta --extern rustc_macros=/mnt/data1/nix/vendor/rust/cargo2nix/submodules/rust-build/compiler/zombie_driver2/target/debug/deps/librustc_macros-533b3ebf51685542.so --extern rustc_metadata=/mnt/data1/nix/vendor/rust/cargo2nix/submodules/rust-build/compiler/zombie_driver2/target/debug/deps/librustc_metadata-efbf0dfc64041f00.rmeta --extern rustc_middle=/mnt/data1/nix/vendor/rust/cargo2nix/submodules/rust-build/compiler/zombie_driver2/target/debug/deps/librustc_middle-245c3150683558be.rmeta --extern rustc_mir_build=/mnt/data1/nix/vendor/rust/cargo2nix/submodules/rust-build/compiler/zombie_driver2/target/debug/deps/librustc_mir_build-9f0d49511222e71c.rmeta --extern rustc_mir_transform=/mnt/data1/nix/vendor/rust/cargo2nix/submodules/rust-build/compiler/zombie_driver2/target/debug/deps/librustc_mir_transform-320ce7cd78251c0c.rmeta --extern rustc_monomorphize=/mnt/data1/nix/vendor/rust/cargo2nix/submodules/rust-build/compiler/zombie_driver2/target/debug/deps/librustc_monomorphize-129bfa6cae930845.rmeta --extern rustc_parse=/mnt/data1/nix/vendor/rust/cargo2nix/submodules/rust-build/compiler/zombie_driver2/target/debug/deps/librustc_parse-867e097141c1b310.rmeta --extern rustc_passes=/mnt/data1/nix/vendor/rust/cargo2nix/submodules/rust-build/compiler/zombie_driver2/target/debug/deps/librustc_passes-21118fe9c583c933.rmeta --extern rustc_privacy=/mnt/data1/nix/vendor/rust/cargo2nix/submodules/rust-build/compiler/zombie_driver2/target/debug/deps/librustc_privacy-6cba5d76f986fc5f.rmeta --extern rustc_query_impl=/mnt/data1/nix/vendor/rust/cargo2nix/submodules/rust-build/compiler/zombie_driver2/target/debug/deps/librustc_query_impl-360e701d07584f1b.rmeta --extern rustc_query_system=/mnt/data1/nix/vendor/rust/cargo2nix/submodules/rust-build/compiler/zombie_driver2/target/debug/deps/librustc_query_system-fdb82a57abdd9f77.rmeta --extern rustc_resolve=/mnt/data1/nix/vendor/rust/cargo2nix/submodules/rust-build/compiler/zombie_driver2/target/debug/deps/librustc_resolve-3cbef7edbe67901e.rmeta --extern rustc_session=/mnt/data1/nix/vendor/rust/cargo2nix/submodules/rust-build/compiler/zombie_driver2/target/debug/deps/librustc_session-ad93ec0078fafc82.rmeta --extern rustc_span=/mnt/data1/nix/vendor/rust/cargo2nix/submodules/rust-build/compiler/zombie_driver2/target/debug/deps/librustc_span-cca3b45fe3825eda.rmeta --extern rustc_symbol_mangling=/mnt/data1/nix/vendor/rust/cargo2nix/submodules/rust-build/compiler/zombie_driver2/target/debug/deps/librustc_symbol_mangling-89e5266dc8d43ab2.rmeta --extern rustc_target=/mnt/data1/nix/vendor/rust/cargo2nix/submodules/rust-build/compiler/zombie_driver2/target/debug/deps/librustc_target-5de06d076d06ccca.rmeta --extern rustc_thread_pool=/mnt/data1/nix/vendor/rust/cargo2nix/submodules/rust-build/compiler/zombie_driver2/target/debug/deps/librustc_thread_pool-83aef153b3813075.rmeta --extern rustc_trait_selection=/mnt/data1/nix/vendor/rust/cargo2nix/submodules/rust-build/compiler/zombie_driver2/target/debug/deps/librustc_trait_selection-6f2bf10a906840c8.rmeta --extern rustc_traits=/mnt/data1/nix/vendor/rust/cargo2nix/submodules/rust-build/compiler/zombie_driver2/target/debug/deps/librustc_traits-c794481613b67b14.rmeta --extern rustc_ty_utils=/mnt/data1/nix/vendor/rust/cargo2nix/submodules/rust-build/compiler/zombie_driver2/target/debug/deps/librustc_ty_utils-0af97f67749ea847.rmeta --extern tracing=/mnt/data1/nix/vendor/rust/cargo2nix/submodules/rust-build/compiler/zombie_driver2/target/debug/deps/libtracing-82b3a1ccd9aeceb8.rmeta -L native=/mnt/data1/nix/vendor/rust/cargo2nix/submodules/rust-build/compiler/zombie_driver2/target/debug/build/psm-51115e95e3afce55/out -L native=/mnt/data1/nix/vendor/rust/cargo2nix/submodules/rust-build/compiler/zombie_driver2/target/debug/build/blake3-b449a45f526127c8/out -L native=/mnt/data1/nix/vendor/rust/cargo2nix/submodules/rust-build/compiler/zombie_driver2/target/debug/build/blake3-b449a45f526127c8/out
20:35:46 SKIPPED: rustc --crate-name rustc_interface --edition=2024 /mnt/data1/nix/vendor/rust/cargo2nix/submodules/rust-build/compiler/rustc_interface/src/lib.rs --error-format=json --json=diagnostic-rendered-ansi,artifacts,future-incompat --crate-type lib --emit=dep-info,metadata,link -C embed-bitcode=no -C debuginfo=2 --check-cfg cfg(docsrs,test) --check-cfg cfg(feature, values("check_only", "llvm", "llvm_enzyme")) -C metadata=3f1eef24c3bb33e4 -C extra-filename=-0baff863143ebe73 --out-dir /mnt/data1/nix/vendor/rust/cargo2nix/submodules/rust-build/compiler/zombie_driver2/target/debug/deps -C incremental=/mnt/data1/nix/vendor/rust/cargo2nix/submodules/rust-build/compiler/zombie_driver2/target/debug/incremental -L dependency=/mnt/data1/nix/vendor/rust/cargo2nix/submodules/rust-build/compiler/zombie_driver2/target/debug/deps --extern rustc_ast=/mnt/data1/nix/vendor/rust/cargo2nix/submodules/rust-build/compiler/zombie_driver2/target/debug/deps/librustc_ast-892745d5973bca50.rmeta --extern rustc_ast_lowering=/mnt/data1/nix/vendor/rust/cargo2nix/submodules/rust-build/compiler/zombie_driver2/target/debug/deps/librustc_ast_lowering-3ac4060a84415c65.rmeta --extern rustc_ast_passes=/mnt/data1/nix/vendor/rust/cargo2nix/submodules/rust-build/compiler/zombie_driver2/target/debug/deps/librustc_ast_passes-611ee6033e8ac644.rmeta --extern rustc_ast_pretty=/mnt/data1/nix/vendor/rust/cargo2nix/submodules/rust-build/compiler/zombie_driver2/target/debug/deps/librustc_ast_pretty-5d710bed6e10f481.rmeta --extern rustc_attr_parsing=/mnt/data1/nix/vendor/rust/cargo2nix/submodules/rust-build/compiler/zombie_driver2/target/debug/deps/librustc_attr_parsing-5a1f561174f84576.rmeta --extern rustc_borrowck=/mnt/data1/nix/vendor/rust/cargo2nix/submodules/rust-build/compiler/zombie_driver2/target/debug/deps/librustc_borrowck-0f2c99f6e9fda801.rmeta --extern rustc_builtin_macros=/mnt/data1/nix/vendor/rust/cargo2nix/submodules/rust-build/compiler/zombie_driver2/target/debug/deps/librustc_builtin_macros-21d65c3727207a09.rmeta --extern rustc_codegen_ssa=/mnt/data1/nix/vendor/rust/cargo2nix/submodules/rust-build/compiler/zombie_driver2/target/debug/deps/librustc_codegen_ssa-58627ced607c9438.rmeta --extern rustc_const_eval=/mnt/data1/nix/vendor/rust/cargo2nix/submodules/rust-build/compiler/zombie_driver2/target/debug/deps/librustc_const_eval-04d7334c33aece71.rmeta --extern rustc_data_structures=/mnt/data1/nix/vendor/rust/cargo2nix/submodules/rust-build/compiler/zombie_driver2/target/debug/deps/librustc_data_structures-7a05c3f43ea74b8d.rmeta --extern rustc_errors=/mnt/data1/nix/vendor/rust/cargo2nix/submodules/rust-build/compiler/zombie_driver2/target/debug/deps/librustc_errors-042ea83da72fde12.rmeta --extern rustc_expand=/mnt/data1/nix/vendor/rust/cargo2nix/submodules/rust-build/compiler/zombie_driver2/target/debug/deps/librustc_expand-4fdda5caa9ef4c80.rmeta --extern rustc_feature=/mnt/data1/nix/vendor/rust/cargo2nix/submodules/rust-build/compiler/zombie_driver2/target/debug/deps/librustc_feature-8b7a1e168a753038.rmeta --extern rustc_fluent_macro=/mnt/data1/nix/vendor/rust/cargo2nix/submodules/rust-build/compiler/zombie_driver2/target/debug/deps/librustc_fluent_macro-d795261342a5a863.so --extern rustc_fs_util=/mnt/data1/nix/vendor/rust/cargo2nix/submodules/rust-build/compiler/zombie_driver2/target/debug/deps/librustc_fs_util-4db11bae1137b760.rmeta --extern rustc_hir=/mnt/data1/nix/vendor/rust/cargo2nix/submodules/rust-build/compiler/zombie_driver2/target/debug/deps/librustc_hir-60bf32f61521f542.rmeta --extern rustc_hir_analysis=/mnt/data1/nix/vendor/rust/cargo2nix/submodules/rust-build/compiler/zombie_driver2/target/debug/deps/librustc_hir_analysis-3e9d450ef92b008e.rmeta --extern rustc_hir_typeck=/mnt/data1/nix/vendor/rust/cargo2nix/submodules/rust-build/compiler/zombie_driver2/target/debug/deps/librustc_hir_typeck-a70c642e8e282aa7.rmeta --extern rustc_incremental=/mnt/data1/nix/vendor/rust/cargo2nix/submodules/rust-build/compiler/zombie_driver2/target/debug/deps/librustc_incremental-e60e7a4b2c61ab1f.rmeta --extern rustc_lint=/mnt/data1/nix/vendor/rust/cargo2nix/submodules/rust-build/compiler/zombie_driver2/target/debug/deps/librustc_lint-9fb9e4ed8d461a70.rmeta --extern rustc_macros=/mnt/data1/nix/vendor/rust/cargo2nix/submodules/rust-build/compiler/zombie_driver2/target/debug/deps/librustc_macros-533b3ebf51685542.so --extern rustc_metadata=/mnt/data1/nix/vendor/rust/cargo2nix/submodules/rust-build/compiler/zombie_driver2/target/debug/deps/librustc_metadata-efbf0dfc64041f00.rmeta --extern rustc_middle=/mnt/data1/nix/vendor/rust/cargo2nix/submodules/rust-build/compiler/zombie_driver2/target/debug/deps/librustc_middle-245c3150683558be.rmeta --extern rustc_mir_build=/mnt/data1/nix/vendor/rust/cargo2nix/submodules/rust-build/compiler/zombie_driver2/target/debug/deps/librustc_mir_build-9f0d49511222e71c.rmeta --extern rustc_mir_transform=/mnt/data1/nix/vendor/rust/cargo2nix/submodules/rust-build/compiler/zombie_driver2/target/debug/deps/librustc_mir_transform-320ce7cd78251c0c.rmeta --extern rustc_monomorphize=/mnt/data1/nix/vendor/rust/cargo2nix/submodules/rust-build/compiler/zombie_driver2/target/debug/deps/librustc_monomorphize-129bfa6cae930845.rmeta --extern rustc_parse=/mnt/data1/nix/vendor/rust/cargo2nix/submodules/rust-build/compiler/zombie_driver2/target/debug/deps/librustc_parse-867e097141c1b310.rmeta --extern rustc_passes=/mnt/data1/nix/vendor/rust/cargo2nix/submodules/rust-build/compiler/zombie_driver2/target/debug/deps/librustc_passes-21118fe9c583c933.rmeta --extern rustc_privacy=/mnt/data1/nix/vendor/rust/cargo2nix/submodules/rust-build/compiler/zombie_driver2/target/debug/deps/librustc_privacy-6cba5d76f986fc5f.rmeta --extern rustc_query_impl=/mnt/data1/nix/vendor/rust/cargo2nix/submodules/rust-build/compiler/zombie_driver2/target/debug/deps/librustc_query_impl-360e701d07584f1b.rmeta --extern rustc_query_system=/mnt/data1/nix/vendor/rust/cargo2nix/submodules/rust-build/compiler/zombie_driver2/target/debug/deps/librustc_query_system-fdb82a57abdd9f77.rmeta --extern rustc_resolve=/mnt/data1/nix/vendor/rust/cargo2nix/submodules/rust-build/compiler/zombie_driver2/target/debug/deps/librustc_resolve-3cbef7edbe67901e.rmeta --extern rustc_session=/mnt/data1/nix/vendor/rust/cargo2nix/submodules/rust-build/compiler/zombie_driver2/target/debug/deps/librustc_session-ad93ec0078fafc82.rmeta --extern rustc_span=/mnt/data1/nix/vendor/rust/cargo2nix/submodules/rust-build/compiler/zombie_driver2/target/debug/deps/librustc_span-cca3b45fe3825eda.rmeta --extern rustc_symbol_mangling=/mnt/data1/nix/vendor/rust/cargo2nix/submodules/rust-build/compiler/zombie_driver2/target/debug/deps/librustc_symbol_mangling-89e5266dc8d43ab2.rmeta --extern rustc_target=/mnt/data1/nix/vendor/rust/cargo2nix/submodules/rust-build/compiler/zombie_driver2/target/debug/deps/librustc_target-5de06d076d06ccca.rmeta --extern rustc_thread_pool=/mnt/data1/nix/vendor/rust/cargo2nix/submodules/rust-build/compiler/zombie_driver2/target/debug/deps/librustc_thread_pool-83aef153b3813075.rmeta --extern rustc_trait_selection=/mnt/data1/nix/vendor/rust/cargo2nix/submodules/rust-build/compiler/zombie_driver2/target/debug/deps/librustc_trait_selection-6f2bf10a906840c8.rmeta --extern rustc_traits=/mnt/data1/nix/vendor/rust/cargo2nix/submodules/rust-build/compiler/zombie_driver2/target/debug/deps/librustc_traits-c794481613b67b14.rmeta --extern rustc_ty_utils=/mnt/data1/nix/vendor/rust/cargo2nix/submodules/rust-build/compiler/zombie_driver2/target/debug/deps/librustc_ty_utils-0af97f67749ea847.rmeta --extern tracing=/mnt/data1/nix/vendor/rust/cargo2nix/submodules/rust-build/compiler/zombie_driver2/target/debug/deps/libtracing-82b3a1ccd9aeceb8.rmeta -L native=/mnt/data1/nix/vendor/rust/cargo2nix/submodules/rust-build/compiler/zombie_driver2/target/debug/build/psm-51115e95e3afce55/out -L native=/mnt/data1/nix/vendor/rust/cargo2nix/submodules/rust-build/compiler/zombie_driver2/target/debug/build/blake3-b449a45f526127c8/out -L native=/mnt/data1/nix/vendor/rust/cargo2nix/submodules/rust-build/compiler/zombie_driver2/target/debug/build/blake3-b449a45f526127c8/out
20:36:03 SKIPPED: rustc --crate-name rustc_interface --edition=2024 /mnt/data1/nix/vendor/rust/cargo2nix/submodules/rust-build/compiler/rustc_interface/src/lib.rs --error-format=json --json=diagnostic-rendered-ansi,artifacts,future-incompat --crate-type lib --emit=dep-info,metadata,link -C embed-bitcode=no -C debuginfo=2 --check-cfg cfg(docsrs,test) --check-cfg cfg(feature, values("check_only", "llvm", "llvm_enzyme")) -C metadata=3f1eef24c3bb33e4 -C extra-filename=-0baff863143ebe73 --out-dir /mnt/data1/nix/vendor/rust/cargo2nix/submodules/rust-build/compiler/zombie_driver2/target/debug/deps -C incremental=/mnt/data1/nix/vendor/rust/cargo2nix/submodules/rust-build/compiler/zombie_driver2/target/debug/incremental -L dependency=/mnt/data1/nix/vendor/rust/cargo2nix/submodules/rust-build/compiler/zombie_driver2/target/debug/deps --extern rustc_ast=/mnt/data1/nix/vendor/rust/cargo2nix/submodules/rust-build/compiler/zombie_driver2/target/debug/deps/librustc_ast-892745d5973bca50.rmeta --extern rustc_ast_lowering=/mnt/data1/nix/vendor/rust/cargo2nix/submodules/rust-build/compiler/zombie_driver2/target/debug/deps/librustc_ast_lowering-3ac4060a84415c65.rmeta --extern rustc_ast_passes=/mnt/data1/nix/vendor/rust/cargo2nix/submodules/rust-build/compiler/zombie_driver2/target/debug/deps/librustc_ast_passes-611ee6033e8ac644.rmeta --extern rustc_ast_pretty=/mnt/data1/nix/vendor/rust/cargo2nix/submodules/rust-build/compiler/zombie_driver2/target/debug/deps/librustc_ast_pretty-5d710bed6e10f481.rmeta --extern rustc_attr_parsing=/mnt/data1/nix/vendor/rust/cargo2nix/submodules/rust-build/compiler/zombie_driver2/target/debug/deps/librustc_attr_parsing-5a1f561174f84576.rmeta --extern rustc_borrowck=/mnt/data1/nix/vendor/rust/cargo2nix/submodules/rust-build/compiler/zombie_driver2/target/debug/deps/librustc_borrowck-0f2c99f6e9fda801.rmeta --extern rustc_builtin_macros=/mnt/data1/nix/vendor/rust/cargo2nix/submodules/rust-build/compiler/zombie_driver2/target/debug/deps/librustc_builtin_macros-21d65c3727207a09.rmeta --extern rustc_codegen_ssa=/mnt/data1/nix/vendor/rust/cargo2nix/submodules/rust-build/compiler/zombie_driver2/target/debug/deps/librustc_codegen_ssa-58627ced607c9438.rmeta --extern rustc_const_eval=/mnt/data1/nix/vendor/rust/cargo2nix/submodules/rust-build/compiler/zombie_driver2/target/debug/deps/librustc_const_eval-04d7334c33aece71.rmeta --extern rustc_data_structures=/mnt/data1/nix/vendor/rust/cargo2nix/submodules/rust-build/compiler/zombie_driver2/target/debug/deps/librustc_data_structures-7a05c3f43ea74b8d.rmeta --extern rustc_errors=/mnt/data1/nix/vendor/rust/cargo2nix/submodules/rust-build/compiler/zombie_driver2/target/debug/deps/librustc_errors-042ea83da72fde12.rmeta --extern rustc_expand=/mnt/data1/nix/vendor/rust/cargo2nix/submodules/rust-build/compiler/zombie_driver2/target/debug/deps/librustc_expand-4fdda5caa9ef4c80.rmeta --extern rustc_feature=/mnt/data1/nix/vendor/rust/cargo2nix/submodules/rust-build/compiler/zombie_driver2/target/debug/deps/librustc_feature-8b7a1e168a753038.rmeta --extern rustc_fluent_macro=/mnt/data1/nix/vendor/rust/cargo2nix/submodules/rust-build/compiler/zombie_driver2/target/debug/deps/librustc_fluent_macro-d795261342a5a863.so --extern rustc_fs_util=/mnt/data1/nix/vendor/rust/cargo2nix/submodules/rust-build/compiler/zombie_driver2/target/debug/deps/librustc_fs_util-4db11bae1137b760.rmeta --extern rustc_hir=/mnt/data1/nix/vendor/rust/cargo2nix/submodules/rust-build/compiler/zombie_driver2/target/debug/deps/librustc_hir-60bf32f61521f542.rmeta --extern rustc_hir_analysis=/mnt/data1/nix/vendor/rust/cargo2nix/submodules/rust-build/compiler/zombie_driver2/target/debug/deps/librustc_hir_analysis-3e9d450ef92b008e.rmeta --extern rustc_hir_typeck=/mnt/data1/nix/vendor/rust/cargo2nix/submodules/rust-build/compiler/zombie_driver2/target/debug/deps/librustc_hir_typeck-a70c642e8e282aa7.rmeta --extern rustc_incremental=/mnt/data1/nix/vendor/rust/cargo2nix/submodules/rust-build/compiler/zombie_driver2/target/debug/deps/librustc_incremental-e60e7a4b2c61ab1f.rmeta --extern rustc_lint=/mnt/data1/nix/vendor/rust/cargo2nix/submodules/rust-build/compiler/zombie_driver2/target/debug/deps/librustc_lint-9fb9e4ed8d461a70.rmeta --extern rustc_macros=/mnt/data1/nix/vendor/rust/cargo2nix/submodules/rust-build/compiler/zombie_driver2/target/debug/deps/librustc_macros-533b3ebf51685542.so --extern rustc_metadata=/mnt/data1/nix/vendor/rust/cargo2nix/submodules/rust-build/compiler/zombie_driver2/target/debug/deps/librustc_metadata-efbf0dfc64041f00.rmeta --extern rustc_middle=/mnt/data1/nix/vendor/rust/cargo2nix/submodules/rust-build/compiler/zombie_driver2/target/debug/deps/librustc_middle-245c3150683558be.rmeta --extern rustc_mir_build=/mnt/data1/nix/vendor/rust/cargo2nix/submodules/rust-build/compiler/zombie_driver2/target/debug/deps/librustc_mir_build-9f0d49511222e71c.rmeta --extern rustc_mir_transform=/mnt/data1/nix/vendor/rust/cargo2nix/submodules/rust-build/compiler/zombie_driver2/target/debug/deps/librustc_mir_transform-320ce7cd78251c0c.rmeta --extern rustc_monomorphize=/mnt/data1/nix/vendor/rust/cargo2nix/submodules/rust-build/compiler/zombie_driver2/target/debug/deps/librustc_monomorphize-129bfa6cae930845.rmeta --extern rustc_parse=/mnt/data1/nix/vendor/rust/cargo2nix/submodules/rust-build/compiler/zombie_driver2/target/debug/deps/librustc_parse-867e097141c1b310.rmeta --extern rustc_passes=/mnt/data1/nix/vendor/rust/cargo2nix/submodules/rust-build/compiler/zombie_driver2/target/debug/deps/librustc_passes-21118fe9c583c933.rmeta --extern rustc_privacy=/mnt/data1/nix/vendor/rust/cargo2nix/submodules/rust-build/compiler/zombie_driver2/target/debug/deps/librustc_privacy-6cba5d76f986fc5f.rmeta --extern rustc_query_impl=/mnt/data1/nix/vendor/rust/cargo2nix/submodules/rust-build/compiler/zombie_driver2/target/debug/deps/librustc_query_impl-360e701d07584f1b.rmeta --extern rustc_query_system=/mnt/data1/nix/vendor/rust/cargo2nix/submodules/rust-build/compiler/zombie_driver2/target/debug/deps/librustc_query_system-fdb82a57abdd9f77.rmeta --extern rustc_resolve=/mnt/data1/nix/vendor/rust/cargo2nix/submodules/rust-build/compiler/zombie_driver2/target/debug/deps/librustc_resolve-3cbef7edbe67901e.rmeta --extern rustc_session=/mnt/data1/nix/vendor/rust/cargo2nix/submodules/rust-build/compiler/zombie_driver2/target/debug/deps/librustc_session-ad93ec0078fafc82.rmeta --extern rustc_span=/mnt/data1/nix/vendor/rust/cargo2nix/submodules/rust-build/compiler/zombie_driver2/target/debug/deps/librustc_span-cca3b45fe3825eda.rmeta --extern rustc_symbol_mangling=/mnt/data1/nix/vendor/rust/cargo2nix/submodules/rust-build/compiler/zombie_driver2/target/debug/deps/librustc_symbol_mangling-89e5266dc8d43ab2.rmeta --extern rustc_target=/mnt/data1/nix/vendor/rust/cargo2nix/submodules/rust-build/compiler/zombie_driver2/target/debug/deps/librustc_target-5de06d076d06ccca.rmeta --extern rustc_thread_pool=/mnt/data1/nix/vendor/rust/cargo2nix/submodules/rust-build/compiler/zombie_driver2/target/debug/deps/librustc_thread_pool-83aef153b3813075.rmeta --extern rustc_trait_selection=/mnt/data1/nix/vendor/rust/cargo2nix/submodules/rust-build/compiler/zombie_driver2/target/debug/deps/librustc_trait_selection-6f2bf10a906840c8.rmeta --extern rustc_traits=/mnt/data1/nix/vendor/rust/cargo2nix/submodules/rust-build/compiler/zombie_driver2/target/debug/deps/librustc_traits-c794481613b67b14.rmeta --extern rustc_ty_utils=/mnt/data1/nix/vendor/rust/cargo2nix/submodules/rust-build/compiler/zombie_driver2/target/debug/deps/librustc_ty_utils-0af97f67749ea847.rmeta --extern tracing=/mnt/data1/nix/vendor/rust/cargo2nix/submodules/rust-build/compiler/zombie_driver2/target/debug/deps/libtracing-82b3a1ccd9aeceb8.rmeta -L native=/mnt/data1/nix/vendor/rust/cargo2nix/submodules/rust-build/compiler/zombie_driver2/target/debug/build/psm-51115e95e3afce55/out -L native=/mnt/data1/nix/vendor/rust/cargo2nix/submodules/rust-build/compiler/zombie_driver2/target/debug/build/blake3-b449a45f526127c8/out -L native=/mnt/data1/nix/vendor/rust/cargo2nix/submodules/rust-build/compiler/zombie_driver2/target/debug/build/blake3-b449a45f526127c8/out
20:36:30 SKIPPED: rustc --crate-name rustc_interface --edition=2024 /mnt/data1/nix/vendor/rust/cargo2nix/submodules/rust-build/compiler/rustc_interface/src/lib.rs --error-format=json --json=diagnostic-rendered-ansi,artifacts,future-incompat --crate-type lib --emit=dep-info,metadata,link -C embed-bitcode=no -C debuginfo=2 --check-cfg cfg(docsrs,test) --check-cfg cfg(feature, values("check_only", "llvm", "llvm_enzyme")) -C metadata=3f1eef24c3bb33e4 -C extra-filename=-0baff863143ebe73 --out-dir /mnt/data1/nix/vendor/rust/cargo2nix/submodules/rust-build/compiler/zombie_driver2/target/debug/deps -C incremental=/mnt/data1/nix/vendor/rust/cargo2nix/submodules/rust-build/compiler/zombie_driver2/target/debug/incremental -L dependency=/mnt/data1/nix/vendor/rust/cargo2nix/submodules/rust-build/compiler/zombie_driver2/target/debug/deps --extern rustc_ast=/mnt/data1/nix/vendor/rust/cargo2nix/submodules/rust-build/compiler/zombie_driver2/target/debug/deps/librustc_ast-892745d5973bca50.rmeta --extern rustc_ast_lowering=/mnt/data1/nix/vendor/rust/cargo2nix/submodules/rust-build/compiler/zombie_driver2/target/debug/deps/librustc_ast_lowering-3ac4060a84415c65.rmeta --extern rustc_ast_passes=/mnt/data1/nix/vendor/rust/cargo2nix/submodules/rust-build/compiler/zombie_driver2/target/debug/deps/librustc_ast_passes-611ee6033e8ac644.rmeta --extern rustc_ast_pretty=/mnt/data1/nix/vendor/rust/cargo2nix/submodules/rust-build/compiler/zombie_driver2/target/debug/deps/librustc_ast_pretty-5d710bed6e10f481.rmeta --extern rustc_attr_parsing=/mnt/data1/nix/vendor/rust/cargo2nix/submodules/rust-build/compiler/zombie_driver2/target/debug/deps/librustc_attr_parsing-5a1f561174f84576.rmeta --extern rustc_borrowck=/mnt/data1/nix/vendor/rust/cargo2nix/submodules/rust-build/compiler/zombie_driver2/target/debug/deps/librustc_borrowck-0f2c99f6e9fda801.rmeta --extern rustc_builtin_macros=/mnt/data1/nix/vendor/rust/cargo2nix/submodules/rust-build/compiler/zombie_driver2/target/debug/deps/librustc_builtin_macros-21d65c3727207a09.rmeta --extern rustc_codegen_ssa=/mnt/data1/nix/vendor/rust/cargo2nix/submodules/rust-build/compiler/zombie_driver2/target/debug/deps/librustc_codegen_ssa-58627ced607c9438.rmeta --extern rustc_const_eval=/mnt/data1/nix/vendor/rust/cargo2nix/submodules/rust-build/compiler/zombie_driver2/target/debug/deps/librustc_const_eval-04d7334c33aece71.rmeta --extern rustc_data_structures=/mnt/data1/nix/vendor/rust/cargo2nix/submodules/rust-build/compiler/zombie_driver2/target/debug/deps/librustc_data_structures-7a05c3f43ea74b8d.rmeta --extern rustc_errors=/mnt/data1/nix/vendor/rust/cargo2nix/submodules/rust-build/compiler/zombie_driver2/target/debug/deps/librustc_errors-042ea83da72fde12.rmeta --extern rustc_expand=/mnt/data1/nix/vendor/rust/cargo2nix/submodules/rust-build/compiler/zombie_driver2/target/debug/deps/librustc_expand-4fdda5caa9ef4c80.rmeta --extern rustc_feature=/mnt/data1/nix/vendor/rust/cargo2nix/submodules/rust-build/compiler/zombie_driver2/target/debug/deps/librustc_feature-8b7a1e168a753038.rmeta --extern rustc_fluent_macro=/mnt/data1/nix/vendor/rust/cargo2nix/submodules/rust-build/compiler/zombie_driver2/target/debug/deps/librustc_fluent_macro-d795261342a5a863.so --extern rustc_fs_util=/mnt/data1/nix/vendor/rust/cargo2nix/submodules/rust-build/compiler/zombie_driver2/target/debug/deps/librustc_fs_util-4db11bae1137b760.rmeta --extern rustc_hir=/mnt/data1/nix/vendor/rust/cargo2nix/submodules/rust-build/compiler/zombie_driver2/target/debug/deps/librustc_hir-60bf32f61521f542.rmeta --extern rustc_hir_analysis=/mnt/data1/nix/vendor/rust/cargo2nix/submodules/rust-build/compiler/zombie_driver2/target/debug/deps/librustc_hir_analysis-3e9d450ef92b008e.rmeta --extern rustc_hir_typeck=/mnt/data1/nix/vendor/rust/cargo2nix/submodules/rust-build/compiler/zombie_driver2/target/debug/deps/librustc_hir_typeck-a70c642e8e282aa7.rmeta --extern rustc_incremental=/mnt/data1/nix/vendor/rust/cargo2nix/submodules/rust-build/compiler/zombie_driver2/target/debug/deps/librustc_incremental-e60e7a4b2c61ab1f.rmeta --extern rustc_lint=/mnt/data1/nix/vendor/rust/cargo2nix/submodules/rust-build/compiler/zombie_driver2/target/debug/deps/librustc_lint-9fb9e4ed8d461a70.rmeta --extern rustc_macros=/mnt/data1/nix/vendor/rust/cargo2nix/submodules/rust-build/compiler/zombie_driver2/target/debug/deps/librustc_macros-533b3ebf51685542.so --extern rustc_metadata=/mnt/data1/nix/vendor/rust/cargo2nix/submodules/rust-build/compiler/zombie_driver2/target/debug/deps/librustc_metadata-efbf0dfc64041f00.rmeta --extern rustc_middle=/mnt/data1/nix/vendor/rust/cargo2nix/submodules/rust-build/compiler/zombie_driver2/target/debug/deps/librustc_middle-245c3150683558be.rmeta --extern rustc_mir_build=/mnt/data1/nix/vendor/rust/cargo2nix/submodules/rust-build/compiler/zombie_driver2/target/debug/deps/librustc_mir_build-9f0d49511222e71c.rmeta --extern rustc_mir_transform=/mnt/data1/nix/vendor/rust/cargo2nix/submodules/rust-build/compiler/zombie_driver2/target/debug/deps/librustc_mir_transform-320ce7cd78251c0c.rmeta --extern rustc_monomorphize=/mnt/data1/nix/vendor/rust/cargo2nix/submodules/rust-build/compiler/zombie_driver2/target/debug/deps/librustc_monomorphize-129bfa6cae930845.rmeta --extern rustc_parse=/mnt/data1/nix/vendor/rust/cargo2nix/submodules/rust-build/compiler/zombie_driver2/target/debug/deps/librustc_parse-867e097141c1b310.rmeta --extern rustc_passes=/mnt/data1/nix/vendor/rust/cargo2nix/submodules/rust-build/compiler/zombie_driver2/target/debug/deps/librustc_passes-21118fe9c583c933.rmeta --extern rustc_privacy=/mnt/data1/nix/vendor/rust/cargo2nix/submodules/rust-build/compiler/zombie_driver2/target/debug/deps/librustc_privacy-6cba5d76f986fc5f.rmeta --extern rustc_query_impl=/mnt/data1/nix/vendor/rust/cargo2nix/submodules/rust-build/compiler/zombie_driver2/target/debug/deps/librustc_query_impl-360e701d07584f1b.rmeta --extern rustc_query_system=/mnt/data1/nix/vendor/rust/cargo2nix/submodules/rust-build/compiler/zombie_driver2/target/debug/deps/librustc_query_system-fdb82a57abdd9f77.rmeta --extern rustc_resolve=/mnt/data1/nix/vendor/rust/cargo2nix/submodules/rust-build/compiler/zombie_driver2/target/debug/deps/librustc_resolve-3cbef7edbe67901e.rmeta --extern rustc_session=/mnt/data1/nix/vendor/rust/cargo2nix/submodules/rust-build/compiler/zombie_driver2/target/debug/deps/librustc_session-ad93ec0078fafc82.rmeta --extern rustc_span=/mnt/data1/nix/vendor/rust/cargo2nix/submodules/rust-build/compiler/zombie_driver2/target/debug/deps/librustc_span-cca3b45fe3825eda.rmeta --extern rustc_symbol_mangling=/mnt/data1/nix/vendor/rust/cargo2nix/submodules/rust-build/compiler/zombie_driver2/target/debug/deps/librustc_symbol_mangling-89e5266dc8d43ab2.rmeta --extern rustc_target=/mnt/data1/nix/vendor/rust/cargo2nix/submodules/rust-build/compiler/zombie_driver2/target/debug/deps/librustc_target-5de06d076d06ccca.rmeta --extern rustc_thread_pool=/mnt/data1/nix/vendor/rust/cargo2nix/submodules/rust-build/compiler/zombie_driver2/target/debug/deps/librustc_thread_pool-83aef153b3813075.rmeta --extern rustc_trait_selection=/mnt/data1/nix/vendor/rust/cargo2nix/submodules/rust-build/compiler/zombie_driver2/target/debug/deps/librustc_trait_selection-6f2bf10a906840c8.rmeta --extern rustc_traits=/mnt/data1/nix/vendor/rust/cargo2nix/submodules/rust-build/compiler/zombie_driver2/target/debug/deps/librustc_traits-c794481613b67b14.rmeta --extern rustc_ty_utils=/mnt/data1/nix/vendor/rust/cargo2nix/submodules/rust-build/compiler/zombie_driver2/target/debug/deps/librustc_ty_utils-0af97f67749ea847.rmeta --extern tracing=/mnt/data1/nix/vendor/rust/cargo2nix/submodules/rust-build/compiler/zombie_driver2/target/debug/deps/libtracing-82b3a1ccd9aeceb8.rmeta -L native=/mnt/data1/nix/vendor/rust/cargo2nix/submodules/rust-build/compiler/zombie_driver2/target/debug/build/psm-51115e95e3afce55/out -L native=/mnt/data1/nix/vendor/rust/cargo2nix/submodules/rust-build/compiler/zombie_driver2/target/debug/build/blake3-b449a45f526127c8/out -L native=/mnt/data1/nix/vendor/rust/cargo2nix/submodules/rust-build/compiler/zombie_driver2/target/debug/build/blake3-b449a45f526127c8/out
20:58:08 SKIPPED: rustc --crate-name rustc_interface --edition=2024 /mnt/data1/nix/vendor/rust/cargo2nix/submodules/rust-build/compiler/rustc_interface/src/lib.rs --error-format=json --json=diagnostic-rendered-ansi,artifacts,future-incompat --crate-type lib --emit=dep-info,metadata,link -C embed-bitcode=no -C debuginfo=2 --check-cfg cfg(docsrs,test) --check-cfg cfg(feature, values("check_only", "llvm", "llvm_enzyme")) -C metadata=3f1eef24c3bb33e4 -C extra-filename=-0baff863143ebe73 --out-dir /mnt/data1/nix/vendor/rust/cargo2nix/submodules/rust-build/compiler/zombie_driver2/target/debug/deps -C incremental=/mnt/data1/nix/vendor/rust/cargo2nix/submodules/rust-build/compiler/zombie_driver2/target/debug/incremental -L dependency=/mnt/data1/nix/vendor/rust/cargo2nix/submodules/rust-build/compiler/zombie_driver2/target/debug/deps --extern rustc_ast=/mnt/data1/nix/vendor/rust/cargo2nix/submodules/rust-build/compiler/zombie_driver2/target/debug/deps/librustc_ast-892745d5973bca50.rmeta --extern rustc_ast_lowering=/mnt/data1/nix/vendor/rust/cargo2nix/submodules/rust-build/compiler/zombie_driver2/target/debug/deps/librustc_ast_lowering-3ac4060a84415c65.rmeta --extern rustc_ast_passes=/mnt/data1/nix/vendor/rust/cargo2nix/submodules/rust-build/compiler/zombie_driver2/target/debug/deps/librustc_ast_passes-611ee6033e8ac644.rmeta --extern rustc_ast_pretty=/mnt/data1/nix/vendor/rust/cargo2nix/submodules/rust-build/compiler/zombie_driver2/target/debug/deps/librustc_ast_pretty-5d710bed6e10f481.rmeta --extern rustc_attr_parsing=/mnt/data1/nix/vendor/rust/cargo2nix/submodules/rust-build/compiler/zombie_driver2/target/debug/deps/librustc_attr_parsing-5a1f561174f84576.rmeta --extern rustc_borrowck=/mnt/data1/nix/vendor/rust/cargo2nix/submodules/rust-build/compiler/zombie_driver2/target/debug/deps/librustc_borrowck-0f2c99f6e9fda801.rmeta --extern rustc_builtin_macros=/mnt/data1/nix/vendor/rust/cargo2nix/submodules/rust-build/compiler/zombie_driver2/target/debug/deps/librustc_builtin_macros-21d65c3727207a09.rmeta --extern rustc_codegen_ssa=/mnt/data1/nix/vendor/rust/cargo2nix/submodules/rust-build/compiler/zombie_driver2/target/debug/deps/librustc_codegen_ssa-58627ced607c9438.rmeta --extern rustc_const_eval=/mnt/data1/nix/vendor/rust/cargo2nix/submodules/rust-build/compiler/zombie_driver2/target/debug/deps/librustc_const_eval-04d7334c33aece71.rmeta --extern rustc_data_structures=/mnt/data1/nix/vendor/rust/cargo2nix/submodules/rust-build/compiler/zombie_driver2/target/debug/deps/librustc_data_structures-7a05c3f43ea74b8d.rmeta --extern rustc_errors=/mnt/data1/nix/vendor/rust/cargo2nix/submodules/rust-build/compiler/zombie_driver2/target/debug/deps/librustc_errors-042ea83da72fde12.rmeta --extern rustc_expand=/mnt/data1/nix/vendor/rust/cargo2nix/submodules/rust-build/compiler/zombie_driver2/target/debug/deps/librustc_expand-4fdda5caa9ef4c80.rmeta --extern rustc_feature=/mnt/data1/nix/vendor/rust/cargo2nix/submodules/rust-build/compiler/zombie_driver2/target/debug/deps/librustc_feature-8b7a1e168a753038.rmeta --extern rustc_fluent_macro=/mnt/data1/nix/vendor/rust/cargo2nix/submodules/rust-build/compiler/zombie_driver2/target/debug/deps/librustc_fluent_macro-d795261342a5a863.so --extern rustc_fs_util=/mnt/data1/nix/vendor/rust/cargo2nix/submodules/rust-build/compiler/zombie_driver2/target/debug/deps/librustc_fs_util-4db11bae1137b760.rmeta --extern rustc_hir=/mnt/data1/nix/vendor/rust/cargo2nix/submodules/rust-build/compiler/zombie_driver2/target/debug/deps/librustc_hir-60bf32f61521f542.rmeta --extern rustc_hir_analysis=/mnt/data1/nix/vendor/rust/cargo2nix/submodules/rust-build/compiler/zombie_driver2/target/debug/deps/librustc_hir_analysis-3e9d450ef92b008e.rmeta --extern rustc_hir_typeck=/mnt/data1/nix/vendor/rust/cargo2nix/submodules/rust-build/compiler/zombie_driver2/target/debug/deps/librustc_hir_typeck-a70c642e8e282aa7.rmeta --extern rustc_incremental=/mnt/data1/nix/vendor/rust/cargo2nix/submodules/rust-build/compiler/zombie_driver2/target/debug/deps/librustc_incremental-e60e7a4b2c61ab1f.rmeta --extern rustc_lint=/mnt/data1/nix/vendor/rust/cargo2nix/submodules/rust-build/compiler/zombie_driver2/target/debug/deps/librustc_lint-9fb9e4ed8d461a70.rmeta --extern rustc_macros=/mnt/data1/nix/vendor/rust/cargo2nix/submodules/rust-build/compiler/zombie_driver2/target/debug/deps/librustc_macros-533b3ebf51685542.so --extern rustc_metadata=/mnt/data1/nix/vendor/rust/cargo2nix/submodules/rust-build/compiler/zombie_driver2/target/debug/deps/librustc_metadata-efbf0dfc64041f00.rmeta --extern rustc_middle=/mnt/data1/nix/vendor/rust/cargo2nix/submodules/rust-build/compiler/zombie_driver2/target/debug/deps/librustc_middle-245c3150683558be.rmeta --extern rustc_mir_build=/mnt/data1/nix/vendor/rust/cargo2nix/submodules/rust-build/compiler/zombie_driver2/target/debug/deps/librustc_mir_build-9f0d49511222e71c.rmeta --extern rustc_mir_transform=/mnt/data1/nix/vendor/rust/cargo2nix/submodules/rust-build/compiler/zombie_driver2/target/debug/deps/librustc_mir_transform-320ce7cd78251c0c.rmeta --extern rustc_monomorphize=/mnt/data1/nix/vendor/rust/cargo2nix/submodules/rust-build/compiler/zombie_driver2/target/debug/deps/librustc_monomorphize-129bfa6cae930845.rmeta --extern rustc_parse=/mnt/data1/nix/vendor/rust/cargo2nix/submodules/rust-build/compiler/zombie_driver2/target/debug/deps/librustc_parse-867e097141c1b310.rmeta --extern rustc_passes=/mnt/data1/nix/vendor/rust/cargo2nix/submodules/rust-build/compiler/zombie_driver2/target/debug/deps/librustc_passes-21118fe9c583c933.rmeta --extern rustc_privacy=/mnt/data1/nix/vendor/rust/cargo2nix/submodules/rust-build/compiler/zombie_driver2/target/debug/deps/librustc_privacy-6cba5d76f986fc5f.rmeta --extern rustc_query_impl=/mnt/data1/nix/vendor/rust/cargo2nix/submodules/rust-build/compiler/zombie_driver2/target/debug/deps/librustc_query_impl-360e701d07584f1b.rmeta --extern rustc_query_system=/mnt/data1/nix/vendor/rust/cargo2nix/submodules/rust-build/compiler/zombie_driver2/target/debug/deps/librustc_query_system-fdb82a57abdd9f77.rmeta --extern rustc_resolve=/mnt/data1/nix/vendor/rust/cargo2nix/submodules/rust-build/compiler/zombie_driver2/target/debug/deps/librustc_resolve-3cbef7edbe67901e.rmeta --extern rustc_session=/mnt/data1/nix/vendor/rust/cargo2nix/submodules/rust-build/compiler/zombie_driver2/target/debug/deps/librustc_session-ad93ec0078fafc82.rmeta --extern rustc_span=/mnt/data1/nix/vendor/rust/cargo2nix/submodules/rust-build/compiler/zombie_driver2/target/debug/deps/librustc_span-cca3b45fe3825eda.rmeta --extern rustc_symbol_mangling=/mnt/data1/nix/vendor/rust/cargo2nix/submodules/rust-build/compiler/zombie_driver2/target/debug/deps/librustc_symbol_mangling-89e5266dc8d43ab2.rmeta --extern rustc_target=/mnt/data1/nix/vendor/rust/cargo2nix/submodules/rust-build/compiler/zombie_driver2/target/debug/deps/librustc_target-5de06d076d06ccca.rmeta --extern rustc_thread_pool=/mnt/data1/nix/vendor/rust/cargo2nix/submodules/rust-build/compiler/zombie_driver2/target/debug/deps/librustc_thread_pool-83aef153b3813075.rmeta --extern rustc_trait_selection=/mnt/data1/nix/vendor/rust/cargo2nix/submodules/rust-build/compiler/zombie_driver2/target/debug/deps/librustc_trait_selection-6f2bf10a906840c8.rmeta --extern rustc_traits=/mnt/data1/nix/vendor/rust/cargo2nix/submodules/rust-build/compiler/zombie_driver2/target/debug/deps/librustc_traits-c794481613b67b14.rmeta --extern rustc_ty_utils=/mnt/data1/nix/vendor/rust/cargo2nix/submodules/rust-build/compiler/zombie_driver2/target/debug/deps/librustc_ty_utils-0af97f67749ea847.rmeta --extern tracing=/mnt/data1/nix/vendor/rust/cargo2nix/submodules/rust-build/compiler/zombie_driver2/target/debug/deps/libtracing-82b3a1ccd9aeceb8.rmeta -L native=/mnt/data1/nix/vendor/rust/cargo2nix/submodules/rust-build/compiler/zombie_driver2/target/debug/build/psm-51115e95e3afce55/out -L native=/mnt/data1/nix/vendor/rust/cargo2nix/submodules/rust-build/compiler/zombie_driver2/target/debug/build/blake3-b449a45f526127c8/out -L native=/mnt/data1/nix/vendor/rust/cargo2nix/submodules/rust-build/compiler/zombie_driver2/target/debug/build/blake3-b449a45f526127c8/out
21:05:35 SKIPPED: rustc --crate-name rustc_interface --edition=2024 /mnt/data1/nix/vendor/rust/cargo2nix/submodules/rust-build/compiler/rustc_interface/src/lib.rs --error-format=json --json=diagnostic-rendered-ansi,artifacts,future-incompat --crate-type lib --emit=dep-info,metadata,link -C embed-bitcode=no -C debuginfo=2 --check-cfg cfg(docsrs,test) --check-cfg cfg(feature, values("check_only", "llvm", "llvm_enzyme")) -C metadata=3f1eef24c3bb33e4 -C extra-filename=-0baff863143ebe73 --out-dir /mnt/data1/nix/vendor/rust/cargo2nix/submodules/rust-build/compiler/zombie_driver2/target/debug/deps -C incremental=/mnt/data1/nix/vendor/rust/cargo2nix/submodules/rust-build/compiler/zombie_driver2/target/debug/incremental -L dependency=/mnt/data1/nix/vendor/rust/cargo2nix/submodules/rust-build/compiler/zombie_driver2/target/debug/deps --extern rustc_ast=/mnt/data1/nix/vendor/rust/cargo2nix/submodules/rust-build/compiler/zombie_driver2/target/debug/deps/librustc_ast-892745d5973bca50.rmeta --extern rustc_ast_lowering=/mnt/data1/nix/vendor/rust/cargo2nix/submodules/rust-build/compiler/zombie_driver2/target/debug/deps/librustc_ast_lowering-3ac4060a84415c65.rmeta --extern rustc_ast_passes=/mnt/data1/nix/vendor/rust/cargo2nix/submodules/rust-build/compiler/zombie_driver2/target/debug/deps/librustc_ast_passes-611ee6033e8ac644.rmeta --extern rustc_ast_pretty=/mnt/data1/nix/vendor/rust/cargo2nix/submodules/rust-build/compiler/zombie_driver2/target/debug/deps/librustc_ast_pretty-5d710bed6e10f481.rmeta --extern rustc_attr_parsing=/mnt/data1/nix/vendor/rust/cargo2nix/submodules/rust-build/compiler/zombie_driver2/target/debug/deps/librustc_attr_parsing-5a1f561174f84576.rmeta --extern rustc_borrowck=/mnt/data1/nix/vendor/rust/cargo2nix/submodules/rust-build/compiler/zombie_driver2/target/debug/deps/librustc_borrowck-0f2c99f6e9fda801.rmeta --extern rustc_builtin_macros=/mnt/data1/nix/vendor/rust/cargo2nix/submodules/rust-build/compiler/zombie_driver2/target/debug/deps/librustc_builtin_macros-21d65c3727207a09.rmeta --extern rustc_codegen_ssa=/mnt/data1/nix/vendor/rust/cargo2nix/submodules/rust-build/compiler/zombie_driver2/target/debug/deps/librustc_codegen_ssa-58627ced607c9438.rmeta --extern rustc_const_eval=/mnt/data1/nix/vendor/rust/cargo2nix/submodules/rust-build/compiler/zombie_driver2/target/debug/deps/librustc_const_eval-04d7334c33aece71.rmeta --extern rustc_data_structures=/mnt/data1/nix/vendor/rust/cargo2nix/submodules/rust-build/compiler/zombie_driver2/target/debug/deps/librustc_data_structures-7a05c3f43ea74b8d.rmeta --extern rustc_errors=/mnt/data1/nix/vendor/rust/cargo2nix/submodules/rust-build/compiler/zombie_driver2/target/debug/deps/librustc_errors-042ea83da72fde12.rmeta --extern rustc_expand=/mnt/data1/nix/vendor/rust/cargo2nix/submodules/rust-build/compiler/zombie_driver2/target/debug/deps/librustc_expand-4fdda5caa9ef4c80.rmeta --extern rustc_feature=/mnt/data1/nix/vendor/rust/cargo2nix/submodules/rust-build/compiler/zombie_driver2/target/debug/deps/librustc_feature-8b7a1e168a753038.rmeta --extern rustc_fluent_macro=/mnt/data1/nix/vendor/rust/cargo2nix/submodules/rust-build/compiler/zombie_driver2/target/debug/deps/librustc_fluent_macro-d795261342a5a863.so --extern rustc_fs_util=/mnt/data1/nix/vendor/rust/cargo2nix/submodules/rust-build/compiler/zombie_driver2/target/debug/deps/librustc_fs_util-4db11bae1137b760.rmeta --extern rustc_hir=/mnt/data1/nix/vendor/rust/cargo2nix/submodules/rust-build/compiler/zombie_driver2/target/debug/deps/librustc_hir-60bf32f61521f542.rmeta --extern rustc_hir_analysis=/mnt/data1/nix/vendor/rust/cargo2nix/submodules/rust-build/compiler/zombie_driver2/target/debug/deps/librustc_hir_analysis-3e9d450ef92b008e.rmeta --extern rustc_hir_typeck=/mnt/data1/nix/vendor/rust/cargo2nix/submodules/rust-build/compiler/zombie_driver2/target/debug/deps/librustc_hir_typeck-a70c642e8e282aa7.rmeta --extern rustc_incremental=/mnt/data1/nix/vendor/rust/cargo2nix/submodules/rust-build/compiler/zombie_driver2/target/debug/deps/librustc_incremental-e60e7a4b2c61ab1f.rmeta --extern rustc_lint=/mnt/data1/nix/vendor/rust/cargo2nix/submodules/rust-build/compiler/zombie_driver2/target/debug/deps/librustc_lint-9fb9e4ed8d461a70.rmeta --extern rustc_macros=/mnt/data1/nix/vendor/rust/cargo2nix/submodules/rust-build/compiler/zombie_driver2/target/debug/deps/librustc_macros-533b3ebf51685542.so --extern rustc_metadata=/mnt/data1/nix/vendor/rust/cargo2nix/submodules/rust-build/compiler/zombie_driver2/target/debug/deps/librustc_metadata-efbf0dfc64041f00.rmeta --extern rustc_middle=/mnt/data1/nix/vendor/rust/cargo2nix/submodules/rust-build/compiler/zombie_driver2/target/debug/deps/librustc_middle-245c3150683558be.rmeta --extern rustc_mir_build=/mnt/data1/nix/vendor/rust/cargo2nix/submodules/rust-build/compiler/zombie_driver2/target/debug/deps/librustc_mir_build-9f0d49511222e71c.rmeta --extern rustc_mir_transform=/mnt/data1/nix/vendor/rust/cargo2nix/submodules/rust-build/compiler/zombie_driver2/target/debug/deps/librustc_mir_transform-320ce7cd78251c0c.rmeta --extern rustc_monomorphize=/mnt/data1/nix/vendor/rust/cargo2nix/submodules/rust-build/compiler/zombie_driver2/target/debug/deps/librustc_monomorphize-129bfa6cae930845.rmeta --extern rustc_parse=/mnt/data1/nix/vendor/rust/cargo2nix/submodules/rust-build/compiler/zombie_driver2/target/debug/deps/librustc_parse-867e097141c1b310.rmeta --extern rustc_passes=/mnt/data1/nix/vendor/rust/cargo2nix/submodules/rust-build/compiler/zombie_driver2/target/debug/deps/librustc_passes-21118fe9c583c933.rmeta --extern rustc_privacy=/mnt/data1/nix/vendor/rust/cargo2nix/submodules/rust-build/compiler/zombie_driver2/target/debug/deps/librustc_privacy-6cba5d76f986fc5f.rmeta --extern rustc_query_impl=/mnt/data1/nix/vendor/rust/cargo2nix/submodules/rust-build/compiler/zombie_driver2/target/debug/deps/librustc_query_impl-360e701d07584f1b.rmeta --extern rustc_query_system=/mnt/data1/nix/vendor/rust/cargo2nix/submodules/rust-build/compiler/zombie_driver2/target/debug/deps/librustc_query_system-fdb82a57abdd9f77.rmeta --extern rustc_resolve=/mnt/data1/nix/vendor/rust/cargo2nix/submodules/rust-build/compiler/zombie_driver2/target/debug/deps/librustc_resolve-3cbef7edbe67901e.rmeta --extern rustc_session=/mnt/data1/nix/vendor/rust/cargo2nix/submodules/rust-build/compiler/zombie_driver2/target/debug/deps/librustc_session-ad93ec0078fafc82.rmeta --extern rustc_span=/mnt/data1/nix/vendor/rust/cargo2nix/submodules/rust-build/compiler/zombie_driver2/target/debug/deps/librustc_span-cca3b45fe3825eda.rmeta --extern rustc_symbol_mangling=/mnt/data1/nix/vendor/rust/cargo2nix/submodules/rust-build/compiler/zombie_driver2/target/debug/deps/librustc_symbol_mangling-89e5266dc8d43ab2.rmeta --extern rustc_target=/mnt/data1/nix/vendor/rust/cargo2nix/submodules/rust-build/compiler/zombie_driver2/target/debug/deps/librustc_target-5de06d076d06ccca.rmeta --extern rustc_thread_pool=/mnt/data1/nix/vendor/rust/cargo2nix/submodules/rust-build/compiler/zombie_driver2/target/debug/deps/librustc_thread_pool-83aef153b3813075.rmeta --extern rustc_trait_selection=/mnt/data1/nix/vendor/rust/cargo2nix/submodules/rust-build/compiler/zombie_driver2/target/debug/deps/librustc_trait_selection-6f2bf10a906840c8.rmeta --extern rustc_traits=/mnt/data1/nix/vendor/rust/cargo2nix/submodules/rust-build/compiler/zombie_driver2/target/debug/deps/librustc_traits-c794481613b67b14.rmeta --extern rustc_ty_utils=/mnt/data1/nix/vendor/rust/cargo2nix/submodules/rust-build/compiler/zombie_driver2/target/debug/deps/librustc_ty_utils-0af97f67749ea847.rmeta --extern tracing=/mnt/data1/nix/vendor/rust/cargo2nix/submodules/rust-build/compiler/zombie_driver2/target/debug/deps/libtracing-82b3a1ccd9aeceb8.rmeta -L native=/mnt/data1/nix/vendor/rust/cargo2nix/submodules/rust-build/compiler/zombie_driver2/target/debug/build/psm-51115e95e3afce55/out -L native=/mnt/data1/nix/vendor/rust/cargo2nix/submodules/rust-build/compiler/zombie_driver2/target/debug/build/blake3-b449a45f526127c8/out -L native=/mnt/data1/nix/vendor/rust/cargo2nix/submodules/rust-build/compiler/zombie_driver2/target/debug/build/blake3-b449a45f526127c8/out
21:05:44 SKIPPED: rustc --crate-name rustc_interface --edition=2024 /mnt/data1/nix/vendor/rust/cargo2nix/submodules/rust-build/compiler/rustc_interface/src/lib.rs --error-format=json --json=diagnostic-rendered-ansi,artifacts,future-incompat --crate-type lib --emit=dep-info,metadata,link -C embed-bitcode=no -C debuginfo=2 --check-cfg cfg(docsrs,test) --check-cfg cfg(feature, values("check_only", "llvm", "llvm_enzyme")) -C metadata=3f1eef24c3bb33e4 -C extra-filename=-0baff863143ebe73 --out-dir /mnt/data1/nix/vendor/rust/cargo2nix/submodules/rust-build/compiler/zombie_driver2/target/debug/deps -C incremental=/mnt/data1/nix/vendor/rust/cargo2nix/submodules/rust-build/compiler/zombie_driver2/target/debug/incremental -L dependency=/mnt/data1/nix/vendor/rust/cargo2nix/submodules/rust-build/compiler/zombie_driver2/target/debug/deps --extern rustc_ast=/mnt/data1/nix/vendor/rust/cargo2nix/submodules/rust-build/compiler/zombie_driver2/target/debug/deps/librustc_ast-892745d5973bca50.rmeta --extern rustc_ast_lowering=/mnt/data1/nix/vendor/rust/cargo2nix/submodules/rust-build/compiler/zombie_driver2/target/debug/deps/librustc_ast_lowering-3ac4060a84415c65.rmeta --extern rustc_ast_passes=/mnt/data1/nix/vendor/rust/cargo2nix/submodules/rust-build/compiler/zombie_driver2/target/debug/deps/librustc_ast_passes-611ee6033e8ac644.rmeta --extern rustc_ast_pretty=/mnt/data1/nix/vendor/rust/cargo2nix/submodules/rust-build/compiler/zombie_driver2/target/debug/deps/librustc_ast_pretty-5d710bed6e10f481.rmeta --extern rustc_attr_parsing=/mnt/data1/nix/vendor/rust/cargo2nix/submodules/rust-build/compiler/zombie_driver2/target/debug/deps/librustc_attr_parsing-5a1f561174f84576.rmeta --extern rustc_borrowck=/mnt/data1/nix/vendor/rust/cargo2nix/submodules/rust-build/compiler/zombie_driver2/target/debug/deps/librustc_borrowck-0f2c99f6e9fda801.rmeta --extern rustc_builtin_macros=/mnt/data1/nix/vendor/rust/cargo2nix/submodules/rust-build/compiler/zombie_driver2/target/debug/deps/librustc_builtin_macros-21d65c3727207a09.rmeta --extern rustc_codegen_ssa=/mnt/data1/nix/vendor/rust/cargo2nix/submodules/rust-build/compiler/zombie_driver2/target/debug/deps/librustc_codegen_ssa-58627ced607c9438.rmeta --extern rustc_const_eval=/mnt/data1/nix/vendor/rust/cargo2nix/submodules/rust-build/compiler/zombie_driver2/target/debug/deps/librustc_const_eval-04d7334c33aece71.rmeta --extern rustc_data_structures=/mnt/data1/nix/vendor/rust/cargo2nix/submodules/rust-build/compiler/zombie_driver2/target/debug/deps/librustc_data_structures-7a05c3f43ea74b8d.rmeta --extern rustc_errors=/mnt/data1/nix/vendor/rust/cargo2nix/submodules/rust-build/compiler/zombie_driver2/target/debug/deps/librustc_errors-042ea83da72fde12.rmeta --extern rustc_expand=/mnt/data1/nix/vendor/rust/cargo2nix/submodules/rust-build/compiler/zombie_driver2/target/debug/deps/librustc_expand-4fdda5caa9ef4c80.rmeta --extern rustc_feature=/mnt/data1/nix/vendor/rust/cargo2nix/submodules/rust-build/compiler/zombie_driver2/target/debug/deps/librustc_feature-8b7a1e168a753038.rmeta --extern rustc_fluent_macro=/mnt/data1/nix/vendor/rust/cargo2nix/submodules/rust-build/compiler/zombie_driver2/target/debug/deps/librustc_fluent_macro-d795261342a5a863.so --extern rustc_fs_util=/mnt/data1/nix/vendor/rust/cargo2nix/submodules/rust-build/compiler/zombie_driver2/target/debug/deps/librustc_fs_util-4db11bae1137b760.rmeta --extern rustc_hir=/mnt/data1/nix/vendor/rust/cargo2nix/submodules/rust-build/compiler/zombie_driver2/target/debug/deps/librustc_hir-60bf32f61521f542.rmeta --extern rustc_hir_analysis=/mnt/data1/nix/vendor/rust/cargo2nix/submodules/rust-build/compiler/zombie_driver2/target/debug/deps/librustc_hir_analysis-3e9d450ef92b008e.rmeta --extern rustc_hir_typeck=/mnt/data1/nix/vendor/rust/cargo2nix/submodules/rust-build/compiler/zombie_driver2/target/debug/deps/librustc_hir_typeck-a70c642e8e282aa7.rmeta --extern rustc_incremental=/mnt/data1/nix/vendor/rust/cargo2nix/submodules/rust-build/compiler/zombie_driver2/target/debug/deps/librustc_incremental-e60e7a4b2c61ab1f.rmeta --extern rustc_lint=/mnt/data1/nix/vendor/rust/cargo2nix/submodules/rust-build/compiler/zombie_driver2/target/debug/deps/librustc_lint-9fb9e4ed8d461a70.rmeta --extern rustc_macros=/mnt/data1/nix/vendor/rust/cargo2nix/submodules/rust-build/compiler/zombie_driver2/target/debug/deps/librustc_macros-533b3ebf51685542.so --extern rustc_metadata=/mnt/data1/nix/vendor/rust/cargo2nix/submodules/rust-build/compiler/zombie_driver2/target/debug/deps/librustc_metadata-efbf0dfc64041f00.rmeta --extern rustc_middle=/mnt/data1/nix/vendor/rust/cargo2nix/submodules/rust-build/compiler/zombie_driver2/target/debug/deps/librustc_middle-245c3150683558be.rmeta --extern rustc_mir_build=/mnt/data1/nix/vendor/rust/cargo2nix/submodules/rust-build/compiler/zombie_driver2/target/debug/deps/librustc_mir_build-9f0d49511222e71c.rmeta --extern rustc_mir_transform=/mnt/data1/nix/vendor/rust/cargo2nix/submodules/rust-build/compiler/zombie_driver2/target/debug/deps/librustc_mir_transform-320ce7cd78251c0c.rmeta --extern rustc_monomorphize=/mnt/data1/nix/vendor/rust/cargo2nix/submodules/rust-build/compiler/zombie_driver2/target/debug/deps/librustc_monomorphize-129bfa6cae930845.rmeta --extern rustc_parse=/mnt/data1/nix/vendor/rust/cargo2nix/submodules/rust-build/compiler/zombie_driver2/target/debug/deps/librustc_parse-867e097141c1b310.rmeta --extern rustc_passes=/mnt/data1/nix/vendor/rust/cargo2nix/submodules/rust-build/compiler/zombie_driver2/target/debug/deps/librustc_passes-21118fe9c583c933.rmeta --extern rustc_privacy=/mnt/data1/nix/vendor/rust/cargo2nix/submodules/rust-build/compiler/zombie_driver2/target/debug/deps/librustc_privacy-6cba5d76f986fc5f.rmeta --extern rustc_query_impl=/mnt/data1/nix/vendor/rust/cargo2nix/submodules/rust-build/compiler/zombie_driver2/target/debug/deps/librustc_query_impl-360e701d07584f1b.rmeta --extern rustc_query_system=/mnt/data1/nix/vendor/rust/cargo2nix/submodules/rust-build/compiler/zombie_driver2/target/debug/deps/librustc_query_system-fdb82a57abdd9f77.rmeta --extern rustc_resolve=/mnt/data1/nix/vendor/rust/cargo2nix/submodules/rust-build/compiler/zombie_driver2/target/debug/deps/librustc_resolve-3cbef7edbe67901e.rmeta --extern rustc_session=/mnt/data1/nix/vendor/rust/cargo2nix/submodules/rust-build/compiler/zombie_driver2/target/debug/deps/librustc_session-ad93ec0078fafc82.rmeta --extern rustc_span=/mnt/data1/nix/vendor/rust/cargo2nix/submodules/rust-build/compiler/zombie_driver2/target/debug/deps/librustc_span-cca3b45fe3825eda.rmeta --extern rustc_symbol_mangling=/mnt/data1/nix/vendor/rust/cargo2nix/submodules/rust-build/compiler/zombie_driver2/target/debug/deps/librustc_symbol_mangling-89e5266dc8d43ab2.rmeta --extern rustc_target=/mnt/data1/nix/vendor/rust/cargo2nix/submodules/rust-build/compiler/zombie_driver2/target/debug/deps/librustc_target-5de06d076d06ccca.rmeta --extern rustc_thread_pool=/mnt/data1/nix/vendor/rust/cargo2nix/submodules/rust-build/compiler/zombie_driver2/target/debug/deps/librustc_thread_pool-83aef153b3813075.rmeta --extern rustc_trait_selection=/mnt/data1/nix/vendor/rust/cargo2nix/submodules/rust-build/compiler/zombie_driver2/target/debug/deps/librustc_trait_selection-6f2bf10a906840c8.rmeta --extern rustc_traits=/mnt/data1/nix/vendor/rust/cargo2nix/submodules/rust-build/compiler/zombie_driver2/target/debug/deps/librustc_traits-c794481613b67b14.rmeta --extern rustc_ty_utils=/mnt/data1/nix/vendor/rust/cargo2nix/submodules/rust-build/compiler/zombie_driver2/target/debug/deps/librustc_ty_utils-0af97f67749ea847.rmeta --extern tracing=/mnt/data1/nix/vendor/rust/cargo2nix/submodules/rust-build/compiler/zombie_driver2/target/debug/deps/libtracing-82b3a1ccd9aeceb8.rmeta -L native=/mnt/data1/nix/vendor/rust/cargo2nix/submodules/rust-build/compiler/zombie_driver2/target/debug/build/psm-51115e95e3afce55/out -L native=/mnt/data1/nix/vendor/rust/cargo2nix/submodules/rust-build/compiler/zombie_driver2/target/debug/build/blake3-b449a45f526127c8/out -L native=/mnt/data1/nix/vendor/rust/cargo2nix/submodules/rust-build/compiler/zombie_driver2/target/debug/build/blake3-b449a45f526127c8/out
21:09:54 SKIPPED: rustc --crate-name rustc_interface --edition=2024 /mnt/data1/nix/vendor/rust/cargo2nix/submodules/rust-build/compiler/rustc_interface/src/lib.rs --error-format=json --json=diagnostic-rendered-ansi,artifacts,future-incompat --crate-type lib --emit=dep-info,metadata,link -C embed-bitcode=no -C debuginfo=2 --check-cfg cfg(docsrs,test) --check-cfg cfg(feature, values("check_only", "llvm", "llvm_enzyme")) -C metadata=3f1eef24c3bb33e4 -C extra-filename=-0baff863143ebe73 --out-dir /mnt/data1/nix/vendor/rust/cargo2nix/submodules/rust-build/compiler/zombie_driver2/target/debug/deps -C incremental=/mnt/data1/nix/vendor/rust/cargo2nix/submodules/rust-build/compiler/zombie_driver2/target/debug/incremental -L dependency=/mnt/data1/nix/vendor/rust/cargo2nix/submodules/rust-build/compiler/zombie_driver2/target/debug/deps --extern rustc_ast=/mnt/data1/nix/vendor/rust/cargo2nix/submodules/rust-build/compiler/zombie_driver2/target/debug/deps/librustc_ast-892745d5973bca50.rmeta --extern rustc_ast_lowering=/mnt/data1/nix/vendor/rust/cargo2nix/submodules/rust-build/compiler/zombie_driver2/target/debug/deps/librustc_ast_lowering-3ac4060a84415c65.rmeta --extern rustc_ast_passes=/mnt/data1/nix/vendor/rust/cargo2nix/submodules/rust-build/compiler/zombie_driver2/target/debug/deps/librustc_ast_passes-611ee6033e8ac644.rmeta --extern rustc_ast_pretty=/mnt/data1/nix/vendor/rust/cargo2nix/submodules/rust-build/compiler/zombie_driver2/target/debug/deps/librustc_ast_pretty-5d710bed6e10f481.rmeta --extern rustc_attr_parsing=/mnt/data1/nix/vendor/rust/cargo2nix/submodules/rust-build/compiler/zombie_driver2/target/debug/deps/librustc_attr_parsing-5a1f561174f84576.rmeta --extern rustc_borrowck=/mnt/data1/nix/vendor/rust/cargo2nix/submodules/rust-build/compiler/zombie_driver2/target/debug/deps/librustc_borrowck-0f2c99f6e9fda801.rmeta --extern rustc_builtin_macros=/mnt/data1/nix/vendor/rust/cargo2nix/submodules/rust-build/compiler/zombie_driver2/target/debug/deps/librustc_builtin_macros-21d65c3727207a09.rmeta --extern rustc_codegen_ssa=/mnt/data1/nix/vendor/rust/cargo2nix/submodules/rust-build/compiler/zombie_driver2/target/debug/deps/librustc_codegen_ssa-58627ced607c9438.rmeta --extern rustc_const_eval=/mnt/data1/nix/vendor/rust/cargo2nix/submodules/rust-build/compiler/zombie_driver2/target/debug/deps/librustc_const_eval-04d7334c33aece71.rmeta --extern rustc_data_structures=/mnt/data1/nix/vendor/rust/cargo2nix/submodules/rust-build/compiler/zombie_driver2/target/debug/deps/librustc_data_structures-7a05c3f43ea74b8d.rmeta --extern rustc_errors=/mnt/data1/nix/vendor/rust/cargo2nix/submodules/rust-build/compiler/zombie_driver2/target/debug/deps/librustc_errors-042ea83da72fde12.rmeta --extern rustc_expand=/mnt/data1/nix/vendor/rust/cargo2nix/submodules/rust-build/compiler/zombie_driver2/target/debug/deps/librustc_expand-4fdda5caa9ef4c80.rmeta --extern rustc_feature=/mnt/data1/nix/vendor/rust/cargo2nix/submodules/rust-build/compiler/zombie_driver2/target/debug/deps/librustc_feature-8b7a1e168a753038.rmeta --extern rustc_fluent_macro=/mnt/data1/nix/vendor/rust/cargo2nix/submodules/rust-build/compiler/zombie_driver2/target/debug/deps/librustc_fluent_macro-d795261342a5a863.so --extern rustc_fs_util=/mnt/data1/nix/vendor/rust/cargo2nix/submodules/rust-build/compiler/zombie_driver2/target/debug/deps/librustc_fs_util-4db11bae1137b760.rmeta --extern rustc_hir=/mnt/data1/nix/vendor/rust/cargo2nix/submodules/rust-build/compiler/zombie_driver2/target/debug/deps/librustc_hir-60bf32f61521f542.rmeta --extern rustc_hir_analysis=/mnt/data1/nix/vendor/rust/cargo2nix/submodules/rust-build/compiler/zombie_driver2/target/debug/deps/librustc_hir_analysis-3e9d450ef92b008e.rmeta --extern rustc_hir_typeck=/mnt/data1/nix/vendor/rust/cargo2nix/submodules/rust-build/compiler/zombie_driver2/target/debug/deps/librustc_hir_typeck-a70c642e8e282aa7.rmeta --extern rustc_incremental=/mnt/data1/nix/vendor/rust/cargo2nix/submodules/rust-build/compiler/zombie_driver2/target/debug/deps/librustc_incremental-e60e7a4b2c61ab1f.rmeta --extern rustc_lint=/mnt/data1/nix/vendor/rust/cargo2nix/submodules/rust-build/compiler/zombie_driver2/target/debug/deps/librustc_lint-9fb9e4ed8d461a70.rmeta --extern rustc_macros=/mnt/data1/nix/vendor/rust/cargo2nix/submodules/rust-build/compiler/zombie_driver2/target/debug/deps/librustc_macros-533b3ebf51685542.so --extern rustc_metadata=/mnt/data1/nix/vendor/rust/cargo2nix/submodules/rust-build/compiler/zombie_driver2/target/debug/deps/librustc_metadata-efbf0dfc64041f00.rmeta --extern rustc_middle=/mnt/data1/nix/vendor/rust/cargo2nix/submodules/rust-build/compiler/zombie_driver2/target/debug/deps/librustc_middle-245c3150683558be.rmeta --extern rustc_mir_build=/mnt/data1/nix/vendor/rust/cargo2nix/submodules/rust-build/compiler/zombie_driver2/target/debug/deps/librustc_mir_build-9f0d49511222e71c.rmeta --extern rustc_mir_transform=/mnt/data1/nix/vendor/rust/cargo2nix/submodules/rust-build/compiler/zombie_driver2/target/debug/deps/librustc_mir_transform-320ce7cd78251c0c.rmeta --extern rustc_monomorphize=/mnt/data1/nix/vendor/rust/cargo2nix/submodules/rust-build/compiler/zombie_driver2/target/debug/deps/librustc_monomorphize-129bfa6cae930845.rmeta --extern rustc_parse=/mnt/data1/nix/vendor/rust/cargo2nix/submodules/rust-build/compiler/zombie_driver2/target/debug/deps/librustc_parse-867e097141c1b310.rmeta --extern rustc_passes=/mnt/data1/nix/vendor/rust/cargo2nix/submodules/rust-build/compiler/zombie_driver2/target/debug/deps/librustc_passes-21118fe9c583c933.rmeta --extern rustc_privacy=/mnt/data1/nix/vendor/rust/cargo2nix/submodules/rust-build/compiler/zombie_driver2/target/debug/deps/librustc_privacy-6cba5d76f986fc5f.rmeta --extern rustc_query_impl=/mnt/data1/nix/vendor/rust/cargo2nix/submodules/rust-build/compiler/zombie_driver2/target/debug/deps/librustc_query_impl-360e701d07584f1b.rmeta --extern rustc_query_system=/mnt/data1/nix/vendor/rust/cargo2nix/submodules/rust-build/compiler/zombie_driver2/target/debug/deps/librustc_query_system-fdb82a57abdd9f77.rmeta --extern rustc_resolve=/mnt/data1/nix/vendor/rust/cargo2nix/submodules/rust-build/compiler/zombie_driver2/target/debug/deps/librustc_resolve-3cbef7edbe67901e.rmeta --extern rustc_session=/mnt/data1/nix/vendor/rust/cargo2nix/submodules/rust-build/compiler/zombie_driver2/target/debug/deps/librustc_session-ad93ec0078fafc82.rmeta --extern rustc_span=/mnt/data1/nix/vendor/rust/cargo2nix/submodules/rust-build/compiler/zombie_driver2/target/debug/deps/librustc_span-cca3b45fe3825eda.rmeta --extern rustc_symbol_mangling=/mnt/data1/nix/vendor/rust/cargo2nix/submodules/rust-build/compiler/zombie_driver2/target/debug/deps/librustc_symbol_mangling-89e5266dc8d43ab2.rmeta --extern rustc_target=/mnt/data1/nix/vendor/rust/cargo2nix/submodules/rust-build/compiler/zombie_driver2/target/debug/deps/librustc_target-5de06d076d06ccca.rmeta --extern rustc_thread_pool=/mnt/data1/nix/vendor/rust/cargo2nix/submodules/rust-build/compiler/zombie_driver2/target/debug/deps/librustc_thread_pool-83aef153b3813075.rmeta --extern rustc_trait_selection=/mnt/data1/nix/vendor/rust/cargo2nix/submodules/rust-build/compiler/zombie_driver2/target/debug/deps/librustc_trait_selection-6f2bf10a906840c8.rmeta --extern rustc_traits=/mnt/data1/nix/vendor/rust/cargo2nix/submodules/rust-build/compiler/zombie_driver2/target/debug/deps/librustc_traits-c794481613b67b14.rmeta --extern rustc_ty_utils=/mnt/data1/nix/vendor/rust/cargo2nix/submodules/rust-build/compiler/zombie_driver2/target/debug/deps/librustc_ty_utils-0af97f67749ea847.rmeta --extern tracing=/mnt/data1/nix/vendor/rust/cargo2nix/submodules/rust-build/compiler/zombie_driver2/target/debug/deps/libtracing-82b3a1ccd9aeceb8.rmeta -L native=/mnt/data1/nix/vendor/rust/cargo2nix/submodules/rust-build/compiler/zombie_driver2/target/debug/build/psm-51115e95e3afce55/out -L native=/mnt/data1/nix/vendor/rust/cargo2nix/submodules/rust-build/compiler/zombie_driver2/target/debug/build/blake3-b449a45f526127c8/out -L native=/mnt/data1/nix/vendor/rust/cargo2nix/submodules/rust-build/compiler/zombie_driver2/target/debug/build/blake3-b449a45f526127c8/out
21:10:29 SKIPPED: rustc --crate-name rustc_interface --edition=2024 /mnt/data1/nix/vendor/rust/cargo2nix/submodules/rust-build/compiler/rustc_interface/src/lib.rs --error-format=json --json=diagnostic-rendered-ansi,artifacts,future-incompat --crate-type lib --emit=dep-info,metadata,link -C embed-bitcode=no -C debuginfo=2 --check-cfg cfg(docsrs,test) --check-cfg cfg(feature, values("check_only", "llvm", "llvm_enzyme")) -C metadata=3f1eef24c3bb33e4 -C extra-filename=-0baff863143ebe73 --out-dir /mnt/data1/nix/vendor/rust/cargo2nix/submodules/rust-build/compiler/zombie_driver2/target/debug/deps -C incremental=/mnt/data1/nix/vendor/rust/cargo2nix/submodules/rust-build/compiler/zombie_driver2/target/debug/incremental -L dependency=/mnt/data1/nix/vendor/rust/cargo2nix/submodules/rust-build/compiler/zombie_driver2/target/debug/deps --extern rustc_ast=/mnt/data1/nix/vendor/rust/cargo2nix/submodules/rust-build/compiler/zombie_driver2/target/debug/deps/librustc_ast-892745d5973bca50.rmeta --extern rustc_ast_lowering=/mnt/data1/nix/vendor/rust/cargo2nix/submodules/rust-build/compiler/zombie_driver2/target/debug/deps/librustc_ast_lowering-3ac4060a84415c65.rmeta --extern rustc_ast_passes=/mnt/data1/nix/vendor/rust/cargo2nix/submodules/rust-build/compiler/zombie_driver2/target/debug/deps/librustc_ast_passes-611ee6033e8ac644.rmeta --extern rustc_ast_pretty=/mnt/data1/nix/vendor/rust/cargo2nix/submodules/rust-build/compiler/zombie_driver2/target/debug/deps/librustc_ast_pretty-5d710bed6e10f481.rmeta --extern rustc_attr_parsing=/mnt/data1/nix/vendor/rust/cargo2nix/submodules/rust-build/compiler/zombie_driver2/target/debug/deps/librustc_attr_parsing-5a1f561174f84576.rmeta --extern rustc_borrowck=/mnt/data1/nix/vendor/rust/cargo2nix/submodules/rust-build/compiler/zombie_driver2/target/debug/deps/librustc_borrowck-0f2c99f6e9fda801.rmeta --extern rustc_builtin_macros=/mnt/data1/nix/vendor/rust/cargo2nix/submodules/rust-build/compiler/zombie_driver2/target/debug/deps/librustc_builtin_macros-21d65c3727207a09.rmeta --extern rustc_codegen_ssa=/mnt/data1/nix/vendor/rust/cargo2nix/submodules/rust-build/compiler/zombie_driver2/target/debug/deps/librustc_codegen_ssa-58627ced607c9438.rmeta --extern rustc_const_eval=/mnt/data1/nix/vendor/rust/cargo2nix/submodules/rust-build/compiler/zombie_driver2/target/debug/deps/librustc_const_eval-04d7334c33aece71.rmeta --extern rustc_data_structures=/mnt/data1/nix/vendor/rust/cargo2nix/submodules/rust-build/compiler/zombie_driver2/target/debug/deps/librustc_data_structures-7a05c3f43ea74b8d.rmeta --extern rustc_errors=/mnt/data1/nix/vendor/rust/cargo2nix/submodules/rust-build/compiler/zombie_driver2/target/debug/deps/librustc_errors-042ea83da72fde12.rmeta --extern rustc_expand=/mnt/data1/nix/vendor/rust/cargo2nix/submodules/rust-build/compiler/zombie_driver2/target/debug/deps/librustc_expand-4fdda5caa9ef4c80.rmeta --extern rustc_feature=/mnt/data1/nix/vendor/rust/cargo2nix/submodules/rust-build/compiler/zombie_driver2/target/debug/deps/librustc_feature-8b7a1e168a753038.rmeta --extern rustc_fluent_macro=/mnt/data1/nix/vendor/rust/cargo2nix/submodules/rust-build/compiler/zombie_driver2/target/debug/deps/librustc_fluent_macro-d795261342a5a863.so --extern rustc_fs_util=/mnt/data1/nix/vendor/rust/cargo2nix/submodules/rust-build/compiler/zombie_driver2/target/debug/deps/librustc_fs_util-4db11bae1137b760.rmeta --extern rustc_hir=/mnt/data1/nix/vendor/rust/cargo2nix/submodules/rust-build/compiler/zombie_driver2/target/debug/deps/librustc_hir-60bf32f61521f542.rmeta --extern rustc_hir_analysis=/mnt/data1/nix/vendor/rust/cargo2nix/submodules/rust-build/compiler/zombie_driver2/target/debug/deps/librustc_hir_analysis-3e9d450ef92b008e.rmeta --extern rustc_hir_typeck=/mnt/data1/nix/vendor/rust/cargo2nix/submodules/rust-build/compiler/zombie_driver2/target/debug/deps/librustc_hir_typeck-a70c642e8e282aa7.rmeta --extern rustc_incremental=/mnt/data1/nix/vendor/rust/cargo2nix/submodules/rust-build/compiler/zombie_driver2/target/debug/deps/librustc_incremental-e60e7a4b2c61ab1f.rmeta --extern rustc_lint=/mnt/data1/nix/vendor/rust/cargo2nix/submodules/rust-build/compiler/zombie_driver2/target/debug/deps/librustc_lint-9fb9e4ed8d461a70.rmeta --extern rustc_macros=/mnt/data1/nix/vendor/rust/cargo2nix/submodules/rust-build/compiler/zombie_driver2/target/debug/deps/librustc_macros-533b3ebf51685542.so --extern rustc_metadata=/mnt/data1/nix/vendor/rust/cargo2nix/submodules/rust-build/compiler/zombie_driver2/target/debug/deps/librustc_metadata-efbf0dfc64041f00.rmeta --extern rustc_middle=/mnt/data1/nix/vendor/rust/cargo2nix/submodules/rust-build/compiler/zombie_driver2/target/debug/deps/librustc_middle-245c3150683558be.rmeta --extern rustc_mir_build=/mnt/data1/nix/vendor/rust/cargo2nix/submodules/rust-build/compiler/zombie_driver2/target/debug/deps/librustc_mir_build-9f0d49511222e71c.rmeta --extern rustc_mir_transform=/mnt/data1/nix/vendor/rust/cargo2nix/submodules/rust-build/compiler/zombie_driver2/target/debug/deps/librustc_mir_transform-320ce7cd78251c0c.rmeta --extern rustc_monomorphize=/mnt/data1/nix/vendor/rust/cargo2nix/submodules/rust-build/compiler/zombie_driver2/target/debug/deps/librustc_monomorphize-129bfa6cae930845.rmeta --extern rustc_parse=/mnt/data1/nix/vendor/rust/cargo2nix/submodules/rust-build/compiler/zombie_driver2/target/debug/deps/librustc_parse-867e097141c1b310.rmeta --extern rustc_passes=/mnt/data1/nix/vendor/rust/cargo2nix/submodules/rust-build/compiler/zombie_driver2/target/debug/deps/librustc_passes-21118fe9c583c933.rmeta --extern rustc_privacy=/mnt/data1/nix/vendor/rust/cargo2nix/submodules/rust-build/compiler/zombie_driver2/target/debug/deps/librustc_privacy-6cba5d76f986fc5f.rmeta --extern rustc_query_impl=/mnt/data1/nix/vendor/rust/cargo2nix/submodules/rust-build/compiler/zombie_driver2/target/debug/deps/librustc_query_impl-360e701d07584f1b.rmeta --extern rustc_query_system=/mnt/data1/nix/vendor/rust/cargo2nix/submodules/rust-build/compiler/zombie_driver2/target/debug/deps/librustc_query_system-fdb82a57abdd9f77.rmeta --extern rustc_resolve=/mnt/data1/nix/vendor/rust/cargo2nix/submodules/rust-build/compiler/zombie_driver2/target/debug/deps/librustc_resolve-3cbef7edbe67901e.rmeta --extern rustc_session=/mnt/data1/nix/vendor/rust/cargo2nix/submodules/rust-build/compiler/zombie_driver2/target/debug/deps/librustc_session-ad93ec0078fafc82.rmeta --extern rustc_span=/mnt/data1/nix/vendor/rust/cargo2nix/submodules/rust-build/compiler/zombie_driver2/target/debug/deps/librustc_span-cca3b45fe3825eda.rmeta --extern rustc_symbol_mangling=/mnt/data1/nix/vendor/rust/cargo2nix/submodules/rust-build/compiler/zombie_driver2/target/debug/deps/librustc_symbol_mangling-89e5266dc8d43ab2.rmeta --extern rustc_target=/mnt/data1/nix/vendor/rust/cargo2nix/submodules/rust-build/compiler/zombie_driver2/target/debug/deps/librustc_target-5de06d076d06ccca.rmeta --extern rustc_thread_pool=/mnt/data1/nix/vendor/rust/cargo2nix/submodules/rust-build/compiler/zombie_driver2/target/debug/deps/librustc_thread_pool-83aef153b3813075.rmeta --extern rustc_trait_selection=/mnt/data1/nix/vendor/rust/cargo2nix/submodules/rust-build/compiler/zombie_driver2/target/debug/deps/librustc_trait_selection-6f2bf10a906840c8.rmeta --extern rustc_traits=/mnt/data1/nix/vendor/rust/cargo2nix/submodules/rust-build/compiler/zombie_driver2/target/debug/deps/librustc_traits-c794481613b67b14.rmeta --extern rustc_ty_utils=/mnt/data1/nix/vendor/rust/cargo2nix/submodules/rust-build/compiler/zombie_driver2/target/debug/deps/librustc_ty_utils-0af97f67749ea847.rmeta --extern tracing=/mnt/data1/nix/vendor/rust/cargo2nix/submodules/rust-build/compiler/zombie_driver2/target/debug/deps/libtracing-82b3a1ccd9aeceb8.rmeta -L native=/mnt/data1/nix/vendor/rust/cargo2nix/submodules/rust-build/compiler/zombie_driver2/target/debug/build/psm-51115e95e3afce55/out -L native=/mnt/data1/nix/vendor/rust/cargo2nix/submodules/rust-build/compiler/zombie_driver2/target/debug/build/blake3-b449a45f526127c8/out -L native=/mnt/data1/nix/vendor/rust/cargo2nix/submodules/rust-build/compiler/zombie_driver2/target/debug/build/blake3-b449a45f526127c8/out
21:11:08 SKIPPED: rustc --crate-name rustc_interface --edition=2024 /mnt/data1/nix/vendor/rust/cargo2nix/submodules/rust-build/compiler/rustc_interface/src/lib.rs --error-format=json --json=diagnostic-rendered-ansi,artifacts,future-incompat --crate-type lib --emit=dep-info,metadata,link -C embed-bitcode=no -C debuginfo=2 --check-cfg cfg(docsrs,test) --check-cfg cfg(feature, values("check_only", "llvm", "llvm_enzyme")) -C metadata=3f1eef24c3bb33e4 -C extra-filename=-0baff863143ebe73 --out-dir /mnt/data1/nix/vendor/rust/cargo2nix/submodules/rust-build/compiler/zombie_driver2/target/debug/deps -C incremental=/mnt/data1/nix/vendor/rust/cargo2nix/submodules/rust-build/compiler/zombie_driver2/target/debug/incremental -L dependency=/mnt/data1/nix/vendor/rust/cargo2nix/submodules/rust-build/compiler/zombie_driver2/target/debug/deps --extern rustc_ast=/mnt/data1/nix/vendor/rust/cargo2nix/submodules/rust-build/compiler/zombie_driver2/target/debug/deps/librustc_ast-892745d5973bca50.rmeta --extern rustc_ast_lowering=/mnt/data1/nix/vendor/rust/cargo2nix/submodules/rust-build/compiler/zombie_driver2/target/debug/deps/librustc_ast_lowering-3ac4060a84415c65.rmeta --extern rustc_ast_passes=/mnt/data1/nix/vendor/rust/cargo2nix/submodules/rust-build/compiler/zombie_driver2/target/debug/deps/librustc_ast_passes-611ee6033e8ac644.rmeta --extern rustc_ast_pretty=/mnt/data1/nix/vendor/rust/cargo2nix/submodules/rust-build/compiler/zombie_driver2/target/debug/deps/librustc_ast_pretty-5d710bed6e10f481.rmeta --extern rustc_attr_parsing=/mnt/data1/nix/vendor/rust/cargo2nix/submodules/rust-build/compiler/zombie_driver2/target/debug/deps/librustc_attr_parsing-5a1f561174f84576.rmeta --extern rustc_borrowck=/mnt/data1/nix/vendor/rust/cargo2nix/submodules/rust-build/compiler/zombie_driver2/target/debug/deps/librustc_borrowck-0f2c99f6e9fda801.rmeta --extern rustc_builtin_macros=/mnt/data1/nix/vendor/rust/cargo2nix/submodules/rust-build/compiler/zombie_driver2/target/debug/deps/librustc_builtin_macros-21d65c3727207a09.rmeta --extern rustc_codegen_ssa=/mnt/data1/nix/vendor/rust/cargo2nix/submodules/rust-build/compiler/zombie_driver2/target/debug/deps/librustc_codegen_ssa-58627ced607c9438.rmeta --extern rustc_const_eval=/mnt/data1/nix/vendor/rust/cargo2nix/submodules/rust-build/compiler/zombie_driver2/target/debug/deps/librustc_const_eval-04d7334c33aece71.rmeta --extern rustc_data_structures=/mnt/data1/nix/vendor/rust/cargo2nix/submodules/rust-build/compiler/zombie_driver2/target/debug/deps/librustc_data_structures-7a05c3f43ea74b8d.rmeta --extern rustc_errors=/mnt/data1/nix/vendor/rust/cargo2nix/submodules/rust-build/compiler/zombie_driver2/target/debug/deps/librustc_errors-042ea83da72fde12.rmeta --extern rustc_expand=/mnt/data1/nix/vendor/rust/cargo2nix/submodules/rust-build/compiler/zombie_driver2/target/debug/deps/librustc_expand-4fdda5caa9ef4c80.rmeta --extern rustc_feature=/mnt/data1/nix/vendor/rust/cargo2nix/submodules/rust-build/compiler/zombie_driver2/target/debug/deps/librustc_feature-8b7a1e168a753038.rmeta --extern rustc_fluent_macro=/mnt/data1/nix/vendor/rust/cargo2nix/submodules/rust-build/compiler/zombie_driver2/target/debug/deps/librustc_fluent_macro-d795261342a5a863.so --extern rustc_fs_util=/mnt/data1/nix/vendor/rust/cargo2nix/submodules/rust-build/compiler/zombie_driver2/target/debug/deps/librustc_fs_util-4db11bae1137b760.rmeta --extern rustc_hir=/mnt/data1/nix/vendor/rust/cargo2nix/submodules/rust-build/compiler/zombie_driver2/target/debug/deps/librustc_hir-60bf32f61521f542.rmeta --extern rustc_hir_analysis=/mnt/data1/nix/vendor/rust/cargo2nix/submodules/rust-build/compiler/zombie_driver2/target/debug/deps/librustc_hir_analysis-3e9d450ef92b008e.rmeta --extern rustc_hir_typeck=/mnt/data1/nix/vendor/rust/cargo2nix/submodules/rust-build/compiler/zombie_driver2/target/debug/deps/librustc_hir_typeck-a70c642e8e282aa7.rmeta --extern rustc_incremental=/mnt/data1/nix/vendor/rust/cargo2nix/submodules/rust-build/compiler/zombie_driver2/target/debug/deps/librustc_incremental-e60e7a4b2c61ab1f.rmeta --extern rustc_lint=/mnt/data1/nix/vendor/rust/cargo2nix/submodules/rust-build/compiler/zombie_driver2/target/debug/deps/librustc_lint-9fb9e4ed8d461a70.rmeta --extern rustc_macros=/mnt/data1/nix/vendor/rust/cargo2nix/submodules/rust-build/compiler/zombie_driver2/target/debug/deps/librustc_macros-533b3ebf51685542.so --extern rustc_metadata=/mnt/data1/nix/vendor/rust/cargo2nix/submodules/rust-build/compiler/zombie_driver2/target/debug/deps/librustc_metadata-efbf0dfc64041f00.rmeta --extern rustc_middle=/mnt/data1/nix/vendor/rust/cargo2nix/submodules/rust-build/compiler/zombie_driver2/target/debug/deps/librustc_middle-245c3150683558be.rmeta --extern rustc_mir_build=/mnt/data1/nix/vendor/rust/cargo2nix/submodules/rust-build/compiler/zombie_driver2/target/debug/deps/librustc_mir_build-9f0d49511222e71c.rmeta --extern rustc_mir_transform=/mnt/data1/nix/vendor/rust/cargo2nix/submodules/rust-build/compiler/zombie_driver2/target/debug/deps/librustc_mir_transform-320ce7cd78251c0c.rmeta --extern rustc_monomorphize=/mnt/data1/nix/vendor/rust/cargo2nix/submodules/rust-build/compiler/zombie_driver2/target/debug/deps/librustc_monomorphize-129bfa6cae930845.rmeta --extern rustc_parse=/mnt/data1/nix/vendor/rust/cargo2nix/submodules/rust-build/compiler/zombie_driver2/target/debug/deps/librustc_parse-867e097141c1b310.rmeta --extern rustc_passes=/mnt/data1/nix/vendor/rust/cargo2nix/submodules/rust-build/compiler/zombie_driver2/target/debug/deps/librustc_passes-21118fe9c583c933.rmeta --extern rustc_privacy=/mnt/data1/nix/vendor/rust/cargo2nix/submodules/rust-build/compiler/zombie_driver2/target/debug/deps/librustc_privacy-6cba5d76f986fc5f.rmeta --extern rustc_query_impl=/mnt/data1/nix/vendor/rust/cargo2nix/submodules/rust-build/compiler/zombie_driver2/target/debug/deps/librustc_query_impl-360e701d07584f1b.rmeta --extern rustc_query_system=/mnt/data1/nix/vendor/rust/cargo2nix/submodules/rust-build/compiler/zombie_driver2/target/debug/deps/librustc_query_system-fdb82a57abdd9f77.rmeta --extern rustc_resolve=/mnt/data1/nix/vendor/rust/cargo2nix/submodules/rust-build/compiler/zombie_driver2/target/debug/deps/librustc_resolve-3cbef7edbe67901e.rmeta --extern rustc_session=/mnt/data1/nix/vendor/rust/cargo2nix/submodules/rust-build/compiler/zombie_driver2/target/debug/deps/librustc_session-ad93ec0078fafc82.rmeta --extern rustc_span=/mnt/data1/nix/vendor/rust/cargo2nix/submodules/rust-build/compiler/zombie_driver2/target/debug/deps/librustc_span-cca3b45fe3825eda.rmeta --extern rustc_symbol_mangling=/mnt/data1/nix/vendor/rust/cargo2nix/submodules/rust-build/compiler/zombie_driver2/target/debug/deps/librustc_symbol_mangling-89e5266dc8d43ab2.rmeta --extern rustc_target=/mnt/data1/nix/vendor/rust/cargo2nix/submodules/rust-build/compiler/zombie_driver2/target/debug/deps/librustc_target-5de06d076d06ccca.rmeta --extern rustc_thread_pool=/mnt/data1/nix/vendor/rust/cargo2nix/submodules/rust-build/compiler/zombie_driver2/target/debug/deps/librustc_thread_pool-83aef153b3813075.rmeta --extern rustc_trait_selection=/mnt/data1/nix/vendor/rust/cargo2nix/submodules/rust-build/compiler/zombie_driver2/target/debug/deps/librustc_trait_selection-6f2bf10a906840c8.rmeta --extern rustc_traits=/mnt/data1/nix/vendor/rust/cargo2nix/submodules/rust-build/compiler/zombie_driver2/target/debug/deps/librustc_traits-c794481613b67b14.rmeta --extern rustc_ty_utils=/mnt/data1/nix/vendor/rust/cargo2nix/submodules/rust-build/compiler/zombie_driver2/target/debug/deps/librustc_ty_utils-0af97f67749ea847.rmeta --extern tracing=/mnt/data1/nix/vendor/rust/cargo2nix/submodules/rust-build/compiler/zombie_driver2/target/debug/deps/libtracing-82b3a1ccd9aeceb8.rmeta -L native=/mnt/data1/nix/vendor/rust/cargo2nix/submodules/rust-build/compiler/zombie_driver2/target/debug/build/psm-51115e95e3afce55/out -L native=/mnt/data1/nix/vendor/rust/cargo2nix/submodules/rust-build/compiler/zombie_driver2/target/debug/build/blake3-b449a45f526127c8/out -L native=/mnt/data1/nix/vendor/rust/cargo2nix/submodules/rust-build/compiler/zombie_driver2/target/debug/build/blake3-b449a45f526127c8/out
21:13:37 SKIPPED: rustc --crate-name rustc_interface --edition=2024 /mnt/data1/nix/vendor/rust/cargo2nix/submodules/rust-build/compiler/rustc_interface/src/lib.rs --error-format=json --json=diagnostic-rendered-ansi,artifacts,future-incompat --crate-type lib --emit=dep-info,metadata,link -C embed-bitcode=no -C debuginfo=2 --check-cfg cfg(docsrs,test) --check-cfg cfg(feature, values("check_only", "llvm", "llvm_enzyme")) -C metadata=3f1eef24c3bb33e4 -C extra-filename=-0baff863143ebe73 --out-dir /mnt/data1/nix/vendor/rust/cargo2nix/submodules/rust-build/compiler/zombie_driver2/target/debug/deps -C incremental=/mnt/data1/nix/vendor/rust/cargo2nix/submodules/rust-build/compiler/zombie_driver2/target/debug/incremental -L dependency=/mnt/data1/nix/vendor/rust/cargo2nix/submodules/rust-build/compiler/zombie_driver2/target/debug/deps --extern rustc_ast=/mnt/data1/nix/vendor/rust/cargo2nix/submodules/rust-build/compiler/zombie_driver2/target/debug/deps/librustc_ast-892745d5973bca50.rmeta --extern rustc_ast_lowering=/mnt/data1/nix/vendor/rust/cargo2nix/submodules/rust-build/compiler/zombie_driver2/target/debug/deps/librustc_ast_lowering-3ac4060a84415c65.rmeta --extern rustc_ast_passes=/mnt/data1/nix/vendor/rust/cargo2nix/submodules/rust-build/compiler/zombie_driver2/target/debug/deps/librustc_ast_passes-611ee6033e8ac644.rmeta --extern rustc_ast_pretty=/mnt/data1/nix/vendor/rust/cargo2nix/submodules/rust-build/compiler/zombie_driver2/target/debug/deps/librustc_ast_pretty-5d710bed6e10f481.rmeta --extern rustc_attr_parsing=/mnt/data1/nix/vendor/rust/cargo2nix/submodules/rust-build/compiler/zombie_driver2/target/debug/deps/librustc_attr_parsing-5a1f561174f84576.rmeta --extern rustc_borrowck=/mnt/data1/nix/vendor/rust/cargo2nix/submodules/rust-build/compiler/zombie_driver2/target/debug/deps/librustc_borrowck-0f2c99f6e9fda801.rmeta --extern rustc_builtin_macros=/mnt/data1/nix/vendor/rust/cargo2nix/submodules/rust-build/compiler/zombie_driver2/target/debug/deps/librustc_builtin_macros-21d65c3727207a09.rmeta --extern rustc_codegen_ssa=/mnt/data1/nix/vendor/rust/cargo2nix/submodules/rust-build/compiler/zombie_driver2/target/debug/deps/librustc_codegen_ssa-58627ced607c9438.rmeta --extern rustc_const_eval=/mnt/data1/nix/vendor/rust/cargo2nix/submodules/rust-build/compiler/zombie_driver2/target/debug/deps/librustc_const_eval-04d7334c33aece71.rmeta --extern rustc_data_structures=/mnt/data1/nix/vendor/rust/cargo2nix/submodules/rust-build/compiler/zombie_driver2/target/debug/deps/librustc_data_structures-7a05c3f43ea74b8d.rmeta --extern rustc_errors=/mnt/data1/nix/vendor/rust/cargo2nix/submodules/rust-build/compiler/zombie_driver2/target/debug/deps/librustc_errors-042ea83da72fde12.rmeta --extern rustc_expand=/mnt/data1/nix/vendor/rust/cargo2nix/submodules/rust-build/compiler/zombie_driver2/target/debug/deps/librustc_expand-4fdda5caa9ef4c80.rmeta --extern rustc_feature=/mnt/data1/nix/vendor/rust/cargo2nix/submodules/rust-build/compiler/zombie_driver2/target/debug/deps/librustc_feature-8b7a1e168a753038.rmeta --extern rustc_fluent_macro=/mnt/data1/nix/vendor/rust/cargo2nix/submodules/rust-build/compiler/zombie_driver2/target/debug/deps/librustc_fluent_macro-d795261342a5a863.so --extern rustc_fs_util=/mnt/data1/nix/vendor/rust/cargo2nix/submodules/rust-build/compiler/zombie_driver2/target/debug/deps/librustc_fs_util-4db11bae1137b760.rmeta --extern rustc_hir=/mnt/data1/nix/vendor/rust/cargo2nix/submodules/rust-build/compiler/zombie_driver2/target/debug/deps/librustc_hir-60bf32f61521f542.rmeta --extern rustc_hir_analysis=/mnt/data1/nix/vendor/rust/cargo2nix/submodules/rust-build/compiler/zombie_driver2/target/debug/deps/librustc_hir_analysis-3e9d450ef92b008e.rmeta --extern rustc_hir_typeck=/mnt/data1/nix/vendor/rust/cargo2nix/submodules/rust-build/compiler/zombie_driver2/target/debug/deps/librustc_hir_typeck-a70c642e8e282aa7.rmeta --extern rustc_incremental=/mnt/data1/nix/vendor/rust/cargo2nix/submodules/rust-build/compiler/zombie_driver2/target/debug/deps/librustc_incremental-e60e7a4b2c61ab1f.rmeta --extern rustc_lint=/mnt/data1/nix/vendor/rust/cargo2nix/submodules/rust-build/compiler/zombie_driver2/target/debug/deps/librustc_lint-9fb9e4ed8d461a70.rmeta --extern rustc_macros=/mnt/data1/nix/vendor/rust/cargo2nix/submodules/rust-build/compiler/zombie_driver2/target/debug/deps/librustc_macros-533b3ebf51685542.so --extern rustc_metadata=/mnt/data1/nix/vendor/rust/cargo2nix/submodules/rust-build/compiler/zombie_driver2/target/debug/deps/librustc_metadata-efbf0dfc64041f00.rmeta --extern rustc_middle=/mnt/data1/nix/vendor/rust/cargo2nix/submodules/rust-build/compiler/zombie_driver2/target/debug/deps/librustc_middle-245c3150683558be.rmeta --extern rustc_mir_build=/mnt/data1/nix/vendor/rust/cargo2nix/submodules/rust-build/compiler/zombie_driver2/target/debug/deps/librustc_mir_build-9f0d49511222e71c.rmeta --extern rustc_mir_transform=/mnt/data1/nix/vendor/rust/cargo2nix/submodules/rust-build/compiler/zombie_driver2/target/debug/deps/librustc_mir_transform-320ce7cd78251c0c.rmeta --extern rustc_monomorphize=/mnt/data1/nix/vendor/rust/cargo2nix/submodules/rust-build/compiler/zombie_driver2/target/debug/deps/librustc_monomorphize-129bfa6cae930845.rmeta --extern rustc_parse=/mnt/data1/nix/vendor/rust/cargo2nix/submodules/rust-build/compiler/zombie_driver2/target/debug/deps/librustc_parse-867e097141c1b310.rmeta --extern rustc_passes=/mnt/data1/nix/vendor/rust/cargo2nix/submodules/rust-build/compiler/zombie_driver2/target/debug/deps/librustc_passes-21118fe9c583c933.rmeta --extern rustc_privacy=/mnt/data1/nix/vendor/rust/cargo2nix/submodules/rust-build/compiler/zombie_driver2/target/debug/deps/librustc_privacy-6cba5d76f986fc5f.rmeta --extern rustc_query_impl=/mnt/data1/nix/vendor/rust/cargo2nix/submodules/rust-build/compiler/zombie_driver2/target/debug/deps/librustc_query_impl-360e701d07584f1b.rmeta --extern rustc_query_system=/mnt/data1/nix/vendor/rust/cargo2nix/submodules/rust-build/compiler/zombie_driver2/target/debug/deps/librustc_query_system-fdb82a57abdd9f77.rmeta --extern rustc_resolve=/mnt/data1/nix/vendor/rust/cargo2nix/submodules/rust-build/compiler/zombie_driver2/target/debug/deps/librustc_resolve-3cbef7edbe67901e.rmeta --extern rustc_session=/mnt/data1/nix/vendor/rust/cargo2nix/submodules/rust-build/compiler/zombie_driver2/target/debug/deps/librustc_session-ad93ec0078fafc82.rmeta --extern rustc_span=/mnt/data1/nix/vendor/rust/cargo2nix/submodules/rust-build/compiler/zombie_driver2/target/debug/deps/librustc_span-cca3b45fe3825eda.rmeta --extern rustc_symbol_mangling=/mnt/data1/nix/vendor/rust/cargo2nix/submodules/rust-build/compiler/zombie_driver2/target/debug/deps/librustc_symbol_mangling-89e5266dc8d43ab2.rmeta --extern rustc_target=/mnt/data1/nix/vendor/rust/cargo2nix/submodules/rust-build/compiler/zombie_driver2/target/debug/deps/librustc_target-5de06d076d06ccca.rmeta --extern rustc_thread_pool=/mnt/data1/nix/vendor/rust/cargo2nix/submodules/rust-build/compiler/zombie_driver2/target/debug/deps/librustc_thread_pool-83aef153b3813075.rmeta --extern rustc_trait_selection=/mnt/data1/nix/vendor/rust/cargo2nix/submodules/rust-build/compiler/zombie_driver2/target/debug/deps/librustc_trait_selection-6f2bf10a906840c8.rmeta --extern rustc_traits=/mnt/data1/nix/vendor/rust/cargo2nix/submodules/rust-build/compiler/zombie_driver2/target/debug/deps/librustc_traits-c794481613b67b14.rmeta --extern rustc_ty_utils=/mnt/data1/nix/vendor/rust/cargo2nix/submodules/rust-build/compiler/zombie_driver2/target/debug/deps/librustc_ty_utils-0af97f67749ea847.rmeta --extern tracing=/mnt/data1/nix/vendor/rust/cargo2nix/submodules/rust-build/compiler/zombie_driver2/target/debug/deps/libtracing-82b3a1ccd9aeceb8.rmeta -L native=/mnt/data1/nix/vendor/rust/cargo2nix/submodules/rust-build/compiler/zombie_driver2/target/debug/build/psm-51115e95e3afce55/out -L native=/mnt/data1/nix/vendor/rust/cargo2nix/submodules/rust-build/compiler/zombie_driver2/target/debug/build/blake3-b449a45f526127c8/out -L native=/mnt/data1/nix/vendor/rust/cargo2nix/submodules/rust-build/compiler/zombie_driver2/target/debug/build/blake3-b449a45f526127c8/out
21:13:48 SKIPPED: rustc --crate-name rustc_interface --edition=2024 /mnt/data1/nix/vendor/rust/cargo2nix/submodules/rust-build/compiler/rustc_interface/src/lib.rs --error-format=json --json=diagnostic-rendered-ansi,artifacts,future-incompat --crate-type lib --emit=dep-info,metadata,link -C embed-bitcode=no -C debuginfo=2 --check-cfg cfg(docsrs,test) --check-cfg cfg(feature, values("check_only", "llvm", "llvm_enzyme")) -C metadata=3f1eef24c3bb33e4 -C extra-filename=-0baff863143ebe73 --out-dir /mnt/data1/nix/vendor/rust/cargo2nix/submodules/rust-build/compiler/zombie_driver2/target/debug/deps -C incremental=/mnt/data1/nix/vendor/rust/cargo2nix/submodules/rust-build/compiler/zombie_driver2/target/debug/incremental -L dependency=/mnt/data1/nix/vendor/rust/cargo2nix/submodules/rust-build/compiler/zombie_driver2/target/debug/deps --extern rustc_ast=/mnt/data1/nix/vendor/rust/cargo2nix/submodules/rust-build/compiler/zombie_driver2/target/debug/deps/librustc_ast-892745d5973bca50.rmeta --extern rustc_ast_lowering=/mnt/data1/nix/vendor/rust/cargo2nix/submodules/rust-build/compiler/zombie_driver2/target/debug/deps/librustc_ast_lowering-3ac4060a84415c65.rmeta --extern rustc_ast_passes=/mnt/data1/nix/vendor/rust/cargo2nix/submodules/rust-build/compiler/zombie_driver2/target/debug/deps/librustc_ast_passes-611ee6033e8ac644.rmeta --extern rustc_ast_pretty=/mnt/data1/nix/vendor/rust/cargo2nix/submodules/rust-build/compiler/zombie_driver2/target/debug/deps/librustc_ast_pretty-5d710bed6e10f481.rmeta --extern rustc_attr_parsing=/mnt/data1/nix/vendor/rust/cargo2nix/submodules/rust-build/compiler/zombie_driver2/target/debug/deps/librustc_attr_parsing-5a1f561174f84576.rmeta --extern rustc_borrowck=/mnt/data1/nix/vendor/rust/cargo2nix/submodules/rust-build/compiler/zombie_driver2/target/debug/deps/librustc_borrowck-0f2c99f6e9fda801.rmeta --extern rustc_builtin_macros=/mnt/data1/nix/vendor/rust/cargo2nix/submodules/rust-build/compiler/zombie_driver2/target/debug/deps/librustc_builtin_macros-21d65c3727207a09.rmeta --extern rustc_codegen_ssa=/mnt/data1/nix/vendor/rust/cargo2nix/submodules/rust-build/compiler/zombie_driver2/target/debug/deps/librustc_codegen_ssa-58627ced607c9438.rmeta --extern rustc_const_eval=/mnt/data1/nix/vendor/rust/cargo2nix/submodules/rust-build/compiler/zombie_driver2/target/debug/deps/librustc_const_eval-04d7334c33aece71.rmeta --extern rustc_data_structures=/mnt/data1/nix/vendor/rust/cargo2nix/submodules/rust-build/compiler/zombie_driver2/target/debug/deps/librustc_data_structures-7a05c3f43ea74b8d.rmeta --extern rustc_errors=/mnt/data1/nix/vendor/rust/cargo2nix/submodules/rust-build/compiler/zombie_driver2/target/debug/deps/librustc_errors-042ea83da72fde12.rmeta --extern rustc_expand=/mnt/data1/nix/vendor/rust/cargo2nix/submodules/rust-build/compiler/zombie_driver2/target/debug/deps/librustc_expand-4fdda5caa9ef4c80.rmeta --extern rustc_feature=/mnt/data1/nix/vendor/rust/cargo2nix/submodules/rust-build/compiler/zombie_driver2/target/debug/deps/librustc_feature-8b7a1e168a753038.rmeta --extern rustc_fluent_macro=/mnt/data1/nix/vendor/rust/cargo2nix/submodules/rust-build/compiler/zombie_driver2/target/debug/deps/librustc_fluent_macro-d795261342a5a863.so --extern rustc_fs_util=/mnt/data1/nix/vendor/rust/cargo2nix/submodules/rust-build/compiler/zombie_driver2/target/debug/deps/librustc_fs_util-4db11bae1137b760.rmeta --extern rustc_hir=/mnt/data1/nix/vendor/rust/cargo2nix/submodules/rust-build/compiler/zombie_driver2/target/debug/deps/librustc_hir-60bf32f61521f542.rmeta --extern rustc_hir_analysis=/mnt/data1/nix/vendor/rust/cargo2nix/submodules/rust-build/compiler/zombie_driver2/target/debug/deps/librustc_hir_analysis-3e9d450ef92b008e.rmeta --extern rustc_hir_typeck=/mnt/data1/nix/vendor/rust/cargo2nix/submodules/rust-build/compiler/zombie_driver2/target/debug/deps/librustc_hir_typeck-a70c642e8e282aa7.rmeta --extern rustc_incremental=/mnt/data1/nix/vendor/rust/cargo2nix/submodules/rust-build/compiler/zombie_driver2/target/debug/deps/librustc_incremental-e60e7a4b2c61ab1f.rmeta --extern rustc_lint=/mnt/data1/nix/vendor/rust/cargo2nix/submodules/rust-build/compiler/zombie_driver2/target/debug/deps/librustc_lint-9fb9e4ed8d461a70.rmeta --extern rustc_macros=/mnt/data1/nix/vendor/rust/cargo2nix/submodules/rust-build/compiler/zombie_driver2/target/debug/deps/librustc_macros-533b3ebf51685542.so --extern rustc_metadata=/mnt/data1/nix/vendor/rust/cargo2nix/submodules/rust-build/compiler/zombie_driver2/target/debug/deps/librustc_metadata-efbf0dfc64041f00.rmeta --extern rustc_middle=/mnt/data1/nix/vendor/rust/cargo2nix/submodules/rust-build/compiler/zombie_driver2/target/debug/deps/librustc_middle-245c3150683558be.rmeta --extern rustc_mir_build=/mnt/data1/nix/vendor/rust/cargo2nix/submodules/rust-build/compiler/zombie_driver2/target/debug/deps/librustc_mir_build-9f0d49511222e71c.rmeta --extern rustc_mir_transform=/mnt/data1/nix/vendor/rust/cargo2nix/submodules/rust-build/compiler/zombie_driver2/target/debug/deps/librustc_mir_transform-320ce7cd78251c0c.rmeta --extern rustc_monomorphize=/mnt/data1/nix/vendor/rust/cargo2nix/submodules/rust-build/compiler/zombie_driver2/target/debug/deps/librustc_monomorphize-129bfa6cae930845.rmeta --extern rustc_parse=/mnt/data1/nix/vendor/rust/cargo2nix/submodules/rust-build/compiler/zombie_driver2/target/debug/deps/librustc_parse-867e097141c1b310.rmeta --extern rustc_passes=/mnt/data1/nix/vendor/rust/cargo2nix/submodules/rust-build/compiler/zombie_driver2/target/debug/deps/librustc_passes-21118fe9c583c933.rmeta --extern rustc_privacy=/mnt/data1/nix/vendor/rust/cargo2nix/submodules/rust-build/compiler/zombie_driver2/target/debug/deps/librustc_privacy-6cba5d76f986fc5f.rmeta --extern rustc_query_impl=/mnt/data1/nix/vendor/rust/cargo2nix/submodules/rust-build/compiler/zombie_driver2/target/debug/deps/librustc_query_impl-360e701d07584f1b.rmeta --extern rustc_query_system=/mnt/data1/nix/vendor/rust/cargo2nix/submodules/rust-build/compiler/zombie_driver2/target/debug/deps/librustc_query_system-fdb82a57abdd9f77.rmeta --extern rustc_resolve=/mnt/data1/nix/vendor/rust/cargo2nix/submodules/rust-build/compiler/zombie_driver2/target/debug/deps/librustc_resolve-3cbef7edbe67901e.rmeta --extern rustc_session=/mnt/data1/nix/vendor/rust/cargo2nix/submodules/rust-build/compiler/zombie_driver2/target/debug/deps/librustc_session-ad93ec0078fafc82.rmeta --extern rustc_span=/mnt/data1/nix/vendor/rust/cargo2nix/submodules/rust-build/compiler/zombie_driver2/target/debug/deps/librustc_span-cca3b45fe3825eda.rmeta --extern rustc_symbol_mangling=/mnt/data1/nix/vendor/rust/cargo2nix/submodules/rust-build/compiler/zombie_driver2/target/debug/deps/librustc_symbol_mangling-89e5266dc8d43ab2.rmeta --extern rustc_target=/mnt/data1/nix/vendor/rust/cargo2nix/submodules/rust-build/compiler/zombie_driver2/target/debug/deps/librustc_target-5de06d076d06ccca.rmeta --extern rustc_thread_pool=/mnt/data1/nix/vendor/rust/cargo2nix/submodules/rust-build/compiler/zombie_driver2/target/debug/deps/librustc_thread_pool-83aef153b3813075.rmeta --extern rustc_trait_selection=/mnt/data1/nix/vendor/rust/cargo2nix/submodules/rust-build/compiler/zombie_driver2/target/debug/deps/librustc_trait_selection-6f2bf10a906840c8.rmeta --extern rustc_traits=/mnt/data1/nix/vendor/rust/cargo2nix/submodules/rust-build/compiler/zombie_driver2/target/debug/deps/librustc_traits-c794481613b67b14.rmeta --extern rustc_ty_utils=/mnt/data1/nix/vendor/rust/cargo2nix/submodules/rust-build/compiler/zombie_driver2/target/debug/deps/librustc_ty_utils-0af97f67749ea847.rmeta --extern tracing=/mnt/data1/nix/vendor/rust/cargo2nix/submodules/rust-build/compiler/zombie_driver2/target/debug/deps/libtracing-82b3a1ccd9aeceb8.rmeta -L native=/mnt/data1/nix/vendor/rust/cargo2nix/submodules/rust-build/compiler/zombie_driver2/target/debug/build/psm-51115e95e3afce55/out -L native=/mnt/data1/nix/vendor/rust/cargo2nix/submodules/rust-build/compiler/zombie_driver2/target/debug/build/blake3-b449a45f526127c8/out -L native=/mnt/data1/nix/vendor/rust/cargo2nix/submodules/rust-build/compiler/zombie_driver2/target/debug/build/blake3-b449a45f526127c8/out
21:15:47 SKIPPED: rustc --crate-name rustc_interface --edition=2024 /mnt/data1/nix/vendor/rust/cargo2nix/submodules/rust-build/compiler/rustc_interface/src/lib.rs --error-format=json --json=diagnostic-rendered-ansi,artifacts,future-incompat --crate-type lib --emit=dep-info,metadata,link -C embed-bitcode=no -C debuginfo=2 --check-cfg cfg(docsrs,test) --check-cfg cfg(feature, values("check_only", "llvm", "llvm_enzyme")) -C metadata=3f1eef24c3bb33e4 -C extra-filename=-0baff863143ebe73 --out-dir /mnt/data1/nix/vendor/rust/cargo2nix/submodules/rust-build/compiler/zombie_driver2/target/debug/deps -C incremental=/mnt/data1/nix/vendor/rust/cargo2nix/submodules/rust-build/compiler/zombie_driver2/target/debug/incremental -L dependency=/mnt/data1/nix/vendor/rust/cargo2nix/submodules/rust-build/compiler/zombie_driver2/target/debug/deps --extern rustc_ast=/mnt/data1/nix/vendor/rust/cargo2nix/submodules/rust-build/compiler/zombie_driver2/target/debug/deps/librustc_ast-892745d5973bca50.rmeta --extern rustc_ast_lowering=/mnt/data1/nix/vendor/rust/cargo2nix/submodules/rust-build/compiler/zombie_driver2/target/debug/deps/librustc_ast_lowering-3ac4060a84415c65.rmeta --extern rustc_ast_passes=/mnt/data1/nix/vendor/rust/cargo2nix/submodules/rust-build/compiler/zombie_driver2/target/debug/deps/librustc_ast_passes-611ee6033e8ac644.rmeta --extern rustc_ast_pretty=/mnt/data1/nix/vendor/rust/cargo2nix/submodules/rust-build/compiler/zombie_driver2/target/debug/deps/librustc_ast_pretty-5d710bed6e10f481.rmeta --extern rustc_attr_parsing=/mnt/data1/nix/vendor/rust/cargo2nix/submodules/rust-build/compiler/zombie_driver2/target/debug/deps/librustc_attr_parsing-5a1f561174f84576.rmeta --extern rustc_borrowck=/mnt/data1/nix/vendor/rust/cargo2nix/submodules/rust-build/compiler/zombie_driver2/target/debug/deps/librustc_borrowck-0f2c99f6e9fda801.rmeta --extern rustc_builtin_macros=/mnt/data1/nix/vendor/rust/cargo2nix/submodules/rust-build/compiler/zombie_driver2/target/debug/deps/librustc_builtin_macros-21d65c3727207a09.rmeta --extern rustc_codegen_ssa=/mnt/data1/nix/vendor/rust/cargo2nix/submodules/rust-build/compiler/zombie_driver2/target/debug/deps/librustc_codegen_ssa-58627ced607c9438.rmeta --extern rustc_const_eval=/mnt/data1/nix/vendor/rust/cargo2nix/submodules/rust-build/compiler/zombie_driver2/target/debug/deps/librustc_const_eval-04d7334c33aece71.rmeta --extern rustc_data_structures=/mnt/data1/nix/vendor/rust/cargo2nix/submodules/rust-build/compiler/zombie_driver2/target/debug/deps/librustc_data_structures-7a05c3f43ea74b8d.rmeta --extern rustc_errors=/mnt/data1/nix/vendor/rust/cargo2nix/submodules/rust-build/compiler/zombie_driver2/target/debug/deps/librustc_errors-042ea83da72fde12.rmeta --extern rustc_expand=/mnt/data1/nix/vendor/rust/cargo2nix/submodules/rust-build/compiler/zombie_driver2/target/debug/deps/librustc_expand-4fdda5caa9ef4c80.rmeta --extern rustc_feature=/mnt/data1/nix/vendor/rust/cargo2nix/submodules/rust-build/compiler/zombie_driver2/target/debug/deps/librustc_feature-8b7a1e168a753038.rmeta --extern rustc_fluent_macro=/mnt/data1/nix/vendor/rust/cargo2nix/submodules/rust-build/compiler/zombie_driver2/target/debug/deps/librustc_fluent_macro-d795261342a5a863.so --extern rustc_fs_util=/mnt/data1/nix/vendor/rust/cargo2nix/submodules/rust-build/compiler/zombie_driver2/target/debug/deps/librustc_fs_util-4db11bae1137b760.rmeta --extern rustc_hir=/mnt/data1/nix/vendor/rust/cargo2nix/submodules/rust-build/compiler/zombie_driver2/target/debug/deps/librustc_hir-60bf32f61521f542.rmeta --extern rustc_hir_analysis=/mnt/data1/nix/vendor/rust/cargo2nix/submodules/rust-build/compiler/zombie_driver2/target/debug/deps/librustc_hir_analysis-3e9d450ef92b008e.rmeta --extern rustc_hir_typeck=/mnt/data1/nix/vendor/rust/cargo2nix/submodules/rust-build/compiler/zombie_driver2/target/debug/deps/librustc_hir_typeck-a70c642e8e282aa7.rmeta --extern rustc_incremental=/mnt/data1/nix/vendor/rust/cargo2nix/submodules/rust-build/compiler/zombie_driver2/target/debug/deps/librustc_incremental-e60e7a4b2c61ab1f.rmeta --extern rustc_lint=/mnt/data1/nix/vendor/rust/cargo2nix/submodules/rust-build/compiler/zombie_driver2/target/debug/deps/librustc_lint-9fb9e4ed8d461a70.rmeta --extern rustc_macros=/mnt/data1/nix/vendor/rust/cargo2nix/submodules/rust-build/compiler/zombie_driver2/target/debug/deps/librustc_macros-533b3ebf51685542.so --extern rustc_metadata=/mnt/data1/nix/vendor/rust/cargo2nix/submodules/rust-build/compiler/zombie_driver2/target/debug/deps/librustc_metadata-efbf0dfc64041f00.rmeta --extern rustc_middle=/mnt/data1/nix/vendor/rust/cargo2nix/submodules/rust-build/compiler/zombie_driver2/target/debug/deps/librustc_middle-245c3150683558be.rmeta --extern rustc_mir_build=/mnt/data1/nix/vendor/rust/cargo2nix/submodules/rust-build/compiler/zombie_driver2/target/debug/deps/librustc_mir_build-9f0d49511222e71c.rmeta --extern rustc_mir_transform=/mnt/data1/nix/vendor/rust/cargo2nix/submodules/rust-build/compiler/zombie_driver2/target/debug/deps/librustc_mir_transform-320ce7cd78251c0c.rmeta --extern rustc_monomorphize=/mnt/data1/nix/vendor/rust/cargo2nix/submodules/rust-build/compiler/zombie_driver2/target/debug/deps/librustc_monomorphize-129bfa6cae930845.rmeta --extern rustc_parse=/mnt/data1/nix/vendor/rust/cargo2nix/submodules/rust-build/compiler/zombie_driver2/target/debug/deps/librustc_parse-867e097141c1b310.rmeta --extern rustc_passes=/mnt/data1/nix/vendor/rust/cargo2nix/submodules/rust-build/compiler/zombie_driver2/target/debug/deps/librustc_passes-21118fe9c583c933.rmeta --extern rustc_privacy=/mnt/data1/nix/vendor/rust/cargo2nix/submodules/rust-build/compiler/zombie_driver2/target/debug/deps/librustc_privacy-6cba5d76f986fc5f.rmeta --extern rustc_query_impl=/mnt/data1/nix/vendor/rust/cargo2nix/submodules/rust-build/compiler/zombie_driver2/target/debug/deps/librustc_query_impl-360e701d07584f1b.rmeta --extern rustc_query_system=/mnt/data1/nix/vendor/rust/cargo2nix/submodules/rust-build/compiler/zombie_driver2/target/debug/deps/librustc_query_system-fdb82a57abdd9f77.rmeta --extern rustc_resolve=/mnt/data1/nix/vendor/rust/cargo2nix/submodules/rust-build/compiler/zombie_driver2/target/debug/deps/librustc_resolve-3cbef7edbe67901e.rmeta --extern rustc_session=/mnt/data1/nix/vendor/rust/cargo2nix/submodules/rust-build/compiler/zombie_driver2/target/debug/deps/librustc_session-ad93ec0078fafc82.rmeta --extern rustc_span=/mnt/data1/nix/vendor/rust/cargo2nix/submodules/rust-build/compiler/zombie_driver2/target/debug/deps/librustc_span-cca3b45fe3825eda.rmeta --extern rustc_symbol_mangling=/mnt/data1/nix/vendor/rust/cargo2nix/submodules/rust-build/compiler/zombie_driver2/target/debug/deps/librustc_symbol_mangling-89e5266dc8d43ab2.rmeta --extern rustc_target=/mnt/data1/nix/vendor/rust/cargo2nix/submodules/rust-build/compiler/zombie_driver2/target/debug/deps/librustc_target-5de06d076d06ccca.rmeta --extern rustc_thread_pool=/mnt/data1/nix/vendor/rust/cargo2nix/submodules/rust-build/compiler/zombie_driver2/target/debug/deps/librustc_thread_pool-83aef153b3813075.rmeta --extern rustc_trait_selection=/mnt/data1/nix/vendor/rust/cargo2nix/submodules/rust-build/compiler/zombie_driver2/target/debug/deps/librustc_trait_selection-6f2bf10a906840c8.rmeta --extern rustc_traits=/mnt/data1/nix/vendor/rust/cargo2nix/submodules/rust-build/compiler/zombie_driver2/target/debug/deps/librustc_traits-c794481613b67b14.rmeta --extern rustc_ty_utils=/mnt/data1/nix/vendor/rust/cargo2nix/submodules/rust-build/compiler/zombie_driver2/target/debug/deps/librustc_ty_utils-0af97f67749ea847.rmeta --extern tracing=/mnt/data1/nix/vendor/rust/cargo2nix/submodules/rust-build/compiler/zombie_driver2/target/debug/deps/libtracing-82b3a1ccd9aeceb8.rmeta -L native=/mnt/data1/nix/vendor/rust/cargo2nix/submodules/rust-build/compiler/zombie_driver2/target/debug/build/psm-51115e95e3afce55/out -L native=/mnt/data1/nix/vendor/rust/cargo2nix/submodules/rust-build/compiler/zombie_driver2/target/debug/build/blake3-b449a45f526127c8/out -L native=/mnt/data1/nix/vendor/rust/cargo2nix/submodules/rust-build/compiler/zombie_driver2/target/debug/build/blake3-b449a45f526127c8/out
