🔍 Scanning usage data files from multiple sources...

📊 MERGED USAGE REPORT
======================
Total usage entries: 222376
Total crates analyzed: 74
Total files processed: 8979

📈 TOP CRATES BY USAGE COUNT:
  rustc_query_impl           43631 usages (3450 modules)
  rustc_hir_analysis         16420 usages (381 modules)
  rustc_trait_selection      13062 usages (501 modules)
  rustc_middle               12450 usages (305 modules)
  rustc_mir_transform        11128 usages (422 modules)
  rustc_borrowck             10357 usages (481 modules)
  rustc_span                  8330 usages (56 modules)
  rustc_codegen_ssa           8226 usages (168 modules)
  rustc_target                7850 usages (395 modules)
  rustc_hir_typeck            6570 usages (427 modules)
  rustc_lint                  5413 usages (121 modules)
  rustc_attr_parsing          5151 usages (28 modules)
  rustc_const_eval            4704 usages (242 modules)
  rustc_builtin_macros        4434 usages (66 modules)
  rustc_metadata              4211 usages (96 modules)

🔍 DETAILED BREAKDOWN BY MODULE TYPE:
  literals         44421 total usages
  constants        23664 total usages
  structs           5074 total usages
  root              3507 total usages
  symbol::sym_generated   2272 total usages
  mir::pretty       1840 total usages
  check::compare_impl_item   1776 total usages
  enums             1678 total usages
  rmeta::decoder::cstore_impl::provide_extern   1636 total usages
  back::link        1624 total usages
  quote             1524 total usages
  check::wfcheck    1337 total usages
  traits::project   1277 total usages
  check::check      1244 total usages
  context::late     1151 total usages
  context::early    1151 total usages
  persist::fs       1052 total usages
  query::descs      1009 total usages
  passes             890 total usages
  collect::predicates_of    873 total usages
  layout             836 total usages
  ty::context::TyCtxt::<'tcx>::debug_stats::{closure#0}::inner    758 total usages
  polonius::dump     753 total usages
  collector          735 total usages
  inline             716 total usages
  coroutine          713 total usages
  shim               666 total usages
  const_eval::valtrees    639 total usages
  format             635 total usages
  places_conflict    632 total usages
  partitioning       628 total usages
  mbe::macro_rules    600 total usages
  traits             598 total usages
  coherence::builtin    587 total usages
  config             558 total usages
  check              536 total usages
  collect            532 total usages
  intravisit         529 total usages
  codes              517 total usages
  traits::dyn_compatibility    499 total usages
  check::intrinsic    482 total usages
  const_eval::eval_queries    460 total usages
  thir::pattern::check_match    453 total usages
  base               449 total usages
  util               436 total usages
  solve::assembly::structural_traits    426 total usages
  traits::coherence    408 total usages
  autodiff::llvm_enzyme    408 total usages
  feature_gate       399 total usages
  abi                376 total usages
  back::write        368 total usages
  asm::x86           359 total usages
  traits::specialize    359 total usages
  asm                352 total usages
  instance           349 total usages
  mir                346 total usages
  interface          340 total usages
  query              336 total usages
  asm::arm           327 total usages
  hir_ty_lowering::generics    324 total usages
  stability          323 total usages
  rustdoc            323 total usages
  dep_graph::dep_node::dep_kinds    321 total usages
  markdown::parse    320 total usages
  query::plumbing    318 total usages
  outlives::implicit_infer    316 total usages
  mir::naked_asm     311 total usages
  inline::cycle      309 total usages
  back::symbol_export    308 total usages
  codegen_attrs      302 total usages
  impl_wf_check::min_specialization    296 total usages
  types              293 total usages
  dependency_format    286 total usages
  asm::powerpc       283 total usages
  consts             282 total usages
  test               281 total usages
  relate             280 total usages
  debuginfo::type_names    278 total usages
  fluent             277 total usages
  usefulness         273 total usages
  region_infer::opaque_types    273 total usages
  needs_drop         271 total usages
  builder            269 total usages
  diagnostics        261 total usages
  markdown::term     261 total usages
  mbe::transcribe    258 total usages
  collect::generics_of    255 total usages
  coroutine::drop    254 total usages
  traits::wf         254 total usages
  coherence::orphan    253 total usages
  ref_prop           252 total usages
  shim::async_destructor_ctor    250 total usages
  error_reporting::traits::suggestions    249 total usages
  session            249 total usages
  collect::resolve_bound_vars    249 total usages
  parser::asm        248 total usages
  context::late::ATTRIBUTE_PARSERS::{closure#0}    246 total usages
  context::early::ATTRIBUTE_PARSERS::{closure#0}    246 total usages
  lint_tail_expr_drop_order    242 total usages
  builtin            241 total usages
  asm::aarch64       241 total usages
  coherence          237 total usages
  pretty             237 total usages
  ty::diagnostics    235 total usages
  target_features    231 total usages
  options::parse     231 total usages
  region_infer::opaque_types::member_constraints    230 total usages
  traits::vtable     226 total usages
  back::metadata     223 total usages
  layout::coroutine    221 total usages
  lifetime_syntax    218 total usages
  ty                 215 total usages
  back::link::raw_dylib    215 total usages
  nll                213 total usages
  collect::item_bounds    210 total usages
  hir_ty_lowering::errors    209 total usages
  error_reporting::traits    206 total usages
  asm::riscv         204 total usages
  traits::query::dropck_outlives    200 total usages
  lexer::unescape_error_reporting    198 total usages
  thir::visit        198 total usages
  collect::type_of    196 total usages
  back::linker       195 total usages
  check::compare_impl_item::refine    195 total usages
  locator            195 total usages
  early::diagnostics    194 total usages
  rmeta::encoder     190 total usages
  interpret::intern    190 total usages
  asm::s390x         189 total usages
  error_reporting::infer::region    185 total usages
  upvar              183 total usages
  hygiene            181 total usages
  traits::query::type_op::ascribe_user_type    178 total usages
  types::literal     178 total usages
  format_foreign::printf    176 total usages
  dataflow_const_prop    175 total usages
  back::rpath        173 total usages
  region_infer       170 total usages
  deriving::coerce_pointee    169 total usages
  layout::invariant::layout_sanity_check    169 total usages
  ty::significant_drop_order    168 total usages
  serialize          167 total usages
  traits::effects    167 total usages
  <unused::UnusedResults as passes::LateLintPass<'tcx>>::check_stmt    167 total usages
  graph::dominators    167 total usages
  assert_dep_graph    165 total usages
  traits::util       165 total usages
  check::always_applicable    165 total usages
  context::early::ATTRIBUTE_PARSERS::{closure#0}::STATE_OBJECT    164 total usages
  pprust::state      164 total usages
  context::late::ATTRIBUTE_PARSERS::{closure#0}::STATE_OBJECT    164 total usages
  foreign_modules    164 total usages
  builtin_attrs      163 total usages
  handle_placeholders    160 total usages
  mir::interpret     159 total usages
  check::region      158 total usages
  sig_types          157 total usages
  coverage::spans    157 total usages
  query::job         155 total usages
  errors             155 total usages
  pass_manager       154 total usages
  creader            153 total usages
  rustc::print       153 total usages
  source_util        152 total usages
  polonius::legacy    150 total usages
  persist::load      147 total usages
  persist::file_format    146 total usages
  deriving::debug    146 total usages
  print_attribute    145 total usages
  mir::analyze::cleanup_kinds    144 total usages
  mut_visit          142 total usages
  removed            142 total usages
  ast_validation     140 total usages
  assoc              136 total usages
  mir::graphviz      135 total usages
  builder::expr::as_place    135 total usages
  early::diagnostics::check_cfg    134 total usages
  collect::dump      134 total usages
  non_fmt_panic      133 total usages
  asm::avr           133 total usages
  traits::const_evaluatable    133 total usages
  emitter            133 total usages
  source_map::FilePathMapping::map_prefix    133 total usages
  error_reporting::infer::nice_region_error::static_impl_trait    131 total usages
  intrinsicck        130 total usages
  size_of_val        129 total usages
  variance           129 total usages
  builder::expr::as_constant    127 total usages
  back::apple        127 total usages
  diagnostics::bound_region_errors    126 total usages
  attributes::cfg    126 total usages
  lints              126 total usages
  solve::fulfill::derive_errors    126 total usages
  deriving::default    123 total usages
  abi_test           123 total usages
  asm::loongarch     121 total usages
  rustc_peek         120 total usages
  dropck_outlives    119 total usages
  diagnostics::mutability_errors    119 total usages
  symbols            119 total usages
  test_harness       118 total usages
  type_check::liveness    117 total usages
  asm::mips          117 total usages
  coverage::query    117 total usages
  persist::dirty_clean    116 total usages
  ssa                116 total usages
  lint               114 total usages
  dead               114 total usages
  asm::csky          113 total usages
  ty::print::pretty    112 total usages
  placeholders       112 total usages
  mbe::diagnostics    112 total usages
  native_libs        112 total usages
  delegation         111 total usages
  back::archive      109 total usages
  drop_flag_effects    108 total usages
  config::cfg        108 total usages
  callconv::sparc64    108 total usages
  value_analysis     107 total usages
  expand             107 total usages
  callconv::loongarch    107 total usages
  callconv::riscv    107 total usages
  thir::pattern::const_to_pat    107 total usages
  validate_attr      106 total usages
  diagnostics::utils    106 total usages
  edit_distance      105 total usages
  attributes::stability    105 total usages
  thir::constant     105 total usages
  plumbing           104 total usages
  normalize_projection_ty    104 total usages
  check_unused       103 total usages
  coroutine::by_move_body    102 total usages
  levels             102 total usages
  <builtin::InvalidValue as passes::LateLintPass<'tcx>>::check_expr    102 total usages
  implied_bounds     102 total usages
  util::alignment    101 total usages
  const_eval         101 total usages
  relate::combine    100 total usages
  supported_locales    100 total usages
  ty::util            99 total usages
  values              98 total usages
  mbe::metavar_expr     98 total usages
  check_enums         97 total usages
  profiling           97 total usages
  layout::invariant     97 total usages
  transmute           96 total usages
  mbe::macro_check     95 total usages
  check_consts::ops     95 total usages
  rmeta::decoder::cstore_impl     95 total usages
  traits::normalize     94 total usages
  simplify            93 total usages
  visit               93 total usages
  alloc               93 total usages
  deriving::clone     92 total usages
  collect::type_of::opaque     92 total usages
  legacy              92 total usages
  util::literal       91 total usages
  traits::misc        90 total usages
  dest_prop           90 total usages
  opaque_types        89 total usages
  places_conflict::place_projection_conflict::__CALLSITE     88 total usages
  ty::trait_def       88 total usages
  mbe::quoted         88 total usages
  check_attr          87 total usages
  hir_ty_lowering::cmse     87 total usages
  error_reporting::infer::need_type_info     86 total usages
  proc_macro_harness     86 total usages
  sroa                86 total usages
  impl_wf_check       86 total usages
  framework::graphviz     85 total usages
  persist::save       85 total usages
  callbacks           84 total usages
  ty::closure         83 total usages
  context::early::ATTRIBUTE_PARSERS::{closure#0}::STATE_OBJECT::{constant#0}::{closure#0}     82 total usages
  reachable           82 total usages
  context::late::ATTRIBUTE_PARSERS::{closure#0}::STATE_OBJECT::{constant#0}::{closure#1}     82 total usages
  context::early::ATTRIBUTE_PARSERS::{closure#0}::STATE_OBJECT::{constant#0}::{closure#1}     82 total usages
  method::probe       82 total usages
  context::late::ATTRIBUTE_PARSERS::{closure#0}::STATE_OBJECT::{constant#0}::{closure#0}     82 total usages
  v0                  80 total usages
  concat_bytes        80 total usages
  promote_consts      79 total usages
  mono_checks::abi_check     78 total usages
  util::check_validity_requirement     77 total usages
  sync::parallel      77 total usages
  rmeta::decoder::MetadataBlob::list_crate_metadata     77 total usages
  callconv::x86       77 total usages
  hir::map            76 total usages
  attributes::util     76 total usages
  output              76 total usages
  type_check::canonical     75 total usages
  traits::query::type_op::implied_outlives_bounds     75 total usages
  layout_test         75 total usages
  attributes::cfg_old     75 total usages
  meth                74 total usages
  type_check          74 total usages
  coverage            73 total usages
  hir                 73 total usages
  visitable           73 total usages
  walk                72 total usages
  env                 71 total usages
  internal            71 total usages
  representability     71 total usages
  builder::scope      70 total usages
  error_reporting::traits::ambiguity     70 total usages
  deriving::partial_ord     69 total usages
  rvalue_scopes       69 total usages
  symbol::kw_generated     69 total usages
  lexer::diagnostics     69 total usages
  asm::hexagon        69 total usages
  late                68 total usages
  infer::outlives::test_type_match     68 total usages
  ty::layout::<impl rustc_abi::TyAbiInterface<'tcx, C> for ty::Ty<'tcx>>::ty_and_layout_field     68 total usages
  deriving::from      67 total usages
  query_impl::is_reachable_non_generic     67 total usages
  query_impl::lookup_const_stability     67 total usages
  query_impl::coerce_unsized_info     67 total usages
  query_impl::exported_non_generic_symbols     67 total usages
  query_impl::explicit_predicates_of     67 total usages
  query_impl::explicit_item_self_bounds     67 total usages
  query_impl::collect_return_position_impl_trait_in_trait_tys     67 total usages
  query_impl::trait_def     67 total usages
  query_impl::is_mir_available     67 total usages
  query_impl::def_kind     67 total usages
  query_impl::optimized_mir     67 total usages
  query_impl::lookup_stability     67 total usages
  traits::outlives_bounds     67 total usages
  query_impl::inferred_outlives_of     67 total usages
  query_impl::adt_destructor     67 total usages
  query_impl::type_of     67 total usages
  query_impl::codegen_fn_attrs     67 total usages
  query_impl::mir_for_ctfe     67 total usages
  query_impl::eval_static_initializer     67 total usages
  query_impl::exported_generic_symbols     67 total usages
  query_impl::lookup_deprecation_entry     67 total usages
  query_impl::mir_const_qualif     67 total usages
  query_impl::adt_def     67 total usages
  query_impl::adt_async_destructor     67 total usages
  persist::work_product     67 total usages
  query_impl::explicit_item_bounds     67 total usages
  query_impl::def_ident_span     67 total usages
  query_impl::promoted_mir     67 total usages
  query_impl::associated_item_def_ids     67 total usages
  query_impl::inherent_impls     67 total usages
  constrained_generic_params     67 total usages
  query_impl::associated_item     67 total usages
  query_impl::fn_sig     67 total usages
  query_impl::explicit_implied_predicates_of     67 total usages
  query_impl::mir_coroutine_witnesses     67 total usages
  query_impl::def_span     67 total usages
  query_impl::variances_of     67 total usages
  query_impl::impl_trait_header     67 total usages
  query_impl::const_param_default     67 total usages
  query_impl::explicit_super_predicates_of     67 total usages
  query_impl::is_ctfe_mir_available     67 total usages
  query_impl::generics_of     67 total usages
  query_impl::adt_async_drop_tys     66 total usages
  query_impl::specialization_graph_of     66 total usages
  query_impl::codegen_select_candidate     66 total usages
  query_impl::used_trait_imports     66 total usages
  query_impl::eval_to_allocation_raw     66 total usages
  query_impl::symbol_name     66 total usages
  leb128              66 total usages
  query_impl::adt_drop_tys     66 total usages
  query_impl::reachable_set     66 total usages
  query_impl::items_of_instance     66 total usages
  query_impl::eval_to_const_value_raw     66 total usages
  query_impl::mir_callgraph_cyclic     66 total usages
  error_reporting::traits::call_kind     66 total usages
  query_impl::size_estimate     66 total usages
  query_impl::ty_span     66 total usages
  hir_ty_lowering::bounds     66 total usages
  query_impl::predicates_of     66 total usages
  signal_handler      66 total usages
  query_impl::typeck     66 total usages
  fold                66 total usages
  query_impl::hir_module_items     66 total usages
  query_impl::has_ffi_unwind_calls     66 total usages
  diagnostics::diagnostic     66 total usages
  callconv::aarch64     65 total usages
  util::caller_location     65 total usages
  path_utils          65 total usages
  query_impl::coroutine_kind     64 total usages
  query_impl::doc_link_traits_in_scope     64 total usages
  query_impl::rendered_precise_capturing_args     64 total usages
  query_impl::specialization_enabled_in     64 total usages
  query_impl::crate_incoherent_impls     64 total usages
  query_impl::assumed_wf_types_for_rpitit     64 total usages
  query_impl::coroutine_by_move_body_def_id     64 total usages
  query_impl::exportable_items     64 total usages
  query_impl::intrinsic_raw     64 total usages
  query_impl::is_compiler_builtins     64 total usages
  query_impl::crate_name     64 total usages
  query_impl::object_lifetime_default     64 total usages
  query_impl::anon_const_kind     64 total usages
  callconv::x86_64     64 total usages
  query_impl::implementations_of_trait     64 total usages
  query_impl::defined_lang_items     64 total usages
  query_impl::thir_abstract_const     64 total usages
  query_impl::impl_parent     64 total usages
  query_impl::debugger_visualizers     64 total usages
  query_impl::dep_kind     64 total usages
  query_impl::crate_extern_paths     64 total usages
  query_impl::stable_order_of_exportable_impls     64 total usages
  query_impl::used_crate_source     64 total usages
  query_impl::has_panic_handler     64 total usages
  query_impl::traits     64 total usages
  query_impl::dylib_dependency_formats     64 total usages
  query_impl::panic_in_drop_strategy     64 total usages
  query_impl::expn_that_defined     64 total usages
  query_impl::is_private_dep     64 total usages
  query_impl::doc_link_resolutions     64 total usages
  query_impl::explicit_implied_const_bounds     64 total usages
  query_impl::missing_lang_items     64 total usages
  query_impl::associated_types_for_impl_traits_in_trait_or_impl     64 total usages
  query_impl::extra_filename     64 total usages
  normalize_erasing_regions     64 total usages
  query_impl::foreign_modules     64 total usages
  query_impl::diagnostic_items     64 total usages
  query_impl::lib_features     64 total usages
  query_impl::has_alloc_error_handler     64 total usages
  query_impl::extern_crate     64 total usages
  query_impl::required_panic_strategy     64 total usages
  query_impl::stability_implications     64 total usages
  query_impl::crate_hash     64 total usages
  query_impl::missing_extern_crate_item     64 total usages
  query_impl::type_alias_is_lazy     64 total usages
  _::<impl BakedDataProvider>::DATA_LIST_AND_V1     64 total usages
  query_impl::default_field     64 total usages
  query_impl::reachable_non_generics     64 total usages
  error_reporting::infer::nice_region_error::util     64 total usages
  query_impl::cross_crate_inlinable     64 total usages
  query_impl::is_profiler_runtime     64 total usages
  query_impl::coroutine_for_closure     64 total usages
  query_impl::deduced_param_attrs     64 total usages
  query_impl::rendered_const     64 total usages
  query_impl::is_doc_hidden     64 total usages
  query_impl::constness     64 total usages
  query_impl::num_extern_def_ids     64 total usages
  query_impl::lookup_default_body_stability     64 total usages
  query_impl::visibility     64 total usages
  query_impl::native_libraries     64 total usages
  callconv::mips64     64 total usages
  query_impl::symbol_mangling_version     64 total usages
  query_impl::trait_impls_in_crate     64 total usages
  query_impl::fn_arg_idents     64 total usages
  query_impl::attrs_for_def     64 total usages
  query_impl::defaultness     64 total usages
  query_impl::params_in_repr     64 total usages
  query_impl::crate_host_hash     64 total usages
  query_impl::has_global_allocator     64 total usages
  query_impl::const_conditions     64 total usages
  query_impl::stripped_cfg_items     64 total usages
  query_impl::is_panic_runtime     64 total usages
  query_impl::module_children     64 total usages
  query_impl::is_no_builtins     64 total usages
  query_impl::asyncness     64 total usages
  query_impl::upstream_monomorphizations_for     64 total usages
  query_impl::opaque_ty_origin     64 total usages
  query_impl::closure_saved_names_of_captured_variables     64 total usages
  query_impl::evaluate_obligation     63 total usages
  query_impl::opt_ast_lowering_delayed_lints     63 total usages
  query_impl::clashing_extern_declarations     63 total usages
  query_impl::adt_significant_drop_tys     63 total usages
  query_impl::lints_that_dont_need_to_run     63 total usages
  query_impl::proc_macro_decls_static     63 total usages
  query_impl::type_op_ascribe_user_type     63 total usages
  query_impl::allocator_kind     63 total usages
  query_impl::in_scope_traits_map     63 total usages
  query_impl::check_transmutes     63 total usages
  query_impl::assumed_wf_types     63 total usages
  query_impl::representability_adt_ty     63 total usages
  query_impl::erase_and_anonymize_regions_ty     63 total usages
  query_impl::list_significant_drop_tys     63 total usages
  query_impl::opaque_captured_lifetimes     63 total usages
  query_impl::first_method_vtable_slot     63 total usages
  query_impl::instantiate_and_check_impossible_predicates     63 total usages
  query_impl::upvars_mentioned     63 total usages
  query_impl::closure_typeinfo     63 total usages
  query_impl::type_of_opaque_hir_typeck     63 total usages
  query_impl::compare_impl_item     63 total usages
  query_impl::is_impossible_associated_item     63 total usages
  query_impl::collect_and_partition_mono_items     63 total usages
  query_impl::local_trait_impls     63 total usages
  query_impl::resolver_for_lowering_raw     63 total usages
  query_impl::check_potentially_region_dependent_goals     63 total usages
  query_impl::check_expectations     63 total usages
  query_impl::check_type_wf     63 total usages
  query_impl::crates     63 total usages
  query_impl::vtable_entries     63 total usages
  query_impl::mir_drops_elaborated_and_const_checked     63 total usages
  query_impl::check_mod_deathness     63 total usages
  query_impl::check_unused_traits     63 total usages
  query_impl::lit_to_const     63 total usages
  query_impl::eval_to_valtree     63 total usages
  query_impl::fn_abi_of_instance     63 total usages
  query_impl::crate_variances     63 total usages
  query_impl::is_doc_notable_trait     63 total usages
  query_impl::disabled_sanitizers_for     63 total usages
  query_impl::is_codegened_item     63 total usages
  query_impl::check_mono_item     63 total usages
  query_impl::registered_tools     63 total usages
  query_impl::implied_outlives_bounds     63 total usages
  query_impl::mir_borrowck     63 total usages
  query_impl::asm_target_features     63 total usages
  query_impl::impl_item_implementor_ids     63 total usages
  query_impl::type_op_prove_predicate     63 total usages
  query_impl::wasm_import_module_map     63 total usages
  entry               63 total usages
  query_impl::hir_owner_parent     63 total usages
  query_impl::used_crates     63 total usages
  query_impl::is_late_bound_map     63 total usages
  query_impl::opaque_types_defined_by     63 total usages
  query_impl::limits     63 total usages
  query_impl::source_span     63 total usages
  query_impl::type_op_normalize_ty     63 total usages
  query_impl::try_normalize_generic_arg_after_erasing_regions     63 total usages
  query_impl::needs_async_drop_raw     63 total usages
  query_impl::resolve_instance_raw     63 total usages
  query_impl::coroutine_hidden_types     63 total usages
  query_impl::hir_crate     63 total usages
  query_impl::trait_impls_of     63 total usages
  query_impl::env_var_os     63 total usages
  query_impl::item_self_bounds     63 total usages
  query_impl::type_of_opaque     63 total usages
  query_impl::specializes     63 total usages
  query_impl::skip_move_check_fns     63 total usages
  query_impl::lint_expectations     63 total usages
  query_impl::evaluate_root_goal_for_proof_tree_raw     63 total usages
  query_impl::shallow_lint_levels_on     63 total usages
  back::lto           63 total usages
  query_impl::trigger_delayed_bug     63 total usages
  query_impl::inherited_align     63 total usages
  query_impl::dropck_outlives     63 total usages
  query_impl::incoherent_impls     63 total usages
  query_impl::nested_bodies_within     63 total usages
  query_impl::inherit_sig_for_delegation_item     63 total usages
  query_impl::crate_inherent_impls_validity_check     63 total usages
  query_impl::visible_parent_map     63 total usages
  query_impl::opt_hir_owner_nodes     63 total usages
  query_impl::crate_inherent_impls_overlap_check     63 total usages
  query_impl::inferred_outlives_crate     63 total usages
  query_impl::hir_crate_items     63 total usages
  query_impl::inhabited_predicate_type     63 total usages
  query_impl::enforce_impl_non_lifetime_params_are_constrained     63 total usages
  query_impl::coverage_ids_info     63 total usages
  query_impl::is_copy_raw     63 total usages
  query_impl::inhabited_predicate_adt     63 total usages
  query_impl::type_op_normalize_fn_sig     63 total usages
  query_impl::param_env     63 total usages
  query_impl::local_def_id_to_hir_id     63 total usages
  query_impl::normalize_canonicalized_free_alias     63 total usages
  query_impl::entry_fn     63 total usages
  query_impl::reveal_opaque_types_in_bounds     63 total usages
  query_impl::item_bounds     63 total usages
  query_impl::diagnostic_hir_wf_check     63 total usages
  query_impl::all_local_trait_impls     63 total usages
  dead_store_elimination     63 total usages
  query_impl::postorder_cnums     63 total usages
  query_impl::has_significant_drop_raw     63 total usages
  query_impl::coverage_attr_on     63 total usages
  query_impl::impl_super_outlives     63 total usages
  query_impl::is_sized_raw     63 total usages
  query_impl::mir_inliner_callees     63 total usages
  query_impl::is_unpin_raw     63 total usages
  query_impl::crate_for_resolver     63 total usages
  query_impl::crate_inherent_impls     63 total usages
  query_impl::mir_shims     63 total usages
  query_impl::layout_of     63 total usages
  query_impl::check_validity_requirement     63 total usages
  query_impl::analysis     63 total usages
  query_impl::global_backend_features     63 total usages
  query_impl::should_inherit_track_caller     63 total usages
  query_impl::is_unreachable_local_definition     63 total usages
  query_impl::normalize_canonicalized_projection_ty     63 total usages
  query_impl::check_tail_calls     63 total usages
  query_impl::mir_built     63 total usages
  query_impl::check_match     63 total usages
  query_impl::normalize_canonicalized_inherent_projection_ty     63 total usages
  query_impl::upstream_async_drop_glue_for     63 total usages
  query_impl::item_non_self_bounds     63 total usages
  query_impl::explicit_supertraits_containing_assoc_item     63 total usages
  query_impl::orphan_check_impl     63 total usages
  query_impl::live_symbols_and_ignored_derived_traits     63 total usages
  query_impl::is_promotable_const_fn     63 total usages
  query_impl::own_existential_vtable_entries     63 total usages
  query_impl::has_structural_eq_impl     63 total usages
  query_impl::impl_self_is_guaranteed_unsized     63 total usages
  query_impl::hir_attr_map     63 total usages
  query_impl::lint_mod     63 total usages
  query_impl::mir_keys     63 total usages
  query_impl::implied_target_features     63 total usages
  query_impl::representability     63 total usages
  query_impl::check_mod_attrs     63 total usages
  query_impl::adt_dtorck_constraint     63 total usages
  query_impl::check_mod_unstable_api_usage     63 total usages
  query_impl::output_filenames     63 total usages
  query_impl::type_op_normalize_clause     63 total usages
  query_impl::supertrait_vtable_slot     63 total usages
  query_impl::tag_for_variant     63 total usages
  query_impl::generics_require_sized_self     63 total usages
  query_impl::is_freeze_raw     63 total usages
  query_impl::fn_abi_of_fn_ptr     63 total usages
  query_impl::trait_explicit_predicates_and_bounds     63 total usages
  query_impl::alloc_error_handler_kind     63 total usages
  query_impl::effective_visibilities     63 total usages
  query_impl::features_query     63 total usages
  query_impl::all_diagnostic_items     63 total usages
  query_impl::trimmed_def_paths     63 total usages
  query_impl::early_lint_checks     63 total usages
  query_impl::resolve_bound_vars     63 total usages
  query_impl::late_bound_vars_map     63 total usages
  query_impl::dyn_compatibility_violations     63 total usages
  query_impl::named_variable_map     63 total usages
  query_impl::check_mod_privacy     63 total usages
  query_impl::is_async_drop_raw     63 total usages
  query_impl::check_private_in_public     63 total usages
  query_impl::coherent_trait     63 total usages
  query_impl::thir_body     63 total usages
  query_impl::mir_promoted     63 total usages
  query_impl::upstream_drop_glue_for     63 total usages
  query_impl::get_lang_items     63 total usages
  query_impl::needs_drop_raw     63 total usages
  query_impl::backend_optimization_level     63 total usages
  query_impl::check_coroutine_obligations     63 total usages
  query_impl::check_well_formed     63 total usages
  query_impl::check_liveness     63 total usages
  query_impl::unsizing_params_for_adt     63 total usages
  query_impl::type_param_predicates     63 total usages
  query_impl::destructure_const     63 total usages
  query_impl::typing_env_normalized_for_post_analysis     63 total usages
  query_impl::region_scope_tree     63 total usages
  query_impl::resolutions     63 total usages
  query_impl::is_use_cloned_raw     63 total usages
  query_impl::vtable_allocation     63 total usages
  query_impl::valtree_to_const_val     63 total usages
  query_impl::associated_items     63 total usages
  query_impl::method_autoderef_steps     63 total usages
  query_impl::adt_sizedness_constraint     63 total usages
  query_impl::codegen_unit     63 total usages
  query_impl::upstream_monomorphizations     63 total usages
  query_impl::check_unsafety     63 total usages
  query_impl::dependency_formats     63 total usages
  query_impl::rust_target_features     63 total usages
  query_impl::native_library     63 total usages
  query_impl::is_dyn_compatible     63 total usages
  query_impl::type_op_normalize_poly_fn_sig     63 total usages
  ffi_unwind_calls     62 total usages
  module              60 total usages
  gvn                 60 total usages
  mir::rvalue         59 total usages
  asm::sparc          59 total usages
  alloc_error_handler     59 total usages
  MirBorrowckCtxt::<'a, '_, 'tcx>::check_if_assigned_path_is_moved     59 total usages
  liveness            58 total usages
  coherence::unsafety     58 total usages
  extension           58 total usages
  variance::terms     58 total usages
  fs                  58 total usages
  ty::vtable          58 total usages
  base::maybe_create_entry_wrapper     57 total usages
  try_from            57 total usages
  assert              56 total usages
  filesearch::default_sysroot     56 total usages
  fallback::<impl fn_ctxt::FnCtxt<'_, 'tcx>>::calculate_diverging_fallback::__CALLSITE     56 total usages
  attributes::proc_macro_attrs     56 total usages
  diagnostics::conflict_errors::<impl MirBorrowckCtxt<'_, 'infcx, 'tcx>>::annotate_argument_and_return_for_borrow::__CALLSITE     56 total usages
  check_alignment     56 total usages
  op                  56 total usages
  mir::generic_graph     55 total usages
  options             55 total usages
  traits::select::confirmation::<impl traits::select::SelectionContext<'cx, 'tcx>>::confirm_transmutability_candidate     55 total usages
  asm::m68k           55 total usages
  check_pointers      55 total usages
  callconv::nvptx64     55 total usages
  method::suggest     55 total usages
  parser::cfg_select     54 total usages
  const_eval::error     54 total usages
  check::entry        54 total usages
  evaluate_obligation     53 total usages
  common              53 total usages
  elaborate_drops     53 total usages
  hash_stable         52 total usages
  pprust::state::expr     52 total usages
  analyze_source_file     52 total usages
  check_null          52 total usages
  back::link::link_natively::__CALLSITE     52 total usages
  callconv::powerpc64     51 total usages
  coverage::counters     51 total usages
  tokenstream         50 total usages
  registry            50 total usages
  stats               50 total usages
  mir::analyze        50 total usages
  broadcast           50 total usages
  impl_trait_overcaptures     50 total usages
  nrvo                50 total usages
  elaborate           50 total usages
  contracts           50 total usages
  type_visitable      49 total usages
  reference_casting     49 total usages
  type_foldable       49 total usages
  hir_wf_check        49 total usages
  graph::scc::SccsConstruction::<'c, 'a, G, A>::walk_unvisited_node::__CALLSITE     48 total usages
  index               48 total usages
  late::diagnostics     48 total usages
  codegen             48 total usages
  error_reporting::traits::suggestions::<impl error_reporting::TypeErrCtxt<'a, 'tcx>>::maybe_note_obligation_cause_for_async_await::__CALLSITE     48 total usages
  early_otherwise_branch     48 total usages
  utils               47 total usages
  nonstandard_style     47 total usages
  solve::select       47 total usages
  deriving::partial_eq     47 total usages
  deriving::hash      47 total usages
  outlives            47 total usages
  types::improper_ctypes     46 total usages
  deriving::ord       46 total usages
  traits::specialize::specialization_graph     46 total usages
  infer::outlives     46 total usages
  renumber            45 total usages
  asm::bpf            45 total usages
  framework::fmt      45 total usages
  macros              44 total usages
  parse               44 total usages
  traits::project::opt_normalize_projection_term::__CALLSITE     44 total usages
  pprust              44 total usages
  unreachable_prop     44 total usages
  coercion::Coerce::<'f, 'tcx>::coerce_unsized::__CALLSITE     44 total usages
  pass_by_value       44 total usages
  traits::query::type_op::custom     43 total usages
  lint::lint_level     43 total usages
  check_consts::qualifs     43 total usages
  infer::lexical_region_resolve::LexicalResolver::<'cx, 'tcx>::collect_bounding_regions     43 total usages
  coroutine_witnesses     42 total usages
  query::cached       42 total usages
  fn_ctxt             42 total usages
  util::comments::beautify_doc_string     42 total usages
  callconv::s390x     42 total usages
  weak_lang_items     41 total usages
  concat              41 total usages
  diagnostic_items     41 total usages
  dep_graph::graph::DepGraphData::<D>::try_mark_parent_green::__CALLSITE     40 total usages
  dangling            40 total usages
  variance::dump      40 total usages
  bit_set             40 total usages
  type_check::liveness::trace::LivenessResults::<'a, 'typeck, 'tcx>::compute_drop_live_points_for_block::__CALLSITE     40 total usages
  callconv::arm       40 total usages
  config::native_libs     40 total usages
  coverage::mappings     40 total usages
  interpret::util     40 total usages
  mir::interpret::AllocDecodingSession::<'s>::decode_alloc_id::{closure#1}::__CALLSITE     40 total usages
  lexer::unicode_chars     40 total usages
  middle::stability     39 total usages
  attributes::repr     39 total usages
  builder::matches::util     38 total usages
  ast                 38 total usages
  mir::alloc          38 total usages
  deriving::eq        38 total usages
  naked_functions     38 total usages
  callconv::x86_64::classify_arg     38 total usages
  polonius::liveness_constraints     37 total usages
  builder::custom     37 total usages
  attributes::codegen_attrs     37 total usages
  mir::block          37 total usages
  check::region::resolve_local     37 total usages
  rmeta::table        37 total usages
  places_conflict::place_components_conflict::__CALLSITE     36 total usages
  pattern_type        36 total usages
  fluent_bundle::__CALLSITE     36 total usages
  debuginfo           36 total usages
  check_unsafety      36 total usages
  passes::write_out_deps     36 total usages
  const_eval::valtrees::valtree_into_mplace::__CALLSITE     36 total usages
  spec                36 total usages
  error_reporting::infer::<impl error_reporting::TypeErrCtxt<'a, 'tcx>>::cmp     36 total usages
  <dest_prop::DestinationPropagation as pass_manager::MirPass<'tcx>>::run_pass::__CALLSITE     36 total usages
  format_foreign::shell     36 total usages
  deduce_param_attrs     35 total usages
  callconv::x86_win32     35 total usages
  profiling_support     35 total usages
  interpret::validity     35 total usages
  dep_graph::graph     34 total usages
  deriving::bounds     34 total usages
  compiler_interface     34 total usages
  ty::layout          34 total usages
  lift                34 total usages
  interpret::validity::ValidityVisitor::<'rt, 'tcx, M>::union_data_range     34 total usages
  options::target_modifier_consistency_check     33 total usages
  config::nightly_options     33 total usages
  thir::util          33 total usages
  check_inline_always_target_features     33 total usages
  standard_library_imports     32 total usages
  add_moves_for_packed_drops     32 total usages
  source_map::SourceMap::find_width_of_character_at_span::__CALLSITE     32 total usages
  jump_threading::OpportunitySet::apply_once::__CALLSITE     32 total usages
  upvar::<impl fn_ctxt::FnCtxt<'a, 'tcx>>::compute_2229_migrations_for_drop::__CALLSITE     32 total usages
  persist::fs::garbage_collect_session_directories::{closure#3}::__CALLSITE     32 total usages
  instance::resolve_instance_raw::__CALLSITE     32 total usages
  diagnostics::explain_borrow::<impl MirBorrowckCtxt<'_, '_, 'tcx>>::was_captured_by_trait_object::__CALLSITE     32 total usages
  universal_regions::UniversalRegionsBuilder::<'cx, 'tcx>::build::__CALLSITE     32 total usages
  traits::normalize_param_env_or_error::__CALLSITE     32 total usages
  polonius::legacy::accesses     31 total usages
  region_infer::graphviz     31 total usages
  copy_prop           31 total usages
  parser              30 total usages
  non_local_def       30 total usages
  universal_regions     30 total usages
  const_eval::fn_queries     30 total usages
  _                   30 total usages
  callconv::x86_win64     30 total usages
  mir::debuginfo      29 total usages
  infer::canonical::query_response     29 total usages
  expect              29 total usages
  coverage::hir_info     29 total usages
  polonius::typeck_constraints     29 total usages
  outlives::dump      29 total usages
  builder::matches     29 total usages
  thir::cx::expr::<impl thir::cx::ThirBuildCx<'tcx>>::make_mirror_unadjusted::{closure#0}::__CALLSITE     28 total usages
  checks              28 total usages
  diagnostics::conflict_errors::<impl MirBorrowckCtxt<'_, 'infcx, 'tcx>>::suggest_using_local_if_applicable::__CALLSITE     28 total usages
  tokenstream::TokenStream::desugar_doc_comments     28 total usages
  infer::lexical_region_resolve::LexicalResolver::<'cx, 'tcx>::collect_errors::__CALLSITE     28 total usages
  persist::fs::prepare_session_directory::__CALLSITE     28 total usages
  thread_pool         28 total usages
  traits::select::SelectionContext::<'cx, 'tcx>::candidate_from_obligation_no_cache::__CALLSITE     28 total usages
  remove_uninit_drops     28 total usages
  lang_items          28 total usages
  Resolver::<'ra, 'tcx>::resolve_crate_root::__CALLSITE     28 total usages
  region_infer::RegionInferenceContext::<'tcx>::eval_outlives::{closure#0}::__CALLSITE     28 total usages
  inline::try_inlining::__CALLSITE     28 total usages
  traits::select::SelectionContext::<'cx, 'tcx>::evaluate_trait_predicate_recursively::{closure#0}::__CALLSITE     28 total usages
  mir::place          28 total usages
  unreachable_enum_branching     28 total usages
  pretty::print::__CALLSITE     28 total usages
  infer::outlives::obligations::TypeOutlives::<'cx, 'tcx, D>::alias_ty_must_outlive::__CALLSITE     28 total usages
  limits              28 total usages
  <remove_noop_landing_pads::RemoveNoopLandingPads as pass_manager::MirPass<'tcx>>::run_pass::__CALLSITE     28 total usages
  shim::make_shim::__CALLSITE     28 total usages
  move_paths::builder     27 total usages
  check::entry::check_main_fn_ty     27 total usages
  callconv::csky      27 total usages
  thir::pattern       27 total usages
  abi::fn_abi_sanity_check     27 total usages
  callconv::sparc     27 total usages
  callconv::mips      27 total usages
  attr                27 total usages
  escape              27 total usages
  region_infer::values     27 total usages
  polonius::loan_liveness     26 total usages
  target_checking     26 total usages
  ptr_nulls           26 total usages
  error_reporting::traits::on_unimplemented_format     26 total usages
  CodeSuggestion::splice_lines     26 total usages
  early               26 total usages
  region_infer::sccs_info::__CALLSITE     26 total usages
  imports             26 total usages
  check::check::check_transparent::{closure#0}     26 total usages
  diagnostics::error     26 total usages
  diagnostics::explain_borrow     26 total usages
  variance::constraints     25 total usages
  outlives::utils     25 total usages
  fallback            25 total usages
  deriving::generic     25 total usages
  for_loops_over_fallibles     25 total usages
  asm::msp430         25 total usages
  cross_crate_inline     25 total usages
  ref_prop::compute_replacement::__CALLSITE     24 total usages
  locator::CrateLocator::<'a>::extract_one::__CALLSITE     24 total usages
  persist::fs::garbage_collect_session_directories::__CALLSITE     24 total usages
  error_reporting::infer::nice_region_error::named_anon_conflict::<impl error_reporting::infer::nice_region_error::NiceRegionError<'a, 'tcx>>::try_report_named_anon_conflict::__CALLSITE     24 total usages
  region_infer::opaque_types::member_constraints::apply_member_constraint::__CALLSITE     24 total usages
  <type_check::TypeChecker<'a, 'tcx> as rustc_middle::mir::visit::Visitor<'tcx>>::visit_statement::__CALLSITE     24 total usages
  <dataflow_const_prop::DataflowConstProp as pass_manager::MirPass<'tcx>>::run_pass::__CALLSITE     24 total usages
  inline::check_mir_is_available::__CALLSITE     24 total usages
  bridge::client      24 total usages
  check::compare_impl_item::compare_method_predicate_entailment::__CALLSITE     24 total usages
  core_lang           24 total usages
  mbe::macro_rules::try_match_macro::__CALLSITE     24 total usages
  diagnostics::<impl MirBorrowckCtxt<'_, 'infcx, 'tcx>>::add_moved_or_invoked_closure_note::__CALLSITE     24 total usages
  traits::fulfill::FulfillProcessor::<'a, 'tcx>::process_trait_obligation::__CALLSITE     24 total usages
  parser::diagnostics::<impl parser::Parser<'a>>::recover_stmt_::__CALLSITE     24 total usages
  mir::intrinsic      24 total usages
  coroutine::compute_layout::__CALLSITE     24 total usages
  region_infer::RegionInferenceContext::<'tcx>::try_promote_type_test::__CALLSITE     24 total usages
  diagnostics::explain_borrow::<impl MirBorrowckCtxt<'_, '_, 'tcx>>::explain_why_borrow_contains_point::__CALLSITE     24 total usages
  traits::auto_trait::AutoTraitFinder::<'tcx>::evaluate_nested_obligations::__CALLSITE     24 total usages
  args                24 total usages
  method::probe::ProbeContext::<'a, 'tcx>::consider_probe::{closure#0}::{closure#0}::__CALLSITE     24 total usages
  rustc               23 total usages
  spec::targets::x86_64_unknown_linux_gnu     23 total usages
  type_op             23 total usages
  callconv::xtensa     23 total usages
  errors::create_lit_error     23 total usages
  callconv::wasm      23 total usages
  iter                22 total usages
  assert_module_sources     22 total usages
  infer::lexical_region_resolve     22 total usages
  coverage::spans::from_mir     22 total usages
  pat::<impl fn_ctxt::FnCtxt<'a, 'tcx>>::lint_non_exhaustive_omitted_patterns     22 total usages
  places_conflict::place_projection_conflict     22 total usages
  mono_checks::move_check     22 total usages
  spec::base::apple     21 total usages
  util::comments      21 total usages
  ty::inhabitedness     21 total usages
  coherence::inherent_impls     21 total usages
  tokenstream::attrs_and_tokens_to_token_trees     21 total usages
  spec::targets::aarch64_unknown_linux_gnu     21 total usages
  partitioning::debug_dump::{closure#0}     21 total usages
  jobserver           21 total usages
  cmdline_attrs       21 total usages
  global_allocator     21 total usages
  config::externs     21 total usages
  coverage::counters::node_flow     21 total usages
  mbe::macro_parser::compute_locs     21 total usages
  graph::iterate      21 total usages
  mbe::macro_rules::FirstSets::<'tt>::new     21 total usages
  traits::specialize::report_conflicting_impls     21 total usages
  check_export        21 total usages
  query_impl::wasm_import_module_map::get_query_incr     20 total usages
  query_impl::asyncness::get_query_incr     20 total usages
  query_impl::first_method_vtable_slot::get_query_incr     20 total usages
  query_impl::adt_drop_tys::get_query_incr     20 total usages
  query_impl::symbol_mangling_version::get_query_incr     20 total usages
  query_impl::check_mod_privacy::get_query_incr     20 total usages
  query_impl::trait_impls_in_crate::get_query_incr     20 total usages
  query_impl::fn_abi_of_instance::get_query_incr     20 total usages
  query_impl::type_alias_is_lazy::get_query_incr     20 total usages
  query_impl::check_mod_attrs::get_query_incr     20 total usages
  query_impl::supertrait_vtable_slot::get_query_incr     20 total usages
  query_impl::dep_kind::get_query_incr     20 total usages
  query_impl::crates::get_query_incr     20 total usages
  query_impl::orphan_check_impl::get_query_incr     20 total usages
  query_impl::adt_dtorck_constraint::get_query_incr     20 total usages
  query_impl::evaluate_root_goal_for_proof_tree_raw::get_query_incr     20 total usages
  query_impl::impl_super_outlives::get_query_incr     20 total usages
  query_impl::type_op_normalize_clause::get_query_incr     20 total usages
  query_impl::hir_crate::get_query_incr     20 total usages
  query_impl::rendered_precise_capturing_args::get_query_incr     20 total usages
  query_impl::opaque_ty_origin::get_query_incr     20 total usages
  query_impl::item_self_bounds::get_query_incr     20 total usages
  query_impl::implied_target_features::get_query_incr     20 total usages
  query_impl::needs_async_drop_raw::get_query_incr     20 total usages
  query_impl::rust_target_features::get_query_incr     20 total usages
  query_impl::debugger_visualizers::get_query_incr     20 total usages
  query_impl::def_span::get_query_incr     20 total usages
  query_impl::crate_host_hash::get_query_incr     20 total usages
  query_impl::hir_attr_map::get_query_incr     20 total usages
  query_impl::local_def_id_to_hir_id::get_query_incr     20 total usages
  query_impl::codegen_unit::get_query_incr     20 total usages
  query_impl::check_transmutes::get_query_incr     20 total usages
  query_impl::variances_of::get_query_incr     20 total usages
  query_impl::vtable_allocation::get_query_incr     20 total usages
  query_impl::explicit_item_self_bounds::get_query_incr     20 total usages
  query_impl::collect_and_partition_mono_items::get_query_incr     20 total usages
  query_impl::type_op_prove_predicate::get_query_incr     20 total usages
  query_impl::optimized_mir::get_query_incr     20 total usages
  query_impl::anon_const_kind::get_query_incr     20 total usages
  query_impl::associated_item_def_ids::get_query_incr     20 total usages
  query_impl::inferred_outlives_of::get_query_incr     20 total usages
  query_impl::visibility::get_query_incr     20 total usages
  query_impl::effective_visibilities::get_query_incr     20 total usages
  query_impl::coroutine_for_closure::get_query_incr     20 total usages
  query_impl::features_query::get_query_incr     20 total usages
  query_impl::enforce_impl_non_lifetime_params_are_constrained::get_query_incr     20 total usages
  outlives::implicit_infer::insert_required_predicates_to_be_wf::__CALLSITE     20 total usages
  query_impl::opaque_types_defined_by::get_query_incr     20 total usages
  query_impl::codegen_select_candidate::get_query_incr     20 total usages
  query_impl::is_late_bound_map::get_query_incr     20 total usages
  query_impl::adt_def::get_query_incr     20 total usages
  query_impl::cross_crate_inlinable::get_query_incr     20 total usages
  query_impl::closure_typeinfo::get_query_incr     20 total usages
  query_impl::is_async_drop_raw::get_query_incr     20 total usages
  query_impl::limits::get_query_incr     20 total usages
  hygiene::HygieneData::walk_chain::__CALLSITE     20 total usages
  <impossible_predicates::ImpossiblePredicates as pass_manager::MirPass<'tcx>>::run_pass::__CALLSITE     20 total usages
  query_impl::mir_inliner_callees::get_query_incr     20 total usages
  query_impl::const_conditions::get_query_incr     20 total usages
  query_impl::codegen_fn_attrs::get_query_incr     20 total usages
  query_impl::should_inherit_track_caller::get_query_incr     20 total usages
  query_impl::try_normalize_generic_arg_after_erasing_regions::get_query_incr     20 total usages
  query_impl::inferred_outlives_crate::get_query_incr     20 total usages
  query_impl::is_ctfe_mir_available::get_query_incr     20 total usages
  query_impl::impl_trait_header::get_query_incr     20 total usages
  query_impl::own_existential_vtable_entries::get_query_incr     20 total usages
  query_impl::size_estimate::get_query_incr     20 total usages
  query_impl::is_mir_available::get_query_incr     20 total usages
  query_impl::env_var_os::get_query_incr     20 total usages
  query_impl::normalize_canonicalized_inherent_projection_ty::get_query_incr     20 total usages
  query_impl::normalize_canonicalized_projection_ty::get_query_incr     20 total usages
  query_impl::hir_module_items::get_query_incr     20 total usages
  query_impl::mir_const_qualif::get_query_incr     20 total usages
  query_impl::unsizing_params_for_adt::get_query_incr     20 total usages
  query_impl::is_sized_raw::get_query_incr     20 total usages
  query_impl::reachable_non_generics::get_query_incr     20 total usages
  query_impl::alloc_error_handler_kind::get_query_incr     20 total usages
  query_impl::check_validity_requirement::get_query_incr     20 total usages
  thir::cx::expr::<impl thir::cx::ThirBuildCx<'tcx>>::mirror_expr_inner::__CALLSITE     20 total usages
  query_impl::foreign_modules::get_query_incr     20 total usages
  query_impl::used_crates::get_query_incr     20 total usages
  hygiene::HygieneData::walk_chain_collapsed::__CALLSITE     20 total usages
  query_impl::upstream_monomorphizations_for::get_query_incr     20 total usages
  <copy_prop::CopyProp as pass_manager::MirPass<'tcx>>::run_pass::__CALLSITE     20 total usages
  query_impl::visible_parent_map::get_query_incr     20 total usages
  query_impl::is_unreachable_local_definition::get_query_incr     20 total usages
  query_impl::mir_shims::get_query_incr     20 total usages
  query_impl::crate_incoherent_impls::get_query_incr     20 total usages
  query_impl::check_coroutine_obligations::get_query_incr     20 total usages
  cast::CastCheck::<'tcx>::check::__CALLSITE     20 total usages
  query_impl::check_mod_deathness::get_query_incr     20 total usages
  query_impl::evaluate_obligation::get_query_incr     20 total usages
  query_impl::tag_for_variant::get_query_incr     20 total usages
  query_impl::expn_that_defined::get_query_incr     20 total usages
  query_impl::promoted_mir::get_query_incr     20 total usages
  query_impl::implied_outlives_bounds::get_query_incr     20 total usages
  query_impl::has_significant_drop_raw::get_query_incr     20 total usages
  query_impl::explicit_super_predicates_of::get_query_incr     20 total usages
  query_impl::type_op_ascribe_user_type::get_query_incr     20 total usages
  creader::load_dylib::__CALLSITE     20 total usages
  query_impl::used_trait_imports::get_query_incr     20 total usages
  query_impl::list_significant_drop_tys::get_query_incr     20 total usages
  cfg_select          20 total usages
  query_impl::is_promotable_const_fn::get_query_incr     20 total usages
  query_impl::is_private_dep::get_query_incr     20 total usages
  query_impl::specializes::get_query_incr     20 total usages
  query_impl::coroutine_kind::get_query_incr     20 total usages
  query_impl::deduced_param_attrs::get_query_incr     20 total usages
  query_impl::reveal_opaque_types_in_bounds::get_query_incr     20 total usages
  query_impl::adt_async_destructor::get_query_incr     20 total usages
  query_impl::global_backend_features::get_query_incr     20 total usages
  query_impl::has_ffi_unwind_calls::get_query_incr     20 total usages
  query_impl::upvars_mentioned::get_query_incr     20 total usages
  rustc_internal      20 total usages
  query_impl::is_profiler_runtime::get_query_incr     20 total usages
  query_impl::vtable_entries::get_query_incr     20 total usages
  query_impl::clashing_extern_declarations::get_query_incr     20 total usages
  deriving            20 total usages
  query_impl::inhabited_predicate_type::get_query_incr     20 total usages
  query_impl::lookup_default_body_stability::get_query_incr     20 total usages
  query_impl::has_alloc_error_handler::get_query_incr     20 total usages
  query_impl::asm_target_features::get_query_incr     20 total usages
  query_impl::trigger_delayed_bug::get_query_incr     20 total usages
  query_impl::exported_non_generic_symbols::get_query_incr     20 total usages
  query_impl::type_param_predicates::get_query_incr     20 total usages
  query_impl::needs_drop_raw::get_query_incr     20 total usages
  query_impl::missing_lang_items::get_query_incr     20 total usages
  query_impl::stability_implications::get_query_incr     20 total usages
  query_impl::mir_borrowck::get_query_incr     20 total usages
  query_impl::check_well_formed::get_query_incr     20 total usages
  query_impl::crate_inherent_impls_validity_check::get_query_incr     20 total usages
  query_impl::num_extern_def_ids::get_query_incr     20 total usages
  query_impl::assumed_wf_types::get_query_incr     20 total usages
  query_impl::upstream_async_drop_glue_for::get_query_incr     20 total usages
  query_impl::has_global_allocator::get_query_incr     20 total usages
  query_impl::crate_inherent_impls::get_query_incr     20 total usages
  query_impl::intrinsic_raw::get_query_incr     20 total usages
  query_impl::lib_features::get_query_incr     20 total usages
  query_impl::check_tail_calls::get_query_incr     20 total usages
  query_impl::fn_abi_of_fn_ptr::get_query_incr     20 total usages
  query_impl::type_op_normalize_ty::get_query_incr     20 total usages
  query_impl::lints_that_dont_need_to_run::get_query_incr     20 total usages
  query_impl::opaque_captured_lifetimes::get_query_incr     20 total usages
  query_impl::check_expectations::get_query_incr     20 total usages
  unord               20 total usages
  query_impl::attrs_for_def::get_query_incr     20 total usages
  query_impl::crate_name::get_query_incr     20 total usages
  query_impl::diagnostic_items::get_query_incr     20 total usages
  query_impl::dyn_compatibility_violations::get_query_incr     20 total usages
  query_impl::dropck_outlives::get_query_incr     20 total usages
  maybe_transmutable::MaybeTransmutableQuery::<layout::dfa::Dfa<<C as maybe_transmutable::query_context::QueryContext>::Region, <C as maybe_transmutable::query_context::QueryContext>::Type>, C>::answer_impl::__CALLSITE     20 total usages
  query_impl::postorder_cnums::get_query_incr     20 total usages
  query_impl::type_op_normalize_poly_fn_sig::get_query_incr     20 total usages
  query_impl::incoherent_impls::get_query_incr     20 total usages
  query_impl::associated_item::get_query_incr     20 total usages
  query_impl::crate_variances::get_query_incr     20 total usages
  builder::custom::parse::<impl builder::custom::ParseCtxt<'a, 'tcx>>::parse_body::__CALLSITE     20 total usages
  query_impl::opt_ast_lowering_delayed_lints::get_query_incr     20 total usages
  query_impl::check_potentially_region_dependent_goals::get_query_incr     20 total usages
  query_impl::generics_require_sized_self::get_query_incr     20 total usages
  query_impl::explicit_predicates_of::get_query_incr     20 total usages
  query_impl::check_unused_traits::get_query_incr     20 total usages
  query_impl::native_libraries::get_query_incr     20 total usages
  query_impl::const_param_default::get_query_incr     20 total usages
  expr::<impl fn_ctxt::FnCtxt<'a, 'tcx>>::check_expr_with_expectation_and_args::__CALLSITE     20 total usages
  query_impl::panic_in_drop_strategy::get_query_incr     20 total usages
  query_impl::mir_for_ctfe::get_query_incr     20 total usages
  query_impl::mir_promoted::get_query_incr     20 total usages
  query_impl::check_match::get_query_incr     20 total usages
  query_impl::instantiate_and_check_impossible_predicates::get_query_incr     20 total usages
  query_impl::opt_hir_owner_nodes::get_query_incr     20 total usages
  query_impl::check_liveness::get_query_incr     20 total usages
  query_impl::param_env::get_query_incr     20 total usages
  query_impl::mir_built::get_query_incr     20 total usages
  query_impl::is_reachable_non_generic::get_query_incr     20 total usages
  query_impl::has_panic_handler::get_query_incr     20 total usages
  query_impl::has_structural_eq_impl::get_query_incr     20 total usages
  query_impl::default_field::get_query_incr     20 total usages
  query_impl::in_scope_traits_map::get_query_incr     20 total usages
  query_impl::associated_items::get_query_incr     20 total usages
  query_impl::upstream_drop_glue_for::get_query_incr     20 total usages
  query_impl::adt_significant_drop_tys::get_query_incr     20 total usages
  query_impl::stripped_cfg_items::get_query_incr     20 total usages
  query_impl::exportable_items::get_query_incr     20 total usages
  query_impl::layout_of::get_query_incr     20 total usages
  query_impl::trimmed_def_paths::get_query_incr     20 total usages
  query_impl::resolutions::get_query_incr     20 total usages
  query_impl::dependency_formats::get_query_incr     20 total usages
  query_impl::doc_link_resolutions::get_query_incr     20 total usages
  query_impl::backend_optimization_level::get_query_incr     20 total usages
  traits::specialize::specializes::__CALLSITE     20 total usages
  query_impl::items_of_instance::get_query_incr     20 total usages
  query_impl::ty_span::get_query_incr     20 total usages
  query_impl::doc_link_traits_in_scope::get_query_incr     20 total usages
  query_impl::specialization_enabled_in::get_query_incr     20 total usages
  query_impl::valtree_to_const_val::get_query_incr     20 total usages
  query_impl::predicates_of::get_query_incr     20 total usages
  query_impl::item_bounds::get_query_incr     20 total usages
  query_impl::defined_lang_items::get_query_incr     20 total usages
  query_impl::object_lifetime_default::get_query_incr     20 total usages
  query_impl::disabled_sanitizers_for::get_query_incr     20 total usages
  fn_ctxt::suggestions::<impl fn_ctxt::FnCtxt<'a, 'tcx>>::suggest_missing_return_type::__CALLSITE     20 total usages
  query_impl::is_doc_notable_trait::get_query_incr     20 total usages
  query_impl::coroutine_hidden_types::get_query_incr     20 total usages
  query_impl::mir_drops_elaborated_and_const_checked::get_query_incr     20 total usages
  query_impl::named_variable_map::get_query_incr     20 total usages
  spec::targets::x86_64_lynx_lynxos178     20 total usages
  query_impl::explicit_implied_const_bounds::get_query_incr     20 total usages
  query_impl::crate_hash::get_query_incr     20 total usages
  query_impl::diagnostic_hir_wf_check::get_query_incr     20 total usages
  inline::cycle::process::{closure#0}::__CALLSITE     20 total usages
  query_impl::trait_def::get_query_incr     20 total usages
  <back::linker::GccLinker<'a> as back::linker::Linker>::export_symbols::__CALLSITE     20 total usages
  query_impl::late_bound_vars_map::get_query_incr     20 total usages
  query_impl::typeck::get_query_incr     20 total usages
  query_impl::type_of::get_query_incr     20 total usages
  query_impl::module_children::get_query_incr     20 total usages
  query_impl::check_unsafety::get_query_incr     20 total usages
  query_impl::thir_body::get_query_incr     20 total usages
  query_impl::mir_keys::get_query_incr     20 total usages
  query_impl::extern_crate::get_query_incr     20 total usages
  query_impl::typing_env_normalized_for_post_analysis::get_query_incr     20 total usages
  query_impl::thir_abstract_const::get_query_incr     20 total usages
  query_impl::region_scope_tree::get_query_incr     20 total usages
  query_impl::specialization_graph_of::get_query_incr     20 total usages
  query_impl::method_autoderef_steps::get_query_incr     20 total usages
  query_impl::impl_parent::get_query_incr     20 total usages
  diagnostics::move_errors::<impl MirBorrowckCtxt<'_, 'infcx, 'tcx>>::append_binding_error::__CALLSITE     20 total usages
  query_impl::is_copy_raw::get_query_incr     20 total usages
  query_impl::is_dyn_compatible::get_query_incr     20 total usages
  query_impl::is_use_cloned_raw::get_query_incr     20 total usages
  query_impl::upstream_monomorphizations::get_query_incr     20 total usages
  error_reporting::infer::region::<impl error_reporting::TypeErrCtxt<'a, 'tcx>>::report_sub_sup_conflict::__CALLSITE     20 total usages
  query_impl::params_in_repr::get_query_incr     20 total usages
  error_reporting::infer::<impl error_reporting::TypeErrCtxt<'a, 'tcx>>::note_type_err::__CALLSITE     20 total usages
  query_impl::assumed_wf_types_for_rpitit::get_query_incr     20 total usages
  query_impl::explicit_supertraits_containing_assoc_item::get_query_incr     20 total usages
  query_impl::adt_async_drop_tys::get_query_incr     20 total usages
  query_impl::inherit_sig_for_delegation_item::get_query_incr     20 total usages
  query_impl::item_non_self_bounds::get_query_incr     20 total usages
  query_impl::allocator_kind::get_query_incr     20 total usages
  query_impl::destructure_const::get_query_incr     20 total usages
  query_impl::explicit_item_bounds::get_query_incr     20 total usages
  query_impl::adt_destructor::get_query_incr     20 total usages
  solve::normalize     20 total usages
  query_impl::coherent_trait::get_query_incr     20 total usages
  query_impl::generics_of::get_query_incr     20 total usages
  query_impl::coverage_ids_info::get_query_incr     20 total usages
  query_impl::lint_mod::get_query_incr     20 total usages
  query_impl::source_span::get_query_incr     20 total usages
  mir::interpret::allocation::provenance_map::ProvenanceMap::<Prov>::prepare_copy::__CALLSITE     20 total usages
  persist::fs::finalize_session_directory::__CALLSITE     20 total usages
  query_impl::fn_arg_idents::get_query_incr     20 total usages
  query_impl::resolve_instance_raw::get_query_incr     20 total usages
  query_impl::shallow_lint_levels_on::get_query_incr     20 total usages
  query_impl::skip_move_check_fns::get_query_incr     20 total usages
  query_impl::local_trait_impls::get_query_incr     20 total usages
  query_impl::analysis::get_query_incr     20 total usages
  query_impl::lint_expectations::get_query_incr     20 total usages
  query_impl::compare_impl_item::get_query_incr     20 total usages
  query_impl::is_doc_hidden::get_query_incr     20 total usages
  query_impl::reachable_set::get_query_incr     20 total usages
  query_impl::crate_for_resolver::get_query_incr     20 total usages
  query_impl::coroutine_by_move_body_def_id::get_query_incr     20 total usages
  <sroa::ScalarReplacementOfAggregates as pass_manager::MirPass<'tcx>>::run_pass::__CALLSITE     20 total usages
  query_impl::inherent_impls::get_query_incr     20 total usages
  query_impl::extra_filename::get_query_incr     20 total usages
  query_impl::is_no_builtins::get_query_incr     20 total usages
  query_impl::def_kind::get_query_incr     20 total usages
  query_impl::resolver_for_lowering_raw::get_query_incr     20 total usages
  query_impl::representability::get_query_incr     20 total usages
  query_impl::inhabited_predicate_adt::get_query_incr     20 total usages
  query_impl::early_lint_checks::get_query_incr     20 total usages
  query_impl::trait_impls_of::get_query_incr     20 total usages
  query_impl::trait_explicit_predicates_and_bounds::get_query_incr     20 total usages
  query_impl::associated_types_for_impl_traits_in_trait_or_impl::get_query_incr     20 total usages
  query_impl::crate_inherent_impls_overlap_check::get_query_incr     20 total usages
  query_impl::is_codegened_item::get_query_incr     20 total usages
  query_impl::coerce_unsized_info::get_query_incr     20 total usages
  query_impl::hir_owner_parent::get_query_incr     20 total usages
  query_impl::nested_bodies_within::get_query_incr     20 total usages
  ty::instance::Instance::<'tcx>::expect_resolve_for_vtable::__CALLSITE     20 total usages
  query_impl::registered_tools::get_query_incr     20 total usages
  back::rpath::get_rpaths::__CALLSITE     20 total usages
  query_impl::impl_item_implementor_ids::get_query_incr     20 total usages
  query_impl::implementations_of_trait::get_query_incr     20 total usages
  query_impl::is_compiler_builtins::get_query_incr     20 total usages
  query_impl::dylib_dependency_formats::get_query_incr     20 total usages
  query_impl::rendered_const::get_query_incr     20 total usages
  query_impl::check_mod_unstable_api_usage::get_query_incr     20 total usages
  query_impl::symbol_name::get_query_incr     20 total usages
  query_impl::eval_to_allocation_raw::get_query_incr     20 total usages
  query_impl::coverage_attr_on::get_query_incr     20 total usages
  query_impl::get_lang_items::get_query_incr     20 total usages
  query_impl::proc_macro_decls_static::get_query_incr     20 total usages
  query_impl::adt_sizedness_constraint::get_query_incr     20 total usages
  query_impl::lookup_stability::get_query_incr     20 total usages
  creader::CStore::maybe_resolve_crate::__CALLSITE     20 total usages
  query_impl::lookup_deprecation_entry::get_query_incr     20 total usages
  query_impl::stable_order_of_exportable_impls::get_query_incr     20 total usages
  query_impl::closure_saved_names_of_captured_variables::get_query_incr     20 total usages
  mir::interpret::allocation::init_mask::InitMaskMaterialized::find_bit     20 total usages
  method::<impl fn_ctxt::FnCtxt<'a, 'tcx>>::lookup_method_for_operator::__CALLSITE     20 total usages
  query_impl::check_private_in_public::get_query_incr     20 total usages
  query_impl::crate_extern_paths::get_query_incr     20 total usages
  query_impl::def_ident_span::get_query_incr     20 total usages
  query_impl::exported_generic_symbols::get_query_incr     20 total usages
  move_paths::builder::MoveDataBuilder::<'a, 'tcx, F>::finalize::__CALLSITE     20 total usages
  <promote_consts::Collector<'_, 'tcx> as rustc_middle::mir::visit::Visitor<'tcx>>::visit_local::__CALLSITE     20 total usages
  query_impl::fn_sig::get_query_incr     20 total usages
  query_impl::defaultness::get_query_incr     20 total usages
  query_impl::eval_to_const_value_raw::get_query_incr     20 total usages
  query_impl::all_diagnostic_items::get_query_incr     20 total usages
  query_impl::output_filenames::get_query_incr     20 total usages
  <traits::query::normalize::QueryNormalizer<'a, 'tcx> as rustc_middle::ty::FallibleTypeFolder<rustc_middle::ty::TyCtxt<'tcx>>>::try_fold_ty::__CALLSITE     20 total usages
  query_impl::lookup_const_stability::get_query_incr     20 total usages
  query_impl::collect_return_position_impl_trait_in_trait_tys::get_query_incr     20 total usages
  query_impl::mir_coroutine_witnesses::get_query_incr     20 total usages
  query_impl::live_symbols_and_ignored_derived_traits::get_query_incr     20 total usages
  query_impl::is_impossible_associated_item::get_query_incr     20 total usages
  query_impl::used_crate_source::get_query_incr     20 total usages
  query_impl::entry_fn::get_query_incr     20 total usages
  query_impl::check_mono_item::get_query_incr     20 total usages
  query_impl::eval_static_initializer::get_query_incr     20 total usages
  ty::print::pretty::PrettyPrinter::try_print_visible_def_path_recur::__CALLSITE     20 total usages
  query_impl::check_type_wf::get_query_incr     20 total usages
  query_impl::mir_callgraph_cyclic::get_query_incr     20 total usages
  query_impl::constness::get_query_incr     20 total usages
  query_impl::resolve_bound_vars::get_query_incr     20 total usages
  query_impl::is_unpin_raw::get_query_incr     20 total usages
  query_impl::is_freeze_raw::get_query_incr     20 total usages
  query_impl::type_op_normalize_fn_sig::get_query_incr     20 total usages
  query_impl::erase_and_anonymize_regions_ty::get_query_incr     20 total usages
  query_impl::traits::get_query_incr     20 total usages
  error_reporting::traits::suggestions::<impl error_reporting::TypeErrCtxt<'a, 'tcx>>::suggest_unsized_bound_if_applicable::__CALLSITE     20 total usages
  query_impl::all_local_trait_impls::get_query_incr     20 total usages
  query_impl::eval_to_valtree::get_query_incr     20 total usages
  query_impl::type_of_opaque::get_query_incr     20 total usages
  query_impl::impl_self_is_guaranteed_unsized::get_query_incr     20 total usages
  query_impl::is_panic_runtime::get_query_incr     20 total usages
  query_impl::representability_adt_ty::get_query_incr     20 total usages
  query_impl::type_of_opaque_hir_typeck::get_query_incr     20 total usages
  query_impl::native_library::get_query_incr     20 total usages
  query_impl::hir_crate_items::get_query_incr     20 total usages
  query_impl::lit_to_const::get_query_incr     20 total usages
  query_impl::inherited_align::get_query_incr     20 total usages
  query_impl::required_panic_strategy::get_query_incr     20 total usages
  query_impl::missing_extern_crate_item::get_query_incr     20 total usages
  query_impl::explicit_implied_predicates_of::get_query_incr     20 total usages
  query_impl::normalize_canonicalized_free_alias::get_query_incr     20 total usages
  callconv::powerpc     19 total usages
  util::classify      19 total usages
  instsimplify        19 total usages
  default_could_be_derived     19 total usages
  spec::base::nto_qnx     19 total usages
  traits::fulfill     19 total usages
  interpret::eval_context     19 total usages
  back::link::warn_if_linked_with_gold     19 total usages
  attributes::prototype     19 total usages
  spec::targets::aarch64_unknown_linux_ohos     18 total usages
  fast_reject         18 total usages
  needs_drop::drop_tys_helper     18 total usages
  cfg                 18 total usages
  <types::TypeLimits as passes::LateLintPass<'tcx>>::check_expr     18 total usages
  check_tail_calls     18 total usages
  filesearch          17 total usages
  spec::targets::x86_64_fortanix_unknown_sgx     17 total usages
  dump_mir            17 total usages
  attributes::allow_unstable     17 total usages
  hashed              17 total usages
  check_inline        17 total usages
  mir::loops          17 total usages
  emitter::FileWithAnnotatedLines::collect_annotations     17 total usages
  parser::diagnostics::<impl parser::Parser<'a>>::expected_one_of_not_found     17 total usages
  pat::<impl fn_ctxt::FnCtxt<'a, 'tcx>>::check_pat_inner::__CALLSITE     16 total usages
  collect::resolve_bound_vars::is_late_bound_map::__CALLSITE     16 total usages
  collect::predicates_of::const_evaluatable_predicates_of::{closure#0}::__CALLSITE     16 total usages
  scope               16 total usages
  diagnostics::bound_region_errors::TypeOpInfo::report_erroneous_element::__CALLSITE     16 total usages
  mir::codegen_mir::{closure#4}::__CALLSITE     16 total usages
  spec::targets::x86_64_unknown_netbsd     16 total usages
  <dyn hir_ty_lowering::HirTyLowerer<'tcx>>::lower_resolved_assoc_item_path::__CALLSITE     16 total usages
  <rustc_infer::traits::specialization_graph::Children as traits::specialize::specialization_graph::ChildrenExt<'tcx>>::insert::{closure#0}::__CALLSITE     16 total usages
  locator::CrateLocator::<'a>::crate_matches::__CALLSITE     16 total usages
  method::confirm::ConfirmContext::<'a, 'tcx>::instantiate_method_sig::__CALLSITE     16 total usages
  util::alignment::is_disaligned::__CALLSITE     16 total usages
  lexer               16 total usages
  errors::wrong_number_of_generic_args::WrongNumberOfGenericArgs::<'a, 'tcx>::suggest_adding_lifetime_args::__CALLSITE     16 total usages
  collect::resolve_bound_vars::resolve_bound_vars::__CALLSITE     16 total usages
  <jump_threading::JumpThreading as pass_manager::MirPass<'tcx>>::run_pass::__CALLSITE     16 total usages
  <error_reporting::infer::nice_region_error::find_anon_type::FindNestedTypeVisitor<'tcx> as rustc_hir::intravisit::Visitor<'tcx>>::visit_ty::__CALLSITE     16 total usages
  locator::get_metadata_section::__CALLSITE     16 total usages
  region_infer::RegionInferenceContext::<'tcx>::solve::__CALLSITE     16 total usages
  late::LateResolutionVisitor::<'a, 'ast, 'ra, 'tcx>::resolve_impl_item::__CALLSITE     16 total usages
  collect::predicates_of::gather_explicit_predicates_of::{closure#0}::__CALLSITE     16 total usages
  traits::coherence::overlap::__CALLSITE     16 total usages
  diagnostics::conflict_errors::<impl MirBorrowckCtxt<'_, 'infcx, 'tcx>>::report_use_of_moved_or_uninitialized::__CALLSITE     16 total usages
  check::compare_impl_item::compare_const_predicate_entailment::__CALLSITE     16 total usages
  error_reporting::traits::on_unimplemented::OnUnimplementedDirective::evaluate::__CALLSITE     16 total usages
  interpret::discriminant::<impl interpret::eval_context::InterpCx<'tcx, M>>::read_discriminant::__CALLSITE     16 total usages
  check::compare_impl_item::compare_type_predicate_entailment::__CALLSITE     16 total usages
  fn_ctxt::_impl::<impl fn_ctxt::FnCtxt<'a, 'tcx>>::apply_adjustments::__CALLSITE     16 total usages
  autodiff::llvm_enzyme::gen_enzyme_decl::__CALLSITE     16 total usages
  spec::targets::loongarch64_unknown_linux_musl     16 total usages
  late::LateResolutionVisitor::<'a, 'ast, 'ra, 'tcx>::resolve_lifetime::__CALLSITE     16 total usages
  polonius::legacy::facts     16 total usages
  region_infer::RegionInferenceContext::<'tcx>::new::__CALLSITE     16 total usages
  upvar::<impl fn_ctxt::FnCtxt<'a, 'tcx>>::analyze_closure::__CALLSITE     16 total usages
  source_map::FilePathMapping::map_prefix::remap_path_prefix::{closure#0}::__CALLSITE     16 total usages
  collect::type_of::opaque::TaitConstraintLocator::<'tcx>::check::__CALLSITE     16 total usages
  collect::predicates_of::predicates_of::__CALLSITE     16 total usages
  error_reporting::infer::nice_region_error::find_anon_type     16 total usages
  mir::interpret::specialized_encode_alloc_id::__CALLSITE     16 total usages
  region_infer::RegionInferenceContext::<'tcx>::approx_universal_upper_bound::__CALLSITE     16 total usages
  spec::targets::loongarch64_unknown_linux_ohos     16 total usages
  mir::block::<impl mir::FunctionCx<'a, 'tcx, Bx>>::codegen_drop_terminator::__CALLSITE     16 total usages
  ssa::SsaLocals::new::__CALLSITE     16 total usages
  check::wfcheck::gather_gat_bounds::__CALLSITE     16 total usages
  lifetime_syntax::emit_mismatch_diagnostic::__CALLSITE     16 total usages
  diagnostics::<impl Resolver<'ra, 'tcx>>::check_for_module_export_macro::__CALLSITE     16 total usages
  persist::fs::generate_session_dir_path::__CALLSITE     16 total usages
  join                16 total usages
  expr_use_visitor::ExprUseVisitor::<'tcx, Cx, D>::walk_pat::{closure#0}::__CALLSITE     16 total usages
  ssa::compute_copy_classes::__CALLSITE     16 total usages
  closure::<impl fn_ctxt::FnCtxt<'a, 'tcx>>::deduce_future_output_from_projection::__CALLSITE     16 total usages
  coercion::Coerce::<'f, 'tcx>::coerce::__CALLSITE     16 total usages
  infer::outlives::verify::VerifyBoundCx::<'cx, 'tcx>::param_or_placeholder_bound::__CALLSITE     16 total usages
  <needs_drop::NeedsDropTypes<'tcx, F> as std::iter::Iterator>::next::{closure#0}::__CALLSITE     16 total usages
  back::archive::ArchiveBuilderBuilder::create_dll_import_lib::__CALLSITE     16 total usages
  rustc_internal::pretty     16 total usages
  outlives::implicit_infer::check_explicit_predicates::__CALLSITE     16 total usages
  layout::record_layout_for_printing::__CALLSITE     16 total usages
  error_reporting::infer::nice_region_error::static_impl_trait::<impl error_reporting::infer::nice_region_error::NiceRegionError<'a, 'tcx>>::try_report_static_impl_trait::__CALLSITE     16 total usages
  <known_panics_lint::KnownPanicsLint as pass_manager::MirLint<'tcx>>::run_lint::__CALLSITE     16 total usages
  <error_reporting::infer::nice_region_error::find_anon_type::TyPathVisitor<'tcx> as rustc_hir::intravisit::Visitor<'tcx>>::visit_lifetime::__CALLSITE     16 total usages
  traits::select::SelectionContext::<'cx, 'tcx>::insert_candidate_cache::__CALLSITE     16 total usages
  persist::fs::find_source_directory_in_iter::__CALLSITE     16 total usages
  <inline::NormalInliner<'tcx> as inline::Inliner<'tcx>>::check_callee_mir_body::__CALLSITE     16 total usages
  dep_graph::serialized::SerializedDepGraph::decode::__CALLSITE     16 total usages
  diagnostics::mutability_errors::<impl MirBorrowckCtxt<'_, 'infcx, 'tcx>>::report_mutability_error::__CALLSITE     16 total usages
  hir_ty_lowering::dyn_compatibility::<impl dyn hir_ty_lowering::HirTyLowerer<'tcx>>::lower_trait_object_ty::{closure#0}::__CALLSITE     16 total usages
  diagnostics::<impl MirBorrowckCtxt<'_, 'infcx, 'tcx>>::move_spans::__CALLSITE     16 total usages
  thousands           16 total usages
  patch::MirPatch::<'tcx>::apply::__CALLSITE     16 total usages
  lint_tail_expr_drop_order::run_lint::__CALLSITE     16 total usages
  place_op::<impl fn_ctxt::FnCtxt<'a, 'tcx>>::convert_place_op_to_mutable::__CALLSITE     16 total usages
  traits::select::candidate_assembly::<impl traits::select::SelectionContext<'cx, 'tcx>>::assemble_candidates::__CALLSITE     16 total usages
  spec::targets::loongarch64_unknown_linux_gnu     16 total usages
  known_panics_lint::ConstPropagator::<'mir, 'tcx>::check_rvalue::__CALLSITE     16 total usages
  collect::generics_of::generics_of::{closure#0}::__CALLSITE     16 total usages
  traits::normalize::normalize_with_depth_to::__CALLSITE     16 total usages
  interval            16 total usages
  <type_check::TypeChecker<'a, 'tcx> as rustc_middle::mir::visit::Visitor<'tcx>>::visit_terminator::__CALLSITE     16 total usages
  needs_drop::drop_tys_helper::{closure#0}::__CALLSITE     16 total usages
  dependency_format::calculate_type::__CALLSITE     16 total usages
  back::link::linker_and_flavor     15 total usages
  thir::cx            15 total usages
  mir::traversal      15 total usages
  spec::targets::x86_64_unknown_linux_musl     15 total usages
  callconv::bpf       15 total usages
  cast                15 total usages
  match_branches      15 total usages
  variance::solve     15 total usages
  coverage::expansion     15 total usages
  check_consts        15 total usages
  spec::targets::x86_64_unknown_linux_ohos     15 total usages
  define_opaque       15 total usages
  dep_graph::dep_node     15 total usages
  callconv::msp430     15 total usages
  solve::eval_ctxt::canonical     15 total usages
  layout::tree::rustc     15 total usages
  callconv::hexagon     15 total usages
  spec::targets::aarch64_be_unknown_linux_musl     15 total usages
  edition_panic       15 total usages
  spec::targets::aarch64_unknown_linux_musl     15 total usages
  graph::vec_graph     14 total usages
  stability::check_unused_or_stable_features     14 total usages
  callconv::m68k      14 total usages
  ty::context::tls     14 total usages
  spec::targets::s390x_unknown_linux_musl     14 total usages
  spec::targets::aarch64_linux_android     14 total usages
  ty::codec           14 total usages
  assert::context     14 total usages
  spec::targets::s390x_unknown_linux_gnu     14 total usages
  infer_ctxt          14 total usages
  fallback::<impl fn_ctxt::FnCtxt<'_, 'tcx>>::calculate_diverging_fallback     14 total usages
  spec::targets::aarch64_unknown_fuchsia     14 total usages
  diagnostics::conflict_errors::<impl MirBorrowckCtxt<'_, 'infcx, 'tcx>>::annotate_argument_and_return_for_borrow     14 total usages
  mbe::macro_parser     14 total usages
  hir_id_validator     13 total usages
  back::link::link_natively     13 total usages
  check::check_function_signature     13 total usages
  spec::targets::x86_64_unknown_freebsd     13 total usages
  spawn               13 total usages
  spec::targets::armv6k_nintendo_3ds     13 total usages
  derive              13 total usages
  cfg_accessible      13 total usages
  sync::parallel::par_slice     13 total usages
  upvars              13 total usages
  spec::targets::x86_64h_apple_darwin     13 total usages
  spec::targets::armv7_sony_vita_newlibeabihf     13 total usages
  binary_search_util     13 total usages
  expr::<impl fn_ctxt::FnCtxt<'a, 'tcx>>::check_expr_field::__CALLSITE     12 total usages
  infer::lexical_region_resolve::LexicalResolver::<'cx, 'tcx>::expand_node::__CALLSITE     12 total usages
  <sroa::ReplacementVisitor<'tcx, 'll> as rustc_middle::mir::visit::MutVisitor<'tcx>>::visit_statement::__CALLSITE     12 total usages
  check::compare_impl_item::collect_return_position_impl_trait_in_trait_tys::{closure#0}::__CALLSITE     12 total usages
  fn_ctxt::_impl::<impl fn_ctxt::FnCtxt<'a, 'tcx>>::instantiate_value_path::__CALLSITE     12 total usages
  assert_module_sources::AssertModuleSource::<'tcx>::check_config::__CALLSITE     12 total usages
  region_infer::RegionInferenceContext::<'tcx>::find_constraint_path_between_regions_inner::__CALLSITE     12 total usages
  known_panics_lint::ConstPropagator::<'mir, 'tcx>::eval_rvalue::{closure#0}::__CALLSITE     12 total usages
  late::diagnostics::<impl late::LateResolutionVisitor<'_, 'ast, 'ra, 'tcx>>::add_missing_lifetime_specifiers_label::__CALLSITE     12 total usages
  error_reporting::infer::region::<impl error_reporting::TypeErrCtxt<'a, 'tcx>>::report_region_errors::__CALLSITE     12 total usages
  type_check::liveness::trace::LivenessResults::<'a, 'typeck, 'tcx>::compute_drop_live_points_for::__CALLSITE     12 total usages
  run_analysis_to_runtime_passes::__CALLSITE     12 total usages
  diagnostics::region_name::<impl MirBorrowckCtxt<'_, '_, 'tcx>>::give_name_if_anonymous_region_appears_in_yield_ty::__CALLSITE     12 total usages
  <dyn hir_ty_lowering::HirTyLowerer<'tcx>>::lower_const_arg::__CALLSITE     12 total usages
  graph::scc::SccsConstruction::<'c, 'a, G, A>::walk_unvisited_node     12 total usages
  ty::<impl ty::context::TyCtxt<'tcx>>::instance_mir::__CALLSITE     12 total usages
  coverage::query::is_eligible_for_coverage::__CALLSITE     12 total usages
  <dyn hir_ty_lowering::HirTyLowerer<'tcx>>::lower_opaque_ty::{closure#0}::__CALLSITE     12 total usages
  dropck_outlives::adt_dtorck_constraint::__CALLSITE     12 total usages
  <impls::initialized::EverInitializedPlaces<'_, 'tcx> as framework::Analysis<'tcx>>::apply_primary_terminator_effect::__CALLSITE     12 total usages
  <solve::fulfill::derive_errors::BestObligation<'tcx> as solve::inspect::analyse::ProofTreeVisitor<'tcx>>::visit_goal::__CALLSITE     12 total usages
  interpret::call::<impl interpret::eval_context::InterpCx<'tcx, M>>::init_stack_frame::__CALLSITE     12 total usages
  creader::CStore::existing_match::__CALLSITE     12 total usages
  creader::CStore::dlsym_proc_macros::__CALLSITE     12 total usages
  jump_threading::TOFinder::<'a, 'tcx>::find_opportunity::{closure#0}::__CALLSITE     12 total usages
  diagnostics::<impl MirBorrowckCtxt<'_, 'infcx, 'tcx>>::closure_span::__CALLSITE     12 total usages
  impls::storage_liveness     12 total usages
  <check_pointers::PointerFinder<'a, 'tcx> as rustc_middle::mir::visit::Visitor<'tcx>>::visit_place::__CALLSITE     12 total usages
  jump_threading::TOFinder::<'a, 'tcx>::process_switch_int::__CALLSITE     12 total usages
  middle::region::ScopeTree::is_subscope_of::__CALLSITE     12 total usages
  check::compare_impl_item::check_type_bounds::__CALLSITE     12 total usages
  diagnostics::outlives_suggestion::OutlivesSuggestionBuilder::add_suggestion::__CALLSITE     12 total usages
  <rustc_middle::mir::interpret::ValidationErrorInfo<'tcx> as errors::ReportErrorExt>::add_args     12 total usages
  writeback::WritebackCx::<'cx, 'tcx>::visit_adjustments::__CALLSITE     12 total usages
  value_analysis::PlaceCollector::<'_, 'tcx>::register_place::__CALLSITE     12 total usages
  type_check::liveness::compute_relevant_live_locals::__CALLSITE     12 total usages
  const_eval::eval_queries::op_to_const::__CALLSITE     12 total usages
  thir::print         12 total usages
  diagnostics::conflict_errors::<impl MirBorrowckCtxt<'_, 'infcx, 'tcx>>::get_moved_indexes::{closure#2}::__CALLSITE     12 total usages
  fn_ctxt::_impl::<impl fn_ctxt::FnCtxt<'a, 'tcx>>::write_user_type_annotation_from_args::__CALLSITE     12 total usages
  coercion::<impl fn_ctxt::FnCtxt<'a, 'tcx>>::try_find_coercion_lub::__CALLSITE     12 total usages
  traits::select::candidate_assembly::<impl traits::select::SelectionContext<'cx, 'tcx>>::assemble_closure_candidates::__CALLSITE     12 total usages
  <polonius::legacy::accesses::AccessFactsExtractor<'a, 'tcx> as rustc_middle::mir::visit::Visitor<'tcx>>::visit_local::__CALLSITE     12 total usages
  builder::matches::test::<impl builder::Builder<'a, 'tcx>>::perform_test::__CALLSITE     12 total usages
  diagnostics::region_errors::<impl MirBorrowckCtxt<'_, 'infcx, 'tcx>>::report_region_error::__CALLSITE     12 total usages
  diagnostics::region_errors::<impl MirBorrowckCtxt<'_, 'infcx, 'tcx>>::maybe_suggest_constrain_dyn_trait_impl::__CALLSITE     12 total usages
  writeback::WritebackCx::<'cx, 'tcx>::visit_node_id::__CALLSITE     12 total usages
  type_check::free_region_relations::UniversalRegionRelationsBuilder::<'_, 'tcx>::create::__CALLSITE     12 total usages
  inline::process_blocks::__CALLSITE     12 total usages
  early::diagnostics::decorate_builtin_lint::__CALLSITE     12 total usages
  traits::select::SelectionContext::<'cx, 'tcx>::candidate_from_obligation::{closure#0}::__CALLSITE     12 total usages
  traits::select::SelectionContext::<'cx, 'tcx>::filter_impls::__CALLSITE     12 total usages
  <late::LateResolutionVisitor<'a, 'ast, 'ra, 'tcx>::find_lifetime_for_self::FindReferenceVisitor<'_, '_, '_> as rustc_ast::visit::Visitor<'ra>>::visit_ty::__CALLSITE     12 total usages
  writeback::WritebackCx::<'cx, 'tcx>::visit_pat_adjustments::__CALLSITE     12 total usages
  early::EarlyContextAndPass::<'ecx, 'tcx, T>::with_lint_attrs::__CALLSITE     12 total usages
  diagnostics::region_errors::<impl MirBorrowckCtxt<'_, 'infcx, 'tcx>>::suggest_constrain_dyn_trait_in_impl::__CALLSITE     12 total usages
  type_check::TypeChecker::<'a, 'tcx>::relate_type_and_user_type::__CALLSITE     12 total usages
  <dyn hir_ty_lowering::HirTyLowerer<'tcx>>::lower_poly_trait_ref::__CALLSITE     12 total usages
  late::diagnostics::<impl late::LateResolutionVisitor<'_, 'ast, 'ra, 'tcx>>::maybe_report_lifetime_uses::__CALLSITE     12 total usages
  late::LateResolutionVisitor::<'a, 'ast, 'ra, 'tcx>::resolve_block::__CALLSITE     12 total usages
  <impls::initialized::EverInitializedPlaces<'_, 'tcx> as framework::Analysis<'tcx>>::apply_primary_statement_effect::__CALLSITE     12 total usages
  coherence::builtin::visit_implementation_of_copy::__CALLSITE     12 total usages
  region_infer::RegionInferenceContext::<'tcx>::check_bound_universal_region::__CALLSITE     12 total usages
  canonicalizer       12 total usages
  persist::file_format::save_in::__CALLSITE     12 total usages
  interpret::intern::intern_const_alloc_recursive::__CALLSITE     12 total usages
  diagnostics::conflict_errors::<impl MirBorrowckCtxt<'_, 'infcx, 'tcx>>::suggest_using_local_if_applicable::{closure#1}::__CALLSITE     12 total usages
  spec::targets::aarch64_unknown_freebsd     12 total usages
  builder::expr::as_temp::<impl builder::Builder<'a, 'tcx>>::as_temp_inner::__CALLSITE     12 total usages
  collect::resolve_bound_vars::BoundVarContext::<'a, 'tcx>::visit_segment_args::__CALLSITE     12 total usages
  diagnostics::<impl MirBorrowckCtxt<'_, 'infcx, 'tcx>>::borrowed_content_source::__CALLSITE     12 total usages
  size_of_val::size_and_align_of_dst::__CALLSITE     12 total usages
  back::link::exec_linker::__CALLSITE     12 total usages
  traits::select::SelectionContext::<'cx, 'tcx>::check_evaluation_cycle::__CALLSITE     12 total usages
  source_map::SourceMap::is_valid_span::__CALLSITE     12 total usages
  error_reporting::traits::ambiguity::<impl error_reporting::TypeErrCtxt<'a, 'tcx>>::maybe_report_ambiguity::__CALLSITE     12 total usages
  mir_borrowck::__CALLSITE     12 total usages
  dead::has_allow_dead_code_or_lang_attr     12 total usages
  drop_flag_effects::drop_flag_effects_for_location::__CALLSITE     12 total usages
  traits::select::SelectionContext::<'_, 'tcx>::match_impl::{closure#0}::__CALLSITE     12 total usages
  errors::wrong_number_of_generic_args::WrongNumberOfGenericArgs::<'a, 'tcx>::suggest_adding_type_and_const_args::__CALLSITE     12 total usages
  usefulness::PlaceInfo::<Cx>::split_column_ctors::__CALLSITE     12 total usages
  hir_ty_lowering::generics::check_generic_arg_count::__CALLSITE     12 total usages
  thir::cx::expr::<impl thir::cx::ThirBuildCx<'tcx>>::apply_adjustment::__CALLSITE     12 total usages
  error_reporting::infer     12 total usages
  region_infer::RegionInferenceContext::<'tcx>::propagate_constraints::__CALLSITE     12 total usages
  region_infer::opaque_types::member_constraints::apply_member_constraints::__CALLSITE     12 total usages
  back::linker::get_linker::__CALLSITE     12 total usages
  MirBorrowckCtxt::<'a, '_, 'tcx>::access_place::__CALLSITE     12 total usages
  coercion::Coerce::<'f, 'tcx>::coerce_borrowed_pointer::__CALLSITE     12 total usages
  jump_threading::TOFinder::<'a, 'tcx>::start_from_switch::__CALLSITE     12 total usages
  mir::locals::<impl mir::FunctionCx<'a, 'tcx, Bx>>::overwrite_local::__CALLSITE     12 total usages
  fn_ctxt::_impl::<impl fn_ctxt::FnCtxt<'a, 'tcx>>::write_user_type_annotation::__CALLSITE     12 total usages
  ref_prop::propagate_ssa::__CALLSITE     12 total usages
  fn_ctxt::_impl::<impl fn_ctxt::FnCtxt<'a, 'tcx>>::lower_ty_saving_user_provided_ty::__CALLSITE     12 total usages
  middle::region::ScopeTree::default_temporary_scope::__CALLSITE     12 total usages
  traits::select::candidate_assembly::<impl traits::select::SelectionContext<'cx, 'tcx>>::assemble_async_closure_candidates::__CALLSITE     12 total usages
  collect::predicates_of::implied_predicates_with_filter::__CALLSITE     12 total usages
  util::bug           12 total usages
  autoderef::Autoderef::<'a, 'tcx>::overloaded_deref_ty::__CALLSITE     12 total usages
  persist::load::load_dep_graph::__CALLSITE     12 total usages
  error_reporting::infer::nice_region_error::different_lifetimes::<impl error_reporting::infer::nice_region_error::NiceRegionError<'a, 'tcx>>::try_report_anon_anon_conflict::__CALLSITE     12 total usages
  hooks               12 total usages
  creader::CStore::inject_compiler_builtins::__CALLSITE     12 total usages
  diagnostics::<impl Resolver<'ra, 'tcx>>::find_cfg_stripped     12 total usages
  <nrvo::RenameReturnPlace as pass_manager::MirPass<'tcx>>::run_pass::__CALLSITE     12 total usages
  collector::RootCollector::<'_, 'v>::process_item::__CALLSITE     12 total usages
  check::check_fn::__CALLSITE     12 total usages
  traits::project::project_and_unify_term::__CALLSITE     12 total usages
  error_reporting::traits::suggestions::<impl error_reporting::TypeErrCtxt<'a, 'tcx>>::suggest_await_before_try::__CALLSITE     12 total usages
  diagnostics::conflict_errors::<impl MirBorrowckCtxt<'_, 'infcx, 'tcx>>::report_borrowed_value_does_not_live_long_enough::__CALLSITE     12 total usages
  creader::CStore::resolve_crate_deps::__CALLSITE     12 total usages
  type_check::TypeChecker::<'a, 'tcx>::add_reborrow_constraint::__CALLSITE     12 total usages
  <rustc_middle::mir::mono::MonoItem<'tcx> as mono_item::MonoItemExt<'a, 'tcx>>::predefine::__CALLSITE     12 total usages
  ty::print::pretty::FmtPrinter::<'_, 'tcx>::name_all_regions::__CALLSITE     12 total usages
  traits::select::confirmation::<impl traits::select::SelectionContext<'cx, 'tcx>>::confirm_transmutability_candidate::__CALLSITE     12 total usages
  traits::query::dropck_outlives::compute_dropck_outlives_with_errors::__CALLSITE     12 total usages
  spec::targets::armv7a_vex_v5     12 total usages
  <unreachable_enum_branching::UnreachableEnumBranching as pass_manager::MirPass<'tcx>>::run_pass::__CALLSITE     12 total usages
  handle_placeholders::compute_sccs_applying_placeholder_outlives_constraints::__CALLSITE     12 total usages
  hir_ty_lowering::bounds::<impl dyn hir_ty_lowering::HirTyLowerer<'tcx>>::lower_assoc_item_constraint::__CALLSITE     12 total usages
  <rustc_infer::infer::at::At<'a, 'tcx> as traits::query::normalize::QueryNormalizeExt<'tcx>>::query_normalize::__CALLSITE     12 total usages
  type_check::input_output::<impl type_check::TypeChecker<'a, 'tcx>>::equate_inputs_and_outputs::__CALLSITE     12 total usages
  closure::<impl fn_ctxt::FnCtxt<'a, 'tcx>>::supplied_sig_of_closure::{closure#0}::__CALLSITE     12 total usages
  collector::collect_alloc::__CALLSITE     12 total usages
  infer::region_constraints::RegionConstraintCollector::<'_, 'tcx>::make_eqregion::__CALLSITE     12 total usages
  infer::canonical::query_response::<impl infer::InferCtxt<'tcx>>::make_query_response::__CALLSITE     12 total usages
  traits::auto_trait::AutoTraitFinder::<'tcx>::evaluate_predicates::__CALLSITE     12 total usages
  layout::coroutine::coroutine_saved_local_eligibility::__CALLSITE     12 total usages
  dep_graph::serialized::EncoderState::<D>::finish::__CALLSITE     12 total usages
  interpret::stack::<impl interpret::eval_context::InterpCx<'tcx, M>>::push_stack_frame_raw::__CALLSITE     12 total usages
  builder::matches::<impl builder::Builder<'a, 'tcx>>::bind_and_guard_matched_candidate::__CALLSITE     12 total usages
  traits::query::type_op::ascribe_user_type::relate_mir_and_user_args::__CALLSITE     12 total usages
  error_reporting::traits::suggestions::<impl error_reporting::TypeErrCtxt<'a, 'tcx>>::maybe_note_obligation_cause_for_async_await     12 total usages
  spec::targets::x86_64_pc_solaris     12 total usages
  interpret::call::<impl interpret::eval_context::InterpCx<'tcx, M>>::init_fn_call::__CALLSITE     12 total usages
  region_infer::RegionInferenceContext::<'tcx>::best_blame_constraint::__CALLSITE     12 total usages
  region_infer::opaque_types::compute_concrete_types_from_defining_uses::__CALLSITE     12 total usages
  error_reporting::infer::<impl error_reporting::TypeErrCtxt<'a, 'tcx>>::cmp::__CALLSITE     12 total usages
  traits::specialize::fulfill_implication::__CALLSITE     12 total usages
  <dyn hir_ty_lowering::HirTyLowerer<'tcx>>::lower_ty::{closure#0}::__CALLSITE     12 total usages
  SourceFile::lookup_file_pos::__CALLSITE     12 total usages
  solve               12 total usages
  late::LateResolutionVisitor::<'a, 'ast, 'ra, 'tcx>::resolve_fn_params::__CALLSITE     12 total usages
  emitter::HumanEmitter::emit_suggestion_default::__CALLSITE     12 total usages
  <autoderef::Autoderef<'a, 'tcx> as std::iter::Iterator>::next::__CALLSITE     12 total usages
  persist::dirty_clean::check_config::__CALLSITE     12 total usages
  MirBorrowckCtxt::<'a, '_, 'tcx>::check_access_for_conflict::{closure#1}::__CALLSITE     12 total usages
  expr_use_visitor::ExprUseVisitor::<'tcx, Cx, D>::cat_pattern::__CALLSITE     12 total usages
  method::<impl fn_ctxt::FnCtxt<'a, 'tcx>>::lookup_method::__CALLSITE     12 total usages
  opaque_types::OpaqueTypeCollector::<'tcx>::visit_opaque_ty::__CALLSITE     12 total usages
  interpret::step::<impl interpret::eval_context::InterpCx<'tcx, M>>::eval_terminator::__CALLSITE     12 total usages
  interpret::visitor::ValueVisitor::walk_value::__CALLSITE     12 total usages
  traits::select::candidate_assembly::<impl traits::select::SelectionContext<'cx, 'tcx>>::assemble_candidates_from_object_ty::{closure#0}::{closure#0}::__CALLSITE     12 total usages
  search_graph::SearchGraph::<D>::candidate_is_applicable::__CALLSITE     12 total usages
  closure::<impl fn_ctxt::FnCtxt<'a, 'tcx>>::check_expr_closure::__CALLSITE     12 total usages
  macro_expr_fragment_specifier_2024_migration::Expr2024::check_ident_token::__CALLSITE     12 total usages
  infer::canonical::query_response::<impl infer::InferCtxt<'tcx>>::make_canonicalized_query_response::__CALLSITE     12 total usages
  maybe_transmutable::MaybeTransmutableQuery::<layout::tree::Tree<<C as maybe_transmutable::query_context::QueryContext>::Def, <C as maybe_transmutable::query_context::QueryContext>::Region, <C as maybe_transmutable::query_context::QueryContext>::Type>, C>::answer::__CALLSITE     12 total usages
  interpret::eval_context::InterpCx::<'tcx, M>::resolve::__CALLSITE     12 total usages
  <interpret::memory::DumpAllocs<'a, 'tcx, M> as std::fmt::Debug>::fmt     12 total usages
  mir::analyze::cleanup_kinds::propagate::__CALLSITE     12 total usages
  coherence::builtin::coerce_unsized_info::__CALLSITE     12 total usages
  collector::collect_roots::__CALLSITE     12 total usages
  <traits::fulfill::FulfillProcessor<'a, 'tcx> as rustc_data_structures::obligation_forest::ObligationProcessor>::process_obligation::__CALLSITE     12 total usages
  enum_intrinsics_non_enums     11 total usages
  callee              11 total usages
  spec::targets::riscv32imac_esp_espidf     11 total usages
  util::compare_types     11 total usages
  spec::targets::aarch64_unknown_nuttx     11 total usages
  traits::project::opt_normalize_projection_term     11 total usages
  structural_match     11 total usages
  check_consts::post_drop_elaboration     11 total usages
  spec::targets::x86_64_unknown_fuchsia     11 total usages
  ty::instance        11 total usages
  spec::targets::riscv32imafc_esp_espidf     11 total usages
  spec::targets::mipsel_sony_psx     11 total usages
  callconv::avr       11 total usages
  spec::targets::riscv32imc_esp_espidf     11 total usages
  spec::targets::mipsel_sony_psp     11 total usages
  spec::base::windows_gnu     11 total usages
  coercion::Coerce::<'f, 'tcx>::coerce_unsized     11 total usages
  check_call_recursion     11 total usages
  spec::targets::riscv64imac_unknown_none_elf     11 total usages
  current_version     11 total usages
  framework::visitor     11 total usages
  parser::attr_wrapper     11 total usages
  middle::exported_symbols     11 total usages
  <unreachable_enum_branching::UnreachableEnumBranching as pass_manager::MirPass<'tcx>>::run_pass     11 total usages
  spec::targets::riscv64gc_unknown_none_elf     11 total usages
  spec::targets::nvptx64_nvidia_cuda     11 total usages
  elaborate_box_derefs     11 total usages
  ty::context         11 total usages
  spec::targets::x86_64_unknown_illumos     11 total usages
  solve::eval_ctxt     10 total usages
  bridge::server      10 total usages
  collector::autodiff     10 total usages
  mir::interpret::AllocDecodingSession::<'s>::decode_alloc_id::{closure#1}     10 total usages
  add_retag           10 total usages
  mir::mono::CodegenUnit::<'tcx>::items_in_deterministic_order     10 total usages
  region_infer::values::pretty_print_region_elements     10 total usages
  spec::targets::aarch64_unknown_none     10 total usages
  spec::base::windows_gnullvm     10 total usages
  spec::targets::aarch64_unknown_none_softfloat     10 total usages
  lower_slice_len     10 total usages
  spec::targets::mips64_openwrt_linux_musl     10 total usages
  type_check::liveness::trace::LivenessResults::<'a, 'typeck, 'tcx>::compute_drop_live_points_for_block     10 total usages
  spec::targets::x86_64_apple_darwin     10 total usages
  spec::targets::x86_64_unknown_none     10 total usages
  translation         10 total usages
  spec::targets::riscv32im_risc0_zkvm_elf     10 total usages
  spec::targets::aarch64_be_unknown_none_softfloat     10 total usages
  export              10 total usages
  trace_macros        10 total usages
  dep_graph::graph::DepGraphData::<D>::try_mark_parent_green     10 total usages
  check_consts::check     10 total usages
  spec::targets::riscv64imac_unknown_nuttx_elf      9 total usages
  spec::targets::mips64el_unknown_linux_muslabi64      9 total usages
  spec::targets::amdgcn_amd_amdhsa      9 total usages
  spec::targets::powerpc64le_unknown_freebsd      9 total usages
  const_eval::valtrees::valtree_into_mplace      9 total usages
  spec::targets::powerpc64_unknown_openbsd      9 total usages
  spec::targets::powerpc64le_unknown_linux_gnu      9 total usages
  spec::targets::riscv32em_unknown_none_elf      9 total usages
  spec::targets::mips64el_unknown_linux_gnuabi64      9 total usages
  input_stats          9 total usages
  spec::targets::mipsisa64r6_unknown_linux_gnuabi64      9 total usages
  types::lint_nan      9 total usages
  infer::snapshot::fudge      9 total usages
  bridge::client::state      9 total usages
  fn_ctxt::adjust_fulfillment_errors      9 total usages
  <builtin::MutableTransmutes as passes::LateLintPass<'tcx>>::check_expr      9 total usages
  fluent_bundle        9 total usages
  spec::targets::i686_win7_windows_gnu      9 total usages
  spec::targets::aarch64_apple_darwin      9 total usages
  <dest_prop::DestinationPropagation as pass_manager::MirPass<'tcx>>::run_pass      9 total usages
  spec::targets::powerpc64_unknown_linux_gnu      9 total usages
  parser::asm::parse_options      9 total usages
  builder::matches::test      9 total usages
  spec::targets::loongarch32_unknown_none_softfloat      9 total usages
  spec::targets::mipsisa64r6el_unknown_linux_gnuabi64      9 total usages
  quote::collect_meta_vars      9 total usages
  spec::targets::mips64_unknown_linux_muslabi64      9 total usages
  SourceFileHash::new      9 total usages
  spec::targets::powerpc64_unknown_linux_musl      9 total usages
  deriving::generic::ty      9 total usages
  owned_slice          9 total usages
  method::suggest::<impl fn_ctxt::FnCtxt<'a, 'tcx>>::impl_into_iterator_should_be_iterator      9 total usages
  spec::targets::aarch64_nintendo_switch_freestanding      9 total usages
  spec::base::linux_wasm      9 total usages
  callconv::amdgpu      9 total usages
  spec::targets::wasm32_wasip1_threads      9 total usages
  spec::targets::x86_64_pc_windows_gnu      9 total usages
  parser::diagnostics      9 total usages
  spec::targets::riscv32emc_unknown_none_elf      9 total usages
  places_conflict::place_components_conflict      9 total usages
  spec::targets::powerpc64le_unknown_linux_musl      9 total usages
  spec::targets::mips64_unknown_linux_gnuabi64      9 total usages
  deref_separator      9 total usages
  spec::targets::wasm32v1_none      9 total usages
  spec::targets::loongarch64_unknown_none_softfloat      9 total usages
  spec::targets::riscv32imac_unknown_xous_elf      9 total usages
  spec::targets::riscv32e_unknown_none_elf      9 total usages
  spec::targets::riscv64gc_unknown_nuttx_elf      9 total usages
  spec::targets::arm64e_apple_darwin      9 total usages
  spec::targets::x86_64_win7_windows_gnu      9 total usages
  spec::targets::aarch64_unknown_illumos      9 total usages
  error_reporting::traits::suggestions::<impl error_reporting::TypeErrCtxt<'a, 'tcx>>::report_closure_arg_mismatch      9 total usages
  spec::targets::powerpc64_unknown_freebsd      9 total usages
  collect::predicates_of::const_evaluatable_predicates_of::{closure#0}      9 total usages
  infer::canonical::query_response::<impl infer::InferCtxt<'tcx>>::query_response_instantiation_guess::__CALLSITE      8 total usages
  if_let_rescope       8 total usages
  <infer::relate::generalize::Generalizer<'_, 'tcx> as rustc_type_ir::relate::TypeRelation<rustc_middle::ty::TyCtxt<'tcx>>>::tys::{closure#0}::__CALLSITE      8 total usages
  <rustc_infer::infer::InferCtxt<'tcx> as infer::InferCtxtExt<'tcx>>::type_implements_trait::__CALLSITE      8 total usages
  dep_graph::graph::DepGraphData::<D>::try_mark_previous_green::__CALLSITE      8 total usages
  abi::fn_abi_new_uncached::__CALLSITE      8 total usages
  traits::dyn_compatibility::dyn_compatibility_violations_for_assoc_item::__CALLSITE      8 total usages
  infer::opaque_types::<impl infer::InferCtxt<'tcx>>::add_item_bounds_for_hidden_type::__CALLSITE      8 total usages
  ty::instance::Instance::<'tcx>::resolve_for_fn_ptr::{closure#0}::__CALLSITE      8 total usages
  diagnostics::bound_region_errors::try_extract_error_from_region_constraints::__CALLSITE      8 total usages
  traits::wf::extend_cause_with_original_assoc_item_obligation::__CALLSITE      8 total usages
  <rustc_infer::traits::specialization_graph::Children as traits::specialize::specialization_graph::ChildrenExt<'tcx>>::insert::__CALLSITE      8 total usages
  handle_placeholders::rewrite_placeholder_outlives::__CALLSITE      8 total usages
  collect::resolve_bound_vars::BoundVarContext::<'a, 'tcx>::insert_lifetime::__CALLSITE      8 total usages
  source_map::SourceMap::find_width_of_character_at_span      8 total usages
  const_eval::eval_queries::eval_body_using_ecx::__CALLSITE      8 total usages
  collect::resolve_bound_vars::BoundVarContext::<'a, 'tcx>::remap_opaque_captures::__CALLSITE      8 total usages
  interpret::eval_context::InterpCx::<'tcx, M>::find_closest_untracked_caller_location::__CALLSITE      8 total usages
  solve::eval_ctxt::EvalCtxt::<'a, D>::term_is_fully_unconstrained::__CALLSITE      8 total usages
  elaborate_drop::DropCtxt::<'a, 'b, 'tcx, D>::place_ty::__CALLSITE      8 total usages
  coherence::orphan::orphan_check::{closure#0}::__CALLSITE      8 total usages
  middle::stability::<impl ty::context::TyCtxt<'tcx>>::eval_default_body_stability::__CALLSITE      8 total usages
  traits::select::confirmation::<impl traits::select::SelectionContext<'cx, 'tcx>>::confirm_trait_alias_candidate::__CALLSITE      8 total usages
  region_infer::RegionInferenceContext::<'tcx>::find_sub_region_live_at::__CALLSITE      8 total usages
  <opaque_types::OpaqueTypeCollector<'tcx> as rustc_middle::ty::TypeVisitor<rustc_middle::ty::TyCtxt<'tcx>>>::visit_ty::__CALLSITE      8 total usages
  borrowck_check_region_constraints::__CALLSITE      8 total usages
  search_graph::SearchGraph::<D>::evaluate_goal_in_task::__CALLSITE      8 total usages
  ty::print::Printer::default_print_def_path::__CALLSITE      8 total usages
  definitions::Definitions::create_def::__CALLSITE      8 total usages
  fn_ctxt::suggestions::<impl fn_ctxt::FnCtxt<'a, 'tcx>>::suggest_missing_break_or_return_expr      8 total usages
  builder::custom::parse::instruction::<impl builder::custom::ParseCtxt<'a, 'tcx>>::parse_call::__CALLSITE      8 total usages
  traits::pred_known_to_hold_modulo_regions::__CALLSITE      8 total usages
  variance::variance_of_opaque::{closure#0}::OpaqueTypeLifetimeCollector::<'tcx>::visit_opaque::__CALLSITE      8 total usages
  LoweringContext::<'a, 'hir>::lower_param_bounds::__CALLSITE      8 total usages
  type_check::type_check::__CALLSITE      8 total usages
  ty::OpaqueHiddenType::<'tcx>::remap_generic_params_to_declaration_params::{closure#0}::__CALLSITE      8 total usages
  spec::targets::armv5te_unknown_linux_gnueabi      8 total usages
  ty::util::<impl ty::context::TyCtxt<'tcx>>::destructor_constraints::__CALLSITE      8 total usages
  layout::variant_info_for_adt::__CALLSITE      8 total usages
  collect::item_bounds::opaque_type_bounds::__CALLSITE      8 total usages
  const_eval::valtrees::create_valtree_place::__CALLSITE      8 total usages
  solve::<impl solve::eval_ctxt::EvalCtxt<'_, D>>::structurally_normalize_const::__CALLSITE      8 total usages
  builder::expr::into::<impl builder::Builder<'a, 'tcx>>::expr_into_dest::__CALLSITE      8 total usages
  interpret::step::<impl interpret::eval_context::InterpCx<'tcx, M>>::step::__CALLSITE      8 total usages
  spec::base::cygwin      8 total usages
  <opaque_types::OpaqueTypeCollector<'tcx> as rustc_middle::ty::TypeVisitor<rustc_middle::ty::TyCtxt<'tcx>>>::visit_ty::{closure#0}::__CALLSITE      8 total usages
  traits::select::SelectionContext::<'cx, 'tcx>::evaluate_candidate::__CALLSITE      8 total usages
  <known_panics_lint::CanConstProp as rustc_middle::mir::visit::Visitor<'tcx>>::visit_local::__CALLSITE      8 total usages
  traits::wf::obligations::__CALLSITE      8 total usages
  coherence::trait_ref_is_knowable::__CALLSITE      8 total usages
  translation::Translator::translate_message::{closure#0}::__CALLSITE      8 total usages
  ty::adt::AdtDefData::new::__CALLSITE      8 total usages
  known_panics_lint::ConstPropagator::<'mir, 'tcx>::eval_rvalue::__CALLSITE      8 total usages
  intrinsicck::check_transmute::__CALLSITE      8 total usages
  traits::select::confirmation::<impl traits::select::SelectionContext<'cx, 'tcx>>::confirm_future_candidate::__CALLSITE      8 total usages
  fallback::<impl fn_ctxt::FnCtxt<'_, 'tcx>>::create_coercion_graph::__CALLSITE      8 total usages
  traits::select::confirmation::<impl traits::select::SelectionContext<'cx, 'tcx>>::confirm_iterator_candidate::__CALLSITE      8 total usages
  infer::relate::higher_ranked::<impl infer::InferCtxt<'tcx>>::enter_forall_and_leak_universe::__CALLSITE      8 total usages
  search_graph::SearchGraph::<D>::evaluate_goal::__CALLSITE      8 total usages
  builder::custom::parse::instruction::<impl builder::custom::ParseCtxt<'a, 'tcx>>::parse_static::__CALLSITE      8 total usages
  closure::<impl fn_ctxt::FnCtxt<'a, 'tcx>>::extract_sig_from_projection::__CALLSITE      8 total usages
  diagnostics::<impl Resolver<'ra, 'tcx>>::make_missing_crate_suggestion::__CALLSITE      8 total usages
  collect::resolve_bound_vars::BoundVarContext::<'a, 'tcx>::visit_poly_trait_ref_inner::__CALLSITE      8 total usages
  error_reporting::infer::nice_region_error::placeholder_error::<impl error_reporting::infer::nice_region_error::NiceRegionError<'_, 'tcx>>::report_trait_placeholder_mismatch::__CALLSITE      8 total usages
  source_map           8 total usages
  check::check::check_coroutine_obligations::__CALLSITE      8 total usages
  <dyn hir_ty_lowering::HirTyLowerer<'tcx>>::lower_resolved_ty_path::__CALLSITE      8 total usages
  closure::<impl fn_ctxt::FnCtxt<'a, 'tcx>>::deduce_future_output_from_obligations::__CALLSITE      8 total usages
  collector::collect_crate_mono_items::__CALLSITE      8 total usages
  region_infer::RegionInferenceContext::<'tcx>::constraint_path_to::__CALLSITE      8 total usages
  opaque_types::OpaqueTypeCollector::<'tcx>::collect_taits_from_defines_attr::__CALLSITE      8 total usages
  <type_check::relate_tys::NllTypeRelating<'_, 'b, 'tcx> as rustc_infer::infer::relate::TypeRelation<rustc_middle::ty::TyCtxt<'tcx>>>::tys::__CALLSITE      8 total usages
  spec::targets::riscv32imc_unknown_nuttx_elf      8 total usages
  ident::<impl Resolver<'ra, 'tcx>>::resolve_path_with_ribs      8 total usages
  spec::targets::x86_64_pc_windows_gnullvm      8 total usages
  usefulness::compute_exhaustiveness_and_usefulness::__CALLSITE      8 total usages
  region_infer::RegionInferenceContext::<'tcx>::check_polonius_subset_errors::__CALLSITE      8 total usages
  traits::coherence::overlapping_impls::__CALLSITE      8 total usages
  diagnostics::var_name::<impl region_infer::RegionInferenceContext<'tcx>>::get_upvar_name_and_span_for_region::__CALLSITE      8 total usages
  <infer::canonical::canonicalizer::Canonicalizer<'cx, 'tcx> as rustc_type_ir::TypeFolder<rustc_middle::ty::TyCtxt<'tcx>>>::fold_const::__CALLSITE      8 total usages
  parser::item::<impl parser::Parser<'a>>::parse_param_general::{closure#0}::__CALLSITE      8 total usages
  solve::project_goals::<impl solve::eval_ctxt::EvalCtxt<'_, D>>::compute_projection_goal::__CALLSITE      8 total usages
  hir_ty_lowering::dyn_compatibility::<impl dyn hir_ty_lowering::HirTyLowerer<'tcx>>::lower_trait_object_ty::__CALLSITE      8 total usages
  foreign_modules::structurally_same_type_impl::{closure#0}::__CALLSITE      8 total usages
  hir_ty_lowering::generics::check_generic_arg_count::{closure#2}::__CALLSITE      8 total usages
  thir::cx::expr::<impl thir::cx::ThirBuildCx<'tcx>>::make_mirror_unadjusted::{closure#0}      8 total usages
  type_check::TypeChecker::<'a, 'tcx>::check_user_type_annotations::__CALLSITE      8 total usages
  spec::targets::armv7_unknown_linux_uclibceabihf      8 total usages
  method::probe::ProbeContext::<'a, 'tcx>::pick_method::__CALLSITE      8 total usages
  <infer::canonical::canonicalizer::Canonicalizer<'cx, 'tcx> as rustc_type_ir::TypeFolder<rustc_middle::ty::TyCtxt<'tcx>>>::fold_ty::__CALLSITE      8 total usages
  <collector::MirUsedCollector<'a, 'tcx> as rustc_middle::mir::visit::Visitor<'tcx>>::visit_terminator::__CALLSITE      8 total usages
  expr_use_visitor::ExprUseVisitor::<'tcx, Cx, D>::walk_autoref::__CALLSITE      8 total usages
  type_check::free_region_relations::UniversalRegionRelationsBuilder::<'_, 'tcx>::add_implied_bounds::__CALLSITE      8 total usages
  traits::coherence::impl_intersection_has_impossible_obligation::__CALLSITE      8 total usages
  traits::select::candidate_assembly::<impl traits::select::SelectionContext<'cx, 'tcx>>::assemble_candidates_from_caller_bounds::__CALLSITE      8 total usages
  method::<impl fn_ctxt::FnCtxt<'a, 'tcx>>::resolve_fully_qualified_call::{closure#0}::__CALLSITE      8 total usages
  <renumber::RegionRenumberer<'a, 'tcx> as rustc_middle::mir::visit::MutVisitor<'tcx>>::visit_ty::__CALLSITE      8 total usages
  pat::<impl fn_ctxt::FnCtxt<'a, 'tcx>>::check_pat_ref::__CALLSITE      8 total usages
  method::probe::ProbeContext::<'a, 'tcx>::consider_probe::__CALLSITE      8 total usages
  diagnostics::region_name::<impl MirBorrowckCtxt<'_, '_, 'tcx>>::give_name_if_anonymous_region_appears_in_output::__CALLSITE      8 total usages
  closure::<impl fn_ctxt::FnCtxt<'a, 'tcx>>::supplied_sig_of_closure::__CALLSITE      8 total usages
  parser::diagnostics::<impl parser::Parser<'a>>::check_trailing_angle_brackets::__CALLSITE      8 total usages
  LoweringContext::<'a, 'hir>::lower_universal_param_and_bounds::__CALLSITE      8 total usages
  infer::region_constraints::leak_check::<impl infer::region_constraints::RegionConstraintCollector<'_, 'tcx>>::leak_check::__CALLSITE      8 total usages
  <dyn hir_ty_lowering::HirTyLowerer<'tcx>>::lower_fn_ty::{closure#0}::__CALLSITE      8 total usages
  creader::CStore::inject_panic_runtime::__CALLSITE      8 total usages
  traits::select::SelectionContext::<'cx, 'tcx>::candidate_from_obligation::__CALLSITE      8 total usages
  traits::dyn_compatibility::receiver_is_dispatchable::__CALLSITE      8 total usages
  spec::targets::wasm32_unknown_emscripten      8 total usages
  parser::ty           8 total usages
  <back::linker::EmLinker<'a> as back::linker::Linker>::export_symbols::__CALLSITE      8 total usages
  <dyn hir_ty_lowering::HirTyLowerer<'tcx>>::lower_type_relative_const_path::__CALLSITE      8 total usages
  <collector::MirUsedCollector<'a, 'tcx> as rustc_middle::mir::visit::Visitor<'tcx>>::visit_rvalue::__CALLSITE      8 total usages
  <check_consts::check::Checker<'_, 'tcx> as rustc_middle::mir::visit::Visitor<'tcx>>::visit_terminator::__CALLSITE      8 total usages
  sig_types::walk_types::__CALLSITE      8 total usages
  rmeta::encoder::encode_metadata::__CALLSITE      8 total usages
  persist::fs::garbage_collect_session_directories::{closure#3}      8 total usages
  <late::LateResolutionVisitor<'_, 'ast, 'ra, 'tcx> as rustc_ast::visit::Visitor<'ast>>::visit_fn::{closure#1}::{closure#0}::__CALLSITE      8 total usages
  LoweringContext::<'a, 'hir>::lower_node_id::__CALLSITE      8 total usages
  levels::shallow_lint_levels_on::__CALLSITE      8 total usages
  ty::instance::Instance::<'tcx>::try_resolve::__CALLSITE      8 total usages
  interpret::memory::<impl interpret::eval_context::InterpCx<'tcx, M>>::deallocate_ptr::__CALLSITE      8 total usages
  <error_reporting::infer::need_type_info::FindInferSourceVisitor<'a, 'tcx> as rustc_hir::intravisit::Visitor<'tcx>>::visit_expr::__CALLSITE      8 total usages
  liveness::Liveness::<'a, 'tcx>::propagate_through_expr::__CALLSITE      8 total usages
  <impl std::fmt::Debug for span_encoding::Span>::fmt      8 total usages
  mbe::macro_rules::expand_macro::__CALLSITE      8 total usages
  spec::targets::armv7_unknown_linux_uclibceabi      8 total usages
  mir::place::<impl mir::FunctionCx<'a, 'tcx, Bx>>::codegen_place::__CALLSITE      8 total usages
  gvn::VnState::<'body, 'tcx>::insert::__CALLSITE      8 total usages
  <dyn hir_ty_lowering::HirTyLowerer<'tcx>>::lower_anon_const::__CALLSITE      8 total usages
  inline::cycle::process::__CALLSITE      8 total usages
  ty::inhabitedness::<impl ty::Ty<'tcx>>::inhabited_predicate::__CALLSITE      8 total usages
  spec::targets::arm_unknown_linux_gnueabi      8 total usages
  coherence::orphan::orphan_check::__CALLSITE      8 total usages
  fn_ctxt::inspect_obligations::<impl fn_ctxt::FnCtxt<'a, 'tcx>>::predicate_has_self_ty::__CALLSITE      8 total usages
  <match_branches::SimplifyToIf as match_branches::SimplifyMatch<'tcx>>::can_simplify::__CALLSITE      8 total usages
  <collect::resolve_bound_vars::BoundVarContext<'a, 'tcx> as rustc_hir::intravisit::Visitor<'tcx>>::visit_ty::__CALLSITE      8 total usages
  gvn::VnState::<'body, 'tcx>::simplify_binary::__CALLSITE      8 total usages
  <variance::variance_of_opaque::{closure#0}::OpaqueTypeLifetimeCollector<'tcx> as rustc_middle::ty::TypeVisitor<rustc_middle::ty::TyCtxt<'tcx>>>::visit_region::__CALLSITE      8 total usages
  <renumber::RegionRenumberer<'a, 'tcx> as rustc_middle::mir::visit::MutVisitor<'tcx>>::visit_const_operand::__CALLSITE      8 total usages
  spec::targets::xtensa_esp32s3_espidf      8 total usages
  spec::targets::riscv32ima_unknown_none_elf      8 total usages
  MirBorrowckCtxt::<'a, '_, 'tcx>::check_if_assigned_path_is_moved::check_parent_of_field::__CALLSITE      8 total usages
  gvn::VnState::<'body, 'tcx>::simplify_rvalue::__CALLSITE      8 total usages
  move_paths::builder::MoveDataBuilder::<'a, 'tcx, F>::gather_init::__CALLSITE      8 total usages
  fn_ctxt::inspect_obligations::<impl fn_ctxt::FnCtxt<'a, 'tcx>>::obligations_for_self_ty::__CALLSITE      8 total usages
  dataflow::OutOfScopePrecomputer::<'_, 'tcx>::precompute_borrows_out_of_scope::__CALLSITE      8 total usages
  hygiene::HygieneEncodeContext::encode::__CALLSITE      8 total usages
  impl_wf_check::min_specialization::check_always_applicable::__CALLSITE      8 total usages
  interpret::place::<impl interpret::eval_context::InterpCx<'tcx, M>>::copy_op_no_validate::__CALLSITE      8 total usages
  <dyn hir_ty_lowering::HirTyLowerer<'tcx>>::probe_single_ty_param_bound_for_assoc_item::__CALLSITE      8 total usages
  spec::targets::armv6_unknown_freebsd      8 total usages
  thir::cx::expr::<impl thir::cx::ThirBuildCx<'tcx>>::user_args_applied_to_res::__CALLSITE      8 total usages
  type_check::free_region_relations::UniversalRegionRelations::<'_>::non_local_lower_bound::__CALLSITE      8 total usages
  universal_regions::UniversalRegionsBuilder::<'cx, 'tcx>::build::{closure#1}::__CALLSITE      8 total usages
  <needs_drop::NeedsDropTypes<'tcx, F> as std::iter::Iterator>::next::__CALLSITE      8 total usages
  diagnostics::var_name::<impl region_infer::RegionInferenceContext<'tcx>>::get_argument_name_and_span_for_region::__CALLSITE      8 total usages
  collector::create_fn_mono_item::__CALLSITE      8 total usages
  traits::select::TraitObligationStack::<'o, 'tcx>::update_reached_depth::__CALLSITE      8 total usages
  traits::select::candidate_assembly::<impl traits::select::SelectionContext<'cx, 'tcx>>::reject_fn_ptr_impls::__CALLSITE      8 total usages
  coverage::instrument_function_for_coverage::__CALLSITE      8 total usages
  solve::eval_ctxt::EvalCtxt::<'a, D>::eq_and_get_goals::__CALLSITE      8 total usages
  persist::work_product::copy_cgu_workproduct_to_incr_comp_cache_dir::__CALLSITE      8 total usages
  infer::outlives::obligations::<impl infer::InferCtxt<'tcx>>::process_registered_region_obligations::__CALLSITE      8 total usages
  coroutine::locals_live_across_suspend_points::__CALLSITE      8 total usages
  builder::matches::<impl builder::Builder<'a, 'tcx>>::declare_binding::__CALLSITE      8 total usages
  MirBorrowckCtxt::<'a, '_, 'tcx>::is_mutable::__CALLSITE      8 total usages
  layout::LayoutCalculator::<Cx>::univariant_biased::__CALLSITE      8 total usages
  emitter::HumanEmitter::emit_messages_default_inner::__CALLSITE      8 total usages
  autoderef::Autoderef::<'a, 'tcx>::structurally_normalize_ty::__CALLSITE      8 total usages
  infer::InferCtxt::<'tcx>::take_opaque_types::__CALLSITE      8 total usages
  ty::normalize_erasing_regions::<impl ty::context::TyCtxt<'tcx>>::try_normalize_erasing_regions::__CALLSITE      8 total usages
  type_check::TypeChecker::<'a, 'tcx>::check_call_inputs::__CALLSITE      8 total usages
  drop_forget_useless      8 total usages
  typeck_with_inspect::{closure#0}::__CALLSITE      8 total usages
  region_infer::RegionInferenceContext::<'tcx>::try_propagate_universal_region_error::__CALLSITE      8 total usages
  infer::lexical_region_resolve::LexicalResolver::<'cx, 'tcx>::dump_constraints::__CALLSITE      8 total usages
  DiagCtxtInner::emit_diagnostic::{closure#3}::__CALLSITE      8 total usages
  spec::base::windows_msvc      8 total usages
  foreign_modules::ClashingExternDeclarations::check_foreign_item::__CALLSITE      8 total usages
  traits::instantiate_and_check_impossible_predicates::__CALLSITE      8 total usages
  late::diagnostics::<impl late::LateResolutionVisitor<'_, 'ast, 'ra, 'tcx>>::make_base_error::__CALLSITE      8 total usages
  diagnostics::var_name::<impl region_infer::RegionInferenceContext<'tcx>>::get_var_name_and_span_for_region::__CALLSITE      8 total usages
  locator::CrateLocator::<'a>::find_library_crate::__CALLSITE      8 total usages
  solve::eval_ctxt::canonical::<impl solve::eval_ctxt::EvalCtxt<'_, D>>::compute_external_query_constraints::__CALLSITE      8 total usages
  ast::Path::is_potential_trivial_const_arg::__CALLSITE      8 total usages
  method::probe::ProbeContext::<'a, 'tcx>::xform_method_sig::__CALLSITE      8 total usages
  middle::stability::<impl ty::context::TyCtxt<'tcx>>::eval_stability_allow_unstable::__CALLSITE      8 total usages
  ty::adt_sizedness_constraint::__CALLSITE      8 total usages
  abi::fn_abi_adjust_for_abi::__CALLSITE      8 total usages
  diagnostics::move_errors::<impl MirBorrowckCtxt<'_, 'infcx, 'tcx>>::report_cannot_move_from_borrowed_content::__CALLSITE      8 total usages
  DiagCtxtInner::emit_diagnostic::{closure#3}::{closure#0}::__CALLSITE      8 total usages
  ty::significant_drop_order::extract_component_raw::__CALLSITE      8 total usages
  callee::DeferredCallResolution::<'tcx>::resolve::__CALLSITE      8 total usages
  method::probe::ProbeContext::<'a, 'tcx>::probe_for_similar_candidate::__CALLSITE      8 total usages
  mir::SourceScope::lint_root::__CALLSITE      8 total usages
  <opaque_types::OpaqueTypeCollector<'tcx> as sig_types::SpannedTypeVisitor<'tcx>>::visit::__CALLSITE      8 total usages
  dataflow_const_prop::propagatable_scalar::__CALLSITE      8 total usages
  traits::do_normalize_predicates::__CALLSITE      8 total usages
  emitter::HumanEmitter::render_source_line::{closure#0}::__CALLSITE      8 total usages
  traits::vtable::own_existential_vtable_entries_iter::{closure#1}::__CALLSITE      8 total usages
  elaborate_drop::DropCtxt::<'a, 'b, 'tcx, D>::open_drop_for_box_contents::__CALLSITE      8 total usages
  traits::select::SelectionContext::<'cx, 'tcx>::evaluate_trait_predicate_recursively::__CALLSITE      8 total usages
  region_infer::RegionInferenceContext::<'tcx>::eval_outlives::__CALLSITE      8 total usages
  traits::project::ProjectionCache::<'_, 'tcx>::complete::__CALLSITE      8 total usages
  builder::expr::as_constant::lit_to_mir_constant::{closure#0}::__CALLSITE      8 total usages
  error_reporting::traits::suggestions::<impl error_reporting::TypeErrCtxt<'a, 'tcx>>::note_obligation_cause_for_async_await::__CALLSITE      8 total usages
  <late::LateResolutionVisitor<'a, 'ast, 'ra, 'tcx>::find_lifetime_for_self::SelfVisitor<'_, '_, '_> as rustc_ast::visit::Visitor<'ra>>::visit_ty::__CALLSITE      8 total usages
  spec::targets::wasm64_unknown_unknown      8 total usages
  method::suggest::<impl fn_ctxt::FnCtxt<'a, 'tcx>>::suggest_traits_to_import::__CALLSITE      8 total usages
  profiling::SelfProfilerRef::query_cache_hit      8 total usages
  layout::LayoutCalculator::<Cx>::layout_of_enum::{closure#3}::__CALLSITE      8 total usages
  <inline::ForceInline as pass_manager::MirPass<'tcx>>::run_pass::__CALLSITE      8 total usages
  <type_check::relate_tys::NllTypeRelating<'_, 'b, 'tcx> as rustc_infer::infer::relate::TypeRelation<rustc_middle::ty::TyCtxt<'tcx>>>::relate_with_variance::__CALLSITE      8 total usages
  rmeta::decoder::<impl creader::CrateMetadataRef<'a>>::imported_source_file::{closure#0}::__CALLSITE      8 total usages
  method::confirm::ConfirmContext::<'a, 'tcx>::confirm::__CALLSITE      8 total usages
  builder::expr::as_operand::<impl builder::Builder<'a, 'tcx>>::as_operand::__CALLSITE      8 total usages
  diagnostics::<impl Resolver<'ra, 'tcx>>::make_missing_self_suggestion::__CALLSITE      8 total usages
  traits::fulfill::FulfillmentContext::<'tcx, E>::select::__CALLSITE      8 total usages
  jump_threading::OpportunitySet::apply_once      8 total usages
  instance::resolve_associated_item::__CALLSITE      8 total usages
  late::LateResolutionVisitor::<'a, 'ast, 'ra, 'tcx>::resolve_anonymous_lifetime::__CALLSITE      8 total usages
  <dyn hir_ty_lowering::HirTyLowerer<'tcx>>::lower_ty::__CALLSITE      8 total usages
  LoweringContext::<'a, 'hir>::lower_opaque_impl_trait::__CALLSITE      8 total usages
  solve::trait_goals::<impl solve::eval_ctxt::EvalCtxt<'_, D>>::merge_trait_candidates::__CALLSITE      8 total usages
  usefulness::compute_match_usefulness::{closure#0}::__CALLSITE      8 total usages
  mir::rvalue::<impl mir::FunctionCx<'a, 'tcx, Bx>>::codegen_rvalue::__CALLSITE      8 total usages
  builder::expr::as_place::to_upvars_resolved_place_builder::__CALLSITE      8 total usages
  universal_regions::UniversalRegionsBuilder::<'cx, 'tcx>::build      8 total usages
  <dyn hir_ty_lowering::HirTyLowerer<'tcx>>::lower_type_relative_path::__CALLSITE      8 total usages
  fallback::<impl fn_ctxt::FnCtxt<'_, 'tcx>>::type_inference_fallback::__CALLSITE      8 total usages
  gvn::VnState::<'body, 'tcx>::simplify_place_value::__CALLSITE      8 total usages
  shim::build_call_shim::__CALLSITE      8 total usages
  spec::targets::powerpc_unknown_linux_muslspe      8 total usages
  spec::targets::mips_mti_none_elf      8 total usages
  <check_consts::qualifs::NeedsNonConstDrop as check_consts::qualifs::Qualif>::in_any_value_of_ty::__CALLSITE      8 total usages
  LoweringContext::<'a, 'hir>::lower_assoc_item_constraint::__CALLSITE      8 total usages
  builder::custom::parse::<impl builder::custom::ParseCtxt<'a, 'tcx>>::parse_debuginfo::__CALLSITE      8 total usages
  const_eval::eval_queries::eval_to_allocation_raw_provider::__CALLSITE      8 total usages
  <dyn hir_ty_lowering::HirTyLowerer<'tcx>>::probe_single_bound_for_assoc_item::{closure#0}::__CALLSITE      8 total usages
  <inline::Inline as pass_manager::MirPass<'tcx>>::run_pass::__CALLSITE      8 total usages
  known_panics_lint::ConstPropagator::<'mir, 'tcx>::eval_place::__CALLSITE      8 total usages
  solve::normalizes_to::anon_const::<impl solve::eval_ctxt::EvalCtxt<'_, D>>::normalize_anon_const::__CALLSITE      8 total usages
  builder::expr::into::<impl builder::Builder<'a, 'tcx>>::expr_into_dest      8 total usages
  spec::targets::riscv64gc_unknown_fuchsia      8 total usages
  LoweringContext::<'a, 'hir>::lower_res::__CALLSITE      8 total usages
  <dyn hir_ty_lowering::HirTyLowerer<'tcx>>::lower_opaque_ty::__CALLSITE      8 total usages
  traits::outlives_bounds::implied_outlives_bounds::__CALLSITE      8 total usages
  closure::<impl fn_ctxt::FnCtxt<'a, 'tcx>>::deduce_closure_signature::__CALLSITE      8 total usages
  spec::targets::xtensa_esp32s2_none_elf      8 total usages
  traits::normalize_param_env_or_error      8 total usages
  solve::<impl solve::eval_ctxt::EvalCtxt<'_, D>>::try_merge_candidates::__CALLSITE      8 total usages
  variance::constraints::ConstraintContext::<'a, 'tcx>::add_constraints_from_args::__CALLSITE      8 total usages
  spec::targets::riscv32imac_unknown_none_elf      8 total usages
  rvalue_scopes::resolve_rvalue_scopes::__CALLSITE      8 total usages
  <fold::RegionFolder<I, F> as fold::TypeFolder<I>>::fold_region::{closure#0}::__CALLSITE      8 total usages
  <dyn hir_ty_lowering::HirTyLowerer<'tcx>>::probe_single_bound_for_assoc_item::__CALLSITE      8 total usages
  <dyn hir_ty_lowering::HirTyLowerer<'tcx>>::probe_single_ty_param_bound_for_assoc_item::{closure#0}::__CALLSITE      8 total usages
  solve::assembly::structural_traits::instantiate_constituent_tys_for_sizedness_trait::__CALLSITE      8 total usages
  assert_module_sources::AssertModuleSource::<'tcx>::check_attr::__CALLSITE      8 total usages
  traits::select::SelectionContext::<'cx, 'tcx>::poly_select::__CALLSITE      8 total usages
  <dyn hir_ty_lowering::HirTyLowerer<'tcx>>::lower_lifetime::__CALLSITE      8 total usages
  error_reporting::traits::fulfillment_errors::<impl error_reporting::TypeErrCtxt<'a, 'tcx>>::error_implies::__CALLSITE      8 total usages
  emitter::Emitter::fix_multispans_in_extern_macros::__CALLSITE      8 total usages
  infer::region_constraints::leak_check::LeakCheck::<'a, 'tcx>::propagate_scc_value::__CALLSITE      8 total usages
  traits::select::confirmation::<impl traits::select::SelectionContext<'cx, 'tcx>>::confirm_object_candidate::__CALLSITE      8 total usages
  <type_check::TypeChecker<'a, 'tcx> as rustc_middle::mir::visit::Visitor<'tcx>>::visit_rvalue::__CALLSITE      8 total usages
  hir_ty_lowering::dyn_compatibility::<impl dyn hir_ty_lowering::HirTyLowerer<'tcx>>::check_elaborated_projection_mentions_input_lifetimes::__CALLSITE      8 total usages
  builder::custom::parse::instruction::<impl builder::custom::ParseCtxt<'a, 'tcx>>::parse_place_inner::__CALLSITE      8 total usages
  dataflow::PoloniusOutOfScopePrecomputer::<'_, 'tcx>::precompute_loans_out_of_scope::__CALLSITE      8 total usages
  upvar::<impl fn_ctxt::FnCtxt<'a, 'tcx>>::compute_min_captures::__CALLSITE      8 total usages
  <ref_prop::ReferencePropagation as pass_manager::MirPass<'tcx>>::run_pass::__CALLSITE      8 total usages
  ident::<impl Resolver<'ra, 'tcx>>::resolve_ident_in_lexical_scope::__CALLSITE      8 total usages
  <infer::relate::generalize::Generalizer<'_, 'tcx> as rustc_type_ir::relate::TypeRelation<rustc_middle::ty::TyCtxt<'tcx>>>::binders::__CALLSITE      8 total usages
  diagnostics::region_name::<impl MirBorrowckCtxt<'_, '_, 'tcx>>::give_name_from_error_region::__CALLSITE      8 total usages
  coherence::orphan::orphan_check_impl::__CALLSITE      8 total usages
  solve::assembly::structural_traits::instantiate_constituent_tys_for_auto_trait::__CALLSITE      8 total usages
  gvn::VnState::<'body, 'tcx>::eval_to_const::__CALLSITE      8 total usages
  region_infer::RegionInferenceContext::<'tcx>::try_promote_type_test_subject::__CALLSITE      8 total usages
  <gvn::GVN as pass_manager::MirPass<'tcx>>::run_pass::__CALLSITE      8 total usages
  <MirBorrowckCtxt<'a, '_, 'tcx> as rustc_mir_dataflow::ResultsVisitor<'tcx, dataflow::Borrowck<'a, 'tcx>>>::visit_after_early_terminator_effect::__CALLSITE      8 total usages
  diagnostics::explain_borrow::<impl MirBorrowckCtxt<'_, '_, 'tcx>>::was_captured_by_trait_object      8 total usages
  LoweringContext::<'a, 'hir>::lifetime_res_to_generic_param::__CALLSITE      8 total usages
  builder::expr::stmt::<impl builder::Builder<'a, 'tcx>>::stmt_expr::__CALLSITE      8 total usages
  ident::<impl Resolver<'ra, 'tcx>>::validate_res_from_ribs::__CALLSITE      8 total usages
  error_reporting::infer::need_type_info::FindInferSourceVisitor::<'a, 'tcx>::update_infer_source::__CALLSITE      8 total usages
  definitions::DefPathTable::def_path_hash::__CALLSITE      8 total usages
  gvn::VnState::<'body, 'tcx>::simplify_operand::__CALLSITE      8 total usages
  gvn::VnState::<'body, 'tcx>::new_pointer::__CALLSITE      8 total usages
  check::wfcheck::check_method_receiver::__CALLSITE      8 total usages
  middle::stability::<impl ty::context::TyCtxt<'tcx>>::check_const_stability::__CALLSITE      8 total usages
  thir::cx::expr::<impl thir::cx::ThirBuildCx<'tcx>>::make_mirror_unadjusted::__CALLSITE      8 total usages
  infer::region_constraints::RegionConstraintCollector::<'_, 'tcx>::make_subregion::__CALLSITE      8 total usages
  spec::targets::armeb_unknown_linux_gnueabi      8 total usages
  MirBorrowckCtxt::<'a, '_, 'tcx>::check_for_invalidation_at_exit::__CALLSITE      8 total usages
  fn_ctxt::suggestions::<impl fn_ctxt::FnCtxt<'a, 'tcx>>::suggest_calling_boxed_future_when_appropriate::__CALLSITE      8 total usages
  source_map::FilePathMapping::map_prefix::remap_path_prefix::__CALLSITE      8 total usages
  ctfe_limit           8 total usages
  <dyn hir_ty_lowering::HirTyLowerer<'tcx>>::lower_generic_args_of_path::__CALLSITE      8 total usages
  check::wfcheck::check_trait::__CALLSITE      8 total usages
  <type_check::relate_tys::NllTypeRelating<'_, 'b, 'tcx> as rustc_infer::infer::relate::TypeRelation<rustc_middle::ty::TyCtxt<'tcx>>>::regions::__CALLSITE      8 total usages
  interpret::place::<impl interpret::eval_context::InterpCx<'tcx, M>>::eval_place::__CALLSITE      8 total usages
  thir::cx::block::<impl thir::cx::ThirBuildCx<'tcx>>::mirror_stmts::{closure#0}::__CALLSITE      8 total usages
  infer::lexical_region_resolve::LexicalResolver::<'cx, 'tcx>::lub_concrete_regions::__CALLSITE      8 total usages
  late::LateResolutionVisitor::<'a, 'ast, 'ra, 'tcx>::create_fresh_lifetime::__CALLSITE      8 total usages
  traits::coherence::equate_impl_headers::__CALLSITE      8 total usages
  collect::predicates_of::gather_explicit_predicates_of::__CALLSITE      8 total usages
  region_infer::opaque_types::collect_defining_uses::__CALLSITE      8 total usages
  solve::eval_ctxt::EvalCtxt::<'a, D>::relate::__CALLSITE      8 total usages
  ty::adt::AdtDef::<'tcx>::eval_explicit_discr::__CALLSITE      8 total usages
  builder::scope::<impl builder::Builder<'a, 'tcx>>::in_scope::__CALLSITE      8 total usages
  emitter::HumanEmitter::render_source_line::__CALLSITE      8 total usages
  traits::select::confirmation::<impl traits::select::SelectionContext<'cx, 'tcx>>::vtable_impl::__CALLSITE      8 total usages
  type_check::constraint_conversion::ConstraintConversion::<'a, 'tcx>::apply_closure_requirements::__CALLSITE      8 total usages
  internal::Diagnostics::diagnostic_outside_of_impl::__CALLSITE      8 total usages
  spec::targets::riscv64_linux_android      8 total usages
  spec::targets::powerpc_unknown_linux_gnuspe      8 total usages
  solve::eval_ctxt::EvalCtxt::<'a, D>::eq::__CALLSITE      8 total usages
  coroutine::check_suspend_tys::__CALLSITE      8 total usages
  <rustc_infer::traits::specialization_graph::Graph as traits::specialize::specialization_graph::GraphExt<'tcx>>::insert::__CALLSITE      8 total usages
  traits::try_evaluate_const::__CALLSITE      8 total usages
  definitions::DefPath::make::__CALLSITE      8 total usages
  region_infer::RegionInferenceContext::<'tcx>::check_type_tests::__CALLSITE      8 total usages
  mir::interpret::queries::<impl ty::context::TyCtxt<'tcx>>::const_eval_global_id_for_typeck::__CALLSITE      8 total usages
  thir::PatRangeBoundary::<'tcx>::compare_with::__CALLSITE      8 total usages
  solve::normalizes_to::<impl solve::eval_ctxt::EvalCtxt<'_, D>>::compute_normalizes_to_goal::__CALLSITE      8 total usages
  coercion::CoerceMany::<'tcx, 'exprs, E>::coerce_inner::__CALLSITE      8 total usages
  solve::fulfill::derive_errors::find_best_leaf_obligation::__CALLSITE      8 total usages
  solve::eval_ctxt::EvalCtxt::<'a, D>::sub::__CALLSITE      8 total usages
  infer::relate::higher_ranked::<impl infer::InferCtxt<'tcx>>::enter_forall::__CALLSITE      8 total usages
  <solve::normalize::NormalizationFolder<'_, 'tcx, E> as rustc_middle::ty::FallibleTypeFolder<rustc_middle::ty::TyCtxt<'tcx>>>::try_fold_const::__CALLSITE      8 total usages
  <walk::TypeWalker<I> as std::iter::Iterator>::next::__CALLSITE      8 total usages
  type_check::relate_tys::NllTypeRelating::<'a, 'b, 'tcx>::instantiate_binder_with_existentials::__CALLSITE      8 total usages
  traits::vtable::vtable_entries::{closure#0}::{closure#0}::__CALLSITE      8 total usages
  builder::matches::<impl builder::Builder<'a, 'tcx>>::visit_primary_bindings_special::__CALLSITE      8 total usages
  builder::matches::<impl builder::Builder<'a, 'tcx>>::bind_matched_candidate_for_guard::__CALLSITE      8 total usages
  lints::collect_nonexhaustive_missing_variants::__CALLSITE      8 total usages
  spec::targets::i686_pc_windows_gnu      8 total usages
  spec::targets::xtensa_esp32s2_espidf      8 total usages
  traits::auto_trait::AutoTraitFinder::<'tcx>::find_auto_trait_generics::__CALLSITE      8 total usages
  <coverage::InstrumentCoverage as pass_manager::MirPass<'tcx>>::run_pass::__CALLSITE      8 total usages
  thir::constant::lit_to_const::{closure#0}::__CALLSITE      8 total usages
  <dyn hir_ty_lowering::HirTyLowerer<'tcx>>::lower_type_relative_ty_path::__CALLSITE      8 total usages
  <solve::normalize::NormalizationFolder<'_, 'tcx, E> as rustc_middle::ty::FallibleTypeFolder<rustc_middle::ty::TyCtxt<'tcx>>>::try_fold_ty::__CALLSITE      8 total usages
  needs_drop::list_significant_drop_tys::__CALLSITE      8 total usages
  mir::statement::PlaceTy::<'tcx>::field_ty::__CALLSITE      8 total usages
  <rustc_infer::traits::specialization_graph::Children as traits::specialize::specialization_graph::ChildrenExt<'tcx>>::remove_existing::__CALLSITE      8 total usages
  check::wfcheck::receiver_is_valid::__CALLSITE      8 total usages
  type_check::canonical::fully_perform_op_raw::__CALLSITE      8 total usages
  ty::normalize_erasing_regions::<impl ty::context::TyCtxt<'tcx>>::normalize_erasing_regions::__CALLSITE      8 total usages
  borrow_set::GatherBorrows::<'a, 'tcx>::insert_as_pending_if_two_phase::__CALLSITE      8 total usages
  fold::shift_vars::__CALLSITE      8 total usages
  gvn::VnState::<'body, 'tcx>::new_opaque::__CALLSITE      8 total usages
  traits::select::SelectionContext::<'_, 'tcx>::constituent_types_for_auto_trait::__CALLSITE      8 total usages
  method::suggest::<impl fn_ctxt::FnCtxt<'a, 'tcx>>::type_derefs_to_local      8 total usages
  coroutine::compute_storage_conflicts::__CALLSITE      8 total usages
  <match_branches::SimplifyToExp as match_branches::SimplifyMatch<'tcx>>::can_simplify::__CALLSITE      8 total usages
  dataflow_const_prop::Collector::<'a, 'tcx>::try_make_constant::__CALLSITE      8 total usages
  fn_ctxt::_impl::<impl fn_ctxt::FnCtxt<'a, 'tcx>>::resolve_vars_with_obligations::{closure#0}::__CALLSITE      8 total usages
  nll::replace_regions_in_mir::__CALLSITE      8 total usages
  spec::targets::aarch64_apple_ios_macabi      8 total usages
  spec::targets::wasm32_wasip1      8 total usages
  <type_check::relate_tys::NllTypeRelating<'_, 'b, 'tcx> as rustc_infer::infer::relate::TypeRelation<rustc_middle::ty::TyCtxt<'tcx>>>::binders::__CALLSITE      8 total usages
  spec::targets::armv7_linux_androideabi      8 total usages
  solve::assembly::<impl solve::eval_ctxt::EvalCtxt<'_, D>>::assemble_and_merge_candidates::__CALLSITE      8 total usages
  type_check::relate_tys::NllTypeRelating::<'a, 'b, 'tcx>::enter_forall::{closure#0}::__CALLSITE      8 total usages
  elaborate_drop::DropCtxt::<'a, 'b, 'tcx, D>::open_drop_for_adt::__CALLSITE      8 total usages
  spec::targets::riscv64gc_unknown_netbsd      8 total usages
  traits::wf::WfPredicates::<'a, 'tcx>::add_wf_preds_for_term::__CALLSITE      8 total usages
  spec::targets::loongarch32_unknown_none      8 total usages
  spec::targets::x86_64_pc_cygwin      8 total usages
  diagnostics::<impl MirBorrowckCtxt<'_, 'infcx, 'tcx>>::borrow_spans::__CALLSITE      8 total usages
  collector::collect_items_rec::__CALLSITE      8 total usages
  opaque_types::<impl fn_ctxt::FnCtxt<'_, 'tcx>>::handle_opaque_type_uses_next::__CALLSITE      8 total usages
  elaborate_drops::compute_dead_unwinds::__CALLSITE      8 total usages
  LoweringContext::<'a, 'hir>::lower_lifetime_binder::__CALLSITE      8 total usages
  evaluate_obligation::evaluate_obligation::__CALLSITE      8 total usages
  solve::eval_ctxt::EvalCtxt::<'a, D>::relate_rigid_alias_non_alias::__CALLSITE      8 total usages
  hir_ty_lowering::errors::<impl dyn hir_ty_lowering::HirTyLowerer<'tcx>>::report_missing_self_ty_for_resolved_path::__CALLSITE      8 total usages
  <fold::RegionFolder<I, F> as fold::TypeFolder<I>>::fold_region::__CALLSITE      8 total usages
  lint::ShallowLintLevelMap::lint_level_id_at_node::__CALLSITE      8 total usages
  spec::targets::riscv32imac_unknown_nuttx_elf      8 total usages
  <dyn hir_ty_lowering::HirTyLowerer<'tcx>>::lower_fn_ty::__CALLSITE      8 total usages
  builder::expr::as_place::to_upvars_resolved_place_builder::{closure#0}::__CALLSITE      8 total usages
  layout::layout_of::__CALLSITE      8 total usages
  late::LateContextAndPass::<'tcx, T>::with_lint_attrs::__CALLSITE      8 total usages
  traits::select::confirmation::<impl traits::select::SelectionContext<'cx, 'tcx>>::confirm_async_iterator_candidate::__CALLSITE      8 total usages
  coherence::orphan_check_trait_ref::__CALLSITE      8 total usages
  writeback::WritebackCx::<'cx, 'tcx>::visit_rust_2024_migration_desugared_pats::__CALLSITE      8 total usages
  method::probe::ProbeContext::<'a, 'tcx>::pick::__CALLSITE      8 total usages
  <renumber::RegionRenumberer<'a, 'tcx> as rustc_middle::mir::visit::MutVisitor<'tcx>>::visit_region::__CALLSITE      8 total usages
  emitter::HumanEmitter::emit_messages_default_inner::{closure#0}::__CALLSITE      8 total usages
  cfg_eval             8 total usages
  polonius::legacy::location::PoloniusLocationTable::new::__CALLSITE      8 total usages
  spec::targets::i686_win7_windows_msvc      8 total usages
  constrained_generic_params::setup_constraining_predicates::__CALLSITE      8 total usages
  closure::<impl fn_ctxt::FnCtxt<'a, 'tcx>>::deduce_sig_from_projection::__CALLSITE      8 total usages
  spec::targets::xtensa_esp32_espidf      8 total usages
  traits::normalize::AssocTypeNormalizer::<'a, 'b, 'tcx>::normalize_inherent_projection::__CALLSITE      8 total usages
  <dyn hir_ty_lowering::HirTyLowerer<'tcx>>::compute_object_lifetime_bound::__CALLSITE      8 total usages
  <collect::ItemCtxt<'tcx> as hir_ty_lowering::HirTyLowerer<'tcx>>::select_inherent_assoc_candidates::__CALLSITE      8 total usages
  method::probe::ProbeContext::<'a, 'tcx>::assemble_extension_candidates_for_trait::__CALLSITE      8 total usages
  LoweringContext::<'a, 'hir>::next_id::__CALLSITE      8 total usages
  spec::targets::riscv32i_unknown_none_elf      8 total usages
  ty::erase_regions::<impl ty::context::TyCtxt<'tcx>>::erase_and_anonymize_regions::__CALLSITE      8 total usages
  ty::OpaqueHiddenType::<'tcx>::remap_generic_params_to_declaration_params::__CALLSITE      8 total usages
  check::compare_impl_item::collect_return_position_impl_trait_in_trait_tys::__CALLSITE      8 total usages
  ty::inhabitedness::inhabited_predicate::InhabitedPredicate::<'tcx>::apply_inner::__CALLSITE      8 total usages
  region_infer::opaque_types::collect_defining_uses::{closure#0}::__CALLSITE      8 total usages
  gvn::VnState::<'_, 'tcx>::try_as_place::__CALLSITE      8 total usages
  binder::ArgFolder::<'a, I>::shift_vars_through_binders::__CALLSITE      8 total usages
  ty::instance::Instance::<'tcx>::fn_once_adapter_instance::__CALLSITE      8 total usages
  <collect::resolve_bound_vars::BoundVarContext<'a, 'tcx> as rustc_hir::intravisit::Visitor<'tcx>>::visit_opaque_ty::__CALLSITE      8 total usages
  solve::<impl solve::eval_ctxt::EvalCtxt<'_, D>>::structurally_normalize_ty::__CALLSITE      8 total usages
  graph::scc::SccsConstruction::<'c, 'a, G, A>::find_state::__CALLSITE      8 total usages
  simplify_comparison_integral      8 total usages
  normalize_newlines      8 total usages
  spec::targets::armv7_unknown_trusty      8 total usages
  region_infer::RegionInferenceContext::<'tcx>::find_sub_region_live_at::{closure#0}::__CALLSITE      8 total usages
  <unused::UnusedResults as passes::LateLintPass<'tcx>>::check_stmt::is_ty_must_use::__CALLSITE      8 total usages
  parser::path::<impl parser::Parser<'a>>::parse_angle_args_with_leading_angle_bracket_recovery::__CALLSITE      8 total usages
  spec::targets::arm_unknown_linux_gnueabihf      8 total usages
  rustc_peek::sanity_check::__CALLSITE      8 total usages
  spec::targets::armv7_rtems_eabihf      8 total usages
  gvn::VnState::<'body, 'tcx>::simplify_unary::__CALLSITE      8 total usages
  <simplify_comparison_integral::SimplifyComparisonIntegral as pass_manager::MirPass<'tcx>>::run_pass::__CALLSITE      8 total usages
  late::LateResolutionVisitor::<'a, 'ast, 'ra, 'tcx>::check_trait_item::__CALLSITE      8 total usages
  solve::eval_ctxt::canonical::<impl solve::eval_ctxt::EvalCtxt<'_, D>>::evaluate_added_goals_and_make_canonical_response::__CALLSITE      8 total usages
  late::LateResolutionVisitor::<'a, 'ast, 'ra, 'tcx>::with_generic_param_rib::__CALLSITE      8 total usages
  thir::pattern::const_to_pat::ConstToPat::<'tcx>::valtree_to_pat::__CALLSITE      8 total usages
  check::wfcheck::check_item::__CALLSITE      8 total usages
  jump_threading::TOFinder::<'a, 'tcx>::find_opportunity::__CALLSITE      8 total usages
  ty::<impl ty::context::TyCtxt<'tcx>>::impls_are_allowed_to_overlap::__CALLSITE      8 total usages
  type_check::liveness::trace::LivenessContext::<'_, '_, 'tcx>::make_all_regions_live::__CALLSITE      8 total usages
  upvar::<impl fn_ctxt::FnCtxt<'a, 'tcx>>::compute_2229_migrations_for_drop      8 total usages
  renumber::renumber_mir::__CALLSITE      8 total usages
  traits::normalize::AssocTypeNormalizer::<'a, 'b, 'tcx>::normalize_free_alias::__CALLSITE      8 total usages
  solve::assembly::structural_traits::instantiate_constituent_tys_for_copy_clone_trait::__CALLSITE      8 total usages
  infer::outlives::explicit_outlives_bounds::__CALLSITE      8 total usages
  traits::dyn_compatibility::receiver_for_self_ty::__CALLSITE      8 total usages
  path::<impl LoweringContext<'a, 'hir>>::lower_path_segment::__CALLSITE      8 total usages
  error_reporting::infer::note_and_explain::<impl error_reporting::TypeErrCtxt<'_, 'tcx>>::note_and_explain_type_err::__CALLSITE      8 total usages
  traits::dyn_compatibility::hir_ty_lowering_dyn_compatibility_violations::__CALLSITE      8 total usages
  instance::resolve_instance_raw      8 total usages
  spec::targets::mipsel_mti_none_elf      8 total usages
  spec::targets::loongarch64_unknown_none      8 total usages
  <dyn hir_ty_lowering::HirTyLowerer<'tcx>>::lower_resolved_lifetime::__CALLSITE      8 total usages
  layout::LayoutCalculator::<Cx>::layout_of_enum::__CALLSITE      8 total usages
  <error_reporting::infer::need_type_info::FindInferSourceVisitor<'a, 'tcx> as rustc_hir::intravisit::Visitor<'tcx>>::visit_body::__CALLSITE      8 total usages
  infer::snapshot::<impl infer::InferCtxt<'tcx>>::commit_if_ok::__CALLSITE      8 total usages
  spec::targets::armv4t_unknown_linux_gnueabi      8 total usages
  traits::select::candidate_assembly::<impl traits::select::SelectionContext<'cx, 'tcx>>::assemble_candidates_for_trait_alias::__CALLSITE      8 total usages
  <variance::variance_of_opaque::{closure#0}::OpaqueTypeLifetimeCollector<'tcx> as rustc_middle::ty::TypeVisitor<rustc_middle::ty::TyCtxt<'tcx>>>::visit_ty::__CALLSITE      8 total usages
  collect::fn_sig::__CALLSITE      8 total usages
  spec::targets::avr_none      8 total usages
  spec::targets::armv7a_nuttx_eabihf      8 total usages
  traits::project::ProjectionCache::<'_, 'tcx>::insert_term::__CALLSITE      8 total usages
  _match::<impl fn_ctxt::FnCtxt<'a, 'tcx>>::check_expr_match::{closure#0}::__CALLSITE      8 total usages
  jump_threading::TOFinder::<'a, 'tcx>::mutated_statement::__CALLSITE      8 total usages
  LoweringContext::<'a, 'hir>::new_named_lifetime::__CALLSITE      8 total usages
  closure::<impl fn_ctxt::FnCtxt<'a, 'tcx>>::closure_sigs::__CALLSITE      8 total usages
  back::link::link_binary::__CALLSITE      8 total usages
  inline::cycle::should_recurse::__CALLSITE      8 total usages
  coherence::builtin::visit_implementation_of_dispatch_from_dyn::__CALLSITE      8 total usages
  spec::targets::wasm32_wasip2      8 total usages
  BorrowckInferCtxt::<'tcx>::next_nll_region_var::__CALLSITE      8 total usages
  shim::build_adt_ctor::__CALLSITE      8 total usages
  <infer::relate::generalize::Generalizer<'_, 'tcx> as rustc_type_ir::relate::TypeRelation<rustc_middle::ty::TyCtxt<'tcx>>>::tys::__CALLSITE      8 total usages
  expr_use_visitor::ExprUseVisitor::<'tcx, Cx, D>::pat_ty_unadjusted::__CALLSITE      8 total usages
  collect::predicates_of::const_evaluatable_predicates_of::__CALLSITE      8 total usages
  fn_ctxt::_impl::<impl fn_ctxt::FnCtxt<'a, 'tcx>>::resolve_ty_and_res_fully_qualified_call::__CALLSITE      8 total usages
  method::<impl fn_ctxt::FnCtxt<'a, 'tcx>>::resolve_fully_qualified_call::__CALLSITE      8 total usages
  traits::select::SelectionContext::<'cx, 'tcx>::evaluate_predicate_recursively::{closure#0}::{closure#0}::__CALLSITE      8 total usages
  <elaborate_drops::ElaborateDropsCtxt<'a, 'tcx> as elaborate_drop::DropElaborator<'a, 'tcx>>::drop_style::__CALLSITE      8 total usages
  ty::context::TyCtxt::<'tcx>::local_opaque_ty_origin::__CALLSITE      8 total usages
  source_map::FilePathMapping::reverse_map_prefix_heuristically::__CALLSITE      8 total usages
  rustdoc::strip_generics_from_path::__CALLSITE      8 total usages
  fn_ctxt::inspect_obligations::<impl fn_ctxt::FnCtxt<'a, 'tcx>>::type_matches_expected_vid::__CALLSITE      8 total usages
  callee::<impl fn_ctxt::FnCtxt<'a, 'tcx>>::try_overloaded_call_step::__CALLSITE      8 total usages
  builder::custom::parse::instruction::<impl builder::custom::ParseCtxt<'a, 'tcx>>::parse_rvalue::__CALLSITE      8 total usages
  collect::generics_of::generics_of::__CALLSITE      8 total usages
  <elaborate_drops::ElaborateDrops as pass_manager::MirPass<'tcx>>::run_pass::__CALLSITE      8 total usages
  elaborate_drops::ElaborateDropsCtxt::<'a, 'tcx>::drop_flags_for_locs::__CALLSITE      8 total usages
  solve::<impl solve::eval_ctxt::EvalCtxt<'_, D>>::flounder::__CALLSITE      8 total usages
  const_eval::valtrees::branches::__CALLSITE      8 total usages
  dataflow_const_prop::try_write_constant::__CALLSITE      8 total usages
  infer::lexical_region_resolve::LexicalResolver::<'cx, 'tcx>::expansion::__CALLSITE      8 total usages
  ty::util::<impl ty::context::TyCtxt<'tcx>>::try_expand_impl_trait_type::__CALLSITE      8 total usages
  _match::<impl fn_ctxt::FnCtxt<'a, 'tcx>>::check_expr_match::__CALLSITE      8 total usages
  traits::wf::clause_obligations::__CALLSITE      8 total usages
  traits::select::candidate_assembly::<impl traits::select::SelectionContext<'cx, 'tcx>>::assemble_coroutine_candidates::__CALLSITE      8 total usages
  gather_locals::GatherLocalsVisitor::<'a, 'tcx>::declare::__CALLSITE      8 total usages
  LoweringContext::<'a, 'hir>::lower_generic_arg::__CALLSITE      8 total usages
  builder::expr::as_rvalue::<impl builder::Builder<'a, 'tcx>>::as_rvalue::__CALLSITE      8 total usages
  infer::InferCtxt::<'tcx>::clone_opaque_types::__CALLSITE      8 total usages
  traits::wf::WfPredicates::<'a, 'tcx>::nominal_obligations::__CALLSITE      8 total usages
  solve::<impl solve::eval_ctxt::EvalCtxt<'a, D>>::compute_const_arg_has_type_goal::__CALLSITE      8 total usages
  method::probe::method_autoderef_steps::__CALLSITE      8 total usages
  <rustc_infer::traits::specialization_graph::Children as traits::specialize::specialization_graph::ChildrenExt<'tcx>>::insert_blindly::__CALLSITE      8 total usages
  build_reduced_graph::BuildReducedGraphVisitor::<'a, 'ra, 'tcx>::build_reduced_graph_for_use_tree::__CALLSITE      8 total usages
  spec::targets::riscv32imafc_unknown_none_elf      8 total usages
  traits::select::SelectionContext::<'cx, 'tcx>::filter_reservation_impls::__CALLSITE      8 total usages
  rmeta::encoder::EncodeContext::<'a, 'tcx>::encode_crate_root::{closure#17}::__CALLSITE      8 total usages
  elaborate_drop::DropCtxt::<'a, 'b, 'tcx, D>::drop_ladder::__CALLSITE      8 total usages
  solve::alias_relate::<impl solve::eval_ctxt::EvalCtxt<'_, D>>::compute_alias_relate_goal::__CALLSITE      8 total usages
  <infer::relate::generalize::Generalizer<'_, 'tcx> as rustc_type_ir::relate::TypeRelation<rustc_middle::ty::TyCtxt<'tcx>>>::consts::__CALLSITE      8 total usages
  spec::targets::armv7_unknown_linux_gnueabihf      8 total usages
  builder::matches::<impl builder::Builder<'a, 'tcx>>::sort_candidates::__CALLSITE      8 total usages
  infer::relate::generalize::Generalizer::<'_, 'tcx>::generalize_alias_ty::__CALLSITE      8 total usages
  passes::start_codegen::__CALLSITE      8 total usages
  traits::select::SelectionContext::<'_, 'tcx>::match_impl::__CALLSITE      8 total usages
  solve::eval_ctxt::EvalCtxt::<'a, D>::eq_structurally_relating_aliases::__CALLSITE      8 total usages
  outlives::implicit_infer::infer_predicates::__CALLSITE      8 total usages
  fn_ctxt::_impl::<impl fn_ctxt::FnCtxt<'a, 'tcx>>::try_structurally_resolve_const::__CALLSITE      8 total usages
  variance::variance_of_opaque::__CALLSITE      8 total usages
  coercion::Coerce::<'f, 'tcx>::coerce_pin_ref::{closure#0}::__CALLSITE      8 total usages
  traits::dyn_compatibility::dyn_compatibility_violations_for_trait::__CALLSITE      8 total usages
  <early_otherwise_branch::EarlyOtherwiseBranch as pass_manager::MirPass<'tcx>>::run_pass::__CALLSITE      8 total usages
  spec::targets::csky_unknown_linux_gnuabiv2hf      8 total usages
  traits::specialization_graph      8 total usages
  thir::pattern::const_to_pat::<impl thir::pattern::PatCtxt<'a, 'tcx>>::const_to_pat::__CALLSITE      8 total usages
  thir::pattern::const_to_pat::type_has_partial_eq_impl::__CALLSITE      8 total usages
  traits::select::confirmation::<impl traits::select::SelectionContext<'cx, 'tcx>>::confirm_builtin_candidate::__CALLSITE      8 total usages
  <infer::relate::generalize::Generalizer<'_, 'tcx> as rustc_type_ir::relate::TypeRelation<rustc_middle::ty::TyCtxt<'tcx>>>::relate_with_variance::__CALLSITE      8 total usages
  closure::<impl fn_ctxt::FnCtxt<'a, 'tcx>>::merge_supplied_sig_with_expectation::__CALLSITE      8 total usages
  token                8 total usages
  diagnostics::region_errors::<impl MirBorrowckCtxt<'_, 'infcx, 'tcx>>::suggest_static_lifetime_for_gat_from_hrtb::__CALLSITE      8 total usages
  traits::normalize::AssocTypeNormalizer::<'a, 'b, 'tcx>::normalize_trait_projection::__CALLSITE      8 total usages
  errors::wrong_number_of_generic_args::WrongNumberOfGenericArgs::<'a, 'tcx>::get_lifetime_args_suggestions_from_param_names::__CALLSITE      8 total usages
  const_eval::eval_queries::turn_into_const_value::__CALLSITE      8 total usages
  type_check::TypeChecker::<'a, 'tcx>::push_region_constraints::__CALLSITE      8 total usages
  lint::ShallowLintLevelMap::probe_for_lint_level::__CALLSITE      8 total usages
  consts::destructure_const::__CALLSITE      8 total usages
  const_eval::valtrees::valtree_to_const_value::__CALLSITE      8 total usages
  place_op::<impl fn_ctxt::FnCtxt<'a, 'tcx>>::try_index_step::__CALLSITE      8 total usages
  symbol               8 total usages
  writeback::<impl fn_ctxt::FnCtxt<'a, 'tcx>>::resolve_type_vars_in_body::__CALLSITE      8 total usages
  diagnostics::<impl Resolver<'ra, 'tcx>>::make_missing_super_suggestion::__CALLSITE      8 total usages
  traits::select::SelectionContext::<'cx, 'tcx>::insert_evaluation_cache::__CALLSITE      8 total usages
  relate::structurally_relate_consts::__CALLSITE      8 total usages
  fn_ctxt::_impl::<impl fn_ctxt::FnCtxt<'a, 'tcx>>::try_structurally_resolve_type::__CALLSITE      8 total usages
  traits::project::assemble_candidates_from_impls::{closure#0}::__CALLSITE      8 total usages
  elaborate_drop::DropCtxt::<'a, 'b, 'tcx, D>::drop_subpath::__CALLSITE      8 total usages
  traits::select::confirmation::<impl traits::select::SelectionContext<'cx, 'tcx>>::confirm_impl_candidate::__CALLSITE      8 total usages
  <remove_unneeded_drops::RemoveUnneededDrops as pass_manager::MirPass<'tcx>>::run_pass::__CALLSITE      8 total usages
  pat::<impl fn_ctxt::FnCtxt<'a, 'tcx>>::check_pat_slice::__CALLSITE      8 total usages
  interpret::place::<impl interpret::eval_context::InterpCx<'tcx, M>>::deref_pointer::__CALLSITE      8 total usages
  solve::eval_ctxt::EvalCtxt::<'a, D>::register_hidden_type_in_storage::__CALLSITE      8 total usages
  collector::RootCollector::<'_, 'v>::push_if_root::__CALLSITE      8 total usages
  const_eval::valtrees::const_to_valtree_inner::__CALLSITE      8 total usages
  infer::relate::generalize::<impl infer::InferCtxt<'tcx>>::instantiate_ty_var::__CALLSITE      8 total usages
  <renumber::RegionRenumberer<'a, 'tcx> as rustc_middle::mir::visit::MutVisitor<'tcx>>::visit_ty_const::__CALLSITE      8 total usages
  spec::targets::riscv32imc_unknown_none_elf      8 total usages
  spec::targets::riscv32imafc_unknown_nuttx_elf      8 total usages
  interpret::call::<impl interpret::eval_context::InterpCx<'tcx, M>>::return_from_current_stack_frame::__CALLSITE      8 total usages
  polonius::legacy::loan_kills::LoanKillsGenerator::<'_, 'tcx>::record_killed_borrows_for_place::__CALLSITE      8 total usages
  traits::select::confirmation::<impl traits::select::SelectionContext<'cx, 'tcx>>::confirm_coroutine_candidate::__CALLSITE      8 total usages
  traits::const_evaluatable::satisfied_from_param_env::__CALLSITE      8 total usages
  writeback::WritebackCx::<'cx, 'tcx>::visit_skipped_ref_pats::__CALLSITE      8 total usages
  inline::cycle::mir_callgraph_cyclic::__CALLSITE      8 total usages
  relate::structurally_relate_tys::__CALLSITE      8 total usages
  typeck_with_inspect::__CALLSITE      8 total usages
  diagnostics::region_name::<impl MirBorrowckCtxt<'_, '_, 'tcx>>::give_region_a_name::__CALLSITE      8 total usages
  coercion::Coerce::<'f, 'tcx>::coerce_from_inference_variable::__CALLSITE      8 total usages
  mir::codegen_mir::__CALLSITE      8 total usages
  coroutine::mir_coroutine_witnesses::__CALLSITE      8 total usages
  impl_wf_check::min_specialization::check_predicates::__CALLSITE      8 total usages
  polonius::legacy::emit_universal_region_facts::__CALLSITE      8 total usages
  spec::targets::armv7a_nuttx_eabi      8 total usages
  <infer::relate::generalize::Generalizer<'_, 'tcx> as rustc_type_ir::relate::TypeRelation<rustc_middle::ty::TyCtxt<'tcx>>>::regions::__CALLSITE      8 total usages
  ty::sizedness_constraint_for_ty::__CALLSITE      8 total usages
  traits::select::SelectionContext::<'cx, 'tcx>::evaluate_predicate_recursively::__CALLSITE      8 total usages
  spec::targets::x86_64_linux_android      8 total usages
  fn_ctxt::_impl::<impl fn_ctxt::FnCtxt<'a, 'tcx>>::resolve_vars_with_obligations::__CALLSITE      8 total usages
  place_op::<impl fn_ctxt::FnCtxt<'a, 'tcx>>::convert_place_derefs_to_mutable::__CALLSITE      8 total usages
  spec::targets::armv7_unknown_linux_gnueabi      8 total usages
  dest_prop::RelevantLocals::compute::__CALLSITE      8 total usages
  expr::<impl fn_ctxt::FnCtxt<'a, 'tcx>>::check_expr_kind::__CALLSITE      8 total usages
  <rustc_middle::mir::mono::MonoItem<'tcx> as mono_item::MonoItemExt<'a, 'tcx>>::define::__CALLSITE      8 total usages
  traits::select::candidate_assembly::<impl traits::select::SelectionContext<'cx, 'tcx>>::assemble_candidates_for_unsizing::__CALLSITE      8 total usages
  traits::select::SelectionContext::<'_, 'tcx>::winnow_candidates::__CALLSITE      8 total usages
  diagnostics::<impl Resolver<'ra, 'tcx>>::make_external_crate_suggestion::__CALLSITE      8 total usages
  liveness::Liveness::<'a, 'tcx>::log_liveness::__CALLSITE      8 total usages
  <renumber::RegionRenumberer<'a, 'tcx> as rustc_middle::mir::visit::MutVisitor<'tcx>>::visit_args::__CALLSITE      8 total usages
  traits::project::confirm_param_env_candidate::__CALLSITE      8 total usages
  infer::free_regions::FreeRegionMap::<'tcx>::lub_param_regions::__CALLSITE      8 total usages
  ty::normalize_erasing_regions::<impl ty::context::TyCtxt<'tcx>>::normalize_erasing_regions::{closure#0}::__CALLSITE      8 total usages
  gvn::VnState::<'body, 'tcx>::simplify_place_projection::__CALLSITE      8 total usages
  type_check::canonical::<impl type_check::TypeChecker<'a, 'tcx>>::normalize_and_prove_instantiated_predicates::__CALLSITE      8 total usages
  value_analysis::Map::<'tcx>::register_place::__CALLSITE      8 total usages
  nonstandard_style::NonSnakeCase::check_snake_case      7 total usages
  spec::base::aix      7 total usages
  spec::targets::riscv32gc_unknown_linux_musl      7 total usages
  spec::targets::x86_64_uwp_windows_gnu      7 total usages
  spec::targets::riscv64gc_unknown_managarm_mlibc      7 total usages
  inline::try_inlining      7 total usages
  describe_lints       7 total usages
  function_wrapper      7 total usages
  spec::targets::i686_pc_windows_gnullvm      7 total usages
  persist::fs::prepare_session_directory      7 total usages
  spec::targets::powerpc_unknown_linux_gnu      7 total usages
  diagnostics::utils::FieldInnerTy::<'ty>::from_type      7 total usages
  spec::targets::riscv32gc_unknown_linux_gnu      7 total usages
  spec::targets::mipsel_unknown_none      7 total usages
  back::write::WorkItem::<B>::short_description      7 total usages
  spec::targets::armv7_unknown_linux_musleabihf      7 total usages
  spec::targets::i686_unknown_netbsd      7 total usages
  spec::targets::thumbv7neon_linux_androideabi      7 total usages
  spec::targets::xtensa_esp32_none_elf      7 total usages
  spec::targets::i686_linux_android      7 total usages
  spec::targets::armv5te_unknown_linux_musleabi      7 total usages
  spec::targets::arm_unknown_linux_musleabi      7 total usages
  spec::targets::armv7a_kmc_solid_asp3_eabihf      7 total usages
  <remove_noop_landing_pads::RemoveNoopLandingPads as pass_manager::MirPass<'tcx>>::run_pass      7 total usages
  proc_macro_decls      7 total usages
  spec::targets::x86_64_unknown_linux_gnux32      7 total usages
  unused               7 total usages
  infer::lexical_region_resolve::LexicalResolver::<'cx, 'tcx>::collect_errors      7 total usages
  sync::mode           7 total usages
  spec::targets::arm_unknown_linux_musleabihf      7 total usages
  spec::targets::riscv64gc_unknown_freebsd      7 total usages
  spec::targets::wasm32_unknown_unknown      7 total usages
  spec::targets::armv7_unknown_netbsd_eabihf      7 total usages
  spec::targets::powerpc64_wrs_vxworks      7 total usages
  spec::targets::x86_64_pc_windows_msvc      7 total usages
  asm::nvptx           7 total usages
  spec::targets::mipsel_unknown_linux_uclibc      7 total usages
  interpret::stack::<impl interpret::eval_context::InterpCx<'tcx, M>>::storage_live_dyn      7 total usages
  traits::select::SelectionContext::<'cx, 'tcx>::evaluate_trait_predicate_recursively::{closure#0}      7 total usages
  spec::targets::x86_64_apple_ios_macabi      7 total usages
  traits::select::SelectionContext::<'cx, 'tcx>::candidate_from_obligation_no_cache      7 total usages
  expand::autodiff_attrs      7 total usages
  spec::targets::arm_linux_androideabi      7 total usages
  spec::targets::riscv32im_unknown_none_elf      7 total usages
  spec::targets::riscv64gc_unknown_linux_gnu      7 total usages
  spec::targets::armv7r_none_eabihf      7 total usages
  debuginfo::type_names::push_debuginfo_type_name      7 total usages
  spec::targets::armv7a_none_eabi      7 total usages
  spec::targets::armv7a_none_eabihf      7 total usages
  <rustc_type_ir::error::TypeError<ty::context::TyCtxt<'tcx>> as ty::error::TypeErrorToStringExt<'tcx>>::to_string      7 total usages
  map_unit_fn          7 total usages
  assert_dep_graph::walk_between      7 total usages
  spec::targets::armv6_unknown_netbsd_eabihf      7 total usages
  spec::targets::riscv64a23_unknown_linux_gnu      7 total usages
  spec::Target::search      7 total usages
  spec::targets::sparc_unknown_linux_gnu      7 total usages
  spec::targets::sparc64_unknown_netbsd      7 total usages
  coherence::inherent_impls_overlap      7 total usages
  ty::print::pretty::FmtPrinter::<'_, 'tcx>::name_all_regions      7 total usages
  spec::targets::thumbv7neon_unknown_linux_musleabihf      7 total usages
  callconv::x86::compute_abi_info      7 total usages
  error_reporting::traits::overflow      7 total usages
  spec::targets::armv7_unknown_freebsd      7 total usages
  spec::targets::riscv64gc_unknown_linux_musl      7 total usages
  ty::print            7 total usages
  region_infer::RegionInferenceContext::<'tcx>::eval_outlives::{closure#0}      7 total usages
  spec::targets::riscv64gc_unknown_hermit      7 total usages
  query_callbacks      7 total usages
  spec::targets::mipsel_unknown_netbsd      7 total usages
  spec::targets::aarch64_unknown_trusty      7 total usages
  diagnostics::conflict_errors::<impl MirBorrowckCtxt<'_, 'infcx, 'tcx>>::suggest_using_local_if_applicable      7 total usages
  graph                7 total usages
  spec::targets::mipsisa32r6_unknown_linux_gnu      7 total usages
  spec::targets::mips_unknown_linux_uclibc      7 total usages
  spec::targets::aarch64_unknown_linux_gnu_ilp32      7 total usages
  def_id               7 total usages
  spec::targets::powerpc_unknown_freebsd      7 total usages
  spec::crt_objects      7 total usages
  spec::targets::mipsel_unknown_linux_musl      7 total usages
  spec::targets::armv5te_unknown_linux_uclibceabi      7 total usages
  spec::targets::i686_unknown_linux_gnu      7 total usages
  shim::make_shim      7 total usages
  spec::targets::x86_64_win7_windows_msvc      7 total usages
  spec::targets::mipsisa32r6el_unknown_linux_gnu      7 total usages
  spec::targets::armv7_unknown_linux_musleabi      7 total usages
  spec::targets::aarch64_be_unknown_linux_gnu_ilp32      7 total usages
  spec::targets::riscv64gc_unknown_openbsd      7 total usages
  mir::pretty::write_allocations      7 total usages
  spec::targets::mips_unknown_linux_musl      7 total usages
  spec::targets::i686_pc_windows_msvc      7 total usages
  spec::targets::armv4t_none_eabi      7 total usages
  spec::targets::armebv7r_none_eabihf      7 total usages
  spec::targets::mipsel_unknown_linux_gnu      7 total usages
  pretty::print        7 total usages
  spec::targets::csky_unknown_linux_gnuabiv2      7 total usages
  Resolver::<'ra, 'tcx>::resolve_crate_root      7 total usages
  spec::targets::sparcv9_sun_solaris      7 total usages
  collect::generics_of::has_late_bound_regions      7 total usages
  spec::targets::armv7_unknown_linux_ohos      7 total usages
  attributes::deprecation      7 total usages
  spec::targets::xtensa_esp32s3_none_elf      7 total usages
  spec::targets::armv7a_kmc_solid_asp3_eabi      7 total usages
  infer::outlives::obligations::TypeOutlives::<'cx, 'tcx, D>::alias_ty_must_outlive      7 total usages
  spec::targets::mips_unknown_linux_gnu      7 total usages
  autodiff::llvm_enzyme::expand_with_mode      7 total usages
  prettify             7 total usages
  spec::targets::i686_pc_nto_qnx700      7 total usages
  spec::targets::riscv64_wrs_vxworks      6 total usages
  spec::targets::hexagon_unknown_none_elf      6 total usages
  inline::check_mir_is_available      6 total usages
  spec::targets::thumbv4t_none_eabi      6 total usages
  spec::targets::m68k_unknown_none_elf      6 total usages
  diagnostics::explain_borrow::<impl MirBorrowckCtxt<'_, '_, 'tcx>>::explain_why_borrow_contains_point      6 total usages
  inline::inline_call      6 total usages
  spec::targets::x86_64_unknown_trusty      6 total usages
  spec::targets::riscv32_wrs_vxworks      6 total usages
  spec::targets::x86_64_unknown_managarm_mlibc      6 total usages
  region_infer::RegionInferenceContext::<'tcx>::try_promote_type_test      6 total usages
  method::probe::ProbeContext::<'a, 'tcx>::consider_probe::{closure#0}::{closure#0}      6 total usages
  spec::targets::i686_unknown_hurd_gnu      6 total usages
  jump_threading       6 total usages
  spec::targets::powerpc_wrs_vxworks_spe      6 total usages
  diagnostic::Diagnostic::emit      6 total usages
  spec::targets::i586_unknown_netbsd      6 total usages
  spec::targets::x86_64_unknown_hurd_gnu      6 total usages
  spec::targets::m68k_unknown_linux_gnu      6 total usages
  spec::targets::sparc64_unknown_openbsd      6 total usages
  tracked_env          6 total usages
  spec::targets::aarch64_apple_ios      6 total usages
  region_infer::opaque_types::member_constraints::apply_member_constraint      6 total usages
  spec::targets::i686_uwp_windows_gnu      6 total usages
  type_check::liveness::trace      6 total usages
  spec::targets::aarch64_apple_visionos      6 total usages
  rustc::expand_or_pat      6 total usages
  parser::diagnostics::<impl parser::Parser<'a>>::recover_stmt_      6 total usages
  spec::targets::arm64e_apple_ios      6 total usages
  spec::targets::thumbv8m_main_nuttx_eabihf      6 total usages
  spec::targets::thumbv7a_nuttx_eabihf      6 total usages
  sharded              6 total usages
  spec::targets::powerpc_unknown_netbsd      6 total usages
  diagnostics::<impl MirBorrowckCtxt<'_, 'infcx, 'tcx>>::add_moved_or_invoked_closure_note      6 total usages
  spec::targets::i686_unknown_freebsd      6 total usages
  spec::targets::x86_64_unknown_hermit      6 total usages
  spec::targets::aarch64_unknown_netbsd      6 total usages
  traits::auto_trait::AutoTraitFinder::<'tcx>::evaluate_nested_obligations      6 total usages
  polonius::legacy::loan_kills      6 total usages
  error_reporting::infer::suggest::<impl error_reporting::TypeErrCtxt<'_, 'tcx>>::suggest_turning_stmt_into_expr      6 total usages
  spec::targets::x86_64_unknown_redox      6 total usages
  spec::targets::i686_unknown_uefi      6 total usages
  spec::targets::armv7r_none_eabi      6 total usages
  placeholders::placeholder      6 total usages
  spec::targets::hexagon_unknown_linux_musl      6 total usages
  traits::fulfill::FulfillProcessor::<'a, 'tcx>::process_trait_obligation      6 total usages
  spec::targets::i686_unknown_openbsd      6 total usages
  spec::targets::aarch64_unknown_uefi      6 total usages
  spec::base::vxworks      6 total usages
  spec::targets::armv8r_none_eabihf      6 total usages
  spec::targets::thumbv8m_base_none_eabi      6 total usages
  spec::targets::x86_64_unknown_openbsd      6 total usages
  ref_prop::compute_replacement      6 total usages
  spec::targets::i686_unknown_linux_musl      6 total usages
  diagnostics::conflict_errors::<impl MirBorrowckCtxt<'_, 'infcx, 'tcx>>::get_moved_indexes      6 total usages
  format_foreign::strcursor      6 total usages
  spec::targets::aarch64_be_unknown_linux_gnu      6 total usages
  spec::targets::armv7_wrs_vxworks_eabihf      6 total usages
  <dataflow_const_prop::DataflowConstProp as pass_manager::MirPass<'tcx>>::run_pass      6 total usages
  spec::targets::thumbv8m_main_none_eabihf      6 total usages
  spec::targets::x86_64_unikraft_linux_musl      6 total usages
  spec::targets::thumbv5te_none_eabi      6 total usages
  spec::targets::aarch64_apple_ios_sim      6 total usages
  spec::targets::aarch64_apple_visionos_sim      6 total usages
  spec::targets::thumbv7neon_unknown_linux_gnueabihf      6 total usages
  spec::targets::x86_64_unknown_haiku      6 total usages
  annotate_snippet_emitter_writer      6 total usages
  rmeta::decoder::<impl creader::CrateMetadataRef<'a>>::imported_source_file      6 total usages
  spec::targets::thumbv6m_nuttx_eabi      6 total usages
  spec::targets::armebv7r_none_eabi      6 total usages
  error_reporting::traits::overflow::<impl error_reporting::TypeErrCtxt<'a, 'tcx>>::build_overflow_error      6 total usages
  hir::map::<impl ty::context::TyCtxt<'tcx>>::hir_span      6 total usages
  region_infer::sccs_info      6 total usages
  spec::targets::thumbv8m_base_nuttx_eabi      6 total usages
  <std::boxed::Box<rustc_ast::Item> as expand::InvocationCollectorNode>::declared_idents      6 total usages
  config::dep_tracking      6 total usages
  persist::fs::garbage_collect_session_directories      6 total usages
  tlv                  6 total usages
  <type_check::TypeChecker<'a, 'tcx> as rustc_middle::mir::visit::Visitor<'tcx>>::visit_statement      6 total usages
  bridge::symbol::INTERNER      6 total usages
  <shadowed_into_iter::ShadowedIntoIter as passes::LateLintPass<'tcx>>::check_expr      6 total usages
  spec::targets::powerpc_unknown_linux_musl      6 total usages
  spec::targets::x86_64_unknown_dragonfly      6 total usages
  spec::targets::thumbv7em_nuttx_eabihf      6 total usages
  ty::typeck_results      6 total usages
  spec::targets::wasm32_wali_linux_musl      6 total usages
  spec::targets::aarch64_pc_windows_gnullvm      6 total usages
  spec::targets::thumbv7em_none_eabihf      6 total usages
  spec::targets::x86_64_unknown_uefi      6 total usages
  spec::targets::i686_unknown_haiku      6 total usages
  error_reporting::infer::nice_region_error::named_anon_conflict::<impl error_reporting::infer::nice_region_error::NiceRegionError<'a, 'tcx>>::try_report_named_anon_conflict      6 total usages
  mbe::macro_rules::try_match_macro      6 total usages
  spec::targets::aarch64_kmc_solid_asp3      6 total usages
  spec::targets::sparc_unknown_none_elf      6 total usages
  locator::CrateLocator::<'a>::extract_one      6 total usages
  spec::targets::armv5te_none_eabi      6 total usages
  spec::targets::thumbv7a_nuttx_eabi      6 total usages
  check::compare_impl_item::compare_method_predicate_entailment      6 total usages
  spec::targets::thumbv6m_none_eabi      6 total usages
  coroutine::compute_layout      6 total usages
  autoderef            5 total usages
  collect::predicates_of::gather_explicit_predicates_of::{closure#0}      5 total usages
  borrowck_errors      5 total usages
  interpret::intrinsics      5 total usages
  ty::cast             5 total usages
  spec::targets::aarch64_be_unknown_netbsd      5 total usages
  lib_features         5 total usages
  spec::targets::x86_64_wrs_vxworks      5 total usages
  error_reporting::infer::<impl error_reporting::TypeErrCtxt<'a, 'tcx>>::note_type_err      5 total usages
  maybe_transmutable::MaybeTransmutableQuery::<layout::dfa::Dfa<<C as maybe_transmutable::query_context::QueryContext>::Region, <C as maybe_transmutable::query_context::QueryContext>::Type>, C>::answer_impl      5 total usages
  spec::targets::aarch64_unknown_teeos      5 total usages
  back::rpath::get_rpaths      5 total usages
  hygiene::HygieneData::walk_chain_collapsed      5 total usages
  hygiene::HygieneData::walk_chain      5 total usages
  parser::expr         5 total usages
  <back::linker::GccLinker<'a> as back::linker::Linker>::export_symbols      5 total usages
  outlives::implicit_infer::insert_required_predicates_to_be_wf      5 total usages
  spec::targets::i586_unknown_redox      5 total usages
  pprust::state::item      5 total usages
  spec::targets::thumbv7em_none_eabi      5 total usages
  expr::<impl fn_ctxt::FnCtxt<'a, 'tcx>>::check_expr_with_expectation_and_args      5 total usages
  spec::base::uefi_msvc      5 total usages
  error_reporting::infer::region::<impl error_reporting::TypeErrCtxt<'a, 'tcx>>::report_sub_sup_conflict      5 total usages
  SourceFile::get_line      5 total usages
  abi::fn_abi_adjust_for_abi      5 total usages
  coercion             5 total usages
  <impossible_predicates::ImpossiblePredicates as pass_manager::MirPass<'tcx>>::run_pass      5 total usages
  spec::targets::thumbv7em_nuttx_eabi      5 total usages
  redundant_semicolon      5 total usages
  hir::Ty::<'hir>::is_suggestable_infer_ty      5 total usages
  method::<impl fn_ctxt::FnCtxt<'a, 'tcx>>::lookup_method_for_operator      5 total usages
  loops                5 total usages
  inline::cycle::process::{closure#0}      5 total usages
  spec::targets::aarch64_unknown_openbsd      5 total usages
  spec::base::windows_uwp_gnu      5 total usages
  fn_ctxt::suggestions::<impl fn_ctxt::FnCtxt<'a, 'tcx>>::suggest_missing_return_type      5 total usages
  nested_bodies        5 total usages
  mbe::transcribe::count_repetitions      5 total usages
  spec::targets::x86_64_apple_ios      5 total usages
  ty::instance::Instance::<'tcx>::expect_resolve_for_vtable      5 total usages
  ty::print::pretty::PrettyPrinter::try_print_visible_def_path_recur      5 total usages
  check_unused::<impl Resolver<'_, '_>>::check_unused      5 total usages
  <sroa::ScalarReplacementOfAggregates as pass_manager::MirPass<'tcx>>::run_pass      5 total usages
  util::unicode        5 total usages
  <traits::query::normalize::QueryNormalizer<'a, 'tcx> as rustc_middle::ty::FallibleTypeFolder<rustc_middle::ty::TyCtxt<'tcx>>>::try_fold_ty      5 total usages
  spec::targets::thumbv8m_main_nuttx_eabi      5 total usages
  transitive_relation      5 total usages
  diagnostics::move_errors::<impl MirBorrowckCtxt<'_, 'infcx, 'tcx>>::append_binding_error      5 total usages
  spec::targets::aarch64_unknown_hermit      5 total usages
  spec::targets::msp430_none_elf      5 total usages
  <copy_prop::CopyProp as pass_manager::MirPass<'tcx>>::run_pass      5 total usages
  traits::specialize::specializes      5 total usages
  move_paths::builder::MoveDataBuilder::<'a, 'tcx, F>::finalize      5 total usages
  spec::targets::thumbv7m_none_eabi      5 total usages
  extern_abi           5 total usages
  spec::targets::aarch64_be_unknown_hermit      5 total usages
  builder::custom::parse::<impl builder::custom::ParseCtxt<'a, 'tcx>>::parse_body      5 total usages
  spec::targets::x86_64_uwp_windows_msvc      5 total usages
  mir::interpret::allocation::provenance_map::ProvenanceMap::<Prov>::prepare_copy      5 total usages
  spec::targets::arm64ec_pc_windows_msvc      5 total usages
  spec::targets::thumbv7m_nuttx_eabi      5 total usages
  spec::targets::x86_64_unknown_linux_none      5 total usages
  thir::cx::expr::<impl thir::cx::ThirBuildCx<'tcx>>::mirror_expr_inner      5 total usages
  spec::targets::powerpc64_ibm_aix      5 total usages
  spec::targets::thumbv8m_main_none_eabi      5 total usages
  spec::targets::aarch64_unknown_managarm_mlibc      5 total usages
  spec::targets::aarch64_pc_windows_msvc      5 total usages
  interpret::memory::<impl interpret::eval_context::InterpCx<'tcx, M>>::is_ptr_misaligned      5 total usages
  spec::targets::thumbv7a_pc_windows_msvc      5 total usages
  creader::load_dylib      5 total usages
  query::on_disk_cache      5 total usages
  spec::targets::powerpc_wrs_vxworks      5 total usages
  persist::fs::finalize_session_directory      5 total usages
  spec::targets::sparc64_unknown_linux_gnu      5 total usages
  cast::CastCheck::<'tcx>::check      5 total usages
  spec::targets::aarch64_unknown_redox      5 total usages
  spec::targets::i686_wrs_vxworks      5 total usages
  <promote_consts::Collector<'_, 'tcx> as rustc_middle::mir::visit::Visitor<'tcx>>::visit_local      5 total usages
  check::wfcheck::check_param_wf      5 total usages
  spec::base::wasm      5 total usages
  symbol::sym          5 total usages
  creader::CStore::maybe_resolve_crate      5 total usages
  error_reporting::traits::suggestions::<impl error_reporting::TypeErrCtxt<'a, 'tcx>>::suggest_unsized_bound_if_applicable      5 total usages
  back::link::exec_linker      5 total usages
  compile_error        5 total usages
  maybe_transmutable::MaybeTransmutableQuery::<layout::dfa::Dfa<<C as maybe_transmutable::query_context::QueryContext>::Region, <C as maybe_transmutable::query_context::QueryContext>::Type>, C>::answer_memo::__CALLSITE      4 total usages
  traits::select::confirmation::<impl traits::select::SelectionContext<'cx, 'tcx>>::confirm_closure_candidate::__CALLSITE      4 total usages
  <const_eval::machine::CompileTimeMachine<'tcx> as interpret::machine::Machine<'tcx>>::find_mir_or_eval_fn::__CALLSITE      4 total usages
  query_impl::check_mono_item::get_query_incr::__rust_end_short_backtrace::__CALLSITE      4 total usages
  query_impl::type_of_opaque_hir_typeck::dynamic_query::{closure#2}::{closure#0}::__CALLSITE      4 total usages
  <check_consts::check::Checker<'_, 'tcx> as rustc_middle::mir::visit::Visitor<'tcx>>::visit_basic_block_data::__CALLSITE      4 total usages
  solve::eval_ctxt::canonical::<impl solve::eval_ctxt::EvalCtxt<'_, D>>::evaluate_added_goals_and_make_canonical_response::{closure#0}::{closure#0}::__CALLSITE      4 total usages
  query_impl::local_trait_impls::dynamic_query::{closure#2}::{closure#0}::__CALLSITE      4 total usages
  query_impl::optimized_mir::dynamic_query::{closure#2}::{closure#0}::__CALLSITE      4 total usages
  query_impl::region_scope_tree::get_query_incr::__rust_end_short_backtrace::__CALLSITE      4 total usages
  base::unsize_ptr::__CALLSITE      4 total usages
  query_impl::resolve_bound_vars::dynamic_query::{closure#2}::{closure#0}::__CALLSITE      4 total usages
  method::probe::ProbeContext::<'a, 'tcx>::assemble_extension_candidates_for_all_traits::__CALLSITE      4 total usages
  elaborate_drop::DropCtxt::<'a, 'b, 'tcx, D>::elaborate_drop::__CALLSITE      4 total usages
  elaborate_drop::DropCtxt::<'a, 'b, 'tcx, D>::destructor_call_block::__CALLSITE      4 total usages
  query_impl::inherit_sig_for_delegation_item::dynamic_query::{closure#2}::{closure#0}::__CALLSITE      4 total usages
  query_impl::promoted_mir::dynamic_query::{closure#2}::{closure#0}::__CALLSITE      4 total usages
  query_impl::crate_name::dynamic_query::{closure#2}::{closure#0}::__CALLSITE      4 total usages
  query_impl::closure_typeinfo::try_collect_active_jobs::__CALLSITE      4 total usages
  collect::item_bounds::associated_type_bounds::__CALLSITE      4 total usages
  builder::custom::parse::instruction::<impl builder::custom::ParseCtxt<'a, 'tcx>>::parse_return_to::__CALLSITE      4 total usages
  query_impl::coverage_attr_on::get_query_incr::__rust_end_short_backtrace::__CALLSITE      4 total usages
  query_impl::ty_span::try_collect_active_jobs::__CALLSITE      4 total usages
  LoweringContext::<'a, 'hir>::lower_param_bound::__CALLSITE      4 total usages
  elaborate_drops::ElaborateDropsCtxt::<'a, 'tcx>::create_drop_flag::__CALLSITE      4 total usages
  method::<impl fn_ctxt::FnCtxt<'a, 'tcx>>::lookup_probe::__CALLSITE      4 total usages
  query_impl::missing_extern_crate_item::dynamic_query::{closure#2}::__CALLSITE      4 total usages
  query_impl::crate_hash::try_collect_active_jobs::__CALLSITE      4 total usages
  solve::<impl solve::eval_ctxt::EvalCtxt<'a, D>>::compute_well_formed_goal::__CALLSITE      4 total usages
  query_impl::size_estimate::dynamic_query::{closure#2}::__CALLSITE      4 total usages
  query_impl::is_compiler_builtins::try_collect_active_jobs::__CALLSITE      4 total usages
  traits::select::confirmation::<impl traits::select::SelectionContext<'cx, 'tcx>>::equate_trait_refs::__CALLSITE      4 total usages
  hir_ty_lowering::bounds::<impl dyn hir_ty_lowering::HirTyLowerer<'tcx>>::lower_bounds::__CALLSITE      4 total usages
  late::LateResolutionVisitor::<'a, 'ast, 'ra, 'tcx>::record_candidate_traits_for_expr_if_necessary::__CALLSITE      4 total usages
  query_impl::normalize_canonicalized_inherent_projection_ty::dynamic_query::{closure#2}::{closure#0}::__CALLSITE      4 total usages
  query_impl::lint_expectations::get_query_incr::__rust_end_short_backtrace::__CALLSITE      4 total usages
  ast::Expr::precedence      4 total usages
  query_impl::explicit_implied_predicates_of::dynamic_query::{closure#2}::{closure#0}::__CALLSITE      4 total usages
  query_impl::diagnostic_hir_wf_check::dynamic_query::{closure#2}::{closure#0}::__CALLSITE      4 total usages
  traits::project::poly_project_and_unify_term::__CALLSITE      4 total usages
  <dataflow_const_prop::Collector<'_, 'tcx> as rustc_mir_dataflow::ResultsVisitor<'tcx, dataflow_const_prop::ConstAnalysis<'_, 'tcx>>>::visit_after_primary_statement_effect::__CALLSITE      4 total usages
  liveness::Liveness::<'a, 'tcx>::acc::__CALLSITE      4 total usages
  query_impl::rendered_const::get_query_incr::__rust_end_short_backtrace::__CALLSITE      4 total usages
  persist::load::setup_dep_graph::{closure#1}::__CALLSITE      4 total usages
  <infer::relate::type_relating::TypeRelating<'_, 'tcx> as rustc_type_ir::relate::TypeRelation<rustc_middle::ty::TyCtxt<'tcx>>>::regions::__CALLSITE      4 total usages
  query_impl::inferred_outlives_crate::get_query_incr::__rust_end_short_backtrace::__CALLSITE      4 total usages
  query_impl::collect_return_position_impl_trait_in_trait_tys::get_query_incr::__rust_end_short_backtrace::__CALLSITE      4 total usages
  query_impl::diagnostic_items::try_collect_active_jobs::__CALLSITE      4 total usages
  query_impl::trait_def::get_query_incr::__rust_end_short_backtrace::__CALLSITE      4 total usages
  query_impl::first_method_vtable_slot::get_query_incr::__rust_end_short_backtrace::__CALLSITE      4 total usages
  query_impl::is_panic_runtime::try_collect_active_jobs::__CALLSITE      4 total usages
  query_impl::codegen_select_candidate::dynamic_query::{closure#2}::{closure#0}::__CALLSITE      4 total usages
  query_impl::num_extern_def_ids::try_collect_active_jobs::__CALLSITE      4 total usages
  lexer::unescape_error_reporting::emit_unescape_error::__CALLSITE      4 total usages
  <dest_prop::FindAssignments<'_, 'tcx> as rustc_middle::mir::visit::Visitor<'tcx>>::visit_statement::__CALLSITE      4 total usages
  method::confirm::ConfirmContext::<'a, 'tcx>::fresh_receiver_args::{closure#0}::__CALLSITE      4 total usages
  query_impl::is_dyn_compatible::get_query_incr::__rust_end_short_backtrace::__CALLSITE      4 total usages
  query_impl::proc_macro_decls_static::dynamic_query::{closure#2}::{closure#0}::__CALLSITE      4 total usages
  query_impl::is_late_bound_map::dynamic_query::{closure#2}::__CALLSITE      4 total usages
  query_impl::module_children::dynamic_query::{closure#2}::{closure#0}::__CALLSITE      4 total usages
  query_impl::exportable_items::get_query_incr::__rust_end_short_backtrace::__CALLSITE      4 total usages
  lexer::Lexer::<'psess, 'src>::symbol_from_to::__CALLSITE      4 total usages
  query_impl::diagnostic_items::dynamic_query::{closure#2}::{closure#0}::__CALLSITE      4 total usages
  query_impl::trimmed_def_paths::get_query_incr::__rust_end_short_backtrace::__CALLSITE      4 total usages
  query_impl::fn_sig::dynamic_query::{closure#2}::__CALLSITE      4 total usages
  <copy_prop::Replacer<'_, 'tcx> as rustc_middle::mir::visit::MutVisitor<'tcx>>::visit_operand::__CALLSITE      4 total usages
  query_impl::used_crate_source::dynamic_query::{closure#2}::__CALLSITE      4 total usages
  back::link::add_lld_args::__CALLSITE      4 total usages
  query_impl::try_normalize_generic_arg_after_erasing_regions::dynamic_query::{closure#2}::__CALLSITE      4 total usages
  query_impl::specialization_graph_of::get_query_incr::__rust_end_short_backtrace::__CALLSITE      4 total usages
  diagnostics::var_name::<impl region_infer::RegionInferenceContext<'tcx>>::get_argument_index_for_region::{closure#0}::__CALLSITE      4 total usages
  method::probe::ProbeContext::<'a, 'tcx>::assemble_candidates_for_bounds::__CALLSITE      4 total usages
  hir_ty_lowering::dyn_compatibility::<impl dyn hir_ty_lowering::HirTyLowerer<'tcx>>::lower_trait_object_ty::{closure#0}      4 total usages
  query_impl::check_match::dynamic_query::{closure#2}::__CALLSITE      4 total usages
  query_impl::attrs_for_def::dynamic_query::{closure#2}::{closure#0}::__CALLSITE      4 total usages
  <dataflow_const_prop::Collector<'_, 'tcx> as rustc_mir_dataflow::ResultsVisitor<'tcx, dataflow_const_prop::ConstAnalysis<'_, 'tcx>>>::visit_after_early_statement_effect::__CALLSITE      4 total usages
  query_impl::lib_features::dynamic_query::{closure#2}::__CALLSITE      4 total usages
  query_impl::coverage_ids_info::dynamic_query::{closure#2}::{closure#0}::__CALLSITE      4 total usages
  query_impl::normalize_canonicalized_projection_ty::try_collect_active_jobs::__CALLSITE      4 total usages
  coverage::spans::remove_unwanted_overlapping_spans::__CALLSITE      4 total usages
  query_impl::extra_filename::dynamic_query::{closure#2}::{closure#0}::__CALLSITE      4 total usages
  diagnostics::region_name::<impl MirBorrowckCtxt<'_, '_, 'tcx>>::give_name_if_anonymous_region_appears_in_upvars::__CALLSITE      4 total usages
  util::literal::float_lit::__CALLSITE      4 total usages
  expr_use_visitor::ExprUseVisitor::<'tcx, Cx, D>::cat_expr_unadjusted::__CALLSITE      4 total usages
  interpret::eval_context::InterpCx::<'tcx, M>::instantiate_from_frame_and_normalize_erasing_regions::{closure#1}::__CALLSITE      4 total usages
  query_impl::adt_sizedness_constraint::dynamic_query::{closure#2}::{closure#0}::__CALLSITE      4 total usages
  query_impl::stripped_cfg_items::get_query_incr::__rust_end_short_backtrace::__CALLSITE      4 total usages
  ty::VariantDef::new::__CALLSITE      4 total usages
  <dyn hir_ty_lowering::HirTyLowerer<'tcx>>::probe_generic_path_segments::__CALLSITE      4 total usages
  place_op::<impl fn_ctxt::FnCtxt<'a, 'tcx>>::try_mutable_overloaded_place_op::__CALLSITE      4 total usages
  region_infer::RegionInferenceContext::<'tcx>::best_blame_constraint::{closure#4}::__CALLSITE      4 total usages
  query_impl::defaultness::dynamic_query::{closure#2}::{closure#0}::__CALLSITE      4 total usages
  interpret::discriminant::<impl interpret::eval_context::InterpCx<'tcx, M>>::write_discriminant::__CALLSITE      4 total usages
  error_reporting::traits::overflow::<impl error_reporting::TypeErrCtxt<'a, 'tcx>>::report_overflow_obligation_cycle::__CALLSITE      4 total usages
  interpret::validity::RefTracking::<T, PATH>::track::__CALLSITE      4 total usages
  query_impl::native_libraries::get_query_incr::__rust_end_short_backtrace::__CALLSITE      4 total usages
  query_impl::collect_and_partition_mono_items::try_collect_active_jobs::__CALLSITE      4 total usages
  query_impl::is_compiler_builtins::get_query_incr::__rust_end_short_backtrace::__CALLSITE      4 total usages
  traits::impossible_predicates::__CALLSITE      4 total usages
  query_impl::predicates_of::try_collect_active_jobs::__CALLSITE      4 total usages
  query_impl::is_doc_hidden::dynamic_query::{closure#2}::__CALLSITE      4 total usages
  query_impl::crate_hash::dynamic_query::{closure#2}::{closure#0}::__CALLSITE      4 total usages
  query_impl::evaluate_obligation::get_query_incr::__rust_end_short_backtrace::__CALLSITE      4 total usages
  fn_ctxt::checks::<impl fn_ctxt::FnCtxt<'a, 'tcx>>::check_asms::__CALLSITE      4 total usages
  mir::block::TerminatorCodegenHelper::<'tcx>::llbb_with_cleanup::__CALLSITE      4 total usages
  query_impl::crate_name::try_collect_active_jobs::__CALLSITE      4 total usages
  LoweringContext::<'a, 'hir>::lower_lifetime_binder::{closure#0}::__CALLSITE      4 total usages
  fn_ctxt::_impl::<impl fn_ctxt::FnCtxt<'a, 'tcx>>::add_required_obligations_with_code::__CALLSITE      4 total usages
  check::region::resolve_block::__CALLSITE      4 total usages
  util::literal::integer_lit::__CALLSITE      4 total usages
  query_impl::explicit_item_bounds::dynamic_query::{closure#2}::{closure#0}::__CALLSITE      4 total usages
  errors::wrong_number_of_generic_args::WrongNumberOfGenericArgs::<'a, 'tcx>::suggest_adding_lifetime_args      4 total usages
  query_impl::trait_def::dynamic_query::{closure#2}::{closure#0}::__CALLSITE      4 total usages
  query_impl::resolver_for_lowering_raw::get_query_incr::__rust_end_short_backtrace::__CALLSITE      4 total usages
  query_impl::missing_lang_items::get_query_incr::__rust_end_short_backtrace::__CALLSITE      4 total usages
  <solve::fulfill::FulfillmentCtxt<'tcx, E> as rustc_infer::traits::TraitEngine<'tcx, E>>::register_predicate_obligation::__CALLSITE      4 total usages
  error_reporting::infer::nice_region_error::trait_impl_difference::<impl error_reporting::infer::nice_region_error::NiceRegionError<'a, 'tcx>>::try_report_impl_not_conforming_to_trait::__CALLSITE      4 total usages
  region_infer::RegionInferenceContext::<'tcx>::approx_universal_upper_bound      4 total usages
  BorrowckInferCtxt::<'tcx>::next_region_var::__CALLSITE      4 total usages
  query_impl::check_unused_traits::dynamic_query::{closure#2}::{closure#0}::__CALLSITE      4 total usages
  query_impl::exportable_items::try_collect_active_jobs::__CALLSITE      4 total usages
  query_impl::impl_trait_header::get_query_incr::__rust_end_short_backtrace::__CALLSITE      4 total usages
  collect::resolve_bound_vars::BoundVarContext::<'a, 'tcx>::visit_fn_like_elision::__CALLSITE      4 total usages
  move_paths::builder::MoveDataBuilder::<'a, 'tcx, F>::gather_move::__CALLSITE      4 total usages
  nrvo::find_local_assigned_to_return_place::__CALLSITE      4 total usages
  traits::coherence::impl_intersection_has_negative_obligation::__CALLSITE      4 total usages
  interpret::memory::AllocRefMut::<'a, 'tcx, Prov, Extra, Bytes>::write_scalar::__CALLSITE      4 total usages
  stability::MissingStabilityAnnotations::<'tcx>::check_compatible_stability::__CALLSITE      4 total usages
  type_check::free_region_relations::UniversalRegionRelationsBuilder::<'_, 'tcx>::relate_universal_regions::__CALLSITE      4 total usages
  builder::custom::parse::instruction::<impl builder::custom::ParseCtxt<'a, 'tcx>>::parse_terminator::__CALLSITE      4 total usages
  ssa::compute_copy_classes      4 total usages
  query_impl::missing_lang_items::dynamic_query::{closure#2}::{closure#0}::__CALLSITE      4 total usages
  query_impl::unsizing_params_for_adt::get_query_incr::__rust_end_short_backtrace::__CALLSITE      4 total usages
  infer::region_constraints::RegionConstraintCollector::<'_, 'tcx>::new_region_var::__CALLSITE      4 total usages
  MirBorrowckCtxt::<'a, '_, 'tcx>::check_if_full_path_is_moved::__CALLSITE      4 total usages
  query_impl::needs_async_drop_raw::try_collect_active_jobs::__CALLSITE      4 total usages
  query_impl::incoherent_impls::get_query_incr::__rust_end_short_backtrace::__CALLSITE      4 total usages
  query_impl::explicit_supertraits_containing_assoc_item::dynamic_query::{closure#2}::__CALLSITE      4 total usages
  fn_ctxt::checks::<impl fn_ctxt::FnCtxt<'a, 'tcx>>::check_repeat_exprs::__CALLSITE      4 total usages
  query_impl::is_impossible_associated_item::get_query_incr::__rust_end_short_backtrace::__CALLSITE      4 total usages
  mir::block::<impl mir::FunctionCx<'a, 'tcx, Bx>>::codegen_terminator::__CALLSITE      4 total usages
  query_impl::hir_owner_parent::try_collect_active_jobs::__CALLSITE      4 total usages
  traits::project::confirm_async_iterator_candidate::__CALLSITE      4 total usages
  query_impl::env_var_os::get_query_incr::__rust_end_short_backtrace::__CALLSITE      4 total usages
  query_impl::reachable_non_generics::dynamic_query::{closure#2}::{closure#0}::__CALLSITE      4 total usages
  mir::statement::<impl mir::FunctionCx<'a, 'tcx, Bx>>::codegen_statement::__CALLSITE      4 total usages
  parser::diagnostics::<impl parser::Parser<'a>>::check_trailing_angle_brackets::{closure#2}::__CALLSITE      4 total usages
  traits::select::SelectionContext::<'cx, 'tcx>::evaluate_candidate::{closure#0}::{closure#0}::__CALLSITE      4 total usages
  <infer::relate::lattice::LatticeOp<'_, 'tcx> as rustc_type_ir::relate::TypeRelation<rustc_middle::ty::TyCtxt<'tcx>>>::consts::__CALLSITE      4 total usages
  needs_drop::drop_tys_helper::{closure#0}      4 total usages
  query_impl::needs_drop_raw::try_collect_active_jobs::__CALLSITE      4 total usages
  query_impl::has_significant_drop_raw::dynamic_query::{closure#2}::{closure#0}::__CALLSITE      4 total usages
  infer::region_constraints::leak_check::LeakCheck::<'a, 'tcx>::error::__CALLSITE      4 total usages
  query_impl::debugger_visualizers::try_collect_active_jobs::__CALLSITE      4 total usages
  query_impl::opaque_types_defined_by::try_collect_active_jobs::__CALLSITE      4 total usages
  query_impl::impl_trait_header::dynamic_query::{closure#2}::{closure#0}::__CALLSITE      4 total usages
  query_impl::specialization_graph_of::dynamic_query::{closure#2}::__CALLSITE      4 total usages
  mir::analyze::cleanup_kinds::propagate::{closure#0}::__CALLSITE      4 total usages
  query_impl::eval_to_valtree::get_query_incr::__rust_end_short_backtrace::__CALLSITE      4 total usages
  solve::trait_goals::<impl solve::eval_ctxt::EvalCtxt<'_, D>>::disqualify_auto_trait_candidate_due_to_possible_impl::{closure#0}::__CALLSITE      4 total usages
  abi::fn_sig_for_fn_abi::__CALLSITE      4 total usages
  query_impl::params_in_repr::dynamic_query::{closure#2}::__CALLSITE      4 total usages
  query_impl::adt_drop_tys::dynamic_query::{closure#2}::{closure#0}::__CALLSITE      4 total usages
  ident::<impl Resolver<'ra, 'tcx>>::resolve_ident_in_module_unadjusted::__CALLSITE      4 total usages
  parser::diagnostics::<impl parser::Parser<'a>>::maybe_suggest_struct_literal::__CALLSITE      4 total usages
  query_impl::backend_optimization_level::get_query_incr::__rust_end_short_backtrace::__CALLSITE      4 total usages
  <test_harness::TestHarnessGenerator<'a> as rustc_ast::mut_visit::MutVisitor>::visit_item::__CALLSITE      4 total usages
  query_impl::mir_borrowck::get_query_incr::__rust_end_short_backtrace::__CALLSITE      4 total usages
  query_impl::vtable_allocation::try_collect_active_jobs::__CALLSITE      4 total usages
  query_impl::check_transmutes::try_collect_active_jobs::__CALLSITE      4 total usages
  thir::cx::expr::<impl thir::cx::ThirBuildCx<'tcx>>::convert_var::__CALLSITE      4 total usages
  traits::fulfill::FulfillProcessor::<'a, 'tcx>::process_projection_obligation::__CALLSITE      4 total usages
  builder::scope::Scopes::<'tcx>::push_scope::__CALLSITE      4 total usages
  traits::query::type_op::ascribe_user_type::type_op_ascribe_user_type_with_span::__CALLSITE      4 total usages
  mir::operand::<impl mir::FunctionCx<'a, 'tcx, Bx>>::codegen_operand::__CALLSITE      4 total usages
  <used_muts::GatherUsedMutsVisitor<'_, '_, '_, 'tcx> as rustc_middle::mir::visit::Visitor<'tcx>>::visit_statement::__CALLSITE      4 total usages
  hir_ty_lowering::bounds::<impl dyn hir_ty_lowering::HirTyLowerer<'tcx>>::lower_assoc_item_constraint::{closure#2}::__CALLSITE      4 total usages
  imports::<impl Resolver<'ra, 'tcx>>::resolve_import::__CALLSITE      4 total usages
  query_impl::type_op_normalize_ty::dynamic_query::{closure#2}::{closure#0}::__CALLSITE      4 total usages
  search_graph::SearchGraph::<D>::lookup_global_cache::{closure#0}::__CALLSITE      4 total usages
  query_impl::explicit_item_bounds::dynamic_query::{closure#2}::__CALLSITE      4 total usages
  query_impl::entry_fn::dynamic_query::{closure#2}::__CALLSITE      4 total usages
  check::region::resolve_stmt::__CALLSITE      4 total usages
  traits::dyn_compatibility::is_vtable_safe_method::__CALLSITE      4 total usages
  <upvar::InferBorrowKind<'tcx> as expr_use_visitor::Delegate<'tcx>>::consume::__CALLSITE      4 total usages
  query_impl::codegen_unit::get_query_incr::__rust_end_short_backtrace::__CALLSITE      4 total usages
  query_impl::valtree_to_const_val::try_collect_active_jobs::__CALLSITE      4 total usages
  expr::<impl fn_ctxt::FnCtxt<'a, 'tcx>>::get_field_candidates_considering_privacy_for_diag::__CALLSITE      4 total usages
  late::LateResolutionVisitor::<'a, 'ast, 'ra, 'tcx>::with_lifetime_rib::__CALLSITE      4 total usages
  <collect::type_of::opaque::TaitConstraintLocator<'tcx> as rustc_hir::intravisit::Visitor<'tcx>>::visit_item::__CALLSITE      4 total usages
  parser::expr::<impl parser::Parser<'a>>::maybe_recover_struct_lit_bad_delims::__CALLSITE      4 total usages
  query_impl::adt_sizedness_constraint::try_collect_active_jobs::__CALLSITE      4 total usages
  creader::CStore::resolve_crate::__CALLSITE      4 total usages
  variance::constraints::ConstraintContext::<'a, 'tcx>::add_constraints_from_const::__CALLSITE      4 total usages
  expr_use_visitor::ExprUseVisitor::<'tcx, Cx, D>::walk_block::__CALLSITE      4 total usages
  query_impl::symbol_name::get_query_incr::__rust_end_short_backtrace::__CALLSITE      4 total usages
  middle::region::ScopeTree::record_scope_parent::__CALLSITE      4 total usages
  type_check::canonical::<impl type_check::TypeChecker<'a, 'tcx>>::ascribe_user_type::__CALLSITE      4 total usages
  query_impl::used_crates::dynamic_query::{closure#2}::{closure#0}::__CALLSITE      4 total usages
  query_impl::def_kind::dynamic_query::{closure#2}::__CALLSITE      4 total usages
  query_impl::is_mir_available::try_collect_active_jobs::__CALLSITE      4 total usages
  query_impl::trait_impls_of::dynamic_query::{closure#2}::{closure#0}::__CALLSITE      4 total usages
  query_impl::has_structural_eq_impl::try_collect_active_jobs::__CALLSITE      4 total usages
  query_impl::dylib_dependency_formats::try_collect_active_jobs::__CALLSITE      4 total usages
  traits::normalize::AssocTypeNormalizer::<'a, 'b, 'tcx>::fold::__CALLSITE      4 total usages
  query_impl::check_mod_deathness::dynamic_query::{closure#2}::{closure#0}::__CALLSITE      4 total usages
  check::compare_impl_item::compare_impl_ty::__CALLSITE      4 total usages
  query_impl::dep_kind::get_query_incr::__rust_end_short_backtrace::__CALLSITE      4 total usages
  query_impl::type_of_opaque_hir_typeck::dynamic_query::{closure#2}::__CALLSITE      4 total usages
  infer::relate::generalize::<impl infer::InferCtxt<'tcx>>::instantiate_const_var::__CALLSITE      4 total usages
  query_impl::stable_order_of_exportable_impls::dynamic_query::{closure#2}::__CALLSITE      4 total usages
  definitions::DefPathTable::allocate::__CALLSITE      4 total usages
  query_impl::coroutine_by_move_body_def_id::dynamic_query::{closure#2}::{closure#0}::__CALLSITE      4 total usages
  query_impl::output_filenames::dynamic_query::{closure#2}::{closure#0}::__CALLSITE      4 total usages
  query_impl::type_op_normalize_clause::dynamic_query::{closure#2}::{closure#0}::__CALLSITE      4 total usages
  query_impl::type_of::dynamic_query::{closure#2}::__CALLSITE      4 total usages
  universal_regions::UniversalRegionsBuilder::<'cx, 'tcx>::defining_ty::__CALLSITE      4 total usages
  <index::NodeCollector<'a, 'hir> as rustc_hir::intravisit::Visitor<'hir>>::visit_impl_item::__CALLSITE      4 total usages
  creader::CStore::register_crate::__CALLSITE      4 total usages
  query_impl::check_type_wf::try_collect_active_jobs::__CALLSITE      4 total usages
  op::<impl fn_ctxt::FnCtxt<'a, 'tcx>>::check_overloaded_binop::__CALLSITE      4 total usages
  collect::resolve_bound_vars::BoundVarContext::<'a, 'tcx>::resolve_object_lifetime_default::__CALLSITE      4 total usages
  parser::attr::<impl parser::Parser<'a>>::parse_unsuffixed_meta_item_lit::__CALLSITE      4 total usages
  closure::<impl fn_ctxt::FnCtxt<'a, 'tcx>>::deduce_closure_signature_from_predicates::__CALLSITE      4 total usages
  <infer::relate::lattice::LatticeOp<'_, 'tcx> as rustc_type_ir::relate::TypeRelation<rustc_middle::ty::TyCtxt<'tcx>>>::binders::__CALLSITE      4 total usages
  interpret::intern::intern_shallow::__CALLSITE      4 total usages
  <traits::const_evaluatable::satisfied_from_param_env::Visitor<'a, 'tcx> as rustc_middle::ty::TypeVisitor<rustc_middle::ty::TyCtxt<'tcx>>>::visit_const::__CALLSITE      4 total usages
  query_impl::is_no_builtins::get_query_incr::__rust_end_short_backtrace::__CALLSITE      4 total usages
  query_impl::supertrait_vtable_slot::dynamic_query::{closure#2}::{closure#0}::__CALLSITE      4 total usages
  error_reporting::traits::fulfillment_errors::<impl error_reporting::TypeErrCtxt<'a, 'tcx>>::report_selection_error::__CALLSITE      4 total usages
  <rustc_infer::traits::specialization_graph::Children as traits::specialize::specialization_graph::ChildrenExt<'tcx>>::insert::{closure#0}      4 total usages
  const_eval::valtrees::reconstruct_place_meta::{closure#1}::__CALLSITE      4 total usages
  query_impl::reachable_non_generics::try_collect_active_jobs::__CALLSITE      4 total usages
  op::<impl fn_ctxt::FnCtxt<'a, 'tcx>>::lookup_op_method::__CALLSITE      4 total usages
  query_impl::hir_attr_map::dynamic_query::{closure#2}::__CALLSITE      4 total usages
  builder::matches::<impl builder::Builder<'a, 'tcx>>::lower_match_arms::{closure#1}::__CALLSITE      4 total usages
  query_impl::extern_crate::try_collect_active_jobs::__CALLSITE      4 total usages
  query_impl::check_coroutine_obligations::dynamic_query::{closure#2}::__CALLSITE      4 total usages
  query_impl::is_private_dep::try_collect_active_jobs::__CALLSITE      4 total usages
  traits::project::confirm_closure_candidate::__CALLSITE      4 total usages
  method::suggest::<impl fn_ctxt::FnCtxt<'a, 'tcx>>::report_no_match_method_error::__CALLSITE      4 total usages
  opaque_types::opaque_types_defined_by::__CALLSITE      4 total usages
  builder::matches::<impl builder::Builder<'a, 'tcx>>::pick_test::__CALLSITE      4 total usages
  query_impl::live_symbols_and_ignored_derived_traits::get_query_incr::__rust_end_short_backtrace::__CALLSITE      4 total usages
  query_impl::mir_built::get_query_incr::__rust_end_short_backtrace::__CALLSITE      4 total usages
  query_impl::lib_features::dynamic_query::{closure#2}::{closure#0}::__CALLSITE      4 total usages
  <collector::MirUsedCollector<'a, 'tcx> as rustc_middle::mir::visit::Visitor<'tcx>>::visit_const_operand::__CALLSITE      4 total usages
  query_impl::nested_bodies_within::try_collect_active_jobs::__CALLSITE      4 total usages
  emitter::detect_confusion_type::__CALLSITE      4 total usages
  query_impl::trait_impls_in_crate::dynamic_query::{closure#2}::{closure#0}::__CALLSITE      4 total usages
  ty::significant_drop_order::true_significant_drop_ty::__CALLSITE      4 total usages
  fn_ctxt::_impl::<impl fn_ctxt::FnCtxt<'a, 'tcx>>::write_args::__CALLSITE      4 total usages
  types::repr_nullable_ptr::__CALLSITE      4 total usages
  jump_threading::TOFinder::<'a, 'tcx>::process_immediate::__CALLSITE      4 total usages
  stability::MissingStabilityAnnotations::<'tcx>::check_missing_stability::__CALLSITE      4 total usages
  query_impl::should_inherit_track_caller::dynamic_query::{closure#2}::{closure#0}::__CALLSITE      4 total usages
  query_impl::all_local_trait_impls::try_collect_active_jobs::__CALLSITE      4 total usages
  collect::resolve_bound_vars::resolve_bound_vars      4 total usages
  query_impl::opaque_captured_lifetimes::try_collect_active_jobs::__CALLSITE      4 total usages
  move_paths::builder::MoveDataBuilder::<'a, 'tcx, F>::record_move::__CALLSITE      4 total usages
  query_impl::check_mod_attrs::dynamic_query::{closure#2}::__CALLSITE      4 total usages
  region_infer::RegionInferenceContext::<'tcx>::solve      4 total usages
  traits::select::ProvisionalEvaluationCache::<'tcx>::on_completion::__CALLSITE      4 total usages
  query_impl::proc_macro_decls_static::get_query_incr::__rust_end_short_backtrace::__CALLSITE      4 total usages
  traits::pred_known_to_hold_modulo_regions::{closure#0}::{closure#0}::__CALLSITE      4 total usages
  check::wfcheck::check_associated_item::__CALLSITE      4 total usages
  traits::const_evaluatable::is_const_evaluatable::__CALLSITE      4 total usages
  interpret::call::<impl interpret::eval_context::InterpCx<'tcx, M>>::check_argument_compat::__CALLSITE      4 total usages
  type_check::relate_tys::<impl type_check::TypeChecker<'a, 'tcx>>::relate_types::__CALLSITE      4 total usages
  query_impl::method_autoderef_steps::get_query_incr::__rust_end_short_backtrace::__CALLSITE      4 total usages
  op::<impl fn_ctxt::FnCtxt<'a, 'tcx>>::check_expr_binop::__CALLSITE      4 total usages
  method::prelude_edition_lints::<impl fn_ctxt::FnCtxt<'a, 'tcx>>::lint_edition_dependent_dot_call::__CALLSITE      4 total usages
  query_impl::inhabited_predicate_type::dynamic_query::{closure#2}::{closure#0}::__CALLSITE      4 total usages
  query_impl::is_dyn_compatible::dynamic_query::{closure#2}::__CALLSITE      4 total usages
  coercion::Coerce::<'f, 'tcx>::coerce_closure_to_fn::__CALLSITE      4 total usages
  method::<impl fn_ctxt::FnCtxt<'a, 'tcx>>::method_exists_for_diagnostic::__CALLSITE      4 total usages
  query_impl::check_mono_item::try_collect_active_jobs::__CALLSITE      4 total usages
  query_impl::trimmed_def_paths::dynamic_query::{closure#2}::{closure#0}::__CALLSITE      4 total usages
  query_impl::explicit_predicates_of::dynamic_query::{closure#2}::{closure#0}::__CALLSITE      4 total usages
  query_impl::vtable_entries::dynamic_query::{closure#2}::__CALLSITE      4 total usages
  query_impl::trigger_delayed_bug::try_collect_active_jobs::__CALLSITE      4 total usages
  query_impl::type_of::try_collect_active_jobs::__CALLSITE      4 total usages
  spec::base::unikraft_linux_musl      4 total usages
  query_impl::lookup_stability::dynamic_query::{closure#2}::{closure#0}::__CALLSITE      4 total usages
  interpret::operand::<impl interpret::eval_context::InterpCx<'tcx, M>>::eval_place_to_op::__CALLSITE      4 total usages
  query_impl::dependency_formats::get_query_incr::__rust_end_short_backtrace::__CALLSITE      4 total usages
  query_impl::traits::try_collect_active_jobs::__CALLSITE      4 total usages
  type_check::canonical::<impl type_check::TypeChecker<'a, 'tcx>>::ascribe_user_type_skip_wf::__CALLSITE      4 total usages
  query_impl::type_op_normalize_fn_sig::try_collect_active_jobs::__CALLSITE      4 total usages
  builder::custom::parse::instruction::<impl builder::custom::ParseCtxt<'a, 'tcx>>::parse_unwind_action::__CALLSITE      4 total usages
  query_impl::exported_non_generic_symbols::dynamic_query::{closure#2}::__CALLSITE      4 total usages
  collect::generics_of::generics_of::{closure#0}      4 total usages
  query_impl::eval_to_valtree::try_collect_active_jobs::__CALLSITE      4 total usages
  <traits::util::PlaceholderReplacer<'_, 'tcx> as rustc_middle::ty::TypeFolder<rustc_middle::ty::TyCtxt<'tcx>>>::fold_region::__CALLSITE      4 total usages
  sroa::ReplacementVisitor::<'tcx, '_>::expand_var_debug_info::__CALLSITE      4 total usages
  method::probe::ProbeContext::<'a, 'tcx>::assemble_probe::__CALLSITE      4 total usages
  <traits::wf::WfPredicates<'a, 'tcx> as rustc_middle::ty::TypeVisitor<rustc_middle::ty::TyCtxt<'tcx>>>::visit_ty::__CALLSITE      4 total usages
  <late::LateResolutionVisitor<'_, 'ast, 'ra, 'tcx> as rustc_ast::visit::Visitor<'ast>>::visit_generic_arg::__CALLSITE      4 total usages
  query_impl::eval_to_allocation_raw::try_collect_active_jobs::__CALLSITE      4 total usages
  query_impl::adt_async_destructor::dynamic_query::{closure#2}::__CALLSITE      4 total usages
  query_impl::crate_variances::dynamic_query::{closure#2}::{closure#0}::__CALLSITE      4 total usages
  query_impl::required_panic_strategy::dynamic_query::{closure#2}::__CALLSITE      4 total usages
  query_impl::is_impossible_associated_item::dynamic_query::{closure#2}::__CALLSITE      4 total usages
  error_reporting::infer::<impl error_reporting::TypeErrCtxt<'a, 'tcx>>::type_error_struct_with_diag::__CALLSITE      4 total usages
  shim::async_destructor_ctor::build_async_destructor_ctor_shim::__CALLSITE      4 total usages
  query_impl::reachable_set::get_query_incr::__rust_end_short_backtrace::__CALLSITE      4 total usages
  query_impl::is_doc_notable_trait::get_query_incr::__rust_end_short_backtrace::__CALLSITE      4 total usages
  type_check::liveness::trace::LivenessContext::<'_, '_, 'tcx>::add_use_live_facts_for::__CALLSITE      4 total usages
  <lifetime_syntax::LifetimeInfoCollector<'a, 'tcx> as rustc_hir::intravisit::Visitor<'tcx>>::visit_ty::__CALLSITE      4 total usages
  query_impl::type_op_prove_predicate::get_query_incr::__rust_end_short_backtrace::__CALLSITE      4 total usages
  collector::create_mono_items_for_vtable_methods::__CALLSITE      4 total usages
  creader::CStore::load::__CALLSITE      4 total usages
  query_impl::is_codegened_item::dynamic_query::{closure#2}::{closure#0}::__CALLSITE      4 total usages
  interpret::step::<impl interpret::eval_context::InterpCx<'tcx, M>>::write_aggregate::__CALLSITE      4 total usages
  sroa::replace_flattened_locals::__CALLSITE      4 total usages
  liveness::IrMaps::<'tcx>::add_live_node::__CALLSITE      4 total usages
  query_impl::crate_for_resolver::try_collect_active_jobs::__CALLSITE      4 total usages
  query_impl::has_panic_handler::get_query_incr::__rust_end_short_backtrace::__CALLSITE      4 total usages
  query_impl::visible_parent_map::dynamic_query::{closure#2}::__CALLSITE      4 total usages
  spec::targets::thumbv7a_uwp_windows_msvc      4 total usages
  collect::type_of::opaque::find_opaque_ty_constraints_for_impl_trait_in_assoc_type::__CALLSITE      4 total usages
  query_impl::inherent_impls::dynamic_query::{closure#2}::__CALLSITE      4 total usages
  check::check::check_potentially_region_dependent_goals::__CALLSITE      4 total usages
  known_panics_lint::ConstPropagator::<'mir, 'tcx>::check_assertion::__CALLSITE      4 total usages
  query_impl::crates::try_collect_active_jobs::__CALLSITE      4 total usages
  query_impl::dep_kind::dynamic_query::{closure#2}::__CALLSITE      4 total usages
  query_impl::representability_adt_ty::try_collect_active_jobs::__CALLSITE      4 total usages
  query_impl::constness::dynamic_query::{closure#2}::__CALLSITE      4 total usages
  query_impl::check_validity_requirement::dynamic_query::{closure#2}::__CALLSITE      4 total usages
  interpret::projection::<impl interpret::eval_context::InterpCx<'tcx, M>>::project::__CALLSITE      4 total usages
  query_impl::adt_dtorck_constraint::get_query_incr::__rust_end_short_backtrace::__CALLSITE      4 total usages
  query_impl::expn_that_defined::dynamic_query::{closure#2}::{closure#0}::__CALLSITE      4 total usages
  query_impl::hir_attr_map::get_query_incr::__rust_end_short_backtrace::__CALLSITE      4 total usages
  query_impl::inherited_align::dynamic_query::{closure#2}::{closure#0}::__CALLSITE      4 total usages
  error_reporting::traits::on_unimplemented::OnUnimplementedDirective::parse_attribute::__CALLSITE      4 total usages
  query_impl::dependency_formats::dynamic_query::{closure#2}::{closure#0}::__CALLSITE      4 total usages
  lifetime_syntax::lifetimes_use_matched_syntax::__CALLSITE      4 total usages
  spec::targets::aarch64_uwp_windows_msvc      4 total usages
  interpret::eval_context::InterpCx::<'tcx, M>::fn_abi_of_instance::{closure#0}::__CALLSITE      4 total usages
  <collect::resolve_bound_vars::BoundVarContext<'a, 'tcx> as rustc_hir::intravisit::Visitor<'tcx>>::visit_lifetime::__CALLSITE      4 total usages
  query_impl::lit_to_const::get_query_incr::__rust_end_short_backtrace::__CALLSITE      4 total usages
  <remove_noop_landing_pads::RemoveNoopLandingPads as pass_manager::MirPass<'tcx>>::run_pass::{closure#2}::__CALLSITE      4 total usages
  type_check::free_region_relations::UniversalRegionRelations::<'_>::non_local_bounds::__CALLSITE      4 total usages
  infer::region_constraints::RegionConstraintCollector::<'_, 'tcx>::add_verify::__CALLSITE      4 total usages
  query_impl::has_global_allocator::dynamic_query::{closure#2}::__CALLSITE      4 total usages
  <traits::fulfill::FulfillProcessor<'a, 'tcx> as rustc_data_structures::obligation_forest::ObligationProcessor>::process_backedge::__CALLSITE      4 total usages
  query_impl::native_libraries::try_collect_active_jobs::__CALLSITE      4 total usages
  query_impl::crate_inherent_impls_validity_check::dynamic_query::{closure#2}::__CALLSITE      4 total usages
  query_impl::normalize_canonicalized_inherent_projection_ty::dynamic_query::{closure#2}::__CALLSITE      4 total usages
  query_impl::source_span::try_collect_active_jobs::__CALLSITE      4 total usages
  query_impl::check_liveness::try_collect_active_jobs::__CALLSITE      4 total usages
  variance::variance_of_opaque::{closure#0}::__CALLSITE      4 total usages
  needs_drop::needs_async_drop_raw::__CALLSITE      4 total usages
  type_check::TypeChecker::<'a, 'tcx>::eq_types::__CALLSITE      4 total usages
  query_impl::destructure_const::dynamic_query::{closure#2}::{closure#0}::__CALLSITE      4 total usages
  spec::targets::x86_64_unknown_l4re_uclibc      4 total usages
  query_impl::erase_and_anonymize_regions_ty::dynamic_query::{closure#2}::__CALLSITE      4 total usages
  diagnostic::Diag::<'a, G>::new_diagnostic::__CALLSITE      4 total usages
  <thir::pattern::check_match::MatchVisitor<'p, 'tcx> as rustc_middle::thir::visit::Visitor<'p, 'tcx>>::visit_expr::__CALLSITE      4 total usages
  infer::outlives::obligations::TypeOutlives::<'cx, 'tcx, D>::args_must_outlive::__CALLSITE      4 total usages
  query_impl::type_of_opaque_hir_typeck::get_query_incr::__rust_end_short_backtrace::__CALLSITE      4 total usages
  query_impl::evaluate_root_goal_for_proof_tree_raw::dynamic_query::{closure#2}::__CALLSITE      4 total usages
  shim::build_clone_shim::__CALLSITE      4 total usages
  query_impl::specialization_enabled_in::try_collect_active_jobs::__CALLSITE      4 total usages
  mbe::diagnostics::failed_to_match_macro::__CALLSITE      4 total usages
  query_impl::resolutions::try_collect_active_jobs::__CALLSITE      4 total usages
  query_impl::specializes::dynamic_query::{closure#2}::{closure#0}::__CALLSITE      4 total usages
  diagnostics::var_name::<impl region_infer::RegionInferenceContext<'tcx>>::get_argument_index_for_region::__CALLSITE      4 total usages
  query_impl::intrinsic_raw::dynamic_query::{closure#2}::__CALLSITE      4 total usages
  query_impl::crates::get_query_incr::__rust_end_short_backtrace::__CALLSITE      4 total usages
  query_impl::crate_inherent_impls_validity_check::try_collect_active_jobs::__CALLSITE      4 total usages
  query_impl::trigger_delayed_bug::dynamic_query::{closure#2}::{closure#0}::__CALLSITE      4 total usages
  infer::outlives::verify::VerifyBoundCx::<'cx, 'tcx>::declared_bounds_from_definition::__CALLSITE      4 total usages
  check::wfcheck::check_foreign_item::__CALLSITE      4 total usages
  query_impl::traits::dynamic_query::{closure#2}::__CALLSITE      4 total usages
  type_check::canonical::<impl type_check::TypeChecker<'a, 'tcx>>::fully_perform_op::__CALLSITE      4 total usages
  query_impl::dep_kind::try_collect_active_jobs::__CALLSITE      4 total usages
  back::apple::xcrun_show_sdk_path::__CALLSITE      4 total usages
  query_impl::crate_inherent_impls_overlap_check::try_collect_active_jobs::__CALLSITE      4 total usages
  query_impl::named_variable_map::get_query_incr::__rust_end_short_backtrace::__CALLSITE      4 total usages
  query_impl::codegen_fn_attrs::dynamic_query::{closure#2}::{closure#0}::__CALLSITE      4 total usages
  ty::sty::<impl ty::Ty<'tcx>>::fn_sig::__CALLSITE      4 total usages
  persist::file_format::report_format_mismatch::__CALLSITE      4 total usages
  late::LateResolutionVisitor::<'a, 'ast, 'ra, 'tcx>::resolve_pattern_inner::__CALLSITE      4 total usages
  interpret::memory::<impl interpret::eval_context::InterpCx<'tcx, M>>::get_ptr_fn::__CALLSITE      4 total usages
  diagnostics::find_span_immediately_after_crate_name::__CALLSITE      4 total usages
  query_impl::mir_borrowck::dynamic_query::{closure#2}::__CALLSITE      4 total usages
  query_impl::type_op_normalize_clause::dynamic_query::{closure#2}::__CALLSITE      4 total usages
  ty::instance::Instance::<'tcx>::resolve_for_fn_ptr::__CALLSITE      4 total usages
  thir::pattern::PatCtxt::<'a, 'tcx>::lower_pattern::{closure#2}::__CALLSITE      4 total usages
  query_impl::associated_types_for_impl_traits_in_trait_or_impl::dynamic_query::{closure#2}::__CALLSITE      4 total usages
  query_impl::asyncness::dynamic_query::{closure#2}::{closure#0}::__CALLSITE      4 total usages
  query_impl::mir_inliner_callees::dynamic_query::{closure#2}::{closure#0}::__CALLSITE      4 total usages
  query_impl::adt_async_destructor::get_query_incr::__rust_end_short_backtrace::__CALLSITE      4 total usages
  query_impl::hir_crate_items::get_query_incr::__rust_end_short_backtrace::__CALLSITE      4 total usages
  query_impl::opt_ast_lowering_delayed_lints::dynamic_query::{closure#2}::__CALLSITE      4 total usages
  imports::<impl Resolver<'ra, 'tcx>>::finalize_import::__CALLSITE      4 total usages
  query_impl::needs_async_drop_raw::dynamic_query::{closure#2}::{closure#0}::__CALLSITE      4 total usages
  query_impl::required_panic_strategy::dynamic_query::{closure#2}::{closure#0}::__CALLSITE      4 total usages
  query_impl::generics_of::dynamic_query::{closure#2}::__CALLSITE      4 total usages
  dataflow::Borrows::<'a, 'tcx>::kill_borrows_on_place::__CALLSITE      4 total usages
  query_impl::is_freeze_raw::dynamic_query::{closure#2}::__CALLSITE      4 total usages
  infer::opaque_types::table::OpaqueTypeTable::<'a, 'tcx>::register::__CALLSITE      4 total usages
  interpret::step::<impl interpret::eval_context::InterpCx<'tcx, M>>::eval_rvalue_into_place::__CALLSITE      4 total usages
  mir::block::<impl mir::FunctionCx<'a, 'tcx, Bx>>::codegen_block_as_unreachable::__CALLSITE      4 total usages
  coercion::<impl fn_ctxt::FnCtxt<'a, 'tcx>>::coerce::__CALLSITE      4 total usages
  query_impl::adt_drop_tys::try_collect_active_jobs::__CALLSITE      4 total usages
  method::probe::<impl fn_ctxt::FnCtxt<'a, 'tcx>>::probe_for_name_many::__CALLSITE      4 total usages
  persist::fs::generate_session_dir_path      4 total usages
  query_impl::check_coroutine_obligations::dynamic_query::{closure#2}::{closure#0}::__CALLSITE      4 total usages
  graph::linked_graph::LinkedGraph::<N, E>::add_edge::__CALLSITE      4 total usages
  query_impl::check_mod_attrs::try_collect_active_jobs::__CALLSITE      4 total usages
  query_impl::dropck_outlives::try_collect_active_jobs::__CALLSITE      4 total usages
  query_impl::lookup_const_stability::dynamic_query::{closure#2}::__CALLSITE      4 total usages
  <infer::outlives::test_type_match::MatchAgainstHigherRankedOutlives<'tcx> as rustc_type_ir::relate::TypeRelation<rustc_middle::ty::TyCtxt<'tcx>>>::regions::__CALLSITE      4 total usages
  query_impl::eval_to_const_value_raw::dynamic_query::{closure#2}::{closure#0}::__CALLSITE      4 total usages
  collect::predicates_of::<impl collect::ItemCtxt<'tcx>>::probe_ty_param_bounds_in_generics::__CALLSITE      4 total usages
  traits::wf::object_region_bounds::{closure#1}::__CALLSITE      4 total usages
  jump_threading::TOFinder::<'a, 'tcx>::process_statement::__CALLSITE      4 total usages
  query_impl::coroutine_for_closure::get_query_incr::__rust_end_short_backtrace::__CALLSITE      4 total usages
  query_impl::env_var_os::try_collect_active_jobs::__CALLSITE      4 total usages
  query_impl::check_potentially_region_dependent_goals::dynamic_query::{closure#2}::__CALLSITE      4 total usages
  liveness::Liveness::<'a, 'tcx>::merge_from_succ::__CALLSITE      4 total usages
  SourceFile::bytepos_to_file_charpos::__CALLSITE      4 total usages
  query_impl::normalize_canonicalized_free_alias::try_collect_active_jobs::__CALLSITE      4 total usages
  query_impl::crate_inherent_impls::get_query_incr::__rust_end_short_backtrace::__CALLSITE      4 total usages
  query_impl::orphan_check_impl::try_collect_active_jobs::__CALLSITE      4 total usages
  type_check::relate_tys::NllTypeRelating::<'a, 'b, 'tcx>::enter_forall::__CALLSITE      4 total usages
  query_impl::is_sized_raw::dynamic_query::{closure#2}::{closure#0}::__CALLSITE      4 total usages
  interpret::cast::<impl interpret::eval_context::InterpCx<'tcx, M>>::cast::{closure#1}::__CALLSITE      4 total usages
  builder::scope::<impl builder::Builder<'a, 'tcx>>::schedule_backwards_incompatible_drop::__CALLSITE      4 total usages
  traits::select::confirmation::<impl traits::select::SelectionContext<'cx, 'tcx>>::confirm_param_candidate::__CALLSITE      4 total usages
  interpret::step::<impl interpret::eval_context::InterpCx<'tcx, M>>::eval_terminator::{closure#1}::__CALLSITE      4 total usages
  query_impl::crate_extern_paths::dynamic_query::{closure#2}::__CALLSITE      4 total usages
  const_eval::valtrees::dump_place::__CALLSITE      4 total usages
  rustc::RustcPatCtxt::<'p, 'tcx>::ctor_sub_tys      4 total usages
  query_impl::in_scope_traits_map::dynamic_query::{closure#2}::__CALLSITE      4 total usages
  parser::path::<impl parser::Parser<'a>>::parse_qpath::__CALLSITE      4 total usages
  query_impl::trait_def::dynamic_query::{closure#2}::__CALLSITE      4 total usages
  query_impl::explicit_predicates_of::get_query_incr::__rust_end_short_backtrace::__CALLSITE      4 total usages
  query_impl::stripped_cfg_items::dynamic_query::{closure#2}::__CALLSITE      4 total usages
  query_impl::reachable_set::dynamic_query::{closure#2}::__CALLSITE      4 total usages
  expr_use_visitor::ExprUseVisitor::<'tcx, Cx, D>::consume_body::__CALLSITE      4 total usages
  Resolver::<'ra, 'tcx>::record_pat_span::__CALLSITE      4 total usages
  query_impl::defined_lang_items::dynamic_query::{closure#2}::__CALLSITE      4 total usages
  query_impl::object_lifetime_default::get_query_incr::__rust_end_short_backtrace::__CALLSITE      4 total usages
  query_impl::item_bounds::get_query_incr::__rust_end_short_backtrace::__CALLSITE      4 total usages
  query_impl::local_trait_impls::get_query_incr::__rust_end_short_backtrace::__CALLSITE      4 total usages
  collector::MirUsedCollector::<'a, 'tcx>::monomorphize::__CALLSITE      4 total usages
  check::wfcheck::gather_gat_bounds      4 total usages
  query_impl::normalize_canonicalized_projection_ty::dynamic_query::{closure#2}::__CALLSITE      4 total usages
  query_impl::exported_generic_symbols::get_query_incr::__rust_end_short_backtrace::__CALLSITE      4 total usages
  <A as rustc_peek::RustcPeekAt<'tcx>>::peek_at::__CALLSITE      4 total usages
  query_impl::vtable_allocation::get_query_incr::__rust_end_short_backtrace::__CALLSITE      4 total usages
  query_impl::def_kind::dynamic_query::{closure#2}::{closure#0}::__CALLSITE      4 total usages
  query_impl::live_symbols_and_ignored_derived_traits::try_collect_active_jobs::__CALLSITE      4 total usages
  <simplify::SimplifyLocals as pass_manager::MirPass<'tcx>>::run_pass::__CALLSITE      4 total usages
  query_impl::is_ctfe_mir_available::dynamic_query::{closure#2}::__CALLSITE      4 total usages
  expr_use_visitor::ExprUseVisitor::<'tcx, Cx, D>::walk_captures      4 total usages
  type_check::constraint_conversion::ConstraintConversion::<'a, 'tcx>::convert_all::__CALLSITE      4 total usages
  nll::compute_regions::{closure#2}::__CALLSITE      4 total usages
  query::plumbing::incremental_verify_ich::__CALLSITE      4 total usages
  interpret::eval_context::InterpCx::<'tcx, M>::layout_of::{closure#0}::__CALLSITE      4 total usages
  query_impl::item_bounds::dynamic_query::{closure#2}::{closure#0}::__CALLSITE      4 total usages
  traits::select::candidate_assembly::<impl traits::select::SelectionContext<'cx, 'tcx>>::assemble_async_iterator_candidates::__CALLSITE      4 total usages
  query_impl::entry_fn::get_query_incr::__rust_end_short_backtrace::__CALLSITE      4 total usages
  upvar::<impl fn_ctxt::FnCtxt<'a, 'tcx>>::final_upvar_tys::{closure#0}::__CALLSITE      4 total usages
  query_impl::assumed_wf_types::dynamic_query::{closure#2}::{closure#0}::__CALLSITE      4 total usages
  builder::scope::<impl builder::Builder<'a, 'tcx>>::new_source_scope::__CALLSITE      4 total usages
  query_impl::module_children::dynamic_query::{closure#2}::__CALLSITE      4 total usages
  expr_use_visitor::ExprUseVisitor::<'tcx, Cx, D>::walk_pat::__CALLSITE      4 total usages
  inline::create_temp_if_necessary::__CALLSITE      4 total usages
  query_impl::constness::get_query_incr::__rust_end_short_backtrace::__CALLSITE      4 total usages
  <lifetime_syntax::LifetimeSyntax as passes::LateLintPass<'tcx>>::check_foreign_item::__CALLSITE      4 total usages
  mbe::macro_rules::expand_macro_attr::__CALLSITE      4 total usages
  query_impl::is_late_bound_map::get_query_incr::__rust_end_short_backtrace::__CALLSITE      4 total usages
  opaque_types::OpaqueTypeCollector::<'tcx>::collect_taits_declared_in_body::__CALLSITE      4 total usages
  query_impl::expn_that_defined::dynamic_query::{closure#2}::__CALLSITE      4 total usages
  mono_checks::move_check::MoveCheckVisitor::<'tcx>::check_fn_args_move_size::__CALLSITE      4 total usages
  query_impl::adt_def::dynamic_query::{closure#2}::__CALLSITE      4 total usages
  solve::eval_ctxt::EvalCtxt::<'a, D>::enter_canonical::__CALLSITE      4 total usages
  query_impl::coroutine_by_move_body_def_id::dynamic_query::{closure#2}::__CALLSITE      4 total usages
  type_check::canonical::<impl type_check::TypeChecker<'a, 'tcx>>::structurally_resolve::__CALLSITE      4 total usages
  query_impl::intrinsic_raw::dynamic_query::{closure#2}::{closure#0}::__CALLSITE      4 total usages
  parser::diagnostics::<impl parser::Parser<'a>>::check_trailing_angle_brackets::{closure#1}::__CALLSITE      4 total usages
  rmeta::encoder::EncodeContext::<'a, 'tcx>::encode_incoherent_impls::__CALLSITE      4 total usages
  diagnostics::mutability_errors::<impl MirBorrowckCtxt<'_, 'infcx, 'tcx>>::construct_mut_suggestion_for_local_binding_patterns::__CALLSITE      4 total usages
  config::parse_pretty::__CALLSITE      4 total usages
  pass_manager::should_run_pass::{closure#1}::__CALLSITE      4 total usages
  elaborate_drop::DropCtxt::<'a, 'b, 'tcx, D>::drop_loop_trio_for_slice::__CALLSITE      4 total usages
  traits::project::confirm_future_candidate::__CALLSITE      4 total usages
  query_impl::needs_drop_raw::get_query_incr::__rust_end_short_backtrace::__CALLSITE      4 total usages
  query_impl::const_conditions::dynamic_query::{closure#2}::__CALLSITE      4 total usages
  traits::util::sizedness_fast_path::__CALLSITE      4 total usages
  liveness::Liveness::<'a, 'tcx>::propagate_through_loop::__CALLSITE      4 total usages
  back::link::link_dwarf_object::{closure#0}::__CALLSITE      4 total usages
  error_reporting::infer::nice_region_error::mismatched_static_lifetime::<impl error_reporting::infer::nice_region_error::NiceRegionError<'a, 'tcx>>::try_report_mismatched_static_lifetime::__CALLSITE      4 total usages
  infer::region_constraints::RegionConstraintCollector::<'_, 'tcx>::combine_vars::__CALLSITE      4 total usages
  elaborate_drop::DropCtxt::<'a, 'b, 'tcx, D>::open_drop_for_array::__CALLSITE      4 total usages
  jump_threading::TOFinder::<'a, 'tcx>::process_immediate::{closure#0}::__CALLSITE      4 total usages
  <assert_dep_graph::GraphvizDepGraph as rustc_graphviz::Labeller<'a>>::node_id::__CALLSITE      4 total usages
  error_reporting::traits::suggestions::<impl error_reporting::TypeErrCtxt<'a, 'tcx>>::note_obligation_cause_code::__CALLSITE      4 total usages
  traits::project::normalize_inherent_projection::__CALLSITE      4 total usages
  builder::custom::parse::instruction::<impl builder::custom::ParseCtxt<'a, 'tcx>>::parse_block::__CALLSITE      4 total usages
  query_impl::default_field::get_query_incr::__rust_end_short_backtrace::__CALLSITE      4 total usages
  error_reporting::infer::suggest::<impl error_reporting::TypeErrCtxt<'_, 'tcx>>::suggest_accessing_field_where_appropriate::__CALLSITE      4 total usages
  query_impl::module_children::get_query_incr::__rust_end_short_backtrace::__CALLSITE      4 total usages
  query_impl::lookup_const_stability::get_query_incr::__rust_end_short_backtrace::__CALLSITE      4 total usages
  spec::targets::bpfel_unknown_none      4 total usages
  expr_use_visitor::ExprUseVisitor::<'tcx, Cx, D>::walk_adjustment::__CALLSITE      4 total usages
  query_impl::associated_types_for_impl_traits_in_trait_or_impl::try_collect_active_jobs::__CALLSITE      4 total usages
  known_panics_lint::ConstPropagator::<'mir, 'tcx>::check_rvalue      4 total usages
  solve::alias_relate::<impl solve::eval_ctxt::EvalCtxt<'_, D>>::compute_alias_relate_goal::{closure#0}::__CALLSITE      4 total usages
  solve::eval_ctxt::canonical::<impl solve::eval_ctxt::EvalCtxt<'_, D>>::unify_query_var_values::__CALLSITE      4 total usages
  method::probe::<impl fn_ctxt::FnCtxt<'a, 'tcx>>::probe_op::__CALLSITE      4 total usages
  search_graph::SearchGraph::<D>::evaluate_goal::{closure#0}::__CALLSITE      4 total usages
  compiler_interface::smir_crate::__CALLSITE      4 total usages
  query_impl::visibility::get_query_incr::__rust_end_short_backtrace::__CALLSITE      4 total usages
  query_impl::is_async_drop_raw::dynamic_query::{closure#2}::__CALLSITE      4 total usages
  query_impl::doc_link_resolutions::try_collect_active_jobs::__CALLSITE      4 total usages
  query_impl::check_well_formed::get_query_incr::__rust_end_short_backtrace::__CALLSITE      4 total usages
  query_impl::proc_macro_decls_static::try_collect_active_jobs::__CALLSITE      4 total usages
  infer::outlives::verify::VerifyBoundCx::<'cx, 'tcx>::declared_generic_bounds_from_env_for_erased_ty::__CALLSITE      4 total usages
  query_impl::adt_dtorck_constraint::dynamic_query::{closure#2}::__CALLSITE      4 total usages
  query_impl::type_op_ascribe_user_type::get_query_incr::__rust_end_short_backtrace::__CALLSITE      4 total usages
  query_impl::upstream_async_drop_glue_for::try_collect_active_jobs::__CALLSITE      4 total usages
  locator::CrateLocator::<'a>::crate_matches      4 total usages
  liveness::IrMaps::<'tcx>::add_variable::__CALLSITE      4 total usages
  <infer::relate::lattice::LatticeOp<'_, 'tcx> as rustc_type_ir::relate::TypeRelation<rustc_middle::ty::TyCtxt<'tcx>>>::tys::__CALLSITE      4 total usages
  <collect::type_of::opaque::TaitConstraintLocator<'tcx> as rustc_hir::intravisit::Visitor<'tcx>>::visit_foreign_item::__CALLSITE      4 total usages
  solve::<impl solve::eval_ctxt::EvalCtxt<'a, D>>::compute_type_outlives_goal::__CALLSITE      4 total usages
  query_impl::early_lint_checks::get_query_incr::__rust_end_short_backtrace::__CALLSITE      4 total usages
  errors::wrong_number_of_generic_args::WrongNumberOfGenericArgs::<'a, 'tcx>::suggest_removing_args_or_generics::{closure#1}::__CALLSITE      4 total usages
  query_impl::hir_module_items::try_collect_active_jobs::__CALLSITE      4 total usages
  ffi_unwind_calls::has_ffi_unwind_calls::__CALLSITE      4 total usages
  check_attr::CheckAttrVisitor::<'tcx>::check_doc_keyword_and_attribute      4 total usages
  query_impl::hir_crate::get_query_incr::__rust_end_short_backtrace::__CALLSITE      4 total usages
  context::LintStore::check_tool_name_for_backwards_compat::__CALLSITE      4 total usages
  builder::matches::<impl builder::Builder<'a, 'tcx>>::match_candidates::__CALLSITE      4 total usages
  query_impl::foreign_modules::try_collect_active_jobs::__CALLSITE      4 total usages
  interpret::stack::<impl interpret::eval_context::InterpCx<'tcx, M>>::storage_dead::__CALLSITE      4 total usages
  traits::select::SelectionContext::<'cx, 'tcx>::is_knowable::__CALLSITE      4 total usages
  query_impl::fn_sig::try_collect_active_jobs::__CALLSITE      4 total usages
  query_impl::lookup_deprecation_entry::dynamic_query::{closure#2}::{closure#0}::__CALLSITE      4 total usages
  query_impl::required_panic_strategy::try_collect_active_jobs::__CALLSITE      4 total usages
  diagnostics::mutability_errors::mut_borrow_of_mutable_ref::__CALLSITE      4 total usages
  query_impl::global_backend_features::dynamic_query::{closure#2}::{closure#0}::__CALLSITE      4 total usages
  infer::outlives::verify::VerifyBoundCx::<'cx, 'tcx>::param_or_placeholder_bound      4 total usages
  query_impl::check_unused_traits::dynamic_query::{closure#2}::__CALLSITE      4 total usages
  query_impl::lint_expectations::try_collect_active_jobs::__CALLSITE      4 total usages
  query_impl::mir_callgraph_cyclic::try_collect_active_jobs::__CALLSITE      4 total usages
  ident::<impl Resolver<'ra, 'tcx>>::resolve_ident_in_module::__CALLSITE      4 total usages
  query_impl::normalize_canonicalized_free_alias::dynamic_query::{closure#2}::__CALLSITE      4 total usages
  query_impl::check_match::get_query_incr::__rust_end_short_backtrace::__CALLSITE      4 total usages
  <ty::opaque_types::ReverseMapper<'tcx> as rustc_type_ir::TypeFolder<ty::context::TyCtxt<'tcx>>>::fold_region::__CALLSITE      4 total usages
  expr_use_visitor::ExprUseVisitor::<'tcx, Cx, D>::borrow_expr::__CALLSITE      4 total usages
  error_reporting::traits::<impl error_reporting::TypeErrCtxt<'a, 'tcx>>::report_fulfillment_error::__CALLSITE      4 total usages
  query_impl::lookup_deprecation_entry::get_query_incr::__rust_end_short_backtrace::__CALLSITE      4 total usages
  query_impl::type_op_normalize_ty::dynamic_query::{closure#2}::__CALLSITE      4 total usages
  query_impl::erase_and_anonymize_regions_ty::try_collect_active_jobs::__CALLSITE      4 total usages
  query_impl::implied_target_features::dynamic_query::{closure#2}::{closure#0}::__CALLSITE      4 total usages
  variance::constraints::ConstraintContext::<'a, 'tcx>::add_constraint::__CALLSITE      4 total usages
  patch::MirPatch::<'tcx>::patch_terminator::__CALLSITE      4 total usages
  query_impl::clashing_extern_declarations::dynamic_query::{closure#2}::{closure#0}::__CALLSITE      4 total usages
  region_infer::values::LivenessValues::add_location::__CALLSITE      4 total usages
  query_impl::type_of::get_query_incr::__rust_end_short_backtrace::__CALLSITE      4 total usages
  query_impl::analysis::try_collect_active_jobs::__CALLSITE      4 total usages
  LoweringContext::<'a, 'hir>::lower_anon_const_to_const_arg_direct::__CALLSITE      4 total usages
  query_impl::late_bound_vars_map::dynamic_query::{closure#2}::__CALLSITE      4 total usages
  query_impl::is_use_cloned_raw::dynamic_query::{closure#2}::__CALLSITE      4 total usages
  error_reporting::traits::on_unimplemented::OnUnimplementedDirective::evaluate      4 total usages
  query_impl::lint_mod::get_query_incr::__rust_end_short_backtrace::__CALLSITE      4 total usages
  MirBorrowckCtxt::<'a, '_, 'tcx>::check_access_permissions::__CALLSITE      4 total usages
  <BorrowckInferCtxt<'tcx> as universal_regions::InferCtxtExt<'tcx>>::replace_bound_regions_with_nll_infer_vars::{closure#0}::__CALLSITE      4 total usages
  interpret::util::ensure_monomorphic_enough::__CALLSITE      4 total usages
  query_impl::upstream_monomorphizations::try_collect_active_jobs::__CALLSITE      4 total usages
  <type_check::TypeChecker<'a, 'tcx> as rustc_middle::mir::visit::Visitor<'tcx>>::visit_operand::__CALLSITE      4 total usages
  hygiene::decode_expn_id::__CALLSITE      4 total usages
  query_impl::generics_of::get_query_incr::__rust_end_short_backtrace::__CALLSITE      4 total usages
  <unused::UnusedResults as passes::LateLintPass<'tcx>>::check_stmt::emit_must_use_untranslated::__CALLSITE      4 total usages
  query_impl::unsizing_params_for_adt::dynamic_query::{closure#2}::{closure#0}::__CALLSITE      4 total usages
  query_impl::symbol_name::dynamic_query::{closure#2}::{closure#0}::__CALLSITE      4 total usages
  query_impl::global_backend_features::dynamic_query::{closure#2}::__CALLSITE      4 total usages
  error_reporting::infer::region::<impl error_reporting::TypeErrCtxt<'a, 'tcx>>::report_placeholder_failure::__CALLSITE      4 total usages
  diagnostics::conflict_errors::<impl MirBorrowckCtxt<'_, 'infcx, 'tcx>>::report_use_of_moved_or_uninitialized      4 total usages
  query_impl::named_variable_map::try_collect_active_jobs::__CALLSITE      4 total usages
  query_impl::crate_inherent_impls::dynamic_query::{closure#2}::__CALLSITE      4 total usages
  query_impl::is_use_cloned_raw::dynamic_query::{closure#2}::{closure#0}::__CALLSITE      4 total usages
  query_impl::optimized_mir::get_query_incr::__rust_end_short_backtrace::__CALLSITE      4 total usages
  query_impl::num_extern_def_ids::dynamic_query::{closure#2}::__CALLSITE      4 total usages
  query_impl::crate_extern_paths::get_query_incr::__rust_end_short_backtrace::__CALLSITE      4 total usages
  fn_ctxt::inspect_obligations::<impl fn_ctxt::FnCtxt<'a, 'tcx>>::type_matches_expected_vid::{closure#0}::__CALLSITE      4 total usages
  query_impl::mir_shims::dynamic_query::{closure#2}::{closure#0}::__CALLSITE      4 total usages
  mir::operand::OperandRef::<'tcx, V>::from_immediate_or_packed_pair::__CALLSITE      4 total usages
  const_eval::try_destructure_mir_constant_for_user_output::__CALLSITE      4 total usages
  codegen::codegen_select_candidate::__CALLSITE      4 total usages
  query_impl::used_trait_imports::get_query_incr::__rust_end_short_backtrace::__CALLSITE      4 total usages
  query_impl::lint_expectations::dynamic_query::{closure#2}::{closure#0}::__CALLSITE      4 total usages
  query_impl::source_span::get_query_incr::__rust_end_short_backtrace::__CALLSITE      4 total usages
  query_impl::collect_return_position_impl_trait_in_trait_tys::dynamic_query::{closure#2}::__CALLSITE      4 total usages
  query_impl::upstream_monomorphizations::dynamic_query::{closure#2}::__CALLSITE      4 total usages
  query_impl::mir_for_ctfe::get_query_incr::__rust_end_short_backtrace::__CALLSITE      4 total usages
  needs_drop::drop_tys_helper::{closure#0}::{closure#0}::__CALLSITE      4 total usages
  query_impl::missing_extern_crate_item::try_collect_active_jobs::__CALLSITE      4 total usages
  query_impl::inferred_outlives_crate::try_collect_active_jobs::__CALLSITE      4 total usages
  query_impl::is_promotable_const_fn::get_query_incr::__rust_end_short_backtrace::__CALLSITE      4 total usages
  search_graph::SearchGraph::<D>::handle_overflow::__CALLSITE      4 total usages
  query_impl::opt_hir_owner_nodes::dynamic_query::{closure#2}::__CALLSITE      4 total usages
  query_impl::supertrait_vtable_slot::dynamic_query::{closure#2}::__CALLSITE      4 total usages
  query_impl::check_mod_privacy::dynamic_query::{closure#2}::{closure#0}::__CALLSITE      4 total usages
  query_impl::def_ident_span::dynamic_query::{closure#2}::__CALLSITE      4 total usages
  traits::project::confirm_impl_candidate::__CALLSITE      4 total usages
  thir::cx::ThirBuildCx::<'tcx>::pattern_from_hir::__CALLSITE      4 total usages
  query_impl::in_scope_traits_map::dynamic_query::{closure#2}::{closure#0}::__CALLSITE      4 total usages
  rustc_peek::sanity_check_via_rustc_peek::__CALLSITE      4 total usages
  mir::find_self_call::__CALLSITE      4 total usages
  query_impl::promoted_mir::get_query_incr::__rust_end_short_backtrace::__CALLSITE      4 total usages
  query_impl::adt_async_drop_tys::try_collect_active_jobs::__CALLSITE      4 total usages
  late::LateResolutionVisitor::<'a, 'ast, 'ra, 'tcx>::resolve_adt::__CALLSITE      4 total usages
  query_impl::is_doc_hidden::try_collect_active_jobs::__CALLSITE      4 total usages
  query_impl::check_tail_calls::dynamic_query::{closure#2}::__CALLSITE      4 total usages
  check::wfcheck::check_impl::{closure#0}::__CALLSITE      4 total usages
  context::LintStore::is_lint_group::__CALLSITE      4 total usages
  <collect::ItemCtxt<'tcx> as hir_ty_lowering::HirTyLowerer<'tcx>>::select_inherent_assoc_candidates::{closure#0}::__CALLSITE      4 total usages
  <known_panics_lint::ConstPropagator<'_, 'tcx> as rustc_middle::mir::visit::Visitor<'tcx>>::visit_const_operand::__CALLSITE      4 total usages
  <types::VariantSizeDifferences as passes::LateLintPass<'tcx>>::check_item::{closure#0}::__CALLSITE      4 total usages
  query_impl::dep_kind::dynamic_query::{closure#2}::{closure#0}::__CALLSITE      4 total usages
  variance::constraints::ConstraintContext::<'a, 'tcx>::add_constraints_from_invariant_args::__CALLSITE      4 total usages
  query_impl::vtable_allocation::dynamic_query::{closure#2}::{closure#0}::__CALLSITE      4 total usages
  query_impl::is_no_builtins::dynamic_query::{closure#2}::__CALLSITE      4 total usages
  builder::expr::stmt::<impl builder::Builder<'a, 'tcx>>::stmt_expr::{closure#1}::__CALLSITE      4 total usages
  rmeta::decoder::<impl creader::CrateMetadataRef<'a>>::def_path::__CALLSITE      4 total usages
  query_impl::analysis::dynamic_query::{closure#2}::__CALLSITE      4 total usages
  method::probe::ProbeContext::<'a, 'tcx>::assemble_inherent_impl_probe::__CALLSITE      4 total usages
  SearchInterfaceForPrivateItemsVisitor::<'_>::leaks_private_dep::__CALLSITE      4 total usages
  <collect::ItemCtxt<'tcx> as hir_ty_lowering::HirTyLowerer<'tcx>>::select_inherent_assoc_candidates::{closure#0}::{closure#0}::__CALLSITE      4 total usages
  liveness::Liveness::<'a, 'tcx>::define::__CALLSITE      4 total usages
  query_impl::has_significant_drop_raw::get_query_incr::__rust_end_short_backtrace::__CALLSITE      4 total usages
  infer::lexical_region_resolve::LexicalResolver::<'cx, 'tcx>::collect_var_errors::__CALLSITE      4 total usages
  mir::interpret::queries::<impl ty::context::TyCtxt<'tcx>>::const_eval_poly_to_alloc::__CALLSITE      4 total usages
  query_impl::normalize_canonicalized_inherent_projection_ty::get_query_incr::__rust_end_short_backtrace::__CALLSITE      4 total usages
  <ty::print::pretty::FmtPrinter<'_, 'tcx>::prepare_region_info::RegionNameCollector<'tcx> as rustc_type_ir::TypeVisitor<ty::context::TyCtxt<'tcx>>>::visit_region::__CALLSITE      4 total usages
  <known_panics_lint::ConstPropagator<'_, 'tcx> as rustc_middle::mir::visit::Visitor<'tcx>>::visit_assign::__CALLSITE      4 total usages
  query_impl::get_lang_items::try_collect_active_jobs::__CALLSITE      4 total usages
  query_impl::stripped_cfg_items::try_collect_active_jobs::__CALLSITE      4 total usages
  query_impl::coroutine_for_closure::dynamic_query::{closure#2}::__CALLSITE      4 total usages
  query_impl::associated_items::try_collect_active_jobs::__CALLSITE      4 total usages
  query_impl::typeck::get_query_incr::__rust_end_short_backtrace::__CALLSITE      4 total usages
  traits::query::type_op::ascribe_user_type::relate_mir_and_user_ty::__CALLSITE      4 total usages
  <upvar::InferBorrowKind<'tcx> as expr_use_visitor::Delegate<'tcx>>::use_cloned::__CALLSITE      4 total usages
  inline::inline_call::__CALLSITE      4 total usages
  traits::select::confirmation::<impl traits::select::SelectionContext<'cx, 'tcx>>::confirm_candidate::__CALLSITE      4 total usages
  query_impl::visibility::dynamic_query::{closure#2}::__CALLSITE      4 total usages
  type_check::free_region_relations::UniversalRegionRelations::<'_>::non_local_upper_bounds::__CALLSITE      4 total usages
  expr_use_visitor::ExprUseVisitor::<'tcx, Cx, D>::consume_or_clone_expr::__CALLSITE      4 total usages
  query_impl::mir_borrowck::try_collect_active_jobs::__CALLSITE      4 total usages
  query_impl::collect_return_position_impl_trait_in_trait_tys::dynamic_query::{closure#2}::{closure#0}::__CALLSITE      4 total usages
  layout::layout_of_uncached::{closure#15}::__CALLSITE      4 total usages
  <ctfe_limit::CtfeLimit as pass_manager::MirPass<'tcx>>::run_pass::__CALLSITE      4 total usages
  <BorrowckInferCtxt<'tcx> as universal_regions::InferCtxtExt<'tcx>>::replace_free_regions_with_nll_infer_vars::__CALLSITE      4 total usages
  query_impl::valtree_to_const_val::dynamic_query::{closure#2}::__CALLSITE      4 total usages
  hygiene::update_disambiguator::__CALLSITE      4 total usages
  query_impl::mir_keys::dynamic_query::{closure#2}::__CALLSITE      4 total usages
  hygiene::decode_syntax_context::__CALLSITE      4 total usages
  passes::configure_and_expand::__CALLSITE      4 total usages
  meth::VirtualIndex::get_fn_inner::__CALLSITE      4 total usages
  query_impl::fn_sig::get_query_incr::__rust_end_short_backtrace::__CALLSITE      4 total usages
  patch::MirPatch::<'tcx>::apply      4 total usages
  query_impl::lib_features::get_query_incr::__rust_end_short_backtrace::__CALLSITE      4 total usages
  check::compare_impl_item::compare_impl_method::__CALLSITE      4 total usages
  query_impl::type_op_prove_predicate::dynamic_query::{closure#2}::__CALLSITE      4 total usages
  query_impl::type_op_prove_predicate::try_collect_active_jobs::__CALLSITE      4 total usages
  ty::normalize_erasing_regions::TryNormalizeAfterErasingRegionsFolder::<'tcx>::try_normalize_generic_arg_after_erasing_regions::__CALLSITE      4 total usages
  persist::load::delete_dirty_work_product::__CALLSITE      4 total usages
  query_impl::layout_of::try_collect_active_jobs::__CALLSITE      4 total usages
  ty::significant_drop_order::ty_dtor_span::__CALLSITE      4 total usages
  thir::pattern::PatCtxt::<'a, 'tcx>::lower_pattern_unadjusted::__CALLSITE      4 total usages
  query_impl::normalize_canonicalized_inherent_projection_ty::try_collect_active_jobs::__CALLSITE      4 total usages
  query_impl::coverage_attr_on::try_collect_active_jobs::__CALLSITE      4 total usages
  const_eval::tag_for_variant_provider::__CALLSITE      4 total usages
  query_impl::crate_extern_paths::dynamic_query::{closure#2}::{closure#0}::__CALLSITE      4 total usages
  query_impl::opaque_captured_lifetimes::dynamic_query::{closure#2}::{closure#0}::__CALLSITE      4 total usages
  assert_dep_graph::walk_nodes::__CALLSITE      4 total usages
  back::symbol_export::reachable_non_generics_provider::{closure#1}::__CALLSITE      4 total usages
  query_impl::visible_parent_map::dynamic_query::{closure#2}::{closure#0}::__CALLSITE      4 total usages
  fn_ctxt::checks::<impl fn_ctxt::FnCtxt<'a, 'tcx>>::check_argument_types      4 total usages
  query_impl::is_mir_available::get_query_incr::__rust_end_short_backtrace::__CALLSITE      4 total usages
  query_impl::default_field::dynamic_query::{closure#2}::__CALLSITE      4 total usages
  query_impl::source_span::dynamic_query::{closure#2}::{closure#0}::__CALLSITE      4 total usages
  passes::write_out_deps::hash_iter_files::{closure#0}::{closure#0}::{closure#2}::__CALLSITE      4 total usages
  query_impl::def_span::dynamic_query::{closure#2}::{closure#0}::__CALLSITE      4 total usages
  fallback::<impl fn_ctxt::FnCtxt<'_, 'tcx>>::lint_never_type_fallback_flowing_into_unsafe_code::{closure#0}::__CALLSITE      4 total usages
  query_impl::associated_item::get_query_incr::__rust_end_short_backtrace::__CALLSITE      4 total usages
  <infer::outlives::test_type_match::MatchAgainstHigherRankedOutlives<'tcx> as rustc_type_ir::relate::TypeRelation<rustc_middle::ty::TyCtxt<'tcx>>>::relate_with_variance::__CALLSITE      4 total usages
  query_impl::impl_self_is_guaranteed_unsized::dynamic_query::{closure#2}::__CALLSITE      4 total usages
  query_impl::own_existential_vtable_entries::dynamic_query::{closure#2}::{closure#0}::__CALLSITE      4 total usages
  <D as solve::eval_ctxt::SolverDelegateEvalExt>::evaluate_root_goal_for_proof_tree::__CALLSITE      4 total usages
  query_impl::thir_abstract_const::get_query_incr::__rust_end_short_backtrace::__CALLSITE      4 total usages
  query_impl::check_mod_privacy::get_query_incr::__rust_end_short_backtrace::__CALLSITE      4 total usages
  infer::outlives::obligations::<impl infer::InferCtxt<'tcx>>::register_type_outlives_constraint_inner::__CALLSITE      4 total usages
  query_impl::adt_async_destructor::try_collect_active_jobs::__CALLSITE      4 total usages
  query_impl::is_mir_available::dynamic_query::{closure#2}::__CALLSITE      4 total usages
  query_impl::dylib_dependency_formats::get_query_incr::__rust_end_short_backtrace::__CALLSITE      4 total usages
  upvar::<impl fn_ctxt::FnCtxt<'a, 'tcx>>::compute_2229_migrations::__CALLSITE      4 total usages
  query_impl::inhabited_predicate_type::get_query_incr::__rust_end_short_backtrace::__CALLSITE      4 total usages
  query_impl::is_use_cloned_raw::try_collect_active_jobs::__CALLSITE      4 total usages
  interface::run_compiler::__CALLSITE      4 total usages
  query_impl::upstream_monomorphizations_for::dynamic_query::{closure#2}::{closure#0}::__CALLSITE      4 total usages
  query_impl::entry_fn::try_collect_active_jobs::__CALLSITE      4 total usages
  <relate::solver_relating::SolverRelating<'_, Infcx, I> as relate::TypeRelation<I>>::tys::__CALLSITE      4 total usages
  partitioning::debug_dump::__CALLSITE      4 total usages
  builder::block::<impl builder::Builder<'a, 'tcx>>::ast_block_stmts::__CALLSITE      4 total usages
  method::probe::ProbeContext::<'a, 'tcx>::assemble_inherent_candidates_from_param::__CALLSITE      4 total usages
  query_impl::is_unpin_raw::dynamic_query::{closure#2}::__CALLSITE      4 total usages
  <ty::opaque_types::ReverseMapper<'tcx> as rustc_type_ir::TypeFolder<ty::context::TyCtxt<'tcx>>>::fold_ty::__CALLSITE      4 total usages
  solve::assembly::<impl solve::eval_ctxt::EvalCtxt<'_, D>>::assemble_object_bound_candidates::__CALLSITE      4 total usages
  query_impl::early_lint_checks::try_collect_active_jobs::__CALLSITE      4 total usages
  thir::pattern::check_match::MatchVisitor::<'p, 'tcx>::with_let_source::__CALLSITE      4 total usages
  patch::MirPatch::<'tcx>::new_block::__CALLSITE      4 total usages
  query_impl::instantiate_and_check_impossible_predicates::dynamic_query::{closure#2}::__CALLSITE      4 total usages
  meth::get_vtable::__CALLSITE      4 total usages
  <infer::relate::type_relating::TypeRelating<'_, 'tcx> as rustc_type_ir::relate::TypeRelation<rustc_middle::ty::TyCtxt<'tcx>>>::consts::__CALLSITE      4 total usages
  query_impl::visible_parent_map::try_collect_active_jobs::__CALLSITE      4 total usages
  query_impl::dyn_compatibility_violations::get_query_incr::__rust_end_short_backtrace::__CALLSITE      4 total usages
  locator::get_metadata_section      4 total usages
  builder::custom::parse::instruction::<impl builder::custom::ParseCtxt<'a, 'tcx>>::parse_local::__CALLSITE      4 total usages
  type_check::TypeChecker::<'a, 'tcx>::prove_aggregate_predicates::__CALLSITE      4 total usages
  query_impl::is_freeze_raw::get_query_incr::__rust_end_short_backtrace::__CALLSITE      4 total usages
  query_impl::registered_tools::dynamic_query::{closure#2}::{closure#0}::__CALLSITE      4 total usages
  query_impl::coerce_unsized_info::dynamic_query::{closure#2}::__CALLSITE      4 total usages
  thir::pattern::check_match::MatchVisitor::<'p, 'tcx>::check_binding_is_irrefutable::__CALLSITE      4 total usages
  query_impl::evaluate_obligation::dynamic_query::{closure#2}::__CALLSITE      4 total usages
  query_impl::eval_to_valtree::dynamic_query::{closure#2}::{closure#0}::__CALLSITE      4 total usages
  interpret::intrinsics::<impl interpret::eval_context::InterpCx<'tcx, M>>::eval_intrinsic::__CALLSITE      4 total usages
  query_impl::generics_of::try_collect_active_jobs::__CALLSITE      4 total usages
  solve::assembly::<impl solve::eval_ctxt::EvalCtxt<'_, D>>::assemble_impl_candidates::__CALLSITE      4 total usages
  query_impl::stable_order_of_exportable_impls::get_query_incr::__rust_end_short_backtrace::__CALLSITE      4 total usages
  test_harness::mk_tests_slice::__CALLSITE      4 total usages
  <mbe::diagnostics::CollectTrackerAndEmitter<'dcx, 'matcher> as mbe::macro_rules::Tracker<'matcher>>::after_arm::__CALLSITE      4 total usages
  method::probe::ProbeContext::<'a, 'tcx>::assemble_extension_candidates_for_traits_in_scope::__CALLSITE      4 total usages
  query_impl::object_lifetime_default::try_collect_active_jobs::__CALLSITE      4 total usages
  region_infer::values::LivenessValues::add_points::__CALLSITE      4 total usages
  query_impl::type_param_predicates::dynamic_query::{closure#2}::{closure#0}::__CALLSITE      4 total usages
  query_impl::type_alias_is_lazy::try_collect_active_jobs::__CALLSITE      4 total usages
  query_impl::nested_bodies_within::dynamic_query::{closure#2}::__CALLSITE      4 total usages
  query_impl::normalize_canonicalized_free_alias::dynamic_query::{closure#2}::{closure#0}::__CALLSITE      4 total usages
  query_impl::is_copy_raw::get_query_incr::__rust_end_short_backtrace::__CALLSITE      4 total usages
  query_impl::implementations_of_trait::try_collect_active_jobs::__CALLSITE      4 total usages
  query_impl::mir_built::dynamic_query::{closure#2}::{closure#0}::__CALLSITE      4 total usages
  query_impl::impl_super_outlives::dynamic_query::{closure#2}::__CALLSITE      4 total usages
  query_impl::opaque_ty_origin::dynamic_query::{closure#2}::{closure#0}::__CALLSITE      4 total usages
  query_impl::hir_crate::dynamic_query::{closure#2}::__CALLSITE      4 total usages
  <type_check::TypeChecker<'a, 'tcx> as rustc_middle::mir::visit::Visitor<'tcx>>::visit_projection_elem::__CALLSITE      4 total usages
  query_impl::object_lifetime_default::dynamic_query::{closure#2}::__CALLSITE      4 total usages
  mir::mono            4 total usages
  query_impl::adt_significant_drop_tys::get_query_incr::__rust_end_short_backtrace::__CALLSITE      4 total usages
  region_infer::values::RegionValues::<N>::add_element::__CALLSITE      4 total usages
  query_impl::explicit_implied_predicates_of::try_collect_active_jobs::__CALLSITE      4 total usages
  query_impl::crate_inherent_impls_overlap_check::dynamic_query::{closure#2}::__CALLSITE      4 total usages
  query_impl::upstream_monomorphizations::dynamic_query::{closure#2}::{closure#0}::__CALLSITE      4 total usages
  query_impl::hir_crate_items::dynamic_query::{closure#2}::__CALLSITE      4 total usages
  query_impl::wasm_import_module_map::get_query_incr::__rust_end_short_backtrace::__CALLSITE      4 total usages
  query_impl::inherent_impls::get_query_incr::__rust_end_short_backtrace::__CALLSITE      4 total usages
  query_impl::is_promotable_const_fn::dynamic_query::{closure#2}::__CALLSITE      4 total usages
  query_impl::representability_adt_ty::dynamic_query::{closure#2}::{closure#0}::__CALLSITE      4 total usages
  query_impl::rust_target_features::dynamic_query::{closure#2}::__CALLSITE      4 total usages
  query_impl::inherent_impls::dynamic_query::{closure#2}::{closure#0}::__CALLSITE      4 total usages
  query_impl::diagnostic_items::dynamic_query::{closure#2}::__CALLSITE      4 total usages
  query_impl::symbol_mangling_version::dynamic_query::{closure#2}::__CALLSITE      4 total usages
  query_impl::crate_inherent_impls::try_collect_active_jobs::__CALLSITE      4 total usages
  <types::improper_ctypes::ImproperCTypesLint::check_type_for_external_abi_fnptr::FnPtrFinder<'tcx> as rustc_hir::intravisit::Visitor<'_>>::visit_ty::__CALLSITE      4 total usages
  type_check::canonical::<impl type_check::TypeChecker<'a, 'tcx>>::prove_predicate::__CALLSITE      4 total usages
  query_impl::layout_of::dynamic_query::{closure#2}::{closure#0}::__CALLSITE      4 total usages
  <infer::outlives::test_type_match::MatchAgainstHigherRankedOutlives<'tcx> as rustc_type_ir::relate::TypeRelation<rustc_middle::ty::TyCtxt<'tcx>>>::tys::__CALLSITE      4 total usages
  query_impl::missing_extern_crate_item::dynamic_query::{closure#2}::{closure#0}::__CALLSITE      4 total usages
  query_impl::check_potentially_region_dependent_goals::try_collect_active_jobs::__CALLSITE      4 total usages
  query_impl::lookup_stability::get_query_incr::__rust_end_short_backtrace::__CALLSITE      4 total usages
  query_impl::inherit_sig_for_delegation_item::try_collect_active_jobs::__CALLSITE      4 total usages
  late::LateResolutionVisitor::<'a, 'ast, 'ra, 'tcx>::resolve_anon_const::__CALLSITE      4 total usages
  query_impl::adt_drop_tys::dynamic_query::{closure#2}::__CALLSITE      4 total usages
  query_impl::coroutine_kind::dynamic_query::{closure#2}::__CALLSITE      4 total usages
  query_impl::implied_outlives_bounds::dynamic_query::{closure#2}::__CALLSITE      4 total usages
  LoweringContext::<'a, 'hir>::lower_coroutine_fn_ret_ty::__CALLSITE      4 total usages
  sync::worker_local      4 total usages
  query_impl::lints_that_dont_need_to_run::get_query_incr::__rust_end_short_backtrace::__CALLSITE      4 total usages
  query_impl::default_field::try_collect_active_jobs::__CALLSITE      4 total usages
  query_impl::adt_destructor::get_query_incr::__rust_end_short_backtrace::__CALLSITE      4 total usages
  interpret::stack::<impl interpret::eval_context::InterpCx<'tcx, M>>::deallocate_local::__CALLSITE      4 total usages
  interpret::call::<impl interpret::eval_context::InterpCx<'tcx, M>>::init_stack_frame::{closure#2}::__CALLSITE      4 total usages
  query_impl::normalize_canonicalized_projection_ty::get_query_incr::__rust_end_short_backtrace::__CALLSITE      4 total usages
  query_impl::in_scope_traits_map::get_query_incr::__rust_end_short_backtrace::__CALLSITE      4 total usages
  search_graph::SearchGraph::<D>::evaluate_goal::{closure#0}::{closure#0}::__CALLSITE      4 total usages
  diagnostics::conflict_errors::<impl MirBorrowckCtxt<'_, 'infcx, 'tcx>>::report_escaping_closure_capture::__CALLSITE      4 total usages
  query_impl::used_trait_imports::dynamic_query::{closure#2}::{closure#0}::__CALLSITE      4 total usages
  query_impl::upvars_mentioned::get_query_incr::__rust_end_short_backtrace::__CALLSITE      4 total usages
  ty::sty::<impl ty::Ty<'tcx>>::has_trivial_sizedness::__CALLSITE      4 total usages
  util::literal::filtered_float_lit::__CALLSITE      4 total usages
  check::compare_impl_item::compare_impl_item::__CALLSITE      4 total usages
  query_impl::dropck_outlives::dynamic_query::{closure#2}::__CALLSITE      4 total usages
  late::LateResolutionVisitor::<'a, 'ast, 'ra, 'tcx>::record_lifetime_res::__CALLSITE      4 total usages
  dep_graph::serialized::SerializedDepGraph::decode::{closure#0}::__CALLSITE      4 total usages
  query_impl::mir_callgraph_cyclic::dynamic_query::{closure#2}::__CALLSITE      4 total usages
  <check::region::ScopeResolutionVisitor<'tcx> as rustc_hir::intravisit::Visitor<'tcx>>::visit_body::__CALLSITE      4 total usages
  coverage::graph::CoverageGraph::compute_basic_coverage_blocks::__CALLSITE      4 total usages
  mir::block::<impl mir::FunctionCx<'a, 'tcx, Bx>>::codegen_call_terminator::__CALLSITE      4 total usages
  query_impl::eval_to_valtree::dynamic_query::{closure#2}::__CALLSITE      4 total usages
  query_impl::check_mod_deathness::get_query_incr::__rust_end_short_backtrace::__CALLSITE      4 total usages
  query_impl::mir_promoted::dynamic_query::{closure#2}::{closure#0}::__CALLSITE      4 total usages
  simplify::remove_unused_definitions_helper::{closure#0}::__CALLSITE      4 total usages
  query_impl::coverage_ids_info::get_query_incr::__rust_end_short_backtrace::__CALLSITE      4 total usages
  query_impl::output_filenames::try_collect_active_jobs::__CALLSITE      4 total usages
  query_impl::type_of_opaque_hir_typeck::try_collect_active_jobs::__CALLSITE      4 total usages
  <T as ty::diagnostics::IsSuggestable<'tcx>>::is_suggestable::__CALLSITE      4 total usages
  query_impl::eval_to_allocation_raw::dynamic_query::{closure#2}::__CALLSITE      4 total usages
  query_impl::shallow_lint_levels_on::get_query_incr::__rust_end_short_backtrace::__CALLSITE      4 total usages
  known_panics_lint::ConstPropagator::<'mir, 'tcx>::check_binary_op::__CALLSITE      4 total usages
  <traits::fulfill::FulfillmentContext<'tcx, E> as rustc_infer::traits::TraitEngine<'tcx, E>>::register_predicate_obligation::__CALLSITE      4 total usages
  method::confirm::ConfirmContext::<'a, 'tcx>::unify_receivers::__CALLSITE      4 total usages
  rmeta::encoder::EncodeContext::<'a, 'tcx>::encode_mir::__CALLSITE      4 total usages
  query_impl::crate_inherent_impls_overlap_check::dynamic_query::{closure#2}::{closure#0}::__CALLSITE      4 total usages
  traits::select::candidate_assembly::<impl traits::select::SelectionContext<'cx, 'tcx>>::assemble_candidates      4 total usages
  query_impl::check_private_in_public::dynamic_query::{closure#2}::__CALLSITE      4 total usages
  query_impl::asyncness::get_query_incr::__rust_end_short_backtrace::__CALLSITE      4 total usages
  query_impl::impl_self_is_guaranteed_unsized::get_query_incr::__rust_end_short_backtrace::__CALLSITE      4 total usages
  query_impl::hir_owner_parent::dynamic_query::{closure#2}::__CALLSITE      4 total usages
  <back::metadata::DefaultMetadataLoader as rustc_metadata::creader::MetadataLoader>::get_rlib_metadata::__CALLSITE      4 total usages
  query_impl::associated_items::get_query_incr::__rust_end_short_backtrace::__CALLSITE      4 total usages
  expr::<impl fn_ctxt::FnCtxt<'a, 'tcx>>::check_expr_cast::__CALLSITE      4 total usages
  liveness::Liveness::<'a, 'tcx>::compute::__CALLSITE      4 total usages
  shim::build_drop_shim::__CALLSITE      4 total usages
  method::<impl fn_ctxt::FnCtxt<'a, 'tcx>>::suggest_method_call::__CALLSITE      4 total usages
  util::alignment::is_disaligned      4 total usages
  query_impl::is_no_builtins::try_collect_active_jobs::__CALLSITE      4 total usages
  diagnostics::var_name::<impl region_infer::RegionInferenceContext<'tcx>>::get_var_name_and_span_for_region::{closure#1}::__CALLSITE      4 total usages
  query_impl::impl_item_implementor_ids::get_query_incr::__rust_end_short_backtrace::__CALLSITE      4 total usages
  <dyn hir_ty_lowering::HirTyLowerer<'tcx>>::lower_generic_args_of_path::{closure#0}::__CALLSITE      4 total usages
  query_impl::is_codegened_item::get_query_incr::__rust_end_short_backtrace::__CALLSITE      4 total usages
  collector::visit_mentioned_item::__CALLSITE      4 total usages
  infer::InferCtxt::<'tcx>::set_tainted_by_errors::__CALLSITE      4 total usages
  query_impl::associated_types_for_impl_traits_in_trait_or_impl::get_query_incr::__rust_end_short_backtrace::__CALLSITE      4 total usages
  solve::assembly::<impl solve::eval_ctxt::EvalCtxt<'_, D>>::try_assemble_bounds_via_registered_opaques::__CALLSITE      4 total usages
  query_impl::lookup_const_stability::try_collect_active_jobs::__CALLSITE      4 total usages
  query_impl::is_dyn_compatible::dynamic_query::{closure#2}::{closure#0}::__CALLSITE      4 total usages
  query_impl::used_crate_source::dynamic_query::{closure#2}::{closure#0}::__CALLSITE      4 total usages
  query_impl::thir_body::get_query_incr::__rust_end_short_backtrace::__CALLSITE      4 total usages
  <add_moves_for_packed_drops::AddMovesForPackedDrops as pass_manager::MirPass<'tcx>>::run_pass::__CALLSITE      4 total usages
  <known_panics_lint::ConstPropagator<'_, 'tcx> as rustc_middle::mir::visit::Visitor<'tcx>>::visit_statement::__CALLSITE      4 total usages
  query_impl::missing_lang_items::try_collect_active_jobs::__CALLSITE      4 total usages
  const_eval::valtrees::eval_to_valtree::__CALLSITE      4 total usages
  LoweringContext::<'a, 'hir>::lower_const_path_to_const_arg::__CALLSITE      4 total usages
  query_impl::type_op_normalize_ty::try_collect_active_jobs::__CALLSITE      4 total usages
  traits::select::confirmation::<impl traits::select::SelectionContext<'cx, 'tcx>>::confirm_async_closure_candidate::__CALLSITE      4 total usages
  query_impl::adt_destructor::try_collect_active_jobs::__CALLSITE      4 total usages
  late::diagnostics::<impl late::LateResolutionVisitor<'_, 'ast, 'ra, 'tcx>>::smart_resolve_report_errors::__CALLSITE      4 total usages
  query_impl::defined_lang_items::try_collect_active_jobs::__CALLSITE      4 total usages
  ty::trait_def::incoherent_impls_provider::__CALLSITE      4 total usages
  query_impl::mir_for_ctfe::dynamic_query::{closure#2}::__CALLSITE      4 total usages
  query_impl::symbol_name::dynamic_query::{closure#2}::__CALLSITE      4 total usages
  query_impl::assumed_wf_types::try_collect_active_jobs::__CALLSITE      4 total usages
  query_impl::debugger_visualizers::dynamic_query::{closure#2}::__CALLSITE      4 total usages
  query_impl::vtable_entries::dynamic_query::{closure#2}::{closure#0}::__CALLSITE      4 total usages
  query_impl::panic_in_drop_strategy::try_collect_active_jobs::__CALLSITE      4 total usages
  query_impl::opt_hir_owner_nodes::dynamic_query::{closure#2}::{closure#0}::__CALLSITE      4 total usages
  query_impl::collect_and_partition_mono_items::dynamic_query::{closure#2}::__CALLSITE      4 total usages
  method::confirm::ConfirmContext::<'a, 'tcx>::instantiate_method_args::__CALLSITE      4 total usages
  query_impl::wasm_import_module_map::dynamic_query::{closure#2}::__CALLSITE      4 total usages
  persist::fs::garbage_collect_session_directories::{closure#4}::__CALLSITE      4 total usages
  query_impl::visible_parent_map::get_query_incr::__rust_end_short_backtrace::__CALLSITE      4 total usages
  error_reporting::traits::fulfillment_errors::<impl error_reporting::TypeErrCtxt<'a, 'tcx>>::report_projection_error::__CALLSITE      4 total usages
  infer::region_constraints::RegionConstraintCollector::<'_, 'tcx>::glb_regions::__CALLSITE      4 total usages
  query_impl::native_library::dynamic_query::{closure#2}::{closure#0}::__CALLSITE      4 total usages
  pat::<impl fn_ctxt::FnCtxt<'a, 'tcx>>::check_pat_inner      4 total usages
  layout::rustc        4 total usages
  query_impl::inferred_outlives_of::dynamic_query::{closure#2}::{closure#0}::__CALLSITE      4 total usages
  query_impl::visibility::try_collect_active_jobs::__CALLSITE      4 total usages
  polonius::legacy::loan_invalidations::LoanInvalidationsGenerator::<'a, 'tcx>::check_access_for_conflict::__CALLSITE      4 total usages
  builder::custom::parse::instruction::<impl builder::custom::ParseCtxt<'a, 'tcx>>::parse_statement::__CALLSITE      4 total usages
  coroutine::StorageConflictVisitor::<'_, '_>::apply_state::__CALLSITE      4 total usages
  check_consts::ops::build_error_for_const_call::__CALLSITE      4 total usages
  query_impl::source_span::dynamic_query::{closure#2}::__CALLSITE      4 total usages
  query_impl::module_children::try_collect_active_jobs::__CALLSITE      4 total usages
  query_impl::used_crate_source::get_query_incr::__rust_end_short_backtrace::__CALLSITE      4 total usages
  normalize_erasing_regions::provide::{closure#0}::__CALLSITE      4 total usages
  query_impl::has_alloc_error_handler::dynamic_query::{closure#2}::__CALLSITE      4 total usages
  diagnostics::outlives_suggestion::OutlivesSuggestionBuilder::region_name_is_suggestable::__CALLSITE      4 total usages
  query_impl::is_doc_notable_trait::dynamic_query::{closure#2}::__CALLSITE      4 total usages
  collector::collect_const_value::__CALLSITE      4 total usages
  <inline::NormalInliner<'tcx> as inline::Inliner<'tcx>>::check_callee_mir_body      4 total usages
  search_graph::SearchGraph::<D>::check_cycle_on_stack::__CALLSITE      4 total usages
  query_impl::check_mono_item::dynamic_query::{closure#2}::{closure#0}::__CALLSITE      4 total usages
  interpret::validity::ValidityVisitor::<'rt, 'tcx, M>::reset_padding::__CALLSITE      4 total usages
  interpret::cast::<impl interpret::eval_context::InterpCx<'tcx, M>>::cast::{closure#2}::__CALLSITE      4 total usages
  query_impl::explicit_item_bounds::get_query_incr::__rust_end_short_backtrace::__CALLSITE      4 total usages
  <handle_placeholders::RegionTracker as rustc_data_structures::graph::scc::Annotation>::merge_scc::__CALLSITE      4 total usages
  query_impl::codegen_fn_attrs::get_query_incr::__rust_end_short_backtrace::__CALLSITE      4 total usages
  mir::pretty::write_mir_sig::__CALLSITE      4 total usages
  expr_use_visitor::ExprUseVisitor::<'tcx, Cx, D>::walk_pat::{closure#0}      4 total usages
  query_impl::fn_abi_of_instance::dynamic_query::{closure#2}::__CALLSITE      4 total usages
  fn_ctxt::_impl::<impl fn_ctxt::FnCtxt<'a, 'tcx>>::apply_adjustments      4 total usages
  check::compare_impl_item::check_type_bounds::{closure#1}::__CALLSITE      4 total usages
  query_impl::missing_lang_items::dynamic_query::{closure#2}::__CALLSITE      4 total usages
  query_impl::thir_body::dynamic_query::{closure#2}::{closure#0}::__CALLSITE      4 total usages
  query_impl::hir_owner_parent::dynamic_query::{closure#2}::{closure#0}::__CALLSITE      4 total usages
  translation::Translator::translate_message::__CALLSITE      4 total usages
  traits::select::SelectionContext::<'cx, 'tcx>::evaluate_stack::__CALLSITE      4 total usages
  query_impl::extern_crate::dynamic_query::{closure#2}::__CALLSITE      4 total usages
  solve::<impl solve::eval_ctxt::EvalCtxt<'a, D>>::compute_const_evaluatable_goal::__CALLSITE      4 total usages
  query_impl::rendered_const::try_collect_active_jobs::__CALLSITE      4 total usages
  late::LateResolutionVisitor::<'a, 'ast, 'ra, 'tcx>::resolve_lifetime      4 total usages
  late::LateResolutionVisitor::<'a, 'ast, 'ra, 'tcx>::resolve_elided_lifetime::__CALLSITE      4 total usages
  traits::dyn_compatibility::dyn_compatibility_violations::__CALLSITE      4 total usages
  <check_enums::CheckEnums as pass_manager::MirPass<'tcx>>::run_pass::__CALLSITE      4 total usages
  query_impl::params_in_repr::dynamic_query::{closure#2}::{closure#0}::__CALLSITE      4 total usages
  query_impl::implementations_of_trait::dynamic_query::{closure#2}::{closure#0}::__CALLSITE      4 total usages
  query_impl::type_op_normalize_ty::get_query_incr::__rust_end_short_backtrace::__CALLSITE      4 total usages
  query_impl::rust_target_features::get_query_incr::__rust_end_short_backtrace::__CALLSITE      4 total usages
  type_check::liveness::trace::LivenessResults::<'a, 'typeck, 'tcx>::compute_use_live_points_for::__CALLSITE      4 total usages
  query_impl::resolve_instance_raw::dynamic_query::{closure#2}::__CALLSITE      4 total usages
  infer::region_constraints::RegionConstraintCollector::<'_, 'tcx>::lub_regions::__CALLSITE      4 total usages
  method::probe::<impl fn_ctxt::FnCtxt<'a, 'tcx>>::probe_op::{closure#0}::__CALLSITE      4 total usages
  query_impl::lookup_deprecation_entry::try_collect_active_jobs::__CALLSITE      4 total usages
  query_impl::eval_to_allocation_raw::dynamic_query::{closure#2}::{closure#0}::__CALLSITE      4 total usages
  query_impl::coerce_unsized_info::get_query_incr::__rust_end_short_backtrace::__CALLSITE      4 total usages
  <thir::pattern::check_match::MatchVisitor<'p, 'tcx> as rustc_middle::thir::visit::Visitor<'p, 'tcx>>::visit_arm::__CALLSITE      4 total usages
  query_impl::items_of_instance::get_query_incr::__rust_end_short_backtrace::__CALLSITE      4 total usages
  LoweringContext::<'a, 'hir>::lower_generic_param::__CALLSITE      4 total usages
  query_impl::check_type_wf::get_query_incr::__rust_end_short_backtrace::__CALLSITE      4 total usages
  dep_graph::DepContext::try_force_from_dep_node::__CALLSITE      4 total usages
  query_impl::ty_span::dynamic_query::{closure#2}::__CALLSITE      4 total usages
  method::probe::ProbeContext::<'a, 'tcx>::xform_self_ty::__CALLSITE      4 total usages
  query_impl::own_existential_vtable_entries::get_query_incr::__rust_end_short_backtrace::__CALLSITE      4 total usages
  query_impl::mir_shims::get_query_incr::__rust_end_short_backtrace::__CALLSITE      4 total usages
  solve::trait_goals::<impl solve::eval_ctxt::EvalCtxt<'_, D>>::compute_trait_goal::__CALLSITE      4 total usages
  inline::resolve_callsite::__CALLSITE      4 total usages
  query_impl::native_libraries::dynamic_query::{closure#2}::__CALLSITE      4 total usages
  query_impl::check_coroutine_obligations::get_query_incr::__rust_end_short_backtrace::__CALLSITE      4 total usages
  query_impl::impl_super_outlives::try_collect_active_jobs::__CALLSITE      4 total usages
  query_impl::deduced_param_attrs::dynamic_query::{closure#2}::{closure#0}::__CALLSITE      4 total usages
  diagnostics::conflict_errors::<impl MirBorrowckCtxt<'_, 'infcx, 'tcx>>::annotate_fn_sig::__CALLSITE      4 total usages
  query_impl::fn_arg_idents::try_collect_active_jobs::__CALLSITE      4 total usages
  query_impl::mir_const_qualif::get_query_incr::__rust_end_short_backtrace::__CALLSITE      4 total usages
  elaborate_drop::DropCtxt::<'a, 'b, 'tcx, D>::drop_flag_reset_block::__CALLSITE      4 total usages
  interpret::call::<impl interpret::eval_context::InterpCx<'tcx, M>>::init_fn_call::{closure#3}::__CALLSITE      4 total usages
  check::wfcheck::check_associated_type_bounds::__CALLSITE      4 total usages
  expand::allocator      4 total usages
  query_impl::method_autoderef_steps::dynamic_query::{closure#2}::__CALLSITE      4 total usages
  query_impl::alloc_error_handler_kind::dynamic_query::{closure#2}::{closure#0}::__CALLSITE      4 total usages
  query_impl::reachable_non_generics::dynamic_query::{closure#2}::__CALLSITE      4 total usages
  query_impl::instantiate_and_check_impossible_predicates::get_query_incr::__rust_end_short_backtrace::__CALLSITE      4 total usages
  query_impl::extra_filename::get_query_incr::__rust_end_short_backtrace::__CALLSITE      4 total usages
  collect::predicates_of::predicates_of      4 total usages
  LoweringContext::<'a, 'hir>::lower_ty::__CALLSITE      4 total usages
  error_reporting::infer::need_type_info::fmt_printer::{closure#0}::__CALLSITE      4 total usages
  query_impl::explicit_item_self_bounds::dynamic_query::{closure#2}::{closure#0}::__CALLSITE      4 total usages
  query_impl::type_alias_is_lazy::get_query_incr::__rust_end_short_backtrace::__CALLSITE      4 total usages
  rmeta::encoder::EncodeContext::<'a, 'tcx>::encode_default_body_stability::__CALLSITE      4 total usages
  source_map::FilePathMapping::map_prefix::remap_path_prefix::{closure#0}      4 total usages
  solve::<impl solve::eval_ctxt::EvalCtxt<'a, D>>::compute_coerce_goal::__CALLSITE      4 total usages
  query_impl::dyn_compatibility_violations::dynamic_query::{closure#2}::{closure#0}::__CALLSITE      4 total usages
  mir::interpret::queries::<impl ty::context::TyCtxt<'tcx>>::const_eval_resolve::__CALLSITE      4 total usages
  query_impl::late_bound_vars_map::dynamic_query::{closure#2}::{closure#0}::__CALLSITE      4 total usages
  ssa::StorageLiveLocals::new::__CALLSITE      4 total usages
  query_impl::upstream_monomorphizations_for::dynamic_query::{closure#2}::__CALLSITE      4 total usages
  legacy::get_symbol_hash::__CALLSITE      4 total usages
  query_impl::check_unsafety::get_query_incr::__rust_end_short_backtrace::__CALLSITE      4 total usages
  query_impl::constness::dynamic_query::{closure#2}::{closure#0}::__CALLSITE      4 total usages
  emitter::HumanEmitter::emit_messages_default::__CALLSITE      4 total usages
  query_impl::resolutions::dynamic_query::{closure#2}::__CALLSITE      4 total usages
  infer::InferCtxt::<'tcx>::next_nll_region_var_in_universe::__CALLSITE      4 total usages
  ty::rvalue_scopes::RvalueScopes::temporary_scope::__CALLSITE      4 total usages
  method::probe::ProbeContext::<'a, 'tcx>::consider_probe::{closure#0}::__CALLSITE      4 total usages
  traits::select::SelectionContext::<'cx, 'tcx>::with_query_mode::__CALLSITE      4 total usages
  query_impl::asm_target_features::dynamic_query::{closure#2}::{closure#0}::__CALLSITE      4 total usages
  type_check::relate_tys::NllTypeRelating::<'a, 'b, 'tcx>::instantiate_binder_with_existentials::{closure#0}::__CALLSITE      4 total usages
  query_impl::crate_inherent_impls_validity_check::dynamic_query::{closure#2}::{closure#0}::__CALLSITE      4 total usages
  query_impl::resolver_for_lowering_raw::try_collect_active_jobs::__CALLSITE      4 total usages
  <BorrowckInferCtxt<'tcx> as universal_regions::InferCtxtExt<'tcx>>::replace_bound_regions_with_nll_infer_vars::__CALLSITE      4 total usages
  value_analysis::Map::<'tcx>::new::__CALLSITE      4 total usages
  query_impl::mir_drops_elaborated_and_const_checked::try_collect_active_jobs::__CALLSITE      4 total usages
  framework::graphviz::write_graphviz_results::__CALLSITE      4 total usages
  query_impl::hir_module_items::dynamic_query::{closure#2}::__CALLSITE      4 total usages
  query_impl::rust_target_features::try_collect_active_jobs::__CALLSITE      4 total usages
  query_impl::size_estimate::try_collect_active_jobs::__CALLSITE      4 total usages
  ty::print::pretty::<impl ty::context::TyCtxt<'t>>::def_path_str_with_args::__CALLSITE      4 total usages
  query_impl::type_of_opaque::try_collect_active_jobs::__CALLSITE      4 total usages
  query_impl::has_ffi_unwind_calls::dynamic_query::{closure#2}::{closure#0}::__CALLSITE      4 total usages
  query_impl::rust_target_features::dynamic_query::{closure#2}::{closure#0}::__CALLSITE      4 total usages
  interpret::place::<impl interpret::eval_context::InterpCx<'tcx, M>>::force_allocation::__CALLSITE      4 total usages
  query_impl::anon_const_kind::get_query_incr::__rust_end_short_backtrace::__CALLSITE      4 total usages
  diagnostics::conflict_errors::<impl MirBorrowckCtxt<'_, 'infcx, 'tcx>>::report_thread_local_value_does_not_live_long_enough::__CALLSITE      4 total usages
  creader::CStore::process_extern_crate::__CALLSITE      4 total usages
  query_impl::typing_env_normalized_for_post_analysis::try_collect_active_jobs::__CALLSITE      4 total usages
  query_impl::check_expectations::try_collect_active_jobs::__CALLSITE      4 total usages
  diagnostics::region_errors::<impl MirBorrowckCtxt<'_, 'infcx, 'tcx>>::suggest_static_lifetime_for_gat_from_hrtb::{closure#2}::__CALLSITE      4 total usages
  query_impl::all_local_trait_impls::dynamic_query::{closure#2}::{closure#0}::__CALLSITE      4 total usages
  query_impl::coverage_ids_info::try_collect_active_jobs::__CALLSITE      4 total usages
  query_impl::evaluate_obligation::dynamic_query::{closure#2}::{closure#0}::__CALLSITE      4 total usages
  builder::scope::DropTree::assign_blocks::__CALLSITE      4 total usages
  <collect::resolve_bound_vars::BoundVarContext<'a, 'tcx> as rustc_hir::intravisit::Visitor<'tcx>>::visit_pattern_type_pattern::__CALLSITE      4 total usages
  query_impl::crate_inherent_impls::dynamic_query::{closure#2}::{closure#0}::__CALLSITE      4 total usages
  query_impl::stable_order_of_exportable_impls::dynamic_query::{closure#2}::{closure#0}::__CALLSITE      4 total usages
  query_impl::predicates_of::dynamic_query::{closure#2}::__CALLSITE      4 total usages
  query_impl::lookup_deprecation_entry::dynamic_query::{closure#2}::__CALLSITE      4 total usages
  query_impl::adt_significant_drop_tys::dynamic_query::{closure#2}::{closure#0}::__CALLSITE      4 total usages
  cast::CastCheck::<'tcx>::check_ptr_ptr_cast::__CALLSITE      4 total usages
  <infer::relate::lattice::LatticeOp<'_, 'tcx> as rustc_type_ir::relate::TypeRelation<rustc_middle::ty::TyCtxt<'tcx>>>::regions::__CALLSITE      4 total usages
  query_impl::is_doc_hidden::dynamic_query::{closure#2}::{closure#0}::__CALLSITE      4 total usages
  query_impl::coherent_trait::dynamic_query::{closure#2}::{closure#0}::__CALLSITE      4 total usages
  MirBorrowckCtxt::<'a, '_, 'tcx>::check_if_path_or_subpath_is_moved::__CALLSITE      4 total usages
  check::check::check_opaque_meets_bounds::__CALLSITE      4 total usages
  query_impl::upstream_monomorphizations_for::get_query_incr::__rust_end_short_backtrace::__CALLSITE      4 total usages
  query_impl::mir_callgraph_cyclic::get_query_incr::__rust_end_short_backtrace::__CALLSITE      4 total usages
  query_impl::compare_impl_item::dynamic_query::{closure#2}::{closure#0}::__CALLSITE      4 total usages
  <type_check::TypeChecker<'a, 'tcx> as rustc_middle::mir::visit::Visitor<'tcx>>::visit_const_operand::__CALLSITE      4 total usages
  query_impl::variances_of::dynamic_query::{closure#2}::__CALLSITE      4 total usages
  query_impl::mir_const_qualif::dynamic_query::{closure#2}::__CALLSITE      4 total usages
  normalize_projection_ty::normalize_canonicalized_projection_ty::__CALLSITE      4 total usages
  query_impl::mir_borrowck::dynamic_query::{closure#2}::{closure#0}::__CALLSITE      4 total usages
  coverage::inject_statement::__CALLSITE      4 total usages
  debugger_visualizer      4 total usages
  query_impl::size_estimate::dynamic_query::{closure#2}::{closure#0}::__CALLSITE      4 total usages
  query_impl::analysis::get_query_incr::__rust_end_short_backtrace::__CALLSITE      4 total usages
  coherence::check_object_overlap::__CALLSITE      4 total usages
  type_check::constraint_conversion::ConstraintConversion::<'a, 'tcx>::add_type_test::__CALLSITE      4 total usages
  query_impl::exported_generic_symbols::try_collect_active_jobs::__CALLSITE      4 total usages
  query_impl::list_significant_drop_tys::dynamic_query::{closure#2}::{closure#0}::__CALLSITE      4 total usages
  <infer::canonical::canonicalizer::CanonicalizeQueryResponse as infer::canonical::canonicalizer::CanonicalizeMode>::canonicalize_free_region::__CALLSITE      4 total usages
  query_impl::item_self_bounds::dynamic_query::{closure#2}::{closure#0}::__CALLSITE      4 total usages
  query_impl::const_param_default::get_query_incr::__rust_end_short_backtrace::__CALLSITE      4 total usages
  traits::wf::WfPredicates::<'a, 'tcx>::add_wf_preds_for_trait_pred::__CALLSITE      4 total usages
  query_impl::is_ctfe_mir_available::dynamic_query::{closure#2}::{closure#0}::__CALLSITE      4 total usages
  query_impl::crate_variances::dynamic_query::{closure#2}::__CALLSITE      4 total usages
  query_impl::coroutine_for_closure::try_collect_active_jobs::__CALLSITE      4 total usages
  interpret::eval_context::InterpCx::<'tcx, M>::size_and_align_from_meta::__CALLSITE      4 total usages
  query_impl::disabled_sanitizers_for::try_collect_active_jobs::__CALLSITE      4 total usages
  query_impl::trimmed_def_paths::dynamic_query::{closure#2}::__CALLSITE      4 total usages
  mbe::macro_rules::try_match_macro_attr::__CALLSITE      4 total usages
  typeck_root_ctxt::TypeckRootCtxt::<'tcx>::update_infer_var_info::__CALLSITE      4 total usages
  query_impl::check_mod_privacy::try_collect_active_jobs::__CALLSITE      4 total usages
  traits::select::candidate_assembly::<impl traits::select::SelectionContext<'cx, 'tcx>>::assemble_candidates_from_projected_tys::__CALLSITE      4 total usages
  expr::<impl fn_ctxt::FnCtxt<'a, 'tcx>>::check_expr_struct_fields::__CALLSITE      4 total usages
  MirBorrowckCtxt::<'a, '_, 'tcx>::check_if_assigned_path_is_moved::__CALLSITE      4 total usages
  query_impl::assumed_wf_types::get_query_incr::__rust_end_short_backtrace::__CALLSITE      4 total usages
  query_impl::impl_super_outlives::get_query_incr::__rust_end_short_backtrace::__CALLSITE      4 total usages
  query_impl::promoted_mir::dynamic_query::{closure#2}::__CALLSITE      4 total usages
  region_infer::RegionInferenceContext::<'tcx>::try_promote_type_test_subject::{closure#0}::__CALLSITE      4 total usages
  fn_ctxt::_impl::<impl fn_ctxt::FnCtxt<'a, 'tcx>>::write_method_call_and_enforce_effects::__CALLSITE      4 total usages
  check::check::check_type_alias_type_params_are_used::__CALLSITE      4 total usages
  errors::wrong_number_of_generic_args::WrongNumberOfGenericArgs::<'a, 'tcx>::suggest_removing_args_or_generics::{closure#0}::__CALLSITE      4 total usages
  query_impl::size_estimate::get_query_incr::__rust_end_short_backtrace::__CALLSITE      4 total usages
  query_impl::item_self_bounds::dynamic_query::{closure#2}::__CALLSITE      4 total usages
  type_check::relate_tys::NllTypeRelating::<'a, 'b, 'tcx>::next_placeholder_region::__CALLSITE      4 total usages
  expr_use_visitor::ExprUseVisitor::<'tcx, Cx, D>::consume_clone_or_copy::__CALLSITE      4 total usages
  traits::query::dropck_outlives::dtorck_constraint_for_ty_inner::__CALLSITE      4 total usages
  query_impl::is_private_dep::dynamic_query::{closure#2}::{closure#0}::__CALLSITE      4 total usages
  query_impl::type_param_predicates::dynamic_query::{closure#2}::__CALLSITE      4 total usages
  query_impl::adt_dtorck_constraint::try_collect_active_jobs::__CALLSITE      4 total usages
  query_impl::fn_sig::dynamic_query::{closure#2}::{closure#0}::__CALLSITE      4 total usages
  query_impl::orphan_check_impl::dynamic_query::{closure#2}::{closure#0}::__CALLSITE      4 total usages
  query_impl::is_ctfe_mir_available::try_collect_active_jobs::__CALLSITE      4 total usages
  query_impl::doc_link_resolutions::dynamic_query::{closure#2}::{closure#0}::__CALLSITE      4 total usages
  query_impl::typeck::dynamic_query::{closure#2}::{closure#0}::__CALLSITE      4 total usages
  query_impl::dependency_formats::try_collect_active_jobs::__CALLSITE      4 total usages
  query_impl::const_conditions::dynamic_query::{closure#2}::{closure#0}::__CALLSITE      4 total usages
  static_mut_refs      4 total usages
  query_impl::hir_owner_parent::get_query_incr::__rust_end_short_backtrace::__CALLSITE      4 total usages
  query_impl::fn_arg_idents::dynamic_query::{closure#2}::__CALLSITE      4 total usages
  query_impl::unsizing_params_for_adt::try_collect_active_jobs::__CALLSITE      4 total usages
  <error_reporting::infer::nice_region_error::find_anon_type::TyPathVisitor<'tcx> as rustc_hir::intravisit::Visitor<'tcx>>::visit_lifetime      4 total usages
  <simplify_branches::SimplifyConstCondition as pass_manager::MirPass<'tcx>>::run_pass::__CALLSITE      4 total usages
  ty::generics::ConstConditions::<'tcx>::instantiate_into::__CALLSITE      4 total usages
  <copy_prop::Replacer<'_, 'tcx> as rustc_middle::mir::visit::MutVisitor<'tcx>>::visit_local::__CALLSITE      4 total usages
  query_impl::effective_visibilities::try_collect_active_jobs::__CALLSITE      4 total usages
  query_impl::opaque_ty_origin::dynamic_query::{closure#2}::__CALLSITE      4 total usages
  move_paths::builder::MoveDataBuilder::<'a, 'tcx, F>::move_path_for::__CALLSITE      4 total usages
  diagnostics::move_errors::<impl MirBorrowckCtxt<'_, 'infcx, 'tcx>>::report::__CALLSITE      4 total usages
  query_impl::required_panic_strategy::get_query_incr::__rust_end_short_backtrace::__CALLSITE      4 total usages
  query_impl::features_query::get_query_incr::__rust_end_short_backtrace::__CALLSITE      4 total usages
  query_impl::nested_bodies_within::dynamic_query::{closure#2}::{closure#0}::__CALLSITE      4 total usages
  method::probe::<impl fn_ctxt::FnCtxt<'a, 'tcx>>::probe_for_name::__CALLSITE      4 total usages
  query_impl::is_late_bound_map::dynamic_query::{closure#2}::{closure#0}::__CALLSITE      4 total usages
  expr_use_visitor::ExprUseVisitor::<'tcx, Cx, D>::walk_captures::__CALLSITE      4 total usages
  query_impl::generics_require_sized_self::get_query_incr::__rust_end_short_backtrace::__CALLSITE      4 total usages
  query_impl::def_span::dynamic_query::{closure#2}::__CALLSITE      4 total usages
  query_impl::is_reachable_non_generic::dynamic_query::{closure#2}::{closure#0}::__CALLSITE      4 total usages
  query_impl::closure_saved_names_of_captured_variables::get_query_incr::__rust_end_short_backtrace::__CALLSITE      4 total usages
  query_impl::opaque_ty_origin::get_query_incr::__rust_end_short_backtrace::__CALLSITE      4 total usages
  query_impl::incoherent_impls::dynamic_query::{closure#2}::{closure#0}::__CALLSITE      4 total usages
  query_impl::exported_non_generic_symbols::get_query_incr::__rust_end_short_backtrace::__CALLSITE      4 total usages
  query_impl::enforce_impl_non_lifetime_params_are_constrained::dynamic_query::{closure#2}::__CALLSITE      4 total usages
  query_impl::associated_item::try_collect_active_jobs::__CALLSITE      4 total usages
  query_impl::upstream_async_drop_glue_for::dynamic_query::{closure#2}::__CALLSITE      4 total usages
  <needs_drop::NeedsDropTypes<'tcx, F> as std::iter::Iterator>::next::{closure#0}      4 total usages
  query_impl::type_op_normalize_poly_fn_sig::dynamic_query::{closure#2}::{closure#0}::__CALLSITE      4 total usages
  query_impl::vtable_entries::try_collect_active_jobs::__CALLSITE      4 total usages
  <back::linker::MsvcLinker<'a> as back::linker::Linker>::export_symbols::__CALLSITE      4 total usages
  spec::targets::aarch64_wrs_vxworks      4 total usages
  query_impl::check_mod_deathness::dynamic_query::{closure#2}::__CALLSITE      4 total usages
  query_impl::skip_move_check_fns::try_collect_active_jobs::__CALLSITE      4 total usages
  query_impl::upstream_drop_glue_for::dynamic_query::{closure#2}::__CALLSITE      4 total usages
  query_impl::asyncness::try_collect_active_jobs::__CALLSITE      4 total usages
  builder::misc::<impl builder::Builder<'a, 'tcx>>::temp::__CALLSITE      4 total usages
  query_impl::used_crates::dynamic_query::{closure#2}::__CALLSITE      4 total usages
  query_impl::optimized_mir::dynamic_query::{closure#2}::__CALLSITE      4 total usages
  query_impl::impl_parent::get_query_incr::__rust_end_short_backtrace::__CALLSITE      4 total usages
  query_impl::defined_lang_items::dynamic_query::{closure#2}::{closure#0}::__CALLSITE      4 total usages
  interpret::stack::<impl interpret::eval_context::InterpCx<'tcx, M>>::storage_live_dyn::__CALLSITE      4 total usages
  late::LateResolutionVisitor::<'a, 'ast, 'ra, 'tcx>::resolve_item::__CALLSITE      4 total usages
  query_impl::mir_coroutine_witnesses::dynamic_query::{closure#2}::__CALLSITE      4 total usages
  diagnostics::<impl MirBorrowckCtxt<'_, 'infcx, 'tcx>>::move_spans      4 total usages
  query_impl::evaluate_root_goal_for_proof_tree_raw::get_query_incr::__rust_end_short_backtrace::__CALLSITE      4 total usages
  back::lto::exported_symbols_for_lto::__CALLSITE      4 total usages
  query_impl::mir_for_ctfe::dynamic_query::{closure#2}::{closure#0}::__CALLSITE      4 total usages
  builder::scope::DropTree::build_mir::__CALLSITE      4 total usages
  inline::Integrator::<'_, '_>::map_scope::__CALLSITE      4 total usages
  ident::<impl Resolver<'ra, 'tcx>>::maybe_resolve_path::__CALLSITE      4 total usages
  mir::codegen_mir::{closure#4}      4 total usages
  solve::assembly::<impl solve::eval_ctxt::EvalCtxt<'_, D>>::assemble_builtin_impl_candidates::__CALLSITE      4 total usages
  query_impl::crate_host_hash::dynamic_query::{closure#2}::{closure#0}::__CALLSITE      4 total usages
  value_analysis::Map::<'tcx>::register::__CALLSITE      4 total usages
  query_impl::try_normalize_generic_arg_after_erasing_regions::get_query_incr::__rust_end_short_backtrace::__CALLSITE      4 total usages
  fn_ctxt::suggestions::<impl fn_ctxt::FnCtxt<'a, 'tcx>>::suggest_null_ptr_for_literal_zero_given_to_ptr_arg::__CALLSITE      4 total usages
  query_impl::mir_callgraph_cyclic::dynamic_query::{closure#2}::{closure#0}::__CALLSITE      4 total usages
  solve::eval_ctxt::canonical::<impl solve::eval_ctxt::EvalCtxt<'_, D>>::evaluate_added_goals_and_make_canonical_response::{closure#0}::__CALLSITE      4 total usages
  query_impl::has_global_allocator::get_query_incr::__rust_end_short_backtrace::__CALLSITE      4 total usages
  query_impl::cross_crate_inlinable::get_query_incr::__rust_end_short_backtrace::__CALLSITE      4 total usages
  path::<impl LoweringContext<'a, 'hir>>::lower_qpath::__CALLSITE      4 total usages
  emitter::is_different::__CALLSITE      4 total usages
  query_impl::implied_target_features::try_collect_active_jobs::__CALLSITE      4 total usages
  query_impl::lookup_default_body_stability::dynamic_query::{closure#2}::__CALLSITE      4 total usages
  CodeSuggestion::splice_lines::{closure#0}::__CALLSITE      4 total usages
  query_impl::num_extern_def_ids::dynamic_query::{closure#2}::{closure#0}::__CALLSITE      4 total usages
  builder::matches::<impl builder::Builder<'a, 'tcx>>::declare_bindings::__CALLSITE      4 total usages
  closure::<impl fn_ctxt::FnCtxt<'a, 'tcx>>::sig_of_closure_with_expectation::__CALLSITE      4 total usages
  query_impl::missing_extern_crate_item::get_query_incr::__rust_end_short_backtrace::__CALLSITE      4 total usages
  query_impl::all_local_trait_impls::get_query_incr::__rust_end_short_backtrace::__CALLSITE      4 total usages
  query_impl::ty_span::get_query_incr::__rust_end_short_backtrace::__CALLSITE      4 total usages
  query_impl::adt_destructor::dynamic_query::{closure#2}::__CALLSITE      4 total usages
  query_impl::const_conditions::get_query_incr::__rust_end_short_backtrace::__CALLSITE      4 total usages
  infer::snapshot::undo_log::<impl infer::InferCtxtInner<'tcx>>::commit::__CALLSITE      4 total usages
  builder::custom::parse::instruction::<impl builder::custom::ParseCtxt<'a, 'tcx>>::parse_integer_literal::__CALLSITE      4 total usages
  back::link::link_staticlib::__CALLSITE      4 total usages
  query_impl::adt_sizedness_constraint::dynamic_query::{closure#2}::__CALLSITE      4 total usages
  query_impl::coroutine_by_move_body_def_id::get_query_incr::__rust_end_short_backtrace::__CALLSITE      4 total usages
  query_impl::typeck::dynamic_query::{closure#2}::__CALLSITE      4 total usages
  query_impl::item_non_self_bounds::dynamic_query::{closure#2}::{closure#0}::__CALLSITE      4 total usages
  interpret::intern::intern_const_alloc_for_constprop::__CALLSITE      4 total usages
  query_impl::check_well_formed::try_collect_active_jobs::__CALLSITE      4 total usages
  late::diagnostics::<impl late::LateResolutionVisitor<'_, 'ast, 'ra, 'tcx>>::suggest_self_value::__CALLSITE      4 total usages
  query_impl::reveal_opaque_types_in_bounds::get_query_incr::__rust_end_short_backtrace::__CALLSITE      4 total usages
  query_impl::expn_that_defined::try_collect_active_jobs::__CALLSITE      4 total usages
  assert_module_sources::CguReuseTracker::set_actual_reuse::__CALLSITE      4 total usages
  query_impl::allocator_kind::get_query_incr::__rust_end_short_backtrace::__CALLSITE      4 total usages
  query_impl::param_env::dynamic_query::{closure#2}::{closure#0}::__CALLSITE      4 total usages
  persist::dirty_clean::DirtyCleanVisitor::<'tcx>::assert_clean::__CALLSITE      4 total usages
  query_impl::check_well_formed::dynamic_query::{closure#2}::__CALLSITE      4 total usages
  query_impl::associated_item_def_ids::try_collect_active_jobs::__CALLSITE      4 total usages
  query_impl::has_global_allocator::try_collect_active_jobs::__CALLSITE      4 total usages
  path_utils::each_borrow_involving_path::__CALLSITE      4 total usages
  <used_muts::GatherUsedMutsVisitor<'_, '_, '_, 'tcx> as rustc_middle::mir::visit::Visitor<'tcx>>::visit_terminator::__CALLSITE      4 total usages
  query_impl::codegen_select_candidate::get_query_incr::__rust_end_short_backtrace::__CALLSITE      4 total usages
  error_reporting::infer::region::<impl error_reporting::TypeErrCtxt<'a, 'tcx>>::process_errors::__CALLSITE      4 total usages
  needs_drop::has_significant_drop_raw::__CALLSITE      4 total usages
  query_impl::backend_optimization_level::dynamic_query::{closure#2}::{closure#0}::__CALLSITE      4 total usages
  late::LateResolutionVisitor::<'a, 'ast, 'ra, 'tcx>::resolve_implementation::{closure#0}::{closure#0}::{closure#0}::{closure#1}::{closure#0}::{closure#0}::{closure#0}::__CALLSITE      4 total usages
  query_impl::is_impossible_associated_item::dynamic_query::{closure#2}::{closure#0}::__CALLSITE      4 total usages
  simplify::UsedLocals::is_used::__CALLSITE      4 total usages
  query_impl::is_no_builtins::dynamic_query::{closure#2}::{closure#0}::__CALLSITE      4 total usages
  query_impl::mir_const_qualif::try_collect_active_jobs::__CALLSITE      4 total usages
  query_impl::check_coroutine_obligations::try_collect_active_jobs::__CALLSITE      4 total usages
  LoweringContext::<'a, 'hir>::lower_poly_trait_ref::__CALLSITE      4 total usages
  mir::analyze::cleanup_kinds::__CALLSITE      4 total usages
  query_impl::type_op_normalize_fn_sig::dynamic_query::{closure#2}::__CALLSITE      4 total usages
  item::<impl LoweringContext<'_, 'hir>>::lower_generics::__CALLSITE      4 total usages
  query_impl::crate_name::dynamic_query::{closure#2}::__CALLSITE      4 total usages
  query_impl::impl_parent::dynamic_query::{closure#2}::{closure#0}::__CALLSITE      4 total usages
  query_impl::assumed_wf_types_for_rpitit::dynamic_query::{closure#2}::__CALLSITE      4 total usages
  framework::Analysis::iterate_to_fixpoint::__CALLSITE      4 total usages
  check::wfcheck::legacy_receiver_is_implemented::__CALLSITE      4 total usages
  query_impl::coroutine_kind::get_query_incr::__rust_end_short_backtrace::__CALLSITE      4 total usages
  pass_manager::run_passes_inner::__CALLSITE      4 total usages
  query_impl::try_normalize_generic_arg_after_erasing_regions::try_collect_active_jobs::__CALLSITE      4 total usages
  interpret::place::<impl interpret::eval_context::InterpCx<'tcx, M>>::copy_op_inner::__CALLSITE      4 total usages
  query_impl::inhabited_predicate_adt::dynamic_query::{closure#2}::__CALLSITE      4 total usages
  query_impl::hir_crate::try_collect_active_jobs::__CALLSITE      4 total usages
  ty::normalize_erasing_regions::<impl ty::context::TyCtxt<'tcx>>::try_instantiate_and_normalize_erasing_regions::__CALLSITE      4 total usages
  query_impl::clashing_extern_declarations::get_query_incr::__rust_end_short_backtrace::__CALLSITE      4 total usages
  query_impl::is_profiler_runtime::dynamic_query::{closure#2}::{closure#0}::__CALLSITE      4 total usages
  type_check::free_region_relations::UniversalRegionRelationsBuilder::<'_, 'tcx>::add_implied_bounds::{closure#0}::__CALLSITE      4 total usages
  query_impl::rendered_precise_capturing_args::dynamic_query::{closure#2}::__CALLSITE      4 total usages
  interpret::call::<impl interpret::eval_context::InterpCx<'tcx, M>>::init_fn_call::{closure#0}::__CALLSITE      4 total usages
  <traits::select::_match::MatchAgainstFreshVars<'tcx> as rustc_infer::infer::relate::TypeRelation<rustc_middle::ty::TyCtxt<'tcx>>>::consts::__CALLSITE      4 total usages
  method::suggest::<impl fn_ctxt::FnCtxt<'a, 'tcx>>::suggest_await_before_method::__CALLSITE      4 total usages
  query_impl::assumed_wf_types::dynamic_query::{closure#2}::__CALLSITE      4 total usages
  method::probe::ProbeContext::<'a, 'tcx>::assemble_inherent_candidates_from_object::__CALLSITE      4 total usages
  mir::statement::PlaceTy::<'tcx>::projection_ty_core::__CALLSITE      4 total usages
  query_impl::thir_body::dynamic_query::{closure#2}::__CALLSITE      4 total usages
  util::get_codegen_sysroot::__CALLSITE      4 total usages
  simplify::CfgSimplifier::<'a, 'tcx>::simplify_branch::__CALLSITE      4 total usages
  infer::snapshot::fudge::<impl infer::InferCtxt<'tcx>>::fudge_inference_if_ok::__CALLSITE      4 total usages
  interpret::call::<impl interpret::eval_context::InterpCx<'tcx, M>>::assert_virtual_instance_matches_concrete::{closure#0}::__CALLSITE      4 total usages
  mbe::macro_rules::try_match_macro_derive::__CALLSITE      4 total usages
  infer::relate::higher_ranked::<impl infer::InferCtxt<'tcx>>::enter_forall_and_leak_universe::{closure#0}::__CALLSITE      4 total usages
  interpret::place::<impl interpret::eval_context::InterpCx<'tcx, M>>::write_immediate::__CALLSITE      4 total usages
  query_impl::item_self_bounds::try_collect_active_jobs::__CALLSITE      4 total usages
  type_check::input_output::<impl type_check::TypeChecker<'a, 'tcx>>::equate_normalized_input_or_output::__CALLSITE      4 total usages
  mir::block::TerminatorCodegenHelper::<'tcx>::do_call::__CALLSITE      4 total usages
  traits::vtable::vtable_entries::__CALLSITE      4 total usages
  query_impl::check_transmutes::dynamic_query::{closure#2}::__CALLSITE      4 total usages
  <traits::select::_match::MatchAgainstFreshVars<'tcx> as rustc_infer::infer::relate::TypeRelation<rustc_middle::ty::TyCtxt<'tcx>>>::regions::__CALLSITE      4 total usages
  query_impl::crate_hash::dynamic_query::{closure#2}::__CALLSITE      4 total usages
  query_impl::instantiate_and_check_impossible_predicates::try_collect_active_jobs::__CALLSITE      4 total usages
  query_impl::registered_tools::dynamic_query::{closure#2}::__CALLSITE      4 total usages
  query_impl::crate_incoherent_impls::get_query_incr::__rust_end_short_backtrace::__CALLSITE      4 total usages
  variance::constraints::ConstraintContext::<'a, 'tcx>::build_constraints_for_item::__CALLSITE      4 total usages
  error_reporting::infer::need_type_info::<impl error_reporting::TypeErrCtxt<'a, 'tcx>>::emit_inference_failure_err::__CALLSITE      4 total usages
  _match               4 total usages
  LoweringContext::<'a, 'hir>::lower_opaque_inner::__CALLSITE      4 total usages
  interpret::step::<impl interpret::eval_context::InterpCx<'tcx, M>>::eval_callee_and_args::{closure#3}::__CALLSITE      4 total usages
  mono_checks::move_check::MoveCheckVisitor::<'tcx>::check_operand_move_size::__CALLSITE      4 total usages
  query_impl::optimized_mir::try_collect_active_jobs::__CALLSITE      4 total usages
  query_impl::type_op_normalize_clause::try_collect_active_jobs::__CALLSITE      4 total usages
  query_impl::tag_for_variant::dynamic_query::{closure#2}::{closure#0}::__CALLSITE      4 total usages
  traits::pred_known_to_hold_modulo_regions::{closure#0}::__CALLSITE      4 total usages
  query_impl::mir_inliner_callees::dynamic_query::{closure#2}::__CALLSITE      4 total usages
  back::link::link_binary::{closure#3}::__CALLSITE      4 total usages
  query_impl::check_validity_requirement::try_collect_active_jobs::__CALLSITE      4 total usages
  query_impl::fn_abi_of_instance::get_query_incr::__rust_end_short_backtrace::__CALLSITE      4 total usages
  coercion::Coerce::<'f, 'tcx>::coerce_raw_ptr::__CALLSITE      4 total usages
  interpret::stack::Frame::<'tcx, Prov, Extra>::generate_stacktrace_from_stack::__CALLSITE      4 total usages
  query_impl::deduced_param_attrs::get_query_incr::__rust_end_short_backtrace::__CALLSITE      4 total usages
  query_impl::crate_host_hash::try_collect_active_jobs::__CALLSITE      4 total usages
  query_impl::registered_tools::get_query_incr::__rust_end_short_backtrace::__CALLSITE      4 total usages
  mir::block::<impl mir::FunctionCx<'a, 'tcx, Bx>>::codegen_drop_terminator      4 total usages
  join::join_context      4 total usages
  normalize_projection_ty::normalize_canonicalized_inherent_projection_ty::__CALLSITE      4 total usages
  liveness::Liveness::<'_, 'tcx>::report_unused::__CALLSITE      4 total usages
  query_impl::asm_target_features::try_collect_active_jobs::__CALLSITE      4 total usages
  <cfg_eval::CfgEval<'_> as rustc_ast::mut_visit::MutVisitor>::visit_expr::__CALLSITE      4 total usages
  <mir::analyze::LocalAnalyzer<'a, 'b, 'tcx, Bx> as rustc_middle::mir::visit::Visitor<'tcx>>::visit_place::__CALLSITE      4 total usages
  fn_ctxt::checks::<impl fn_ctxt::FnCtxt<'a, 'tcx>>::check_struct_path::__CALLSITE      4 total usages
  needs_drop::needs_drop_raw::__CALLSITE      4 total usages
  query_impl::trait_impls_of::dynamic_query::{closure#2}::__CALLSITE      4 total usages
  query_impl::lints_that_dont_need_to_run::dynamic_query::{closure#2}::__CALLSITE      4 total usages
  <hir_wf_check::diagnostic_hir_wf_check::HirWfCheck<'tcx> as rustc_hir::intravisit::Visitor<'tcx>>::visit_ty::__CALLSITE      4 total usages
  query_impl::type_alias_is_lazy::dynamic_query::{closure#2}::{closure#0}::__CALLSITE      4 total usages
  query_impl::def_ident_span::dynamic_query::{closure#2}::{closure#0}::__CALLSITE      4 total usages
  mono_checks::move_check::MoveCheckVisitor::<'tcx>::operand_size_if_too_large::__CALLSITE      4 total usages
  <rmeta::decoder::DecodeContext<'a, 'tcx> as rustc_span::SpanDecoder>::decode_syntax_context::{closure#0}::__CALLSITE      4 total usages
  error_reporting::infer::nice_region_error::static_impl_trait::suggest_new_region_bound::__CALLSITE      4 total usages
  method::suggest::<impl fn_ctxt::FnCtxt<'a, 'tcx>>::suggest_assoc_method_call::__CALLSITE      4 total usages
  coercion::Coerce::<'f, 'tcx>::coerce_from_fn_item::__CALLSITE      4 total usages
  query_impl::postorder_cnums::dynamic_query::{closure#2}::__CALLSITE      4 total usages
  query_impl::trait_impls_of::try_collect_active_jobs::__CALLSITE      4 total usages
  query_impl::native_libraries::dynamic_query::{closure#2}::{closure#0}::__CALLSITE      4 total usages
  <dyn hir_ty_lowering::HirTyLowerer<'tcx>>::lower_type_relative_path::{closure#0}::__CALLSITE      4 total usages
  infer::opaque_types::<impl infer::InferCtxt<'tcx>>::register_hidden_type::__CALLSITE      4 total usages
  query_impl::crate_incoherent_impls::dynamic_query::{closure#2}::{closure#0}::__CALLSITE      4 total usages
  query_impl::is_promotable_const_fn::try_collect_active_jobs::__CALLSITE      4 total usages
  query_impl::enforce_impl_non_lifetime_params_are_constrained::dynamic_query::{closure#2}::{closure#0}::__CALLSITE      4 total usages
  query_impl::disabled_sanitizers_for::dynamic_query::{closure#2}::__CALLSITE      4 total usages
  query_impl::incoherent_impls::try_collect_active_jobs::__CALLSITE      4 total usages
  query_impl::associated_item::dynamic_query::{closure#2}::__CALLSITE      4 total usages
  query_impl::late_bound_vars_map::get_query_incr::__rust_end_short_backtrace::__CALLSITE      4 total usages
  <collect::resolve_bound_vars::BoundVarContext<'a, 'tcx> as rustc_hir::intravisit::Visitor<'tcx>>::visit_item::__CALLSITE      4 total usages
  query_impl::allocator_kind::try_collect_active_jobs::__CALLSITE      4 total usages
  middle::region::ScopeTree::record_var_scope::__CALLSITE      4 total usages
  method::confirm::ConfirmContext::<'a, 'tcx>::instantiate_method_sig      4 total usages
  infer::outlives::test_type_match::MatchAgainstHigherRankedOutlives::<'tcx>::bind::__CALLSITE      4 total usages
  query_impl::lints_that_dont_need_to_run::try_collect_active_jobs::__CALLSITE      4 total usages
  query_impl::coroutine_kind::dynamic_query::{closure#2}::{closure#0}::__CALLSITE      4 total usages
  query_impl::trait_explicit_predicates_and_bounds::try_collect_active_jobs::__CALLSITE      4 total usages
  solve::<impl solve::eval_ctxt::EvalCtxt<'a, D>>::compute_region_outlives_goal::__CALLSITE      4 total usages
  <upvar::InferBorrowKind<'tcx> as expr_use_visitor::Delegate<'tcx>>::mutate::__CALLSITE      4 total usages
  usefulness::compute_match_usefulness::__CALLSITE      4 total usages
  infer::canonical::query_response::make_query_region_constraints::__CALLSITE      4 total usages
  demand::<impl fn_ctxt::FnCtxt<'a, 'tcx>>::demand_suptype_with_origin::__CALLSITE      4 total usages
  query_impl::symbol_mangling_version::dynamic_query::{closure#2}::{closure#0}::__CALLSITE      4 total usages
  query_impl::mir_drops_elaborated_and_const_checked::get_query_incr::__rust_end_short_backtrace::__CALLSITE      4 total usages
  query_impl::item_non_self_bounds::try_collect_active_jobs::__CALLSITE      4 total usages
  mir::operand::OperandRef::<'tcx, V>::immediate_or_packed_pair::__CALLSITE      4 total usages
  query_impl::def_kind::get_query_incr::__rust_end_short_backtrace::__CALLSITE      4 total usages
  traits::select::candidate_assembly::<impl traits::select::SelectionContext<'cx, 'tcx>>::assemble_candidates_from_auto_impls::__CALLSITE      4 total usages
  query_impl::type_of_opaque::dynamic_query::{closure#2}::__CALLSITE      4 total usages
  infer::outlives::obligations::TypeOutlives::<'cx, 'tcx, D>::param_ty_must_outlive::__CALLSITE      4 total usages
  query_impl::valtree_to_const_val::get_query_incr::__rust_end_short_backtrace::__CALLSITE      4 total usages
  spec::targets::bpfeb_unknown_none      4 total usages
  infer::lexical_region_resolve::LexicalRegionResolutions::<'tcx>::resolve_region::__CALLSITE      4 total usages
  query_impl::tag_for_variant::dynamic_query::{closure#2}::__CALLSITE      4 total usages
  rmeta::encoder::EncodeContext::<'a, 'tcx>::encode_info_for_macro::__CALLSITE      4 total usages
  demand::<impl fn_ctxt::FnCtxt<'a, 'tcx>>::demand_coerce_diag::__CALLSITE      4 total usages
  fallback::compute_unsafe_infer_vars::__CALLSITE      4 total usages
  query_impl::implementations_of_trait::dynamic_query::{closure#2}::__CALLSITE      4 total usages
  query_impl::explicit_super_predicates_of::try_collect_active_jobs::__CALLSITE      4 total usages
  query_impl::explicit_item_self_bounds::get_query_incr::__rust_end_short_backtrace::__CALLSITE      4 total usages
  traits::try_evaluate_const::{closure#0}::__CALLSITE      4 total usages
  thir::pattern::check_match::MatchVisitor::<'p, 'tcx>::check_let_chain::__CALLSITE      4 total usages
  query_impl::get_lang_items::dynamic_query::{closure#2}::__CALLSITE      4 total usages
  query_impl::method_autoderef_steps::dynamic_query::{closure#2}::{closure#0}::__CALLSITE      4 total usages
  query_impl::const_param_default::dynamic_query::{closure#2}::{closure#0}::__CALLSITE      4 total usages
  query_impl::impl_trait_header::try_collect_active_jobs::__CALLSITE      4 total usages
  query_impl::traits::get_query_incr::__rust_end_short_backtrace::__CALLSITE      4 total usages
  check::wfcheck::check_fn_or_method::__CALLSITE      4 total usages
  query_impl::has_ffi_unwind_calls::try_collect_active_jobs::__CALLSITE      4 total usages
  query_impl::doc_link_traits_in_scope::get_query_incr::__rust_end_short_backtrace::__CALLSITE      4 total usages
  errors::wrong_number_of_generic_args::WrongNumberOfGenericArgs::<'a, 'tcx>::suggest::__CALLSITE      4 total usages
  rmeta::encoder::EncodeContext::<'a, 'tcx>::encode_info_for_assoc_item::__CALLSITE      4 total usages
  writeback::Resolver::<'cx, 'tcx>::handle_term::__CALLSITE      4 total usages
  query_impl::trait_impls_in_crate::get_query_incr::__rust_end_short_backtrace::__CALLSITE      4 total usages
  traits::project::confirm_coroutine_candidate::__CALLSITE      4 total usages
  traits::select::SelectionContext::<'_, 'tcx>::impl_or_trait_obligations::__CALLSITE      4 total usages
  query_impl::clashing_extern_declarations::try_collect_active_jobs::__CALLSITE      4 total usages
  abi::fn_abi_new_uncached::{closure#2}::__CALLSITE      4 total usages
  <simplify::SimplifyCfg as pass_manager::MirPass<'tcx>>::run_pass::__CALLSITE      4 total usages
  query_impl::used_crates::try_collect_active_jobs::__CALLSITE      4 total usages
  query_impl::associated_types_for_impl_traits_in_trait_or_impl::dynamic_query::{closure#2}::{closure#0}::__CALLSITE      4 total usages
  variance::terms::determine_parameters_to_be_inferred::__CALLSITE      4 total usages
  builder::matches::util::collect_fake_borrows::__CALLSITE      4 total usages
  query_impl::exportable_items::dynamic_query::{closure#2}::__CALLSITE      4 total usages
  const_eval::eval_queries::eval_static_initializer_provider::__CALLSITE      4 total usages
  query_impl::analysis::dynamic_query::{closure#2}::{closure#0}::__CALLSITE      4 total usages
  query_impl::coroutine_hidden_types::try_collect_active_jobs::__CALLSITE      4 total usages
  interpret::call::<impl interpret::eval_context::InterpCx<'tcx, M>>::return_from_current_stack_frame::{closure#0}::__CALLSITE      4 total usages
  query_impl::stability_implications::dynamic_query::{closure#2}::{closure#0}::__CALLSITE      4 total usages
  query_impl::is_late_bound_map::try_collect_active_jobs::__CALLSITE      4 total usages
  query_impl::compare_impl_item::try_collect_active_jobs::__CALLSITE      4 total usages
  query_impl::dylib_dependency_formats::dynamic_query::{closure#2}::__CALLSITE      4 total usages
  infer::InferCtxt::<'tcx>::create_next_universe::__CALLSITE      4 total usages
  query_impl::is_doc_notable_trait::dynamic_query::{closure#2}::{closure#0}::__CALLSITE      4 total usages
  query_impl::attrs_for_def::dynamic_query::{closure#2}::__CALLSITE      4 total usages
  mir::place::PlaceRef::<'tcx, V>::project_field::__CALLSITE      4 total usages
  query_impl::reachable_set::try_collect_active_jobs::__CALLSITE      4 total usages
  query_impl::incoherent_impls::dynamic_query::{closure#2}::__CALLSITE      4 total usages
  <rustc_infer::infer::InferCtxt<'tcx> as region_infer::opaque_types::InferCtxtExt<'tcx>>::infer_opaque_definition_from_instantiation::__CALLSITE      4 total usages
  query_impl::dyn_compatibility_violations::dynamic_query::{closure#2}::__CALLSITE      4 total usages
  query_impl::variances_of::try_collect_active_jobs::__CALLSITE      4 total usages
  query_impl::inherent_impls::try_collect_active_jobs::__CALLSITE      4 total usages
  diagnostics::region_name::<impl MirBorrowckCtxt<'_, '_, 'tcx>>::give_name_if_anonymous_region_appears_in_arguments::__CALLSITE      4 total usages
  query_impl::implied_outlives_bounds::get_query_incr::__rust_end_short_backtrace::__CALLSITE      4 total usages
  expr_use_visitor::ExprUseVisitor::<'tcx, Cx, D>::walk_expr::__CALLSITE      4 total usages
  query_impl::crate_incoherent_impls::dynamic_query::{closure#2}::__CALLSITE      4 total usages
  query_impl::has_ffi_unwind_calls::get_query_incr::__rust_end_short_backtrace::__CALLSITE      4 total usages
  diagnostics::outlives_suggestion::OutlivesSuggestionBuilder::collect_constraint::__CALLSITE      4 total usages
  query_impl::trigger_delayed_bug::get_query_incr::__rust_end_short_backtrace::__CALLSITE      4 total usages
  fn_ctxt::checks::<impl fn_ctxt::FnCtxt<'a, 'tcx>>::report_arg_errors      4 total usages
  <check_consts::post_drop_elaboration::CheckLiveDrops<'_, 'tcx> as rustc_middle::mir::visit::Visitor<'tcx>>::visit_terminator::__CALLSITE      4 total usages
  query_impl::has_significant_drop_raw::dynamic_query::{closure#2}::__CALLSITE      4 total usages
  query_impl::coroutine_for_closure::dynamic_query::{closure#2}::{closure#0}::__CALLSITE      4 total usages
  query_impl::check_mod_unstable_api_usage::dynamic_query::{closure#2}::{closure#0}::__CALLSITE      4 total usages
  query_impl::postorder_cnums::dynamic_query::{closure#2}::{closure#0}::__CALLSITE      4 total usages
  traits::select::SelectionContext::<'_, 'tcx>::closure_trait_ref_unnormalized::__CALLSITE      4 total usages
  query_impl::explicit_item_bounds::try_collect_active_jobs::__CALLSITE      4 total usages
  builder::cfg::<impl builder::CFG<'tcx>>::terminate::__CALLSITE      4 total usages
  query_impl::limits::get_query_incr::__rust_end_short_backtrace::__CALLSITE      4 total usages
  query_impl::adt_async_drop_tys::dynamic_query::{closure#2}::{closure#0}::__CALLSITE      4 total usages
  creader::CStore::inject_profiler_runtime::__CALLSITE      4 total usages
  query_impl::has_panic_handler::dynamic_query::{closure#2}::{closure#0}::__CALLSITE      4 total usages
  query_impl::panic_in_drop_strategy::get_query_incr::__rust_end_short_backtrace::__CALLSITE      4 total usages
  query_impl::type_alias_is_lazy::dynamic_query::{closure#2}::__CALLSITE      4 total usages
  query_impl::unsizing_params_for_adt::dynamic_query::{closure#2}::__CALLSITE      4 total usages
  stability::lookup_stability::__CALLSITE      4 total usages
  ty::layout::fn_can_unwind::__CALLSITE      4 total usages
  liveness::IrMaps::<'tcx>::add_live_node_for_node::__CALLSITE      4 total usages
  query_impl::lookup_const_stability::dynamic_query::{closure#2}::{closure#0}::__CALLSITE      4 total usages
  traits::project::confirm_callable_candidate::__CALLSITE      4 total usages
  query_impl::expn_that_defined::get_query_incr::__rust_end_short_backtrace::__CALLSITE      4 total usages
  query_impl::check_unsafety::dynamic_query::{closure#2}::{closure#0}::__CALLSITE      4 total usages
  closure::<impl fn_ctxt::FnCtxt<'a, 'tcx>>::extract_sig_from_projection_and_future_bound::__CALLSITE      4 total usages
  rmeta::decoder::<impl creader::CrateMetadataRef<'a>>::imported_source_file::{closure#2}::__CALLSITE      4 total usages
  query_impl::has_ffi_unwind_calls::dynamic_query::{closure#2}::__CALLSITE      4 total usages
  collect::resolve_bound_vars::is_late_bound_map      4 total usages
  query_impl::crate_variances::get_query_incr::__rust_end_short_backtrace::__CALLSITE      4 total usages
  query_impl::impl_trait_header::dynamic_query::{closure#2}::__CALLSITE      4 total usages
  type_check::input_output::<impl type_check::TypeChecker<'a, 'tcx>>::check_signature_annotation::__CALLSITE      4 total usages
  infer::snapshot::<impl infer::InferCtxt<'tcx>>::rollback_to::__CALLSITE      4 total usages
  thir::pattern::const_to_pat::ConstToPat::<'tcx>::new::__CALLSITE      4 total usages
  check::wfcheck::WfCheckingCtxt::<'_, 'tcx>::check_false_global_bounds::__CALLSITE      4 total usages
  interpret::step::<impl interpret::eval_context::InterpCx<'tcx, M>>::eval_statement::{closure#0}::__CALLSITE      4 total usages
  query_impl::adt_significant_drop_tys::try_collect_active_jobs::__CALLSITE      4 total usages
  query_impl::reachable_set::dynamic_query::{closure#2}::{closure#0}::__CALLSITE      4 total usages
  query_impl::postorder_cnums::try_collect_active_jobs::__CALLSITE      4 total usages
  infer::outlives::verify::VerifyBoundCx::<'cx, 'tcx>::alias_bound::__CALLSITE      4 total usages
  query_impl::stability_implications::get_query_incr::__rust_end_short_backtrace::__CALLSITE      4 total usages
  query_impl::is_async_drop_raw::dynamic_query::{closure#2}::{closure#0}::__CALLSITE      4 total usages
  builder::custom::parse::instruction::<impl builder::custom::ParseCtxt<'a, 'tcx>>::parse_operand::__CALLSITE      4 total usages
  query_impl::evaluate_root_goal_for_proof_tree_raw::dynamic_query::{closure#2}::{closure#0}::__CALLSITE      4 total usages
  query_impl::is_sized_raw::get_query_incr::__rust_end_short_backtrace::__CALLSITE      4 total usages
  query_impl::backend_optimization_level::try_collect_active_jobs::__CALLSITE      4 total usages
  outlives::implicit_infer::check_explicit_predicates      4 total usages
  query_impl::specializes::dynamic_query::{closure#2}::__CALLSITE      4 total usages
  query_impl::registered_tools::try_collect_active_jobs::__CALLSITE      4 total usages
  query_impl::mir_for_ctfe::try_collect_active_jobs::__CALLSITE      4 total usages
  maybe_transmutable::rustc::<impl maybe_transmutable::MaybeTransmutableQuery<rustc_middle::ty::Ty<'tcx>, rustc_middle::ty::TyCtxt<'tcx>>>::answer::__CALLSITE      4 total usages
  query_impl::diagnostic_hir_wf_check::get_query_incr::__rust_end_short_backtrace::__CALLSITE      4 total usages
  query_impl::check_match::dynamic_query::{closure#2}::{closure#0}::__CALLSITE      4 total usages
  <back::linker::AixLinker<'a> as back::linker::Linker>::export_symbols::__CALLSITE      4 total usages
  mir::FunctionCx::<'a, 'tcx, Bx>::monomorphize::__CALLSITE      4 total usages
  query_impl::shallow_lint_levels_on::try_collect_active_jobs::__CALLSITE      4 total usages
  elaborate_drops::ElaborateDropsCtxt::<'a, 'tcx>::collect_drop_flags::__CALLSITE      4 total usages
  query_impl::diagnostic_hir_wf_check::dynamic_query::{closure#2}::__CALLSITE      4 total usages
  variance::constraints::ConstraintContext::<'a, 'tcx>::add_constraints_from_ty::__CALLSITE      4 total usages
  <copy_prop::Replacer<'_, 'tcx> as rustc_middle::mir::visit::MutVisitor<'tcx>>::visit_statement::__CALLSITE      4 total usages
  base::SyntaxExtension::new::__CALLSITE      4 total usages
  interpret::operator::<impl interpret::eval_context::InterpCx<'tcx, M>>::unary_op::__CALLSITE      4 total usages
  query_impl::item_self_bounds::get_query_incr::__rust_end_short_backtrace::__CALLSITE      4 total usages
  query_impl::lookup_stability::dynamic_query::{closure#2}::__CALLSITE      4 total usages
  layout::LayoutCalculator::<Cx>::univariant::__CALLSITE      4 total usages
  query_impl::is_sized_raw::try_collect_active_jobs::__CALLSITE      4 total usages
  effective_visibilities::EffectiveVisibilitiesVisitor::<'a, 'ra, 'tcx>::compute_effective_visibilities::__CALLSITE      4 total usages
  query_impl::check_expectations::dynamic_query::{closure#2}::{closure#0}::__CALLSITE      4 total usages
  query_impl::anon_const_kind::try_collect_active_jobs::__CALLSITE      4 total usages
  query_impl::dependency_formats::dynamic_query::{closure#2}::__CALLSITE      4 total usages
  query_impl::check_transmutes::get_query_incr::__rust_end_short_backtrace::__CALLSITE      4 total usages
  query_impl::is_panic_runtime::dynamic_query::{closure#2}::{closure#0}::__CALLSITE      4 total usages
  query_impl::wasm_import_module_map::try_collect_active_jobs::__CALLSITE      4 total usages
  query_impl::typeck::try_collect_active_jobs::__CALLSITE      4 total usages
  item::<impl LoweringContext<'_, 'hir>>::lower_use_tree::__CALLSITE      4 total usages
  MirBorrowckCtxt::<'a, '_, 'tcx>::check_for_local_borrow::__CALLSITE      4 total usages
  late::LateResolutionVisitor::<'a, 'ast, 'ra, 'tcx>::resolve_fn_signature::{closure#0}::__CALLSITE      4 total usages
  query_impl::adt_dtorck_constraint::dynamic_query::{closure#2}::{closure#0}::__CALLSITE      4 total usages
  non_ascii_idents      4 total usages
  persist::fs::create_dir::__CALLSITE      4 total usages
  query_impl::type_of_opaque::get_query_incr::__rust_end_short_backtrace::__CALLSITE      4 total usages
  expr::<impl fn_ctxt::FnCtxt<'a, 'tcx>>::check_for_nested_field_satisfying_condition_for_diag::__CALLSITE      4 total usages
  infer::snapshot::<impl infer::InferCtxt<'tcx>>::start_snapshot::__CALLSITE      4 total usages
  query_impl::shallow_lint_levels_on::dynamic_query::{closure#2}::{closure#0}::__CALLSITE      4 total usages
  <index::NodeCollector<'a, 'hir> as rustc_hir::intravisit::Visitor<'hir>>::visit_trait_item::__CALLSITE      4 total usages
  relate::combine::super_combine_consts::__CALLSITE      4 total usages
  traits::normalize::normalize_with_depth_to      4 total usages
  query_impl::is_profiler_runtime::get_query_incr::__rust_end_short_backtrace::__CALLSITE      4 total usages
  query_impl::should_inherit_track_caller::dynamic_query::{closure#2}::__CALLSITE      4 total usages
  solve::trait_goals::<impl solve::assembly::GoalKind<D> for rustc_type_ir::TraitPredicate<I>>::fast_reject_assumption      4 total usages
  handle_placeholders::region_definitions::__CALLSITE      4 total usages
  query_impl::limits::try_collect_active_jobs::__CALLSITE      4 total usages
  query_impl::list_significant_drop_tys::try_collect_active_jobs::__CALLSITE      4 total usages
  index::NodeCollector::<'a, 'hir>::insert::__CALLSITE      4 total usages
  <gather_locals::GatherLocalsVisitor<'a, 'tcx> as rustc_hir::intravisit::Visitor<'tcx>>::visit_pat::__CALLSITE      4 total usages
  query_impl::type_op_normalize_fn_sig::dynamic_query::{closure#2}::{closure#0}::__CALLSITE      4 total usages
  query_impl::eval_static_initializer::dynamic_query::{closure#2}::__CALLSITE      4 total usages
  query_impl::resolve_bound_vars::get_query_incr::__rust_end_short_backtrace::__CALLSITE      4 total usages
  search_graph::SearchGraph::<D>::insert_global_cache::__CALLSITE      4 total usages
  query_impl::codegen_unit::dynamic_query::{closure#2}::__CALLSITE      4 total usages
  query_impl::codegen_unit::dynamic_query::{closure#2}::{closure#0}::__CALLSITE      4 total usages
  mir::interpret::queries::<impl ty::context::TyCtxt<'tcx>>::const_eval_global_id::__CALLSITE      4 total usages
  diagnostics::explain_borrow::<impl MirBorrowckCtxt<'_, '_, 'tcx>>::later_use_kind::__CALLSITE      4 total usages
  query_impl::reachable_non_generics::get_query_incr::__rust_end_short_backtrace::__CALLSITE      4 total usages
  query_impl::representability::try_collect_active_jobs::__CALLSITE      4 total usages
  query_impl::type_op_prove_predicate::dynamic_query::{closure#2}::{closure#0}::__CALLSITE      4 total usages
  <infer::relate::generalize::Generalizer<'_, 'tcx> as rustc_type_ir::relate::TypeRelation<rustc_middle::ty::TyCtxt<'tcx>>>::relate_with_variance::{closure#0}::__CALLSITE      4 total usages
  jump_threading::TOFinder::<'a, 'tcx>::process_operand::__CALLSITE      4 total usages
  method::probe::ProbeContext::<'a, 'tcx>::pick_reborrow_pin_method::__CALLSITE      4 total usages
  traits::project::assemble_candidates_from_trait_def::__CALLSITE      4 total usages
  const_eval::eval_queries::eval_to_const_value_raw_provider::__CALLSITE      4 total usages
  interpret::discriminant::<impl interpret::eval_context::InterpCx<'tcx, M>>::read_discriminant      4 total usages
  query_impl::should_inherit_track_caller::get_query_incr::__rust_end_short_backtrace::__CALLSITE      4 total usages
  infer::snapshot::<impl infer::InferCtxt<'tcx>>::probe::__CALLSITE      4 total usages
  elaborate_drops::ElaborateDropsCtxt::<'a, 'tcx>::collect_drop_flags::{closure#0}::__CALLSITE      4 total usages
  query_impl::eval_static_initializer::get_query_incr::__rust_end_short_backtrace::__CALLSITE      4 total usages
  query_impl::dyn_compatibility_violations::try_collect_active_jobs::__CALLSITE      4 total usages
  type_check::canonical::<impl type_check::TypeChecker<'a, 'tcx>>::normalize_with_category::__CALLSITE      4 total usages
  simplify::CfgSimplifier::<'a, 'tcx>::simplify::__CALLSITE      4 total usages
  ty::normalize_erasing_regions::<impl ty::context::TyCtxt<'tcx>>::instantiate_and_normalize_erasing_regions::__CALLSITE      4 total usages
  query_impl::adt_def::try_collect_active_jobs::__CALLSITE      4 total usages
  query_impl::items_of_instance::dynamic_query::{closure#2}::{closure#0}::__CALLSITE      4 total usages
  back::write::execute_copy_from_cache_work_item::{closure#0}::__CALLSITE      4 total usages
  query_impl::is_use_cloned_raw::get_query_incr::__rust_end_short_backtrace::__CALLSITE      4 total usages
  <check_consts::ops::FnCallNonConst<'tcx> as check_consts::ops::NonConstOp<'tcx>>::build_error::{closure#0}::__CALLSITE      4 total usages
  check::compare_impl_item::compare_const_predicate_entailment      4 total usages
  query_impl::fn_abi_of_instance::try_collect_active_jobs::__CALLSITE      4 total usages
  ident::<impl Resolver<'ra, 'tcx>>::maybe_resolve_ident_in_module::__CALLSITE      4 total usages
  query_impl::associated_item_def_ids::get_query_incr::__rust_end_short_backtrace::__CALLSITE      4 total usages
  traits::select::ProvisionalEvaluationCache::<'tcx>::on_completion::{closure#0}::__CALLSITE      4 total usages
  Resolver::<'ra, 'tcx>::record_partial_res::__CALLSITE      4 total usages
  interpret::step::<impl interpret::eval_context::InterpCx<'tcx, M>>::eval_terminator::{closure#3}::__CALLSITE      4 total usages
  type_check::constraint_conversion::ConstraintConversion::<'a, 'tcx>::convert::__CALLSITE      4 total usages
  query_impl::inherited_align::try_collect_active_jobs::__CALLSITE      4 total usages
  ty::context::TyCtxt::<'tcx>::named_bound_var::__CALLSITE      4 total usages
  infer::outlives::obligations::TypeOutlives::<'cx, 'tcx, D>::placeholder_ty_must_outlive::__CALLSITE      4 total usages
  reachable::reachable_set::__CALLSITE      4 total usages
  LoweringContext::<'a, 'hir>::with_hir_id_owner::__CALLSITE      4 total usages
  <late::LateResolutionVisitor<'_, 'ast, 'ra, 'tcx> as rustc_ast::visit::Visitor<'ast>>::visit_where_predicate::__CALLSITE      4 total usages
  query_impl::compare_impl_item::dynamic_query::{closure#2}::__CALLSITE      4 total usages
  query_impl::hir_attr_map::try_collect_active_jobs::__CALLSITE      4 total usages
  query_impl::lookup_default_body_stability::dynamic_query::{closure#2}::{closure#0}::__CALLSITE      4 total usages
  query_impl::orphan_check_impl::get_query_incr::__rust_end_short_backtrace::__CALLSITE      4 total usages
  query_impl::coerce_unsized_info::dynamic_query::{closure#2}::{closure#0}::__CALLSITE      4 total usages
  error_reporting::infer::suggest::<impl error_reporting::TypeErrCtxt<'_, 'tcx>>::could_remove_semicolon::__CALLSITE      4 total usages
  query_impl::all_diagnostic_items::dynamic_query::{closure#2}::{closure#0}::__CALLSITE      4 total usages
  infer::snapshot::<impl infer::InferCtxt<'tcx>>::commit_from::__CALLSITE      4 total usages
  traits::select::candidate_assembly::<impl traits::select::SelectionContext<'cx, 'tcx>>::assemble_candidates_from_object_ty::__CALLSITE      4 total usages
  promote_consts::Promoter::<'a, 'tcx>::promote_temp::__CALLSITE      4 total usages
  inline::Integrator::<'_, '_>::map_local::__CALLSITE      4 total usages
  error_reporting::infer::nice_region_error::util::find_param_with_region::__CALLSITE      4 total usages
  <relate::solver_relating::SolverRelating<'_, Infcx, I> as relate::TypeRelation<I>>::consts::__CALLSITE      4 total usages
  MirBorrowckCtxt::<'a, '_, 'tcx>::consume_rvalue::__CALLSITE      4 total usages
  query_impl::promoted_mir::try_collect_active_jobs::__CALLSITE      4 total usages
  query_impl::asm_target_features::get_query_incr::__rust_end_short_backtrace::__CALLSITE      4 total usages
  query_impl::trait_impls_of::get_query_incr::__rust_end_short_backtrace::__CALLSITE      4 total usages
  traits::select::confirmation::<impl traits::select::SelectionContext<'cx, 'tcx>>::confirm_transmutability_candidate::flatten_answer_tree::__CALLSITE      4 total usages
  query_impl::destructure_const::get_query_incr::__rust_end_short_backtrace::__CALLSITE      4 total usages
  interpret::step::<impl interpret::eval_context::InterpCx<'tcx, M>>::eval_terminator::{closure#0}::__CALLSITE      4 total usages
  collect::type_of::opaque::TaitConstraintLocator::<'tcx>::check      4 total usages
  query_impl::representability_adt_ty::get_query_incr::__rust_end_short_backtrace::__CALLSITE      4 total usages
  late::LateResolutionVisitor::<'a, 'ast, 'ra, 'tcx>::with_constant_rib::__CALLSITE      4 total usages
  <builtin::DerefNullPtr as passes::LateLintPass<'tcx>>::check_expr      4 total usages
  query_impl::defined_lang_items::get_query_incr::__rust_end_short_backtrace::__CALLSITE      4 total usages
  method::probe::<impl fn_ctxt::FnCtxt<'a, 'tcx>>::probe_for_return_type_for_diagnostic::__CALLSITE      4 total usages
  query_impl::codegen_unit::try_collect_active_jobs::__CALLSITE      4 total usages
  builder::expr::as_place::<impl builder::Builder<'a, 'tcx>>::expr_as_place::__CALLSITE      4 total usages
  query_impl::predicates_of::dynamic_query::{closure#2}::{closure#0}::__CALLSITE      4 total usages
  place_op::<impl fn_ctxt::FnCtxt<'a, 'tcx>>::try_overloaded_place_op::__CALLSITE      4 total usages
  query_impl::is_copy_raw::try_collect_active_jobs::__CALLSITE      4 total usages
  query_impl::explicit_super_predicates_of::dynamic_query::{closure#2}::__CALLSITE      4 total usages
  assert_dep_graph::node_set::__CALLSITE      4 total usages
  coroutine::check_must_not_suspend_ty::__CALLSITE      4 total usages
  inline::try_instance_mir::__CALLSITE      4 total usages
  <dyn hir_ty_lowering::HirTyLowerer<'tcx>>::lower_resolved_assoc_ty_path::__CALLSITE      4 total usages
  query_impl::check_transmutes::dynamic_query::{closure#2}::{closure#0}::__CALLSITE      4 total usages
  interpret::cast::<impl interpret::eval_context::InterpCx<'tcx, M>>::unsize_into::__CALLSITE      4 total usages
  query_impl::type_op_ascribe_user_type::dynamic_query::{closure#2}::__CALLSITE      4 total usages
  late::LateResolutionVisitor::<'a, 'ast, 'ra, 'tcx>::resolve_implementation::__CALLSITE      4 total usages
  rmeta::encoder::rendered_const      4 total usages
  query_impl::needs_drop_raw::dynamic_query::{closure#2}::{closure#0}::__CALLSITE      4 total usages
  query_impl::const_param_default::dynamic_query::{closure#2}::__CALLSITE      4 total usages
  mir::operand::<impl mir::FunctionCx<'a, 'tcx, Bx>>::maybe_codegen_consume_direct::__CALLSITE      4 total usages
  mir::mono::MonoItem::<'tcx>::is_instantiable::__CALLSITE      4 total usages
  query_impl::method_autoderef_steps::try_collect_active_jobs::__CALLSITE      4 total usages
  query_impl::mir_promoted::dynamic_query::{closure#2}::__CALLSITE      4 total usages
  query_impl::used_trait_imports::dynamic_query::{closure#2}::__CALLSITE      4 total usages
  query_impl::local_trait_impls::try_collect_active_jobs::__CALLSITE      4 total usages
  query_impl::check_unused_traits::try_collect_active_jobs::__CALLSITE      4 total usages
  <ty::opaque_types::ReverseMapper<'tcx> as rustc_type_ir::TypeFolder<ty::context::TyCtxt<'tcx>>>::fold_const::__CALLSITE      4 total usages
  query_impl::implied_outlives_bounds::try_collect_active_jobs::__CALLSITE      4 total usages
  query_impl::upvars_mentioned::dynamic_query::{closure#2}::__CALLSITE      4 total usages
  query_impl::effective_visibilities::dynamic_query::{closure#2}::__CALLSITE      4 total usages
  <D as solve::eval_ctxt::SolverDelegateEvalExt>::evaluate_root_goal::__CALLSITE      4 total usages
  collect::predicates_of::type_param_predicates::__CALLSITE      4 total usages
  solve::assembly::<impl solve::eval_ctxt::EvalCtxt<'_, D>>::assemble_and_evaluate_candidates::__CALLSITE      4 total usages
  promote_consts::promote_candidates::__CALLSITE      4 total usages
  ty::layout::<impl rustc_abi::TyAbiInterface<'tcx, C> for ty::Ty<'tcx>>::ty_and_layout_pointee_info_at::__CALLSITE      4 total usages
  query_impl::foreign_modules::get_query_incr::__rust_end_short_backtrace::__CALLSITE      4 total usages
  query_impl::associated_item_def_ids::dynamic_query::{closure#2}::__CALLSITE      4 total usages
  coherence::builtin::visit_implementation_of_coerce_unsized::__CALLSITE      4 total usages
  query_impl::early_lint_checks::dynamic_query::{closure#2}::{closure#0}::__CALLSITE      4 total usages
  query_impl::opt_ast_lowering_delayed_lints::dynamic_query::{closure#2}::{closure#0}::__CALLSITE      4 total usages
  hygiene::HygieneData::marks::__CALLSITE      4 total usages
  <index::NodeCollector<'a, 'hir> as rustc_hir::intravisit::Visitor<'hir>>::visit_item::__CALLSITE      4 total usages
  query_impl::upstream_drop_glue_for::try_collect_active_jobs::__CALLSITE      4 total usages
  traits::select::ProvisionalEvaluationCache::<'tcx>::on_failure::__CALLSITE      4 total usages
  traits::select::SelectionContext::<'cx, 'tcx>::enable_tracking_intercrate_ambiguity_causes::__CALLSITE      4 total usages
  query_impl::predicates_of::get_query_incr::__rust_end_short_backtrace::__CALLSITE      4 total usages
  query_impl::explicit_item_self_bounds::try_collect_active_jobs::__CALLSITE      4 total usages
  rmeta::encoder::EncodeContext::<'a, 'tcx>::encode_explicit_item_self_bounds::__CALLSITE      4 total usages
  <remove_place_mention::RemovePlaceMention as pass_manager::MirPass<'tcx>>::run_pass::__CALLSITE      4 total usages
  traits::select::ProvisionalEvaluationCache::<'tcx>::get_provisional::__CALLSITE      4 total usages
  query_impl::debugger_visualizers::dynamic_query::{closure#2}::{closure#0}::__CALLSITE      4 total usages
  <traits::query::normalize::QueryNormalizer<'a, 'tcx> as rustc_middle::ty::FallibleTypeFolder<rustc_middle::ty::TyCtxt<'tcx>>>::try_fold_const::__CALLSITE      4 total usages
  query_impl::items_of_instance::dynamic_query::{closure#2}::__CALLSITE      4 total usages
  query_impl::inhabited_predicate_type::dynamic_query::{closure#2}::__CALLSITE      4 total usages
  interpret::eval_context::InterpCx::<'tcx, M>::fn_abi_of_fn_ptr::{closure#0}::__CALLSITE      4 total usages
  check::region::resolve_local::__CALLSITE      4 total usages
  passes::early_lint_checks::{closure#1}::__CALLSITE      4 total usages
  query_impl::has_alloc_error_handler::try_collect_active_jobs::__CALLSITE      4 total usages
  query_impl::is_unpin_raw::get_query_incr::__rust_end_short_backtrace::__CALLSITE      4 total usages
  <opaque_types::OpaqueTypeCollector<'tcx>::collect_taits_declared_in_body::TaitInBodyFinder<'_, '_> as rustc_hir::intravisit::Visitor<'v>>::visit_nested_item::__CALLSITE      4 total usages
  query_impl::adt_async_destructor::dynamic_query::{closure#2}::{closure#0}::__CALLSITE      4 total usages
  query_impl::opt_hir_owner_nodes::try_collect_active_jobs::__CALLSITE      4 total usages
  mir::interpret::<impl ty::context::TyCtxt<'tcx>>::reserve_and_set_dedup::__CALLSITE      4 total usages
  diagnostics::region_errors::<impl MirBorrowckCtxt<'_, 'infcx, 'tcx>>::report_escaping_data_error::__CALLSITE      4 total usages
  query_impl::lints_that_dont_need_to_run::dynamic_query::{closure#2}::{closure#0}::__CALLSITE      4 total usages
  query_impl::panic_in_drop_strategy::dynamic_query::{closure#2}::__CALLSITE      4 total usages
  <traits::select::_match::MatchAgainstFreshVars<'tcx> as rustc_infer::infer::relate::TypeRelation<rustc_middle::ty::TyCtxt<'tcx>>>::tys::__CALLSITE      4 total usages
  query_impl::backend_optimization_level::dynamic_query::{closure#2}::__CALLSITE      4 total usages
  mir::locals::<impl mir::FunctionCx<'a, 'tcx, Bx>>::initialize_locals::__CALLSITE      4 total usages
  query_impl::closure_typeinfo::get_query_incr::__rust_end_short_backtrace::__CALLSITE      4 total usages
  config::StripUnconfigured::<'a>::configure_expr::__CALLSITE      4 total usages
  expr::<impl fn_ctxt::FnCtxt<'a, 'tcx>>::ban_nonexisting_field::__CALLSITE      4 total usages
  late::LateResolutionVisitor::<'a, 'ast, 'ra, 'tcx>::record_lifetime_param::__CALLSITE      4 total usages
  rmeta::encoder::EncodeContext::<'a, 'tcx>::encode_deprecation::__CALLSITE      4 total usages
  <infer::relate::generalize::Generalizer<'_, 'tcx> as rustc_type_ir::relate::TypeRelation<rustc_middle::ty::TyCtxt<'tcx>>>::consts::{closure#0}::__CALLSITE      4 total usages
  query_impl::evaluate_obligation::try_collect_active_jobs::__CALLSITE      4 total usages
  <check_consts::check::Checker<'_, 'tcx> as rustc_middle::mir::visit::Visitor<'tcx>>::visit_source_info::__CALLSITE      4 total usages
  move_paths::builder::MoveDataBuilder::<'a, 'tcx, F>::gather_args::__CALLSITE      4 total usages
  mir::interpret::queries::<impl ty::context::TyCtxt<'tcx>>::const_eval_poly::__CALLSITE      4 total usages
  traits::select::ProvisionalEvaluationCache::<'tcx>::insert_provisional::__CALLSITE      4 total usages
  query_impl::type_op_normalize_poly_fn_sig::get_query_incr::__rust_end_short_backtrace::__CALLSITE      4 total usages
  fn_ctxt::_impl::<impl fn_ctxt::FnCtxt<'a, 'tcx>>::warn_if_unreachable::__CALLSITE      4 total usages
  jump_threading::TOFinder::<'a, 'tcx>::recurse_through_terminator::__CALLSITE      4 total usages
  ty::layout::FnAbiOf::fn_abi_of_instance::__CALLSITE      4 total usages
  query_impl::stability_implications::try_collect_active_jobs::__CALLSITE      4 total usages
  assert_module_sources::CguReuseTracker::set_expectation::__CALLSITE      4 total usages
  traits::predicates_for_generics::__CALLSITE      4 total usages
  traits::select::SelectionContext::<'cx, 'tcx>::insert_candidate_cache      4 total usages
  fn_ctxt::suggestions::<impl fn_ctxt::FnCtxt<'a, 'tcx>>::suggest_floating_point_literal::__CALLSITE      4 total usages
  query_impl::params_in_repr::try_collect_active_jobs::__CALLSITE      4 total usages
  <cfg_eval::CfgEval<'_> as rustc_ast::mut_visit::MutVisitor>::visit_method_receiver_expr::__CALLSITE      4 total usages
  query_impl::impl_parent::try_collect_active_jobs::__CALLSITE      4 total usages
  compute_symbol_name::__CALLSITE      4 total usages
  infer::InferCtxt::<'tcx>::next_nll_region_var::__CALLSITE      4 total usages
  query_impl::get_lang_items::dynamic_query::{closure#2}::{closure#0}::__CALLSITE      4 total usages
  thir::pattern::pat_from_hir::__CALLSITE      4 total usages
  query_impl::type_of_opaque::dynamic_query::{closure#2}::{closure#0}::__CALLSITE      4 total usages
  query_impl::hir_crate_items::try_collect_active_jobs::__CALLSITE      4 total usages
  query_impl::native_library::try_collect_active_jobs::__CALLSITE      4 total usages
  traits::select::candidate_assembly::<impl traits::select::SelectionContext<'cx, 'tcx>>::assemble_iterator_candidates::__CALLSITE      4 total usages
  <borrow_set::GatherBorrows<'a, 'tcx> as rustc_middle::mir::visit::Visitor<'tcx>>::visit_assign::__CALLSITE      4 total usages
  query_impl::lookup_default_body_stability::get_query_incr::__rust_end_short_backtrace::__CALLSITE      4 total usages
  late::LateResolutionVisitor::<'a, 'ast, 'ra, 'tcx>::resolve_local::__CALLSITE      4 total usages
  <infer::relate::type_relating::TypeRelating<'_, 'tcx> as rustc_type_ir::relate::TypeRelation<rustc_middle::ty::TyCtxt<'tcx>>>::relate_with_variance::__CALLSITE      4 total usages
  <relate::solver_relating::SolverRelating<'_, Infcx, I> as relate::TypeRelation<I>>::regions::__CALLSITE      4 total usages
  infer::canonical::query_response::<impl infer::InferCtxt<'tcx>>::query_response_instantiation::__CALLSITE      4 total usages
  <back::metadata::DefaultMetadataLoader as rustc_metadata::creader::MetadataLoader>::get_dylib_metadata::__CALLSITE      4 total usages
  query_impl::check_well_formed::dynamic_query::{closure#2}::{closure#0}::__CALLSITE      4 total usages
  query_impl::in_scope_traits_map::try_collect_active_jobs::__CALLSITE      4 total usages
  query_impl::limits::dynamic_query::{closure#2}::{closure#0}::__CALLSITE      4 total usages
  <check_consts::post_drop_elaboration::CheckLiveDrops<'_, 'tcx> as rustc_middle::mir::visit::Visitor<'tcx>>::visit_basic_block_data::__CALLSITE      4 total usages
  query_impl::deduced_param_attrs::dynamic_query::{closure#2}::__CALLSITE      4 total usages
  infer::region_constraints::RegionConstraintCollector::<'_, 'tcx>::start_snapshot::__CALLSITE      4 total usages
  traits::specialize::translate_args_with_cause::__CALLSITE      4 total usages
  query_impl::check_validity_requirement::get_query_incr::__rust_end_short_backtrace::__CALLSITE      4 total usages
  query_impl::opt_ast_lowering_delayed_lints::get_query_incr::__rust_end_short_backtrace::__CALLSITE      4 total usages
  query_impl::def_span::get_query_incr::__rust_end_short_backtrace::__CALLSITE      4 total usages
  <mir::analyze::LocalAnalyzer<'a, 'b, 'tcx, Bx> as rustc_middle::mir::visit::Visitor<'tcx>>::visit_assign::__CALLSITE      4 total usages
  region_infer::RegionInferenceContext::<'tcx>::find_sub_region_live_at::{closure#0}::{closure#0}::__CALLSITE      4 total usages
  solve::inspect::analyse::InspectCandidate::<'a, 'tcx>::instantiate_nested_goals::__CALLSITE      4 total usages
  query_impl::disabled_sanitizers_for::dynamic_query::{closure#2}::{closure#0}::__CALLSITE      4 total usages
  query_impl::check_expectations::get_query_incr::__rust_end_short_backtrace::__CALLSITE      4 total usages
  query_impl::mir_const_qualif::dynamic_query::{closure#2}::{closure#0}::__CALLSITE      4 total usages
  query_impl::eval_to_const_value_raw::dynamic_query::{closure#2}::__CALLSITE      4 total usages
  query_impl::resolve_instance_raw::try_collect_active_jobs::__CALLSITE      4 total usages
  query_impl::inhabited_predicate_adt::get_query_incr::__rust_end_short_backtrace::__CALLSITE      4 total usages
  builder::scope::build_scope_drops::__CALLSITE      4 total usages
  query_impl::resolutions::get_query_incr::__rust_end_short_backtrace::__CALLSITE      4 total usages
  query_impl::crate_host_hash::dynamic_query::{closure#2}::__CALLSITE      4 total usages
  query_impl::specialization_enabled_in::get_query_incr::__rust_end_short_backtrace::__CALLSITE      4 total usages
  elaborate_drop::DropCtxt::<'a, 'b, 'tcx, D>::elaborated_drop_block::__CALLSITE      4 total usages
  query_impl::check_expectations::dynamic_query::{closure#2}::__CALLSITE      4 total usages
  query_impl::anon_const_kind::dynamic_query::{closure#2}::{closure#0}::__CALLSITE      4 total usages
  <check_consts::check::Checker<'_, 'tcx> as rustc_middle::mir::visit::Visitor<'tcx>>::visit_statement::__CALLSITE      4 total usages
  builder::expr::as_operand::<impl builder::Builder<'a, 'tcx>>::as_call_operand::__CALLSITE      4 total usages
  fallback::<impl fn_ctxt::FnCtxt<'_, 'tcx>>::fallback_types::__CALLSITE      4 total usages
  infer::lexical_region_resolve::resolve::__CALLSITE      4 total usages
  mir::analyze::cleanup_kinds::discover_masters::__CALLSITE      4 total usages
  query_impl::inherit_sig_for_delegation_item::get_query_incr::__rust_end_short_backtrace::__CALLSITE      4 total usages
  dep_graph::serialized::SerializedDepGraph::decode      4 total usages
  solve::eval_ctxt::probe::TraitProbeCtxt::<'_, '_, D, I, F>::enter::__CALLSITE      4 total usages
  query_impl::foreign_modules::dynamic_query::{closure#2}::__CALLSITE      4 total usages
  query_impl::shallow_lint_levels_on::dynamic_query::{closure#2}::__CALLSITE      4 total usages
  query_impl::defaultness::get_query_incr::__rust_end_short_backtrace::__CALLSITE      4 total usages
  <infer::outlives::test_type_match::MatchAgainstHigherRankedOutlives<'tcx> as rustc_type_ir::relate::TypeRelation<rustc_middle::ty::TyCtxt<'tcx>>>::consts::__CALLSITE      4 total usages
  query_impl::wasm_import_module_map::dynamic_query::{closure#2}::{closure#0}::__CALLSITE      4 total usages
  ice_path_with_config::__CALLSITE      4 total usages
  query_impl::crate_name::get_query_incr::__rust_end_short_backtrace::__CALLSITE      4 total usages
  interpret::operand::<impl interpret::eval_context::InterpCx<'tcx, M>>::eval_operand::{closure#0}::__CALLSITE      4 total usages
  query_impl::doc_link_traits_in_scope::try_collect_active_jobs::__CALLSITE      4 total usages
  patch::MirPatch::<'tcx>::add_statement::__CALLSITE      4 total usages
  query_impl::upstream_drop_glue_for::dynamic_query::{closure#2}::{closure#0}::__CALLSITE      4 total usages
  error_reporting::traits::<impl error_reporting::TypeErrCtxt<'a, 'tcx>>::report_fulfillment_errors::__CALLSITE      4 total usages
  late::LateResolutionVisitor::<'a, 'ast, 'ra, 'tcx>::resolve_elided_lifetimes_in_path::__CALLSITE      4 total usages
  persist::fs::find_source_directory_in_iter      4 total usages
  query_impl::dylib_dependency_formats::dynamic_query::{closure#2}::{closure#0}::__CALLSITE      4 total usages
  expr_use_visitor::ExprUseVisitor::<'tcx, Cx, D>::cat_deref::__CALLSITE      4 total usages
  check::bounds_from_generic_predicates::__CALLSITE      4 total usages
  query_impl::is_copy_raw::dynamic_query::{closure#2}::{closure#0}::__CALLSITE      4 total usages
  traits::wf::trait_obligations::__CALLSITE      4 total usages
  traits::project::assemble_candidates_from_impls::__CALLSITE      4 total usages
  persist::save::save_dep_graph::__CALLSITE      4 total usages
  query_impl::check_unused_traits::get_query_incr::__rust_end_short_backtrace::__CALLSITE      4 total usages
  MirBorrowckCtxt::<'a, '_, 'tcx>::check_backward_incompatible_drop::__CALLSITE      4 total usages
  query_impl::asyncness::dynamic_query::{closure#2}::__CALLSITE      4 total usages
  parser::attr::<impl parser::Parser<'a>>::parse_attribute::__CALLSITE      4 total usages
  error_reporting::traits::suggestions::<impl error_reporting::TypeErrCtxt<'a, 'tcx>>::maybe_note_obligation_cause_for_async_await::{closure#1}::__CALLSITE      4 total usages
  query_impl::enforce_impl_non_lifetime_params_are_constrained::try_collect_active_jobs::__CALLSITE      4 total usages
  query_impl::trait_explicit_predicates_and_bounds::get_query_incr::__rust_end_short_backtrace::__CALLSITE      4 total usages
  <promote_consts::PromoteTemps<'tcx> as pass_manager::MirPass<'tcx>>::run_pass::__CALLSITE      4 total usages
  <lifetime_syntax::LifetimeSyntax as passes::LateLintPass<'tcx>>::check_fn::__CALLSITE      4 total usages
  query_impl::check_mod_deathness::try_collect_active_jobs::__CALLSITE      4 total usages
  base::codegen_instance::__CALLSITE      4 total usages
  query_impl::cross_crate_inlinable::dynamic_query::{closure#2}::{closure#0}::__CALLSITE      4 total usages
  <dyn hir_ty_lowering::HirTyLowerer<'tcx>>::lower_resolved_assoc_const_path::__CALLSITE      4 total usages
  query_impl::mir_keys::dynamic_query::{closure#2}::{closure#0}::__CALLSITE      4 total usages
  query_impl::rendered_precise_capturing_args::try_collect_active_jobs::__CALLSITE      4 total usages
  query_impl::mir_promoted::get_query_incr::__rust_end_short_backtrace::__CALLSITE      4 total usages
  ty::print::pretty::<impl ty::context::TyCtxt<'t>>::value_path_str_with_args::__CALLSITE      4 total usages
  writeback::WritebackCx::<'cx, 'tcx>::write_ty_to_typeck_results::__CALLSITE      4 total usages
  query_impl::is_freeze_raw::dynamic_query::{closure#2}::{closure#0}::__CALLSITE      4 total usages
  fn_ctxt::_impl::<impl fn_ctxt::FnCtxt<'a, 'tcx>>::instantiate_bounds::__CALLSITE      4 total usages
  query_impl::cross_crate_inlinable::try_collect_active_jobs::__CALLSITE      4 total usages
  error_reporting::traits::call_kind::call_kind::__CALLSITE      4 total usages
  constraints::OutlivesConstraintSet::<'tcx>::push::__CALLSITE      4 total usages
  Resolver::<'_, 'tcx>::create_def::__CALLSITE      4 total usages
  check::wfcheck::check_where_clauses::__CALLSITE      4 total usages
  <opaque_types::OpaqueTypeCollector<'tcx>::collect_taits_declared_in_body::TaitInBodyFinder<'_, '_> as rustc_hir::intravisit::Visitor<'v>>::visit_nested_body::__CALLSITE      4 total usages
  mir::interpret::specialized_encode_alloc_id      4 total usages
  fn_ctxt::suggestions::<impl fn_ctxt::FnCtxt<'a, 'tcx>>::suggest_deref_unwrap_or::__CALLSITE      4 total usages
  infer::region_constraints::leak_check::LeakCheck::<'a, 'tcx>::assign_placeholder_values::__CALLSITE      4 total usages
  <error_reporting::infer::nice_region_error::find_anon_type::TyPathVisitor<'tcx> as rustc_hir::intravisit::Visitor<'tcx>>::visit_ty::__CALLSITE      4 total usages
  query_impl::compare_impl_item::get_query_incr::__rust_end_short_backtrace::__CALLSITE      4 total usages
  builder::cfg::<impl builder::CFG<'tcx>>::push::__CALLSITE      4 total usages
  query_impl::eval_to_const_value_raw::try_collect_active_jobs::__CALLSITE      4 total usages
  query_impl::foreign_modules::dynamic_query::{closure#2}::{closure#0}::__CALLSITE      4 total usages
  rmeta::encoder::EncodeContext::<'a, 'tcx>::encode_explicit_item_bounds::__CALLSITE      4 total usages
  query_impl::adt_significant_drop_tys::dynamic_query::{closure#2}::__CALLSITE      4 total usages
  middle::region::ScopeTree::record_rvalue_candidate::__CALLSITE      4 total usages
  query_impl::is_panic_runtime::dynamic_query::{closure#2}::__CALLSITE      4 total usages
  collect::resolve_bound_vars::BoundVarContext::<'a, 'tcx>::resolve_lifetime_ref::__CALLSITE      4 total usages
  query_impl::mir_coroutine_witnesses::try_collect_active_jobs::__CALLSITE      4 total usages
  traits::project::confirm_candidate::__CALLSITE      4 total usages
  rvalue_scopes::record_rvalue_scope::__CALLSITE      4 total usages
  late::LateResolutionVisitor::<'a, 'ast, 'ra, 'tcx>::resolve_impl_item      4 total usages
  <MirBorrowckCtxt<'a, '_, 'tcx> as rustc_mir_dataflow::ResultsVisitor<'tcx, dataflow::Borrowck<'a, 'tcx>>>::visit_after_early_statement_effect::__CALLSITE      4 total usages
  rmeta::encoder::EncodeContext::<'a, 'tcx>::encode_info_for_adt::__CALLSITE      4 total usages
  persist::dirty_clean::DirtyCleanVisitor::<'tcx>::assert_loaded_from_disk::__CALLSITE      4 total usages
  polonius::legacy::accesses::emit_access_facts::__CALLSITE      4 total usages
  query_impl::env_var_os::dynamic_query::{closure#2}::{closure#0}::__CALLSITE      4 total usages
  region_infer::RegionInferenceContext::<'tcx>::check_universal_regions::__CALLSITE      4 total usages
  query_impl::cross_crate_inlinable::dynamic_query::{closure#2}::__CALLSITE      4 total usages
  solve::<impl solve::eval_ctxt::EvalCtxt<'a, D>>::compute_subtype_goal::__CALLSITE      4 total usages
  type_check::free_region_relations::UniversalRegionRelationsBuilder::<'_, 'tcx>::add_outlives_bounds::__CALLSITE      4 total usages
  solve::eval_ctxt::EvalCtxt::<'a, D>::try_evaluate_added_goals::__CALLSITE      4 total usages
  graph::scc::SccData::<S>::create_scc::__CALLSITE      4 total usages
  simplify::CfgSimplifier::<'a, 'tcx>::merge_successor::__CALLSITE      4 total usages
  normalize_projection_ty::normalize_canonicalized_free_alias::__CALLSITE      4 total usages
  ty::normalize_erasing_regions::<impl ty::context::TyCtxt<'tcx>>::normalize_erasing_late_bound_regions::__CALLSITE      4 total usages
  upvar::<impl fn_ctxt::FnCtxt<'a, 'tcx>>::analyze_closure      4 total usages
  diagnostics::conflict_errors::<impl MirBorrowckCtxt<'_, 'infcx, 'tcx>>::report_move_out_while_borrowed::__CALLSITE      4 total usages
  solve::inspect::analyse::InspectCandidate::<'a, 'tcx>::instantiate_impl_args::__CALLSITE      4 total usages
  simplify::CfgSimplifier::<'a, 'tcx>::collapse_goto_chain::__CALLSITE      4 total usages
  typeck_root_ctxt::TypeckRootCtxt::<'tcx>::register_predicate::__CALLSITE      4 total usages
  query_impl::collect_and_partition_mono_items::dynamic_query::{closure#2}::{closure#0}::__CALLSITE      4 total usages
  closure::<impl fn_ctxt::FnCtxt<'a, 'tcx>>::deduce_future_output_from_projection      4 total usages
  <infer::outlives::test_type_match::MatchAgainstHigherRankedOutlives<'tcx> as rustc_type_ir::relate::TypeRelation<rustc_middle::ty::TyCtxt<'tcx>>>::binders::__CALLSITE      4 total usages
  query_impl::type_op_normalize_poly_fn_sig::try_collect_active_jobs::__CALLSITE      4 total usages
  query_impl::lib_features::try_collect_active_jobs::__CALLSITE      4 total usages
  query_impl::check_type_wf::dynamic_query::{closure#2}::{closure#0}::__CALLSITE      4 total usages
  query_impl::item_bounds::dynamic_query::{closure#2}::__CALLSITE      4 total usages
  query_impl::implied_outlives_bounds::dynamic_query::{closure#2}::{closure#0}::__CALLSITE      4 total usages
  thir::cx::expr::<impl thir::cx::ThirBuildCx<'tcx>>::method_callee::__CALLSITE      4 total usages
  check::wfcheck::enter_wf_checking_ctxt::__CALLSITE      4 total usages
  const_eval::eval_queries::mk_eval_cx_to_read_const_val::__CALLSITE      4 total usages
  query_impl::collect_return_position_impl_trait_in_trait_tys::try_collect_active_jobs::__CALLSITE      4 total usages
  back::link::link_dwarf_object::__CALLSITE      4 total usages
  query_impl::type_op_normalize_clause::get_query_incr::__rust_end_short_backtrace::__CALLSITE      4 total usages
  query_impl::crate_host_hash::get_query_incr::__rust_end_short_backtrace::__CALLSITE      4 total usages
  region_infer::RegionInferenceContext::<'tcx>::new      4 total usages
  closure::<impl fn_ctxt::FnCtxt<'a, 'tcx>>::sig_of_closure_no_expectation::__CALLSITE      4 total usages
  check_pointers::check_pointers::__CALLSITE      4 total usages
  dead::MarkSymbolVisitor::<'tcx>::check_for_self_assign      4 total usages
  MirBorrowckCtxt::<'a, '_, 'tcx>::check_access_for_conflict::__CALLSITE      4 total usages
  query_impl::global_backend_features::get_query_incr::__rust_end_short_backtrace::__CALLSITE      4 total usages
  <bridge::buffer::Buffer as std::convert::From<std::vec::Vec<u8>>>::from      4 total usages
  diagnostics::var_name::<impl region_infer::RegionInferenceContext<'tcx>>::get_upvar_index_for_region::{closure#0}::__CALLSITE      4 total usages
  query_impl::tag_for_variant::try_collect_active_jobs::__CALLSITE      4 total usages
  query_impl::supertrait_vtable_slot::try_collect_active_jobs::__CALLSITE      4 total usages
  query_impl::def_kind::try_collect_active_jobs::__CALLSITE      4 total usages
  remove_zsts          4 total usages
  type_check::canonical::<impl type_check::TypeChecker<'a, 'tcx>>::prove_trait_ref::__CALLSITE      4 total usages
  <elaborate_drops::ElaborateDropsCtxt<'a, 'tcx> as elaborate_drop::DropElaborator<'a, 'tcx>>::drop_style::{closure#0}::{closure#0}::__CALLSITE      4 total usages
  query_impl::check_mod_attrs::get_query_incr::__rust_end_short_backtrace::__CALLSITE      4 total usages
  query_impl::mir_coroutine_witnesses::dynamic_query::{closure#2}::{closure#0}::__CALLSITE      4 total usages
  solve::effect_goals::<impl solve::eval_ctxt::EvalCtxt<'_, D>>::compute_host_effect_goal::__CALLSITE      4 total usages
  query_impl::associated_items::dynamic_query::{closure#2}::{closure#0}::__CALLSITE      4 total usages
  query_impl::normalize_canonicalized_projection_ty::dynamic_query::{closure#2}::{closure#0}::__CALLSITE      4 total usages
  query_impl::hir_crate_items::dynamic_query::{closure#2}::{closure#0}::__CALLSITE      4 total usages
  query_impl::layout_of::dynamic_query::{closure#2}::__CALLSITE      4 total usages
  query_impl::clashing_extern_declarations::dynamic_query::{closure#2}::__CALLSITE      4 total usages
  error_reporting::infer::suggest::<impl error_reporting::TypeErrCtxt<'_, 'tcx>>::suggest_await_on_expect_found::__CALLSITE      4 total usages
  query_impl::is_mir_available::dynamic_query::{closure#2}::{closure#0}::__CALLSITE      4 total usages
  check::wfcheck::check_gat_where_clauses::__CALLSITE      4 total usages
  universal_regions::UniversalRegionIndices::<'tcx>::insert_late_bound_region::__CALLSITE      4 total usages
  pat::<impl fn_ctxt::FnCtxt<'a, 'tcx>>::check_pat_lit::__CALLSITE      4 total usages
  <dyn hir_ty_lowering::HirTyLowerer<'tcx>>::lower_resolved_assoc_item_path      4 total usages
  elaborate_drop::DropCtxt::<'a, 'b, 'tcx, D>::open_drop_for_tuple::__CALLSITE      4 total usages
  infer::region_constraints::RegionConstraintCollector::<'_, 'tcx>::add_constraint::__CALLSITE      4 total usages
  query_impl::explicit_supertraits_containing_assoc_item::try_collect_active_jobs::__CALLSITE      4 total usages
  mono_checks::move_check::MoveCheckVisitor::<'tcx>::monomorphize::__CALLSITE      4 total usages
  <impls::liveness::MaybeLiveLocals as rustc_peek::RustcPeekAt<'tcx>>::peek_at::__CALLSITE      4 total usages
  query_impl::local_def_id_to_hir_id::dynamic_query::{closure#2}::{closure#0}::__CALLSITE      4 total usages
  interpret::operand::<impl interpret::eval_context::InterpCx<'tcx, M>>::eval_operand::__CALLSITE      4 total usages
  builder::custom::parse::<impl builder::custom::ParseCtxt<'a, 'tcx>>::parse_basic_block_decl::__CALLSITE      4 total usages
  query_impl::has_structural_eq_impl::dynamic_query::{closure#2}::{closure#0}::__CALLSITE      4 total usages
  check::compare_impl_item::check_region_bounds_on_impl_item::__CALLSITE      4 total usages
  query_impl::def_ident_span::try_collect_active_jobs::__CALLSITE      4 total usages
  query_impl::adt_sizedness_constraint::get_query_incr::__rust_end_short_backtrace::__CALLSITE      4 total usages
  pat::<impl fn_ctxt::FnCtxt<'a, 'tcx>>::check_pat_ident::__CALLSITE      4 total usages
  late::LateResolutionVisitor::<'a, 'ast, 'ra, 'tcx>::resolve_qpath::__CALLSITE      4 total usages
  query_impl::generics_require_sized_self::dynamic_query::{closure#2}::{closure#0}::__CALLSITE      4 total usages
  query_impl::first_method_vtable_slot::dynamic_query::{closure#2}::{closure#0}::__CALLSITE      4 total usages
  traits::project::project::__CALLSITE      4 total usages
  source_map::SourceMap::span_to_lines::__CALLSITE      4 total usages
  query_impl::type_param_predicates::get_query_incr::__rust_end_short_backtrace::__CALLSITE      4 total usages
  late::LateResolutionVisitor::<'a, 'ast, 'ra, 'tcx>::resolve_fn_signature::__CALLSITE      4 total usages
  jump_threading::TOFinder::<'a, 'tcx>::process_constant::__CALLSITE      4 total usages
  query_impl::check_mod_privacy::dynamic_query::{closure#2}::__CALLSITE      4 total usages
  known_panics_lint::ConstPropagator::<'mir, 'tcx>::use_ecx::{closure#0}::__CALLSITE      4 total usages
  query_impl::implied_target_features::get_query_incr::__rust_end_short_backtrace::__CALLSITE      4 total usages
  query_impl::eval_to_allocation_raw::get_query_incr::__rust_end_short_backtrace::__CALLSITE      4 total usages
  diagnostics::conflict_errors::<impl MirBorrowckCtxt<'_, 'infcx, 'tcx>>::report_temporary_value_does_not_live_long_enough::__CALLSITE      4 total usages
  query_impl::opaque_captured_lifetimes::dynamic_query::{closure#2}::__CALLSITE      4 total usages
  <traits::query::type_op::custom::CustomTypeOp<F> as traits::query::type_op::TypeOp<'tcx>>::fully_perform::__CALLSITE      4 total usages
  <polonius::legacy::accesses::AccessFactsExtractor<'a, 'tcx> as rustc_middle::mir::visit::Visitor<'tcx>>::visit_place::__CALLSITE      4 total usages
  move_paths::builder::MoveDataBuilder::<'a, 'tcx, F>::gather_statement::__CALLSITE      4 total usages
  infer::region_constraints::RegionConstraintCollector::<'_, 'tcx>::rollback_to::__CALLSITE      4 total usages
  query_impl::adt_def::get_query_incr::__rust_end_short_backtrace::__CALLSITE      4 total usages
  <remove_storage_markers::RemoveStorageMarkers as pass_manager::MirPass<'tcx>>::run_pass::__CALLSITE      4 total usages
  query_impl::check_private_in_public::try_collect_active_jobs::__CALLSITE      4 total usages
  query_impl::should_inherit_track_caller::try_collect_active_jobs::__CALLSITE      4 total usages
  traits::project::assemble_candidates_from_predicates::__CALLSITE      4 total usages
  builder::custom::parse::instruction::<impl builder::custom::ParseCtxt<'a, 'tcx>>::parse_unwind_terminate_reason::__CALLSITE      4 total usages
  query_impl::check_private_in_public::get_query_incr::__rust_end_short_backtrace::__CALLSITE      4 total usages
  query_impl::defaultness::dynamic_query::{closure#2}::__CALLSITE      4 total usages
  query_impl::inherited_align::get_query_incr::__rust_end_short_backtrace::__CALLSITE      4 total usages
  query_impl::tag_for_variant::get_query_incr::__rust_end_short_backtrace::__CALLSITE      4 total usages
  <type_check::TypeChecker<'a, 'tcx> as rustc_middle::mir::visit::Visitor<'tcx>>::visit_span::__CALLSITE      4 total usages
  <traits::normalize::AssocTypeNormalizer<'a, 'b, 'tcx> as rustc_middle::ty::TypeFolder<rustc_middle::ty::TyCtxt<'tcx>>>::fold_const::__CALLSITE      4 total usages
  query_impl::upstream_monomorphizations_for::try_collect_active_jobs::__CALLSITE      4 total usages
  infer::lexical_region_resolve::LexicalResolver::<'cx, 'tcx>::sub_concrete_regions::__CALLSITE      4 total usages
  mbe::macro_rules::ParserAnyMacro::<'a>::from_tts::__CALLSITE      4 total usages
  query_impl::trait_impls_in_crate::try_collect_active_jobs::__CALLSITE      4 total usages
  solve::eval_ctxt::EvalCtxt::<'a, D>::add_goals::__CALLSITE      4 total usages
  <lifetime_syntax::LifetimeSyntax as passes::LateLintPass<'tcx>>::check_trait_item::__CALLSITE      4 total usages
  hir::Ty::<'hir>::is_suggestable_infer_ty::__CALLSITE      4 total usages
  query_impl::trigger_delayed_bug::dynamic_query::{closure#2}::__CALLSITE      4 total usages
  query_impl::crates::dynamic_query::{closure#2}::__CALLSITE      4 total usages
  relate::combine::super_combine_tys::__CALLSITE      4 total usages
  query_impl::has_panic_handler::dynamic_query::{closure#2}::__CALLSITE      4 total usages
  query_impl::upvars_mentioned::try_collect_active_jobs::__CALLSITE      4 total usages
  query_impl::explicit_implied_predicates_of::dynamic_query::{closure#2}::__CALLSITE      4 total usages
  query_impl::opaque_ty_origin::try_collect_active_jobs::__CALLSITE      4 total usages
  query_impl::check_mod_unstable_api_usage::try_collect_active_jobs::__CALLSITE      4 total usages
  query_impl::exported_generic_symbols::dynamic_query::{closure#2}::{closure#0}::__CALLSITE      4 total usages
  polonius::legacy::emit_drop_facts::__CALLSITE      4 total usages
  <type_check::relate_tys::NllTypeRelating<'_, 'b, 'tcx> as rustc_infer::infer::relate::TypeRelation<rustc_middle::ty::TyCtxt<'tcx>>>::relate_with_variance::{closure#0}::__CALLSITE      4 total usages
  <used_muts::GatherUsedMutsVisitor<'_, '_, '_, 'tcx> as rustc_middle::mir::visit::Visitor<'tcx>>::visit_local::__CALLSITE      4 total usages
  interpret::projection::<impl interpret::eval_context::InterpCx<'tcx, M>>::project_array_fields::__CALLSITE      4 total usages
  diagnostics::conflict_errors::<impl MirBorrowckCtxt<'_, 'infcx, 'tcx>>::report_local_value_does_not_live_long_enough::__CALLSITE      4 total usages
  builder::expr::as_constant::lit_to_mir_constant::__CALLSITE      4 total usages
  query_impl::extern_crate::get_query_incr::__rust_end_short_backtrace::__CALLSITE      4 total usages
  obligation_forest::ObligationForest::<O>::register_obligation_at::__CALLSITE      4 total usages
  infer::outlives::verify::VerifyBoundCx::<'cx, 'tcx>::declared_generic_bounds_from_env_for_erased_ty::{closure#1}::__CALLSITE      4 total usages
  solve::assembly::<impl solve::eval_ctxt::EvalCtxt<'_, D>>::assemble_alias_bound_candidates::__CALLSITE      4 total usages
  query_impl::coverage_attr_on::dynamic_query::{closure#2}::__CALLSITE      4 total usages
  query_impl::param_env::get_query_incr::__rust_end_short_backtrace::__CALLSITE      4 total usages
  query_impl::env_var_os::dynamic_query::{closure#2}::__CALLSITE      4 total usages
  query_impl::is_freeze_raw::try_collect_active_jobs::__CALLSITE      4 total usages
  <index::NodeCollector<'a, 'hir> as rustc_hir::intravisit::Visitor<'hir>>::visit_nested_item::__CALLSITE      4 total usages
  query_impl::mir_keys::get_query_incr::__rust_end_short_backtrace::__CALLSITE      4 total usages
  collector::check_recursion_limit::__CALLSITE      4 total usages
  upvar::should_do_rust_2021_incompatible_closure_captures_analysis::__CALLSITE      4 total usages
  query_impl::upvars_mentioned::dynamic_query::{closure#2}::{closure#0}::__CALLSITE      4 total usages
  query_impl::num_extern_def_ids::get_query_incr::__rust_end_short_backtrace::__CALLSITE      4 total usages
  query_impl::valtree_to_const_val::dynamic_query::{closure#2}::{closure#0}::__CALLSITE      4 total usages
  query_impl::used_trait_imports::try_collect_active_jobs::__CALLSITE      4 total usages
  ty::context::TyCtxt::<'tcx>::def_path_hash_to_def_id::__CALLSITE      4 total usages
  rmeta::encoder::EncodeContext::<'a, 'tcx>::encode_const_stability::__CALLSITE      4 total usages
  infer::snapshot::undo_log::<impl infer::InferCtxtInner<'tcx>>::rollback_to::__CALLSITE      4 total usages
  <check_consts::check::Checker<'_, 'tcx> as rustc_middle::mir::visit::Visitor<'tcx>>::visit_rvalue::__CALLSITE      4 total usages
  query_impl::specializes::get_query_incr::__rust_end_short_backtrace::__CALLSITE      4 total usages
  query_impl::coroutine_hidden_types::dynamic_query::{closure#2}::__CALLSITE      4 total usages
  query_impl::assumed_wf_types_for_rpitit::dynamic_query::{closure#2}::{closure#0}::__CALLSITE      4 total usages
  query_impl::opt_ast_lowering_delayed_lints::try_collect_active_jobs::__CALLSITE      4 total usages
  method::suggest::<impl fn_ctxt::FnCtxt<'a, 'tcx>>::report_method_error::__CALLSITE      4 total usages
  <collect::type_of::opaque::TaitConstraintLocator<'tcx> as rustc_hir::intravisit::Visitor<'tcx>>::visit_trait_item::__CALLSITE      4 total usages
  traits::select::SelectionContext::<'cx, 'tcx>::evaluate_predicates_recursively::__CALLSITE      4 total usages
  query_impl::doc_link_traits_in_scope::dynamic_query::{closure#2}::{closure#0}::__CALLSITE      4 total usages
  query_impl::limits::dynamic_query::{closure#2}::__CALLSITE      4 total usages
  <value_analysis::PlaceCollector<'_, 'tcx> as rustc_middle::mir::visit::Visitor<'tcx>>::visit_place::__CALLSITE      4 total usages
  query_impl::item_bounds::try_collect_active_jobs::__CALLSITE      4 total usages
  <jump_threading::JumpThreading as pass_manager::MirPass<'tcx>>::run_pass      4 total usages
  query_impl::explicit_implied_const_bounds::try_collect_active_jobs::__CALLSITE      4 total usages
  query_impl::typing_env_normalized_for_post_analysis::get_query_incr::__rust_end_short_backtrace::__CALLSITE      4 total usages
  query_impl::is_doc_hidden::get_query_incr::__rust_end_short_backtrace::__CALLSITE      4 total usages
  layout::coroutine::layout::__CALLSITE      4 total usages
  <collect::type_of::opaque::TaitConstraintLocator<'tcx> as rustc_hir::intravisit::Visitor<'tcx>>::visit_impl_item::__CALLSITE      4 total usages
  variance::solve::SolveContext::<'a, 'tcx>::solve::__CALLSITE      4 total usages
  context::LintStore::check_lint_name::__CALLSITE      4 total usages
  query_impl::codegen_select_candidate::try_collect_active_jobs::__CALLSITE      4 total usages
  ty::sty::ParamConst::find_const_ty_from_env::__CALLSITE      4 total usages
  coercion::Coerce::<'f, 'tcx>::coerce_pin_ref::__CALLSITE      4 total usages
  builder::scope::<impl builder::Builder<'a, 'tcx>>::break_scope::__CALLSITE      4 total usages
  query_impl::inhabited_predicate_adt::try_collect_active_jobs::__CALLSITE      4 total usages
  query_impl::is_reachable_non_generic::try_collect_active_jobs::__CALLSITE      4 total usages
  legacy::mangle::__CALLSITE      4 total usages
  query_impl::destructure_const::try_collect_active_jobs::__CALLSITE      4 total usages
  query_impl::orphan_check_impl::dynamic_query::{closure#2}::__CALLSITE      4 total usages
  dropck_outlives::dropck_outlives::__CALLSITE      4 total usages
  foreign_modules::structurally_same_type_impl::__CALLSITE      4 total usages
  query_impl::supertrait_vtable_slot::get_query_incr::__rust_end_short_backtrace::__CALLSITE      4 total usages
  place_op::<impl fn_ctxt::FnCtxt<'a, 'tcx>>::convert_place_op_to_mutable      4 total usages
  query_impl::type_of::dynamic_query::{closure#2}::{closure#0}::__CALLSITE      4 total usages
  query_impl::assumed_wf_types_for_rpitit::try_collect_active_jobs::__CALLSITE      4 total usages
  stability::lookup_default_body_stability::__CALLSITE      4 total usages
  query_impl::is_codegened_item::try_collect_active_jobs::__CALLSITE      4 total usages
  query_impl::mir_drops_elaborated_and_const_checked::dynamic_query::{closure#2}::{closure#0}::__CALLSITE      4 total usages
  query_impl::thir_abstract_const::dynamic_query::{closure#2}::__CALLSITE      4 total usages
  query_impl::first_method_vtable_slot::dynamic_query::{closure#2}::__CALLSITE      4 total usages
  query_impl::inferred_outlives_crate::dynamic_query::{closure#2}::__CALLSITE      4 total usages
  query_impl::variances_of::dynamic_query::{closure#2}::{closure#0}::__CALLSITE      4 total usages
  query_impl::check_tail_calls::dynamic_query::{closure#2}::{closure#0}::__CALLSITE      4 total usages
  collector::create_mono_items_for_default_impls::__CALLSITE      4 total usages
  jump_threading::TOFinder::<'a, 'tcx>::process_assign::__CALLSITE      4 total usages
  query_impl::diagnostic_hir_wf_check::try_collect_active_jobs::__CALLSITE      4 total usages
  check::wfcheck::check_static_item::__CALLSITE      4 total usages
  builder::scope::<impl builder::Builder<'a, 'tcx>>::pop_scope::__CALLSITE      4 total usages
  types::get_nullable_type::__CALLSITE      4 total usages
  shim::async_destructor_ctor::build_async_drop_shim::__CALLSITE      4 total usages
  query_impl::is_impossible_associated_item::try_collect_active_jobs::__CALLSITE      4 total usages
  error_reporting::infer::need_type_info::FindInferSourceVisitor::<'a, 'tcx>::path_inferred_arg_iter::__CALLSITE      4 total usages
  query_impl::skip_move_check_fns::get_query_incr::__rust_end_short_backtrace::__CALLSITE      4 total usages
  <liveness::IrMaps<'tcx> as rustc_hir::intravisit::Visitor<'tcx>>::visit_expr::__CALLSITE      4 total usages
  util::get_codegen_sysroot::{closure#1}::__CALLSITE      4 total usages
  query_impl::adt_def::dynamic_query::{closure#2}::{closure#0}::__CALLSITE      4 total usages
  traits::select::candidate_assembly::<impl traits::select::SelectionContext<'cx, 'tcx>>::reject_fn_ptr_impls::{closure#0}::__CALLSITE      4 total usages
  mir::operand::OperandRef::<'tcx, V>::codegen_get_discr::__CALLSITE      4 total usages
  query_impl::implementations_of_trait::get_query_incr::__rust_end_short_backtrace::__CALLSITE      4 total usages
  gvn::VnState::<'body, 'tcx>::assign::__CALLSITE      4 total usages
  traits::select::confirmation::<impl traits::select::SelectionContext<'cx, 'tcx>>::confirm_builtin_candidate::{closure#0}::__CALLSITE      4 total usages
  query_impl::upstream_monomorphizations::get_query_incr::__rust_end_short_backtrace::__CALLSITE      4 total usages
  const_eval::valtrees::valtree_to_ref::__CALLSITE      4 total usages
  query_impl::representability_adt_ty::dynamic_query::{closure#2}::__CALLSITE      4 total usages
  SourceFile::lookup_file_pos_with_col_display::__CALLSITE      4 total usages
  config::StripUnconfigured::<'a>::maybe_emit_expr_attr_err::__CALLSITE      4 total usages
  query_impl::deduced_param_attrs::try_collect_active_jobs::__CALLSITE      4 total usages
  fn_ctxt::_impl::<impl fn_ctxt::FnCtxt<'a, 'tcx>>::resolve_coroutine_interiors::__CALLSITE      4 total usages
  ty::region::Region::<'tcx>::type_flags::__CALLSITE      4 total usages
  query_impl::lookup_default_body_stability::try_collect_active_jobs::__CALLSITE      4 total usages
  ident::<impl Resolver<'ra, 'tcx>>::resolve_ident_in_scope_set::__CALLSITE      4 total usages
  query_impl::mir_built::try_collect_active_jobs::__CALLSITE      4 total usages
  query_impl::is_promotable_const_fn::dynamic_query::{closure#2}::{closure#0}::__CALLSITE      4 total usages
  pat::<impl fn_ctxt::FnCtxt<'a, 'tcx>>::borrow_pat_suggestion::__CALLSITE      4 total usages
  query_impl::has_significant_drop_raw::try_collect_active_jobs::__CALLSITE      4 total usages
  query_impl::mir_built::dynamic_query::{closure#2}::__CALLSITE      4 total usages
  query_impl::typing_env_normalized_for_post_analysis::dynamic_query::{closure#2}::__CALLSITE      4 total usages
  query_impl::symbol_mangling_version::get_query_incr::__rust_end_short_backtrace::__CALLSITE      4 total usages
  query_impl::hir_module_items::get_query_incr::__rust_end_short_backtrace::__CALLSITE      4 total usages
  query_impl::generics_require_sized_self::dynamic_query::{closure#2}::__CALLSITE      4 total usages
  dataflow_const_prop::ConstAnalysis::<'a, 'tcx>::assign_constant::__CALLSITE      4 total usages
  query_impl::destructure_const::dynamic_query::{closure#2}::__CALLSITE      4 total usages
  elaborate_drop::DropCtxt::<'a, 'b, 'tcx, D>::complete_drop::__CALLSITE      4 total usages
  fallback_fluent_bundle::__CALLSITE      4 total usages
  query_impl::is_copy_raw::dynamic_query::{closure#2}::__CALLSITE      4 total usages
  parser::diagnostics::<impl parser::Parser<'a>>::expected_one_of_not_found::__CALLSITE      4 total usages
  query_impl::hir_attr_map::dynamic_query::{closure#2}::{closure#0}::__CALLSITE      4 total usages
  query_impl::check_unsafety::dynamic_query::{closure#2}::__CALLSITE      4 total usages
  ssa::SsaLocals::new      4 total usages
  method::probe::ProbeContext::<'a, 'tcx>::consider_candidates::__CALLSITE      4 total usages
  query_impl::mir_drops_elaborated_and_const_checked::dynamic_query::{closure#2}::__CALLSITE      4 total usages
  diagnostics::<impl Resolver<'ra, 'tcx>>::make_path_suggestion::__CALLSITE      4 total usages
  query_impl::fn_abi_of_fn_ptr::get_query_incr::__rust_end_short_backtrace::__CALLSITE      4 total usages
  coherence::inherent_impls_overlap::InherentOverlapChecker::<'tcx>::check_item::__CALLSITE      4 total usages
  interpret::call::<impl interpret::eval_context::InterpCx<'tcx, M>>::init_drop_in_place_call::__CALLSITE      4 total usages
  query_impl::hir_module_items::dynamic_query::{closure#2}::{closure#0}::__CALLSITE      4 total usages
  traits::select::confirmation::<impl traits::select::SelectionContext<'cx, 'tcx>>::confirm_fn_pointer_candidate::__CALLSITE      4 total usages
  ty::impls_ty::<impl rustc_data_structures::stable_hasher::HashStable<rustc_query_system::ich::StableHashingContext<'a>> for mir::interpret::AllocId>::hash_stable::{closure#0}::__CALLSITE      4 total usages
  autoderef::Autoderef::<'a, 'tcx>::structurally_normalize_ty::{closure#0}::__CALLSITE      4 total usages
  query_impl::is_doc_notable_trait::try_collect_active_jobs::__CALLSITE      4 total usages
  query_impl::specialization_graph_of::dynamic_query::{closure#2}::{closure#0}::__CALLSITE      4 total usages
  <lifetime_syntax::LifetimeInfoCollector<'a, 'tcx> as rustc_hir::intravisit::Visitor<'tcx>>::visit_lifetime::__CALLSITE      4 total usages
  spec::base::solid      4 total usages
  query_impl::coroutine_kind::try_collect_active_jobs::__CALLSITE      4 total usages
  <inline::ForceInliner<'tcx> as inline::Inliner<'tcx>>::check_callee_mir_body::__CALLSITE      4 total usages
  <collect::resolve_bound_vars::BoundVarContext<'a, 'tcx> as rustc_hir::intravisit::Visitor<'tcx>>::visit_trait_item::__CALLSITE      4 total usages
  query_impl::crate_for_resolver::dynamic_query::{closure#2}::__CALLSITE      4 total usages
  <rustc_middle::mir::Place<'tcx> as place_ext::PlaceExt<'tcx>>::ignore_borrow::__CALLSITE      4 total usages
  query_impl::check_mono_item::dynamic_query::{closure#2}::__CALLSITE      4 total usages
  traits::project::assemble_candidates_from_object_ty::__CALLSITE      4 total usages
  mir::interpret::queries::<impl ty::context::TyCtxt<'tcx>>::const_eval_resolve_for_typeck::__CALLSITE      4 total usages
  query_impl::allocator_kind::dynamic_query::{closure#2}::{closure#0}::__CALLSITE      4 total usages
  query_impl::trait_explicit_predicates_and_bounds::dynamic_query::{closure#2}::{closure#0}::__CALLSITE      4 total usages
  query_impl::rendered_precise_capturing_args::get_query_incr::__rust_end_short_backtrace::__CALLSITE      4 total usages
  check::compare_impl_item::compare_type_predicate_entailment      4 total usages
  <dest_prop::Merger<'tcx> as rustc_middle::mir::visit::MutVisitor<'tcx>>::visit_statement::__CALLSITE      4 total usages
  coercion::Coerce::<'f, 'tcx>::coerce      4 total usages
  query_impl::resolve_instance_raw::get_query_incr::__rust_end_short_backtrace::__CALLSITE      4 total usages
  infer::InferCtxt::<'tcx>::verify_generic_bound::__CALLSITE      4 total usages
  macro_expr_fragment_specifier_2024_migration::Expr2024::check_tokens::__CALLSITE      4 total usages
  <index::NodeCollector<'a, 'hir> as rustc_hir::intravisit::Visitor<'hir>>::visit_foreign_item::__CALLSITE      4 total usages
  check::wfcheck::check_impl::__CALLSITE      4 total usages
  lexer::Lexer::<'psess, 'src>::next_token_from_cursor::__CALLSITE      4 total usages
  query_impl::check_match::try_collect_active_jobs::__CALLSITE      4 total usages
  type_check::liveness::trace::LivenessResults::<'a, 'typeck, 'tcx>::add_defs_for::__CALLSITE      4 total usages
  query_impl::thir_body::try_collect_active_jobs::__CALLSITE      4 total usages
  error_reporting::infer::suggest::<impl error_reporting::TypeErrCtxt<'_, 'tcx>>::suggest_function_pointers::__CALLSITE      4 total usages
  query_impl::explicit_item_self_bounds::dynamic_query::{closure#2}::__CALLSITE      4 total usages
  infer::opaque_types::table::OpaqueTypeStorage::<'tcx>::remove::__CALLSITE      4 total usages
  query_impl::rendered_precise_capturing_args::dynamic_query::{closure#2}::{closure#0}::__CALLSITE      4 total usages
  query_impl::vtable_allocation::dynamic_query::{closure#2}::__CALLSITE      4 total usages
  MirBorrowckCtxt::<'a, '_, 'tcx>::propagate_closure_used_mut_upvar::__CALLSITE      4 total usages
  rmeta::decoder::<impl creader::CrateMetadataRef<'a>>::imported_source_file::{closure#1}::__CALLSITE      4 total usages
  diagnostics::mutability_errors::<impl MirBorrowckCtxt<'_, 'infcx, 'tcx>>::report_mutability_error      4 total usages
  query_impl::coverage_attr_on::dynamic_query::{closure#2}::{closure#0}::__CALLSITE      4 total usages
  infer::InferCtxt::<'tcx>::sub_regions::__CALLSITE      4 total usages
  coroutine::check_field_tys_sized::__CALLSITE      4 total usages
  solve::eval_ctxt::EvalCtxt::<'a, D>::add_goal::__CALLSITE      4 total usages
  infer::outlives::obligations::TypeOutlives::<'cx, 'tcx, D>::type_must_outlive::__CALLSITE      4 total usages
  query_impl::explicit_supertraits_containing_assoc_item::get_query_incr::__rust_end_short_backtrace::__CALLSITE      4 total usages
  query_impl::mir_shims::try_collect_active_jobs::__CALLSITE      4 total usages
  query_impl::proc_macro_decls_static::dynamic_query::{closure#2}::__CALLSITE      4 total usages
  query_impl::evaluate_root_goal_for_proof_tree_raw::try_collect_active_jobs::__CALLSITE      4 total usages
  path_utils::is_active::__CALLSITE      4 total usages
  error_reporting::infer::<impl error_reporting::TypeErrCtxt<'a, 'tcx>>::report_and_explain_type_error::__CALLSITE      4 total usages
  <type_check::TypeChecker<'a, 'tcx> as rustc_middle::mir::visit::Visitor<'tcx>>::visit_terminator      4 total usages
  query_impl::fn_abi_of_fn_ptr::dynamic_query::{closure#2}::{closure#0}::__CALLSITE      4 total usages
  query_impl::check_mod_attrs::dynamic_query::{closure#2}::{closure#0}::__CALLSITE      4 total usages
  query_impl::asm_target_features::dynamic_query::{closure#2}::__CALLSITE      4 total usages
  query_impl::adt_destructor::dynamic_query::{closure#2}::{closure#0}::__CALLSITE      4 total usages
  inline::cycle::mir_callgraph_cyclic::{closure#0}::__CALLSITE      4 total usages
  query_impl::defaultness::try_collect_active_jobs::__CALLSITE      4 total usages
  query_impl::impl_parent::dynamic_query::{closure#2}::__CALLSITE      4 total usages
  interpret::memory::<impl interpret::eval_context::InterpCx<'tcx, M>>::get_ptr_vtable_ty::__CALLSITE      4 total usages
  query_impl::variances_of::get_query_incr::__rust_end_short_backtrace::__CALLSITE      4 total usages
  query_impl::list_significant_drop_tys::dynamic_query::{closure#2}::__CALLSITE      4 total usages
  error_reporting::infer::nice_region_error::static_impl_trait::<impl error_reporting::infer::nice_region_error::NiceRegionError<'a, 'tcx>>::try_report_static_impl_trait      4 total usages
  fallback::<impl fn_ctxt::FnCtxt<'_, 'tcx>>::fallback_if_possible::__CALLSITE      4 total usages
  region_infer::RegionInferenceContext::<'tcx>::check_universal_region::__CALLSITE      4 total usages
  rmeta::decoder::<impl rustc_serialize::Decodable<rmeta::decoder::DecodeContext<'a, 'tcx>> for rustc_span::SpanData>::decode::__CALLSITE      4 total usages
  thir::util::user_args_applied_to_ty_of_hir_id::__CALLSITE      4 total usages
  consumers            4 total usages
  query_impl::representability::dynamic_query::{closure#2}::__CALLSITE      4 total usages
  query_impl::is_unreachable_local_definition::dynamic_query::{closure#2}::{closure#0}::__CALLSITE      4 total usages
  query_impl::crate_for_resolver::get_query_incr::__rust_end_short_backtrace::__CALLSITE      4 total usages
  infer::outlives::obligations::<impl infer::InferCtxt<'tcx>>::register_type_outlives_constraint::__CALLSITE      4 total usages
  levels::LintLevelsBuilder::<'s, P>::insert_spec::__CALLSITE      4 total usages
  traits::select::candidate_assembly::<impl traits::select::SelectionContext<'cx, 'tcx>>::assemble_candidates_from_impls::__CALLSITE      4 total usages
  type_check::liveness::trace::LivenessContext::<'_, '_, 'tcx>::compute_drop_data::__CALLSITE      4 total usages
  liveness::Liveness::<'a, 'tcx>::init_from_succ::__CALLSITE      4 total usages
  query_impl::is_async_drop_raw::try_collect_active_jobs::__CALLSITE      4 total usages
  builder::matches::<impl builder::Builder<'a, 'tcx>>::bind_matched_candidate_for_arm_body::__CALLSITE      4 total usages
  query_impl::trait_impls_in_crate::dynamic_query::{closure#2}::__CALLSITE      4 total usages
  query_impl::lit_to_const::try_collect_active_jobs::__CALLSITE      4 total usages
  query_impl::impl_super_outlives::dynamic_query::{closure#2}::{closure#0}::__CALLSITE      4 total usages
  spec::targets::i686_uwp_windows_msvc      4 total usages
  abi::make_thin_self_ptr::__CALLSITE      4 total usages
  query_impl::opaque_types_defined_by::dynamic_query::{closure#2}::__CALLSITE      4 total usages
  query_impl::type_op_normalize_poly_fn_sig::dynamic_query::{closure#2}::__CALLSITE      4 total usages
  check_unused::check_unused_traits::__CALLSITE      4 total usages
  <dyn hir_ty_lowering::HirTyLowerer<'tcx>>::lower_generic_args_of_assoc_item::__CALLSITE      4 total usages
  query_impl::inherited_align::dynamic_query::{closure#2}::__CALLSITE      4 total usages
  query_impl::coherent_trait::dynamic_query::{closure#2}::__CALLSITE      4 total usages
  query_impl::is_compiler_builtins::dynamic_query::{closure#2}::{closure#0}::__CALLSITE      4 total usages
  mir::operand::<impl mir::FunctionCx<'a, 'tcx, Bx>>::codegen_consume::__CALLSITE      4 total usages
  query_impl::alloc_error_handler_kind::dynamic_query::{closure#2}::__CALLSITE      4 total usages
  expr_use_visitor::ExprUseVisitor::<'tcx, Cx, D>::pat_ty_adjusted::__CALLSITE      4 total usages
  graph::scc::SccsConstruction::<'c, 'a, G, A>::walk_unvisited_node::{closure#1}::__CALLSITE      4 total usages
  query_impl::features_query::try_collect_active_jobs::__CALLSITE      4 total usages
  query_impl::mir_shims::dynamic_query::{closure#2}::__CALLSITE      4 total usages
  query_impl::coherent_trait::try_collect_active_jobs::__CALLSITE      4 total usages
  expr::<impl fn_ctxt::FnCtxt<'a, 'tcx>>::no_such_field_err::__CALLSITE      4 total usages
  query_impl::all_local_trait_impls::dynamic_query::{closure#2}::__CALLSITE      4 total usages
  collect::resolve_bound_vars::BoundVarContext::<'a, 'tcx>::with::__CALLSITE      4 total usages
  query_impl::all_diagnostic_items::dynamic_query::{closure#2}::__CALLSITE      4 total usages
  diagnostics::bound_region_errors::TypeOpInfo::report_erroneous_element      4 total usages
  query_impl::effective_visibilities::get_query_incr::__rust_end_short_backtrace::__CALLSITE      4 total usages
  query_impl::crate_inherent_impls_validity_check::get_query_incr::__rust_end_short_backtrace::__CALLSITE      4 total usages
  builder::custom::parse::<impl builder::custom::ParseCtxt<'a, 'tcx>>::parse_block_def::__CALLSITE      4 total usages
  query_impl::codegen_fn_attrs::try_collect_active_jobs::__CALLSITE      4 total usages
  cast::<impl fn_ctxt::FnCtxt<'a, 'tcx>>::pointer_kind::__CALLSITE      4 total usages
  query_impl::is_ctfe_mir_available::get_query_incr::__rust_end_short_backtrace::__CALLSITE      4 total usages
  query_impl::alloc_error_handler_kind::get_query_incr::__rust_end_short_backtrace::__CALLSITE      4 total usages
  query_impl::crate_inherent_impls_overlap_check::get_query_incr::__rust_end_short_backtrace::__CALLSITE      4 total usages
  query_impl::mir_promoted::try_collect_active_jobs::__CALLSITE      4 total usages
  query_impl::def_span::try_collect_active_jobs::__CALLSITE      4 total usages
  query_impl::is_compiler_builtins::dynamic_query::{closure#2}::__CALLSITE      4 total usages
  query_impl::resolve_bound_vars::dynamic_query::{closure#2}::__CALLSITE      4 total usages
  query_impl::exported_non_generic_symbols::try_collect_active_jobs::__CALLSITE      4 total usages
  traits::coherence::overlap      4 total usages
  query_impl::mir_keys::try_collect_active_jobs::__CALLSITE      4 total usages
  infer::outlives::env::OutlivesEnvironment::<'tcx>::from_normalized_bounds::__CALLSITE      4 total usages
  query_impl::type_op_normalize_fn_sig::get_query_incr::__rust_end_short_backtrace::__CALLSITE      4 total usages
  query_impl::nested_bodies_within::get_query_incr::__rust_end_short_backtrace::__CALLSITE      4 total usages
  query_impl::thir_abstract_const::try_collect_active_jobs::__CALLSITE      4 total usages
  query_impl::has_alloc_error_handler::get_query_incr::__rust_end_short_backtrace::__CALLSITE      4 total usages
  query_impl::representability::dynamic_query::{closure#2}::{closure#0}::__CALLSITE      4 total usages
  traits::select::ProvisionalEvaluationCache::<'tcx>::on_failure::{closure#0}::__CALLSITE      4 total usages
  query_impl::inferred_outlives_of::try_collect_active_jobs::__CALLSITE      4 total usages
  interpret::eval_context::InterpCx::<'tcx, M>::eval_mir_constant::{closure#1}::__CALLSITE      4 total usages
  interpret::call::<impl interpret::eval_context::InterpCx<'tcx, M>>::init_drop_in_place_call::{closure#1}::__CALLSITE      4 total usages
  query_impl::is_unpin_raw::dynamic_query::{closure#2}::{closure#0}::__CALLSITE      4 total usages
  query_impl::hir_crate::dynamic_query::{closure#2}::{closure#0}::__CALLSITE      4 total usages
  query_impl::impl_self_is_guaranteed_unsized::dynamic_query::{closure#2}::{closure#0}::__CALLSITE      4 total usages
  <collect::resolve_bound_vars::is_late_bound_map::ConstrainedCollectorPostHirTyLowering as rustc_middle::ty::TypeVisitor<rustc_middle::ty::TyCtxt<'tcx>>>::visit_region::__CALLSITE      4 total usages
  query_impl::lint_expectations::dynamic_query::{closure#2}::__CALLSITE      4 total usages
  late::LateResolutionVisitor::<'a, 'ast, 'ra, 'tcx>::smart_resolve_path_fragment::__CALLSITE      4 total usages
  query_impl::fn_abi_of_fn_ptr::dynamic_query::{closure#2}::__CALLSITE      4 total usages
  <consts::IsThirPolymorphic<'a, 'tcx> as rustc_middle::thir::visit::Visitor<'a, 'tcx>>::visit_pat::__CALLSITE      4 total usages
  builder::custom::parse::instruction::<impl builder::custom::ParseCtxt<'a, 'tcx>>::parse_tail_call::__CALLSITE      4 total usages
  rmeta::encoder::EncodeContext::<'a, 'tcx>::encode_info_for_mod::__CALLSITE      4 total usages
  query_impl::region_scope_tree::dynamic_query::{closure#2}::__CALLSITE      4 total usages
  query_impl::associated_item_def_ids::dynamic_query::{closure#2}::{closure#0}::__CALLSITE      4 total usages
  LoweringContext::<'a, 'hir>::lower_fn_decl::__CALLSITE      4 total usages
  query_impl::mir_inliner_callees::try_collect_active_jobs::__CALLSITE      4 total usages
  query_impl::mir_inliner_callees::get_query_incr::__rust_end_short_backtrace::__CALLSITE      4 total usages
  jump_threading::TOFinder::<'a, 'tcx>::process_statement::{closure#0}::__CALLSITE      4 total usages
  interpret::stack::<impl interpret::eval_context::InterpCx<'tcx, M>>::push_stack_frame_raw::{closure#2}::__CALLSITE      4 total usages
  query_impl::live_symbols_and_ignored_derived_traits::dynamic_query::{closure#2}::__CALLSITE      4 total usages
  inner_optimized_mir::__CALLSITE      4 total usages
  query_impl::visibility::dynamic_query::{closure#2}::{closure#0}::__CALLSITE      4 total usages
  infer::type_variable::TypeVariableTable::<'_, 'tcx>::new_var::__CALLSITE      4 total usages
  collector::collect_items_of_instance::__CALLSITE      4 total usages
  diagnostics::mutability_errors::<impl MirBorrowckCtxt<'_, 'infcx, 'tcx>>::suggest_make_local_mut::__CALLSITE      4 total usages
  query_impl::is_private_dep::get_query_incr::__rust_end_short_backtrace::__CALLSITE      4 total usages
  add_moves_for_packed_drops::add_move_for_packed_drop::__CALLSITE      4 total usages
  persist::fs::lock_directory::__CALLSITE      4 total usages
  lifetime_syntax::emit_mismatch_diagnostic      4 total usages
  query_impl::mir_coroutine_witnesses::get_query_incr::__rust_end_short_backtrace::__CALLSITE      4 total usages
  query_impl::crate_hash::get_query_incr::__rust_end_short_backtrace::__CALLSITE      4 total usages
  ty::print::Printer::default_print_impl_path::__CALLSITE      4 total usages
  query_impl::traits::dynamic_query::{closure#2}::{closure#0}::__CALLSITE      4 total usages
  copy_prop::fully_moved_locals::__CALLSITE      4 total usages
  query_impl::needs_async_drop_raw::get_query_incr::__rust_end_short_backtrace::__CALLSITE      4 total usages
  query_impl::is_profiler_runtime::try_collect_active_jobs::__CALLSITE      4 total usages
  query_impl::local_def_id_to_hir_id::get_query_incr::__rust_end_short_backtrace::__CALLSITE      4 total usages
  query_impl::eval_static_initializer::dynamic_query::{closure#2}::{closure#0}::__CALLSITE      4 total usages
  query_impl::is_codegened_item::dynamic_query::{closure#2}::__CALLSITE      4 total usages
  query_impl::adt_async_drop_tys::get_query_incr::__rust_end_short_backtrace::__CALLSITE      4 total usages
  interpret::traits::<impl interpret::eval_context::InterpCx<'tcx, M>>::get_vtable_ptr::__CALLSITE      4 total usages
  layout::record_layout_for_printing      4 total usages
  diagnostics::var_name::<impl region_infer::RegionInferenceContext<'tcx>>::get_upvar_index_for_region::{closure#0}::{closure#0}::__CALLSITE      4 total usages
  query_impl::has_alloc_error_handler::dynamic_query::{closure#2}::{closure#0}::__CALLSITE      4 total usages
  query_impl::normalize_canonicalized_free_alias::get_query_incr::__rust_end_short_backtrace::__CALLSITE      4 total usages
  query_impl::param_env::try_collect_active_jobs::__CALLSITE      4 total usages
  query_impl::vtable_entries::get_query_incr::__rust_end_short_backtrace::__CALLSITE      4 total usages
  query_impl::generics_require_sized_self::try_collect_active_jobs::__CALLSITE      4 total usages
  diagnostics::region_errors::<impl MirBorrowckCtxt<'_, 'infcx, 'tcx>>::report_fnmut_error::__CALLSITE      4 total usages
  query_impl::check_private_in_public::dynamic_query::{closure#2}::{closure#0}::__CALLSITE      4 total usages
  query_impl::inferred_outlives_crate::dynamic_query::{closure#2}::{closure#0}::__CALLSITE      4 total usages
  query_impl::has_panic_handler::try_collect_active_jobs::__CALLSITE      4 total usages
  type_check::relate_tys::NllTypeRelating::<'a, 'b, 'tcx>::next_existential_region_var::__CALLSITE      4 total usages
  query_impl::closure_saved_names_of_captured_variables::dynamic_query::{closure#2}::__CALLSITE      4 total usages
  query_impl::attrs_for_def::get_query_incr::__rust_end_short_backtrace::__CALLSITE      4 total usages
  <infer::relate::type_relating::TypeRelating<'_, 'tcx> as rustc_type_ir::relate::TypeRelation<rustc_middle::ty::TyCtxt<'tcx>>>::tys::__CALLSITE      4 total usages
  query_impl::named_variable_map::dynamic_query::{closure#2}::{closure#0}::__CALLSITE      4 total usages
  query_impl::items_of_instance::try_collect_active_jobs::__CALLSITE      4 total usages
  query_impl::fn_abi_of_instance::dynamic_query::{closure#2}::{closure#0}::__CALLSITE      4 total usages
  query_impl::intrinsic_raw::get_query_incr::__rust_end_short_backtrace::__CALLSITE      4 total usages
  query_impl::check_unsafety::try_collect_active_jobs::__CALLSITE      4 total usages
  diagnostics::region_errors::<impl MirBorrowckCtxt<'_, 'infcx, 'tcx>>::suggest_deref_closure_return::{closure#2}::__CALLSITE      4 total usages
  query_impl::assumed_wf_types_for_rpitit::get_query_incr::__rust_end_short_backtrace::__CALLSITE      4 total usages
  used_muts::<impl MirBorrowckCtxt<'_, '_, 'tcx>>::gather_used_muts::__CALLSITE      4 total usages
  query_impl::entry_fn::dynamic_query::{closure#2}::{closure#0}::__CALLSITE      4 total usages
  infer::lexical_region_resolve::LexicalResolver::<'cx, 'tcx>::collect_bounding_regions::process_edges::__CALLSITE      4 total usages
  persist::fs::copy_files::__CALLSITE      4 total usages
  <relate::solver_relating::SolverRelating<'_, Infcx, I> as relate::TypeRelation<I>>::relate_with_variance::__CALLSITE      4 total usages
  back::rpath::get_rpath_linker_args::__CALLSITE      4 total usages
  query_impl::reveal_opaque_types_in_bounds::dynamic_query::{closure#2}::__CALLSITE      4 total usages
  ty::inhabitedness::inhabited_predicate      4 total usages
  <consts::IsThirPolymorphic<'a, 'tcx> as rustc_middle::thir::visit::Visitor<'a, 'tcx>>::visit_expr::__CALLSITE      4 total usages
  fn_ctxt::_impl::<impl fn_ctxt::FnCtxt<'a, 'tcx>>::write_ty::__CALLSITE      4 total usages
  autodiff::llvm_enzyme::gen_enzyme_decl      4 total usages
  diagnostics::var_name::<impl region_infer::RegionInferenceContext<'tcx>>::get_upvar_index_for_region::__CALLSITE      4 total usages
  query_impl::specialization_enabled_in::dynamic_query::{closure#2}::__CALLSITE      4 total usages
  impl_wf_check::min_specialization::check_specialization_on::__CALLSITE      4 total usages
  query_impl::resolve_bound_vars::try_collect_active_jobs::__CALLSITE      4 total usages
  query_impl::closure_typeinfo::dynamic_query::{closure#2}::{closure#0}::__CALLSITE      4 total usages
  shim::build_call_shim::{closure#0}::__CALLSITE      4 total usages
  mir::operand::OperandValue::<V>::store_with_flags::__CALLSITE      4 total usages
  query_impl::skip_move_check_fns::dynamic_query::{closure#2}::__CALLSITE      4 total usages
  query_impl::intrinsic_raw::try_collect_active_jobs::__CALLSITE      4 total usages
  check::region::resolve_expr::__CALLSITE      4 total usages
  query_impl::early_lint_checks::dynamic_query::{closure#2}::__CALLSITE      4 total usages
  lifetime_syntax::report_mismatches::__CALLSITE      4 total usages
  query_impl::resolver_for_lowering_raw::dynamic_query::{closure#2}::{closure#0}::__CALLSITE      4 total usages
  builder::matches::<impl builder::Builder<'a, 'tcx>>::match_expr::__CALLSITE      4 total usages
  diagnostics::conflict_errors::<impl MirBorrowckCtxt<'_, 'infcx, 'tcx>>::report_borrow_conflicts_with_destructor::__CALLSITE      4 total usages
  query_impl::symbol_mangling_version::try_collect_active_jobs::__CALLSITE      4 total usages
  query_impl::explicit_predicates_of::dynamic_query::{closure#2}::__CALLSITE      4 total usages
  query_impl::inhabited_predicate_adt::dynamic_query::{closure#2}::{closure#0}::__CALLSITE      4 total usages
  run_compiler::{closure#0}::__CALLSITE      4 total usages
  query_impl::explicit_implied_const_bounds::dynamic_query::{closure#2}::__CALLSITE      4 total usages
  <dyn hir_ty_lowering::HirTyLowerer<'tcx>>::validate_late_bound_regions::__CALLSITE      4 total usages
  query_impl::closure_saved_names_of_captured_variables::dynamic_query::{closure#2}::{closure#0}::__CALLSITE      4 total usages
  usefulness::compute_exhaustiveness_and_usefulness::{closure#0}::__CALLSITE      4 total usages
  infer::outlives::test_type_match::extract_verify_if_eq::__CALLSITE      4 total usages
  test::expand_test_or_bench::__CALLSITE      4 total usages
  interpret::place::<impl interpret::eval_context::InterpCx<'tcx, M>>::eval_place::{closure#0}::__CALLSITE      4 total usages
  <dyn hir_ty_lowering::HirTyLowerer<'tcx>>::try_lower_anon_const_lit::__CALLSITE      4 total usages
  query_impl::trimmed_def_paths::try_collect_active_jobs::__CALLSITE      4 total usages
  query_impl::impl_item_implementor_ids::try_collect_active_jobs::__CALLSITE      4 total usages
  query_impl::explicit_predicates_of::try_collect_active_jobs::__CALLSITE      4 total usages
  query_impl::reveal_opaque_types_in_bounds::dynamic_query::{closure#2}::{closure#0}::__CALLSITE      4 total usages
  builder::matches::<impl builder::Builder<'a, 'tcx>>::create_or_subcandidates::__CALLSITE      4 total usages
  query_impl::coroutine_hidden_types::dynamic_query::{closure#2}::{closure#0}::__CALLSITE      4 total usages
  query_impl::reveal_opaque_types_in_bounds::try_collect_active_jobs::__CALLSITE      4 total usages
  query_impl::try_normalize_generic_arg_after_erasing_regions::dynamic_query::{closure#2}::{closure#0}::__CALLSITE      4 total usages
  relate::TypeRelation::relate_item_args::__CALLSITE      4 total usages
  query_impl::panic_in_drop_strategy::dynamic_query::{closure#2}::{closure#0}::__CALLSITE      4 total usages
  query_impl::debugger_visualizers::get_query_incr::__rust_end_short_backtrace::__CALLSITE      4 total usages
  solve::trait_goals::<impl solve::eval_ctxt::EvalCtxt<'_, D>>::unsound_prefer_builtin_dyn_impl::{closure#2}::__CALLSITE      4 total usages
  query_impl::is_async_drop_raw::get_query_incr::__rust_end_short_backtrace::__CALLSITE      4 total usages
  error_reporting::infer::note_and_explain::<impl error_reporting::TypeErrCtxt<'_, 'tcx>>::point_at_associated_type::__CALLSITE      4 total usages
  query_impl::def_ident_span::get_query_incr::__rust_end_short_backtrace::__CALLSITE      4 total usages
  solve::eval_ctxt::EvalCtxt::<'a, D>::evaluate_added_goals_step::__CALLSITE      4 total usages
  query_impl::eval_to_const_value_raw::get_query_incr::__rust_end_short_backtrace::__CALLSITE      4 total usages
  fn_ctxt::suggestions::<impl fn_ctxt::FnCtxt<'a, 'tcx>>::try_suggest_return_impl_trait::__CALLSITE      4 total usages
  coercion::Coerce::<'f, 'tcx>::unify_raw::__CALLSITE      4 total usages
  query_impl::check_liveness::get_query_incr::__rust_end_short_backtrace::__CALLSITE      4 total usages
  region_infer::RegionInferenceContext::<'tcx>::eval_verify_bound::__CALLSITE      4 total usages
  query_impl::instantiate_and_check_impossible_predicates::dynamic_query::{closure#2}::{closure#0}::__CALLSITE      4 total usages
  query_impl::crates::dynamic_query::{closure#2}::{closure#0}::__CALLSITE      4 total usages
  query_impl::local_def_id_to_hir_id::try_collect_active_jobs::__CALLSITE      4 total usages
  query_impl::check_potentially_region_dependent_goals::dynamic_query::{closure#2}::{closure#0}::__CALLSITE      4 total usages
  query_impl::rendered_const::dynamic_query::{closure#2}::{closure#0}::__CALLSITE      4 total usages
  interpret::eval_context::InterpCx::<'tcx, M>::resolve::{closure#0}::__CALLSITE      4 total usages
  method::confirm::<impl fn_ctxt::FnCtxt<'a, 'tcx>>::confirm_method::__CALLSITE      4 total usages
  type_check::canonical::<impl type_check::TypeChecker<'a, 'tcx>>::struct_tail::__CALLSITE      4 total usages
  query_impl::doc_link_traits_in_scope::dynamic_query::{closure#2}::__CALLSITE      4 total usages
  query_impl::enforce_impl_non_lifetime_params_are_constrained::get_query_incr::__rust_end_short_backtrace::__CALLSITE      4 total usages
  <error_reporting::traits::suggestions::FindTypeParam as rustc_hir::intravisit::Visitor<'v>>::visit_ty::__CALLSITE      4 total usages
  query_impl::upstream_async_drop_glue_for::get_query_incr::__rust_end_short_backtrace::__CALLSITE      4 total usages
  query_impl::allocator_kind::dynamic_query::{closure#2}::__CALLSITE      4 total usages
  query_impl::associated_item::dynamic_query::{closure#2}::{closure#0}::__CALLSITE      4 total usages
  <upvar::InferBorrowKind<'tcx> as expr_use_visitor::Delegate<'tcx>>::borrow::__CALLSITE      4 total usages
  query_impl::check_type_wf::dynamic_query::{closure#2}::__CALLSITE      4 total usages
  query_impl::type_param_predicates::try_collect_active_jobs::__CALLSITE      4 total usages
  query_impl::upstream_drop_glue_for::get_query_incr::__rust_end_short_backtrace::__CALLSITE      4 total usages
  query_impl::alloc_error_handler_kind::try_collect_active_jobs::__CALLSITE      4 total usages
  solve::assembly::<impl solve::eval_ctxt::EvalCtxt<'_, D>>::consider_coherence_unknowable_candidate::__CALLSITE      4 total usages
  rmeta::encoder::EncodeContext::<'a, 'tcx>::encode_impls::__CALLSITE      4 total usages
  move_paths::builder::MoveDataBuilder::<'a, 'tcx, F>::gather_terminator::__CALLSITE      4 total usages
  query_impl::crate_incoherent_impls::try_collect_active_jobs::__CALLSITE      4 total usages
  query_impl::default_field::dynamic_query::{closure#2}::{closure#0}::__CALLSITE      4 total usages
  traits::select::candidate_assembly::<impl traits::select::SelectionContext<'cx, 'tcx>>::assemble_future_candidates::__CALLSITE      4 total usages
  query_impl::trait_def::try_collect_active_jobs::__CALLSITE      4 total usages
  const_eval::valtrees::slice_branches::__CALLSITE      4 total usages
  query_impl::list_significant_drop_tys::get_query_incr::__rust_end_short_backtrace::__CALLSITE      4 total usages
  back::link::link_sanitizer_runtime      4 total usages
  query_impl::fn_arg_idents::dynamic_query::{closure#2}::{closure#0}::__CALLSITE      4 total usages
  method::confirm::ConfirmContext::<'a, 'tcx>::add_obligations::__CALLSITE      4 total usages
  diagnostics::region_errors::<impl MirBorrowckCtxt<'_, 'infcx, 'tcx>>::report_region_errors::__CALLSITE      4 total usages
  ice_path_with_config::{closure#0}::__CALLSITE      4 total usages
  query_impl::adt_drop_tys::get_query_incr::__rust_end_short_backtrace::__CALLSITE      4 total usages
  ty::sty::<impl ty::Ty<'tcx>>::new_opaque::__CALLSITE      4 total usages
  method::probe::ProbeContext::<'a, 'tcx>::pick_all_method::{closure#1}::__CALLSITE      4 total usages
  query_impl::upstream_async_drop_glue_for::dynamic_query::{closure#2}::{closure#0}::__CALLSITE      4 total usages
  query_impl::stable_order_of_exportable_impls::try_collect_active_jobs::__CALLSITE      4 total usages
  query_impl::named_variable_map::dynamic_query::{closure#2}::__CALLSITE      4 total usages
  query_impl::check_liveness::dynamic_query::{closure#2}::__CALLSITE      4 total usages
  fn_ctxt::_impl::<impl fn_ctxt::FnCtxt<'a, 'tcx>>::report_ambiguity_errors::__CALLSITE      4 total usages
  ty::generics::GenericPredicates::<'tcx>::instantiate_into::__CALLSITE      4 total usages
  query_impl::output_filenames::get_query_incr::__rust_end_short_backtrace::__CALLSITE      4 total usages
  <late::LateResolutionVisitor<'_, 'ast, 'ra, 'tcx> as rustc_ast::visit::Visitor<'ast>>::visit_fn::__CALLSITE      4 total usages
  query_impl::lookup_stability::try_collect_active_jobs::__CALLSITE      4 total usages
  query_impl::doc_link_resolutions::dynamic_query::{closure#2}::__CALLSITE      4 total usages
  <type_check::TypeChecker<'a, 'tcx> as rustc_middle::mir::visit::Visitor<'tcx>>::visit_body::__CALLSITE      4 total usages
  query_impl::has_structural_eq_impl::dynamic_query::{closure#2}::__CALLSITE      4 total usages
  fn_ctxt::checks::<impl fn_ctxt::FnCtxt<'a, 'tcx>>::check_argument_types::{closure#1}::__CALLSITE      4 total usages
  query_impl::impl_self_is_guaranteed_unsized::try_collect_active_jobs::__CALLSITE      4 total usages
  late::LateResolutionVisitor::<'a, 'ast, 'ra, 'tcx>::find_lifetime_for_self::__CALLSITE      4 total usages
  infer::lexical_region_resolve::LexicalResolver::<'cx, 'tcx>::collect_error_for_expanding_node::__CALLSITE      4 total usages
  query_impl::lint_mod::try_collect_active_jobs::__CALLSITE      4 total usages
  <types::VariantSizeDifferences as passes::LateLintPass<'tcx>>::check_item::__CALLSITE      4 total usages
  query_impl::crate_for_resolver::dynamic_query::{closure#2}::{closure#0}::__CALLSITE      4 total usages
  query_impl::explicit_super_predicates_of::dynamic_query::{closure#2}::{closure#0}::__CALLSITE      4 total usages
  traits::select::SelectionContext::<'_, 'tcx>::match_impl::{closure#0}::{closure#1}::__CALLSITE      4 total usages
  <traits::coherence::AmbiguityCausesVisitor<'a, 'tcx> as solve::inspect::analyse::ProofTreeVisitor<'tcx>>::visit_goal::{closure#2}::__CALLSITE      4 total usages
  traits::select::SelectionContext::<'_, 'tcx>::match_poly_trait_ref::__CALLSITE      4 total usages
  <add_call_guards::AddCallGuards as pass_manager::MirPass<'tcx>>::run_pass::__CALLSITE      4 total usages
  lint_tail_expr_drop_order::run_lint      4 total usages
  check::wfcheck::test_region_obligations::__CALLSITE      4 total usages
  query_impl::closure_saved_names_of_captured_variables::try_collect_active_jobs::__CALLSITE      4 total usages
  parser::Parser::<'a>::expect_gt::__CALLSITE      4 total usages
  stability::lookup_const_stability::__CALLSITE      4 total usages
  query_impl::output_filenames::dynamic_query::{closure#2}::__CALLSITE      4 total usages
  query_impl::codegen_fn_attrs::dynamic_query::{closure#2}::__CALLSITE      4 total usages
  expr::<impl LoweringContext<'_, 'hir>>::lower_expr_assign      4 total usages
  query_impl::first_method_vtable_slot::try_collect_active_jobs::__CALLSITE      4 total usages
  interpret::eval_context::InterpCx::<'tcx, M>::load_mir::__CALLSITE      4 total usages
  coercion::Coerce::<'f, 'tcx>::coerce_from_fn_pointer::__CALLSITE      4 total usages
  thir::pattern::check_match::MatchVisitor::<'p, 'tcx>::check_let::__CALLSITE      4 total usages
  query_impl::diagnostic_items::get_query_incr::__rust_end_short_backtrace::__CALLSITE      4 total usages
  query_impl::implied_target_features::dynamic_query::{closure#2}::__CALLSITE      4 total usages
  query_impl::typing_env_normalized_for_post_analysis::dynamic_query::{closure#2}::{closure#0}::__CALLSITE      4 total usages
  traits::select::candidate_assembly::<impl traits::select::SelectionContext<'cx, 'tcx>>::assemble_builtin_copy_clone_candidate::__CALLSITE      4 total usages
  query_impl::all_diagnostic_items::try_collect_active_jobs::__CALLSITE      4 total usages
  query_impl::type_op_ascribe_user_type::try_collect_active_jobs::__CALLSITE      4 total usages
  check::region::resolve_pat::__CALLSITE      4 total usages
  collector::visit_instance_use::__CALLSITE      4 total usages
  query_impl::attrs_for_def::try_collect_active_jobs::__CALLSITE      4 total usages
  query_impl::is_profiler_runtime::dynamic_query::{closure#2}::__CALLSITE      4 total usages
  query_impl::is_unpin_raw::try_collect_active_jobs::__CALLSITE      4 total usages
  shadowed_into_iter      4 total usages
  query_impl::object_lifetime_default::dynamic_query::{closure#2}::{closure#0}::__CALLSITE      4 total usages
  query_impl::has_structural_eq_impl::get_query_incr::__rust_end_short_backtrace::__CALLSITE      4 total usages
  query_impl::dropck_outlives::get_query_incr::__rust_end_short_backtrace::__CALLSITE      4 total usages
  mir::block::<impl mir::FunctionCx<'a, 'tcx, Bx>>::codegen_block::__CALLSITE      4 total usages
  query_impl::impl_item_implementor_ids::dynamic_query::{closure#2}::{closure#0}::__CALLSITE      4 total usages
  query_impl::anon_const_kind::dynamic_query::{closure#2}::__CALLSITE      4 total usages
  query_impl::opaque_types_defined_by::get_query_incr::__rust_end_short_backtrace::__CALLSITE      4 total usages
  query_impl::needs_drop_raw::dynamic_query::{closure#2}::__CALLSITE      4 total usages
  query_impl::codegen_select_candidate::dynamic_query::{closure#2}::__CALLSITE      4 total usages
  query_impl::is_reachable_non_generic::dynamic_query::{closure#2}::__CALLSITE      4 total usages
  meth::VirtualIndex::get_usize::__CALLSITE      4 total usages
  query_impl::type_op_ascribe_user_type::dynamic_query::{closure#2}::{closure#0}::__CALLSITE      4 total usages
  rmeta::encoder::EncodeContext::<'a, 'tcx>::encode_stability::__CALLSITE      4 total usages
  query_impl::rendered_const::dynamic_query::{closure#2}::__CALLSITE      4 total usages
  query_impl::fn_abi_of_fn_ptr::try_collect_active_jobs::__CALLSITE      4 total usages
  fn_ctxt::inspect_obligations::<impl fn_ctxt::FnCtxt<'a, 'tcx>>::obligations_for_self_ty_next::__CALLSITE      4 total usages
  query_impl::constness::try_collect_active_jobs::__CALLSITE      4 total usages
  query_impl::all_diagnostic_items::get_query_incr::__rust_end_short_backtrace::__CALLSITE      4 total usages
  interpret::operand::<impl interpret::eval_context::InterpCx<'tcx, M>>::eval_place_to_op::{closure#0}::__CALLSITE      4 total usages
  query_impl::eval_static_initializer::try_collect_active_jobs::__CALLSITE      4 total usages
  ident::<impl Resolver<'ra, 'tcx>>::resolve_path::__CALLSITE      4 total usages
  query_impl::disabled_sanitizers_for::get_query_incr::__rust_end_short_backtrace::__CALLSITE      4 total usages
  infer::outlives::test_type_match::can_match_erased_ty::__CALLSITE      4 total usages
  query_impl::collect_and_partition_mono_items::get_query_incr::__rust_end_short_backtrace::__CALLSITE      4 total usages
  collect::type_of::opaque::find_opaque_ty_constraints_for_tait::__CALLSITE      4 total usages
  query_impl::needs_async_drop_raw::dynamic_query::{closure#2}::__CALLSITE      4 total usages
  query_impl::const_param_default::try_collect_active_jobs::__CALLSITE      4 total usages
  query_impl::lint_mod::dynamic_query::{closure#2}::{closure#0}::__CALLSITE      4 total usages
  query_impl::exported_non_generic_symbols::dynamic_query::{closure#2}::{closure#0}::__CALLSITE      4 total usages
  query_impl::is_reachable_non_generic::get_query_incr::__rust_end_short_backtrace::__CALLSITE      4 total usages
  query_impl::thir_abstract_const::dynamic_query::{closure#2}::{closure#0}::__CALLSITE      4 total usages
  diagnostics::conflict_errors::<impl MirBorrowckCtxt<'_, 'infcx, 'tcx>>::suggest_assign_value::__CALLSITE      4 total usages
  query_impl::fn_arg_idents::get_query_incr::__rust_end_short_backtrace::__CALLSITE      4 total usages
  expr_use_visitor::ExprUseVisitor::<'tcx, Cx, D>::consume_or_copy::__CALLSITE      4 total usages
  <interpret::validity::ValidityVisitor<'rt, 'tcx, M> as interpret::visitor::ValueVisitor<'tcx, M>>::visit_value::__CALLSITE      4 total usages
  query_impl::extra_filename::dynamic_query::{closure#2}::__CALLSITE      4 total usages
  elaborate_drop::DropCtxt::<'a, 'b, 'tcx, D>::destructor_call_block_sync::__CALLSITE      4 total usages
  query_impl::extra_filename::try_collect_active_jobs::__CALLSITE      4 total usages
  query_impl::coroutine_hidden_types::get_query_incr::__rust_end_short_backtrace::__CALLSITE      4 total usages
  query_impl::is_dyn_compatible::try_collect_active_jobs::__CALLSITE      4 total usages
  query_impl::native_library::get_query_incr::__rust_end_short_backtrace::__CALLSITE      4 total usages
  query_impl::is_private_dep::dynamic_query::{closure#2}::__CALLSITE      4 total usages
  pat::<impl fn_ctxt::FnCtxt<'a, 'tcx>>::check_pat::__CALLSITE      4 total usages
  fn_ctxt::checks::<impl fn_ctxt::FnCtxt<'a, 'tcx>>::check_casts::__CALLSITE      4 total usages
  query_impl::used_crate_source::try_collect_active_jobs::__CALLSITE      4 total usages
  query_impl::adt_async_drop_tys::dynamic_query::{closure#2}::__CALLSITE      4 total usages
  closure::<impl fn_ctxt::FnCtxt<'a, 'tcx>>::error_sig_of_closure::__CALLSITE      4 total usages
  thir::pattern::PatCtxt::<'a, 'tcx>::lower_variant_or_leaf::__CALLSITE      4 total usages
  ty::significant_drop_order::extract_component_with_significant_dtor::__CALLSITE      4 total usages
  query_impl::resolutions::dynamic_query::{closure#2}::{closure#0}::__CALLSITE      4 total usages
  query_impl::item_non_self_bounds::dynamic_query::{closure#2}::__CALLSITE      4 total usages
  query_impl::check_tail_calls::try_collect_active_jobs::__CALLSITE      4 total usages
  <collect::resolve_bound_vars::BoundVarContext<'a, 'tcx> as rustc_hir::intravisit::Visitor<'tcx>>::visit_impl_item::__CALLSITE      4 total usages
  <ref_prop::compute_replacement::ReplacementFinder<'tcx, F> as rustc_middle::mir::visit::Visitor<'tcx>>::visit_place::__CALLSITE      4 total usages
  query_impl::is_sized_raw::dynamic_query::{closure#2}::__CALLSITE      4 total usages
  profiling::SelfProfiler::new::__CALLSITE      4 total usages
  check::compare_impl_item::extract_spans_for_error_reporting::__CALLSITE      4 total usages
  coherence::check_impl::__CALLSITE      4 total usages
  <known_panics_lint::KnownPanicsLint as pass_manager::MirLint<'tcx>>::run_lint      4 total usages
  ident::<impl Resolver<'ra, 'tcx>>::resolve_path_with_ribs::__CALLSITE      4 total usages
  query_impl::used_crates::get_query_incr::__rust_end_short_backtrace::__CALLSITE      4 total usages
  query_impl::stability_implications::dynamic_query::{closure#2}::__CALLSITE      4 total usages
  persist::dirty_clean::DirtyCleanVisitor::<'tcx>::assert_dirty::__CALLSITE      4 total usages
  query_impl::symbol_name::try_collect_active_jobs::__CALLSITE      4 total usages
  query_impl::region_scope_tree::try_collect_active_jobs::__CALLSITE      4 total usages
  query_impl::own_existential_vtable_entries::dynamic_query::{closure#2}::__CALLSITE      4 total usages
  ty::rvalue_scopes::RvalueScopes::record_rvalue_scope::__CALLSITE      4 total usages
  query_impl::exported_generic_symbols::dynamic_query::{closure#2}::__CALLSITE      4 total usages
  <BorrowckInferCtxt<'tcx> as universal_regions::InferCtxtExt<'tcx>>::replace_free_regions_with_nll_infer_vars::{closure#0}::__CALLSITE      4 total usages
  query_impl::crate_variances::try_collect_active_jobs::__CALLSITE      4 total usages
  query_impl::get_lang_items::get_query_incr::__rust_end_short_backtrace::__CALLSITE      4 total usages
  mir::rvalue::<impl mir::FunctionCx<'a, 'tcx, Bx>>::codegen_rvalue_operand::__CALLSITE      4 total usages
  query_impl::extern_crate::dynamic_query::{closure#2}::{closure#0}::__CALLSITE      4 total usages
  query_impl::features_query::dynamic_query::{closure#2}::__CALLSITE      4 total usages
  query_impl::closure_typeinfo::dynamic_query::{closure#2}::__CALLSITE      4 total usages
  query_impl::postorder_cnums::get_query_incr::__rust_end_short_backtrace::__CALLSITE      4 total usages
  <error_reporting::infer::nice_region_error::find_anon_type::FindNestedTypeVisitor<'tcx> as rustc_hir::intravisit::Visitor<'tcx>>::visit_ty      4 total usages
  query_impl::generics_of::dynamic_query::{closure#2}::{closure#0}::__CALLSITE      4 total usages
  query_impl::check_mod_unstable_api_usage::dynamic_query::{closure#2}::__CALLSITE      4 total usages
  ty::instance::Instance::<'tcx>::fn_once_adapter_instance::{closure#0}::__CALLSITE      4 total usages
  LoweringContext::<'a, 'hir>::elided_dyn_bound::__CALLSITE      4 total usages
  query_impl::erase_and_anonymize_regions_ty::get_query_incr::__rust_end_short_backtrace::__CALLSITE      4 total usages
  query_impl::local_trait_impls::dynamic_query::{closure#2}::__CALLSITE      4 total usages
  query_impl::explicit_super_predicates_of::get_query_incr::__rust_end_short_backtrace::__CALLSITE      4 total usages
  query_impl::global_backend_features::try_collect_active_jobs::__CALLSITE      4 total usages
  path::<impl LoweringContext<'a, 'hir>>::maybe_insert_elided_lifetimes_in_path::__CALLSITE      4 total usages
  query_impl::impl_item_implementor_ids::dynamic_query::{closure#2}::__CALLSITE      4 total usages
  query_impl::item_non_self_bounds::get_query_incr::__rust_end_short_backtrace::__CALLSITE      4 total usages
  query_impl::coroutine_by_move_body_def_id::try_collect_active_jobs::__CALLSITE      4 total usages
  query_impl::coherent_trait::get_query_incr::__rust_end_short_backtrace::__CALLSITE      4 total usages
  query_impl::native_library::dynamic_query::{closure#2}::__CALLSITE      4 total usages
  creader::CStore::postprocess::__CALLSITE      4 total usages
  infer::lexical_region_resolve::LexicalResolver::<'cx, 'tcx>::collect_bounding_regions::__CALLSITE      4 total usages
  type_check::liveness::trace::LivenessContext::<'_, '_, 'tcx>::add_drop_live_facts_for::__CALLSITE      4 total usages
  spec::load_builtin::__CALLSITE      4 total usages
  query_impl::exportable_items::dynamic_query::{closure#2}::{closure#0}::__CALLSITE      4 total usages
  query_impl::lint_mod::dynamic_query::{closure#2}::__CALLSITE      4 total usages
  query_impl::opaque_captured_lifetimes::get_query_incr::__rust_end_short_backtrace::__CALLSITE      4 total usages
  query_impl::explicit_implied_const_bounds::dynamic_query::{closure#2}::{closure#0}::__CALLSITE      4 total usages
  query_impl::inherit_sig_for_delegation_item::dynamic_query::{closure#2}::__CALLSITE      4 total usages
  traits::select::candidate_assembly::<impl traits::select::SelectionContext<'cx, 'tcx>>::assemble_candidates_for_transmutability::__CALLSITE      4 total usages
  traits::select::confirmation::<impl traits::select::SelectionContext<'cx, 'tcx>>::confirm_builtin_unsize_candidate::__CALLSITE      4 total usages
  query_impl::region_scope_tree::dynamic_query::{closure#2}::{closure#0}::__CALLSITE      4 total usages
  query_impl::params_in_repr::get_query_incr::__rust_end_short_backtrace::__CALLSITE      4 total usages
  thir::cx::expr::<impl thir::cx::ThirBuildCx<'tcx>>::convert_path_expr::__CALLSITE      4 total usages
  traits::select::candidate_assembly::<impl traits::select::SelectionContext<'cx, 'tcx>>::assemble_builtin_sized_candidate::__CALLSITE      4 total usages
  query_impl::specialization_enabled_in::dynamic_query::{closure#2}::{closure#0}::__CALLSITE      4 total usages
  query_impl::is_unreachable_local_definition::get_query_incr::__rust_end_short_backtrace::__CALLSITE      4 total usages
  persist::fs::delete_old::__CALLSITE      4 total usages
  util::caller_location::const_caller_location_provider::__CALLSITE      4 total usages
  interpret::operator::<impl interpret::eval_context::InterpCx<'tcx, M>>::binary_op::__CALLSITE      4 total usages
  query_impl::check_liveness::dynamic_query::{closure#2}::{closure#0}::__CALLSITE      4 total usages
  query_impl::local_def_id_to_hir_id::dynamic_query::{closure#2}::__CALLSITE      4 total usages
  query_impl::erase_and_anonymize_regions_ty::dynamic_query::{closure#2}::{closure#0}::__CALLSITE      4 total usages
  query_impl::skip_move_check_fns::dynamic_query::{closure#2}::{closure#0}::__CALLSITE      4 total usages
  query_impl::const_conditions::try_collect_active_jobs::__CALLSITE      4 total usages
  interpret::call::<impl interpret::eval_context::InterpCx<'tcx, M>>::init_fn_tail_call::__CALLSITE      4 total usages
  thir::pattern::PatCtxt::<'a, 'tcx>::lower_path::__CALLSITE      4 total usages
  interpret::validity::<impl interpret::eval_context::InterpCx<'tcx, M>>::validate_operand::{closure#0}::__CALLSITE      4 total usages
  interpret::step::<impl interpret::eval_context::InterpCx<'tcx, M>>::eval_statement::{closure#1}::__CALLSITE      4 total usages
  coverage::graph::CoverageGraph::compute_basic_coverage_blocks::{closure#0}::__CALLSITE      4 total usages
  expr_use_visitor::ExprUseVisitor::<'tcx, Cx, D>::consume_expr::__CALLSITE      4 total usages
  query_impl::live_symbols_and_ignored_derived_traits::dynamic_query::{closure#2}::{closure#0}::__CALLSITE      4 total usages
  query_impl::lit_to_const::dynamic_query::{closure#2}::{closure#0}::__CALLSITE      4 total usages
  index::index_hir::__CALLSITE      4 total usages
  check_attr::CheckAttrVisitor::<'tcx>::check_autodiff::__CALLSITE      4 total usages
  query_impl::crate_extern_paths::try_collect_active_jobs::__CALLSITE      4 total usages
  traits::project::confirm_iterator_candidate::__CALLSITE      4 total usages
  solve::assembly::<impl solve::eval_ctxt::EvalCtxt<'_, D>>::assemble_param_env_candidates::__CALLSITE      4 total usages
  query_impl::features_query::dynamic_query::{closure#2}::{closure#0}::__CALLSITE      4 total usages
  query_impl::own_existential_vtable_entries::try_collect_active_jobs::__CALLSITE      4 total usages
  error_reporting::infer::region::unexpected_hidden_region_diagnostic::__CALLSITE      4 total usages
  persist::save::save_work_product_index::__CALLSITE      4 total usages
  query_impl::check_validity_requirement::dynamic_query::{closure#2}::{closure#0}::__CALLSITE      4 total usages
  LoweringContext::<'a, 'hir>::create_def::__CALLSITE      4 total usages
  query_impl::coverage_ids_info::dynamic_query::{closure#2}::__CALLSITE      4 total usages
  expr::<impl fn_ctxt::FnCtxt<'a, 'tcx>>::check_expr_with_expectation::__CALLSITE      4 total usages
  tagged_ptr           4 total usages
  query_impl::resolver_for_lowering_raw::dynamic_query::{closure#2}::__CALLSITE      4 total usages
  type_check::liveness::generate::__CALLSITE      4 total usages
  query_impl::check_tail_calls::get_query_incr::__rust_end_short_backtrace::__CALLSITE      4 total usages
  query_impl::param_env::dynamic_query::{closure#2}::__CALLSITE      4 total usages
  query_impl::trait_explicit_predicates_and_bounds::dynamic_query::{closure#2}::__CALLSITE      4 total usages
  query_impl::stripped_cfg_items::dynamic_query::{closure#2}::{closure#0}::__CALLSITE      4 total usages
  query_impl::explicit_implied_const_bounds::get_query_incr::__rust_end_short_backtrace::__CALLSITE      4 total usages
  diagnostics::<impl Resolver<'ra, 'tcx>>::check_for_module_export_macro      4 total usages
  query_impl::associated_items::dynamic_query::{closure#2}::__CALLSITE      4 total usages
  query_impl::coerce_unsized_info::try_collect_active_jobs::__CALLSITE      4 total usages
  fn_ctxt::_impl::<impl fn_ctxt::FnCtxt<'a, 'tcx>>::write_resolution::__CALLSITE      4 total usages
  query_impl::is_panic_runtime::get_query_incr::__rust_end_short_backtrace::__CALLSITE      4 total usages
  interpret::validity::<impl interpret::eval_context::InterpCx<'tcx, M>>::validate_operand_internal::__CALLSITE      4 total usages
  query_impl::inferred_outlives_of::dynamic_query::{closure#2}::__CALLSITE      4 total usages
  dependency_format::calculate_type      4 total usages
  diagnostics::bound_region_errors::try_extract_error_from_fulfill_cx::__CALLSITE      4 total usages
  query_impl::dropck_outlives::dynamic_query::{closure#2}::{closure#0}::__CALLSITE      4 total usages
  query_impl::explicit_supertraits_containing_assoc_item::dynamic_query::{closure#2}::{closure#0}::__CALLSITE      4 total usages
  query_impl::specialization_graph_of::try_collect_active_jobs::__CALLSITE      4 total usages
  rustc::RustcPatCtxt::<'p, 'tcx>::reveal_opaque_ty      4 total usages
  query_impl::doc_link_resolutions::get_query_incr::__rust_end_short_backtrace::__CALLSITE      4 total usages
  query_impl::effective_visibilities::dynamic_query::{closure#2}::{closure#0}::__CALLSITE      4 total usages
  callee::<impl fn_ctxt::FnCtxt<'a, 'tcx>>::enforce_context_effects::__CALLSITE      4 total usages
  query_impl::check_potentially_region_dependent_goals::get_query_incr::__rust_end_short_backtrace::__CALLSITE      4 total usages
  query_impl::opt_hir_owner_nodes::get_query_incr::__rust_end_short_backtrace::__CALLSITE      4 total usages
  query_impl::late_bound_vars_map::try_collect_active_jobs::__CALLSITE      4 total usages
  query_impl::opaque_types_defined_by::dynamic_query::{closure#2}::{closure#0}::__CALLSITE      4 total usages
  query_impl::lit_to_const::dynamic_query::{closure#2}::__CALLSITE      4 total usages
  traits::select::candidate_assembly::<impl traits::select::SelectionContext<'cx, 'tcx>>::assemble_fn_pointer_candidates::__CALLSITE      4 total usages
  query_impl::inhabited_predicate_type::try_collect_active_jobs::__CALLSITE      4 total usages
  query_impl::specializes::try_collect_active_jobs::__CALLSITE      4 total usages
  query_impl::ty_span::dynamic_query::{closure#2}::{closure#0}::__CALLSITE      4 total usages
  inline::Integrator::<'_, '_>::map_block::__CALLSITE      4 total usages
  writeback::WritebackCx::<'cx, 'tcx>::visit_opaque_types::__CALLSITE      4 total usages
  elaborate_drop::DropCtxt::<'a, 'b, 'tcx, D>::drop_flag_test_block::__CALLSITE      4 total usages
  query_impl::is_unreachable_local_definition::dynamic_query::{closure#2}::__CALLSITE      4 total usages
  query_impl::representability::get_query_incr::__rust_end_short_backtrace::__CALLSITE      4 total usages
  query_impl::inferred_outlives_of::get_query_incr::__rust_end_short_backtrace::__CALLSITE      4 total usages
  diagnostics::region_name::<impl MirBorrowckCtxt<'_, '_, 'tcx>>::highlight_if_we_cannot_match_hir_ty::__CALLSITE      4 total usages
  back::archive::ArchiveBuilderBuilder::create_dll_import_lib      4 total usages
  query_impl::check_mod_unstable_api_usage::get_query_incr::__rust_end_short_backtrace::__CALLSITE      4 total usages
  query_impl::layout_of::get_query_incr::__rust_end_short_backtrace::__CALLSITE      4 total usages
  def_collector::DefCollector::<'a, 'ra, 'tcx>::create_def::__CALLSITE      4 total usages
  query_impl::is_unreachable_local_definition::try_collect_active_jobs::__CALLSITE      4 total usages
  type_check::liveness::LiveVariablesVisitor::<'a, 'tcx>::record_regions_live_at::__CALLSITE      4 total usages
  query_impl::has_global_allocator::dynamic_query::{closure#2}::{closure#0}::__CALLSITE      4 total usages
  query_impl::explicit_implied_predicates_of::get_query_incr::__rust_end_short_backtrace::__CALLSITE      4 total usages
  parser::Parser::<'a>::eat_lt::__CALLSITE      4 total usages
  search_graph::SearchGraph::<D>::lookup_provisional_cache::__CALLSITE      4 total usages
  query_impl::resolve_instance_raw::dynamic_query::{closure#2}::{closure#0}::__CALLSITE      4 total usages
  hir_ty_lowering::bounds::<impl dyn hir_ty_lowering::HirTyLowerer<'tcx>>::lower_assoc_item_constraint      3 total usages
  <polonius::legacy::accesses::AccessFactsExtractor<'a, 'tcx> as rustc_middle::mir::visit::Visitor<'tcx>>::visit_local      3 total usages
  fn_ctxt::_impl::<impl fn_ctxt::FnCtxt<'a, 'tcx>>::write_user_type_annotation_from_args      3 total usages
  creader::CStore::dlsym_proc_macros      3 total usages
  diagnostics::diagnostic_builder::DiagnosticDeriveVariantBuilder::span_and_applicability_of_ty      3 total usages
  builder::matches::test::<impl builder::Builder<'a, 'tcx>>::perform_test      3 total usages
  builder::matches::<impl builder::Builder<'a, 'tcx>>::bind_and_guard_matched_candidate      3 total usages
  infer::canonical::instantiate      3 total usages
  error_reporting::traits::suggestions::<impl error_reporting::TypeErrCtxt<'a, 'tcx>>::suggest_await_before_try      3 total usages
  coherence::builtin::coerce_unsized_info      3 total usages
  spec::targets::armv7k_apple_watchos      3 total usages
  maybe_transmutable::MaybeTransmutableQuery::<layout::tree::Tree<<C as maybe_transmutable::query_context::QueryContext>::Def, <C as maybe_transmutable::query_context::QueryContext>::Region, <C as maybe_transmutable::query_context::QueryContext>::Type>, C>::answer      3 total usages
  collector::collect_roots      3 total usages
  late::LateResolutionVisitor::<'a, 'ast, 'ra, 'tcx>::resolve_fn_params      3 total usages
  infer::lexical_region_resolve::LexicalResolver::<'cx, 'tcx>::expand_node      3 total usages
  <dyn hir_ty_lowering::HirTyLowerer<'tcx>>::lower_ty::{closure#0}      3 total usages
  interpret::step::<impl interpret::eval_context::InterpCx<'tcx, M>>::eval_terminator      3 total usages
  collect::predicates_of::implied_predicates_with_filter      3 total usages
  type_check::liveness::trace::LivenessResults::<'a, 'typeck, 'tcx>::compute_drop_live_points_for      3 total usages
  diagnostics::region_errors::<impl MirBorrowckCtxt<'_, 'infcx, 'tcx>>::report_region_error      3 total usages
  validate             3 total usages
  jump_threading::TOFinder::<'a, 'tcx>::find_opportunity::{closure#0}      3 total usages
  fn_ctxt::_impl::<impl fn_ctxt::FnCtxt<'a, 'tcx>>::lower_ty_saving_user_provided_ty      3 total usages
  autorefs             3 total usages
  usefulness::PlaceInfo::<Cx>::split_column_ctors      3 total usages
  <autoderef::Autoderef<'a, 'tcx> as std::iter::Iterator>::next      3 total usages
  <dyn hir_ty_lowering::HirTyLowerer<'tcx>>::lower_opaque_ty::{closure#0}      3 total usages
  traits::select::SelectionContext::<'cx, 'tcx>::candidate_from_obligation::{closure#0}      3 total usages
  closure::<impl fn_ctxt::FnCtxt<'a, 'tcx>>::check_expr_closure      3 total usages
  spec::base::redox      3 total usages
  creader::CStore::resolve_crate_deps      3 total usages
  util::type_name      3 total usages
  traits::query::dropck_outlives::compute_dropck_outlives_with_errors      3 total usages
  <nrvo::RenameReturnPlace as pass_manager::MirPass<'tcx>>::run_pass      3 total usages
  MirBorrowckCtxt::<'a, '_, 'tcx>::access_place      3 total usages
  log_syntax           3 total usages
  <solve::fulfill::derive_errors::BestObligation<'tcx> as solve::inspect::analyse::ProofTreeVisitor<'tcx>>::visit_goal      3 total usages
  spec::targets::powerpc_unknown_openbsd      3 total usages
  base::is_call_from_compiler_builtins_to_upstream_monomorphization      3 total usages
  mir::interpret::allocation      3 total usages
  hir_ty_lowering::dyn_compatibility      3 total usages
  <impls::initialized::EverInitializedPlaces<'_, 'tcx> as framework::Analysis<'tcx>>::apply_primary_terminator_effect      3 total usages
  diagnostics::outlives_suggestion::OutlivesSuggestionBuilder::add_suggestion      3 total usages
  error_reporting::traits::suggestions::<impl error_reporting::TypeErrCtxt<'a, 'tcx>>::suggest_add_result_as_return_type      3 total usages
  error_reporting::infer::nice_region_error::different_lifetimes::<impl error_reporting::infer::nice_region_error::NiceRegionError<'a, 'tcx>>::try_report_anon_anon_conflict      3 total usages
  region_infer::RegionInferenceContext::<'tcx>::check_bound_universal_region      3 total usages
  handle_placeholders::compute_sccs_applying_placeholder_outlives_constraints      3 total usages
  const_eval::eval_queries::op_to_const      3 total usages
  coherence::builtin::visit_implementation_of_copy      3 total usages
  mir::interpret::error      3 total usages
  drop_flag_effects::drop_flag_effects_for_location      3 total usages
  middle::lang_items      3 total usages
  traits::select::candidate_assembly::<impl traits::select::SelectionContext<'cx, 'tcx>>::assemble_closure_candidates      3 total usages
  known_panics_lint::ConstPropagator::<'mir, 'tcx>::eval_rvalue::{closure#0}      3 total usages
  error_reporting::traits::ambiguity::<impl error_reporting::TypeErrCtxt<'a, 'tcx>>::maybe_report_ambiguity      3 total usages
  collector::RootCollector::<'_, 'v>::process_item      3 total usages
  writeback::WritebackCx::<'cx, 'tcx>::visit_pat_adjustments      3 total usages
  base::SyntaxExtension::dummy_bang      3 total usages
  interpret::eval_context::InterpCx::<'tcx, M>::resolve      3 total usages
  <rustc_middle::mir::mono::MonoItem<'tcx> as mono_item::MonoItemExt<'a, 'tcx>>::predefine      3 total usages
  assert_module_sources::AssertModuleSource::<'tcx>::check_config      3 total usages
  interpret::stack::<impl interpret::eval_context::InterpCx<'tcx, M>>::push_stack_frame_raw      3 total usages
  bridge::selfless_reify::_reify_to_extern_c_fn_unary      3 total usages
  <dyn hir_ty_lowering::HirTyLowerer<'tcx>>::lower_poly_trait_ref      3 total usages
  impls::borrowed_locals      3 total usages
  asm::spirv           3 total usages
  creader::CStore::inject_compiler_builtins      3 total usages
  coverage::query::is_eligible_for_coverage      3 total usages
  diagnostics::region_errors::<impl MirBorrowckCtxt<'_, 'infcx, 'tcx>>::maybe_suggest_constrain_dyn_trait_impl      3 total usages
  coercion::<impl fn_ctxt::FnCtxt<'a, 'tcx>>::try_find_coercion_lub      3 total usages
  diagnostics::conflict_errors::<impl MirBorrowckCtxt<'_, 'infcx, 'tcx>>::report_borrowed_value_does_not_live_long_enough      3 total usages
  newtype              3 total usages
  spec::targets::aarch64_apple_watchos_sim      3 total usages
  inline::process_blocks      3 total usages
  writeback::WritebackCx::<'cx, 'tcx>::visit_node_id      3 total usages
  infer::canonical::query_response::<impl infer::InferCtxt<'tcx>>::make_canonicalized_query_response      3 total usages
  profiling::SelfProfilerRef::exec      3 total usages
  spec::base::fuchsia      3 total usages
  spec::targets::armv7s_apple_ios      3 total usages
  registry::Registry::in_worker_cold      3 total usages
  solve::trait_goals      3 total usages
  ty::impls_ty::<impl rustc_data_structures::stable_hasher::HashStable<rustc_query_system::ich::StableHashingContext<'a>> for &'tcx ty::list::RawList<H, T>>::hash_stable      3 total usages
  infer::canonical::query_response::<impl infer::InferCtxt<'tcx>>::make_query_response      3 total usages
  SourceFile::lookup_file_pos      3 total usages
  ty::<impl ty::context::TyCtxt<'tcx>>::instance_mir      3 total usages
  expr_use_visitor::ExprUseVisitor::<'tcx, Cx, D>::cat_pattern      3 total usages
  <late::LateResolutionVisitor<'a, 'ast, 'ra, 'tcx>::find_lifetime_for_self::FindReferenceVisitor<'_, '_, '_> as rustc_ast::visit::Visitor<'ra>>::visit_ty      3 total usages
  traits::select::candidate_assembly::<impl traits::select::SelectionContext<'cx, 'tcx>>::assemble_async_closure_candidates      3 total usages
  dropck_outlives::adt_dtorck_constraint      3 total usages
  resolve              3 total usages
  interpret::call::<impl interpret::eval_context::InterpCx<'tcx, M>>::init_fn_call      3 total usages
  autoderef::Autoderef::<'a, 'tcx>::overloaded_deref_ty      3 total usages
  expr::<impl fn_ctxt::FnCtxt<'a, 'tcx>>::check_expr_field      3 total usages
  bridge::selfless_reify::reify_to_extern_c_fn_hrt_bridge      3 total usages
  interpret::call::<impl interpret::eval_context::InterpCx<'tcx, M>>::init_stack_frame      3 total usages
  spec::targets::i686_apple_darwin      3 total usages
  late::LateResolutionVisitor::<'a, 'ast, 'ra, 'tcx>::resolve_block      3 total usages
  spec::targets::aarch64_apple_tvos_sim      3 total usages
  MirBorrowckCtxt::<'a, '_, 'tcx>::check_access_for_conflict::{closure#1}      3 total usages
  diagnostics::region_name::<impl MirBorrowckCtxt<'_, '_, 'tcx>>::give_name_if_anonymous_region_appears_in_yield_ty      3 total usages
  early::diagnostics::decorate_builtin_lint      3 total usages
  spec::targets::aarch64_apple_tvos      3 total usages
  spec::targets::arm64e_apple_tvos      3 total usages
  <dyn hir_ty_lowering::HirTyLowerer<'tcx>>::lower_const_arg      3 total usages
  mir::analyze::cleanup_kinds::propagate      3 total usages
  creader::CStore::existing_match      3 total usages
  middle::region::ScopeTree::default_temporary_scope      3 total usages
  common_traits        3 total usages
  macro_expr_fragment_specifier_2024_migration::Expr2024::check_ident_token      3 total usages
  method::<impl fn_ctxt::FnCtxt<'a, 'tcx>>::lookup_method      3 total usages
  errors::wrong_number_of_generic_args::WrongNumberOfGenericArgs::<'a, 'tcx>::suggest_adding_type_and_const_args      3 total usages
  jump_threading::TOFinder::<'a, 'tcx>::start_from_switch      3 total usages
  mir_borrowck         3 total usages
  <impls::initialized::EverInitializedPlaces<'_, 'tcx> as framework::Analysis<'tcx>>::apply_primary_statement_effect      3 total usages
  type_check::liveness::compute_relevant_live_locals      3 total usages
  deriving::debug::show_substructure      3 total usages
  drop_flag_effects::on_all_children_bits      3 total usages
  warn_on_confusing_output_filename_flag      3 total usages
  type_check::input_output::<impl type_check::TypeChecker<'a, 'tcx>>::equate_inputs_and_outputs      3 total usages
  mir::visit           3 total usages
  late::diagnostics::<impl late::LateResolutionVisitor<'_, 'ast, 'ra, 'tcx>>::add_missing_lifetime_specifiers_label      3 total usages
  spec::base::l4re      3 total usages
  fn_ctxt::_impl::<impl fn_ctxt::FnCtxt<'a, 'tcx>>::instantiate_value_path      3 total usages
  collect::resolve_bound_vars::BoundVarContext::<'a, 'tcx>::visit_segment_args      3 total usages
  traits::project::project_and_unify_term      3 total usages
  type_check::TypeChecker::<'a, 'tcx>::relate_type_and_user_type      3 total usages
  traits::specialize::fulfill_implication      3 total usages
  diagnostics::<impl MirBorrowckCtxt<'_, 'infcx, 'tcx>>::borrowed_content_source      3 total usages
  traits::auto_trait::AutoTraitFinder::<'tcx>::evaluate_predicates      3 total usages
  traits::query::type_op::ascribe_user_type::relate_mir_and_user_args      3 total usages
  persist::dirty_clean::check_config      3 total usages
  traits::select::SelectionContext::<'_, 'tcx>::match_impl::{closure#0}      3 total usages
  source_map::SourceMap::is_valid_span      3 total usages
  bridge::symbol       3 total usages
  <check_pointers::PointerFinder<'a, 'tcx> as rustc_middle::mir::visit::Visitor<'tcx>>::visit_place      3 total usages
  fn_ctxt::_impl::<impl fn_ctxt::FnCtxt<'a, 'tcx>>::write_user_type_annotation      3 total usages
  coercion::Coerce::<'f, 'tcx>::coerce_borrowed_pointer      3 total usages
  interpret::intern::intern_const_alloc_recursive      3 total usages
  check::check_fn      3 total usages
  region_infer::RegionInferenceContext::<'tcx>::find_constraint_path_between_regions_inner      3 total usages
  persist::load::load_dep_graph      3 total usages
  jump_threading::TOFinder::<'a, 'tcx>::process_switch_int      3 total usages
  emitter::HumanEmitter::emit_suggestion_default      3 total usages
  reference_casting::borrow_or_assign      3 total usages
  region_infer::RegionInferenceContext::<'tcx>::best_blame_constraint      3 total usages
  builder::expr::as_temp::<impl builder::Builder<'a, 'tcx>>::as_temp_inner      3 total usages
  traits::select::candidate_assembly::<impl traits::select::SelectionContext<'cx, 'tcx>>::assemble_candidates_from_object_ty::{closure#0}::{closure#0}      3 total usages
  spec::targets::arm64_32_apple_watchos      3 total usages
  early::EarlyContextAndPass::<'ecx, 'tcx, T>::with_lint_attrs      3 total usages
  type_check::TypeChecker::<'a, 'tcx>::add_reborrow_constraint      3 total usages
  type_check::free_region_relations::UniversalRegionRelationsBuilder::<'_, 'tcx>::create      3 total usages
  traits::select::SelectionContext::<'cx, 'tcx>::filter_impls      3 total usages
  opaque_types::OpaqueTypeCollector::<'tcx>::visit_opaque_ty      3 total usages
  spec::targets::aarch64_apple_watchos      3 total usages
  search_graph::SearchGraph::<D>::candidate_is_applicable      3 total usages
  layout::coroutine::coroutine_saved_local_eligibility      3 total usages
  region_infer::RegionInferenceContext::<'tcx>::propagate_constraints      3 total usages
  size_of_val::size_and_align_of_dst      3 total usages
  check::compare_impl_item::check_type_bounds      3 total usages
  interpret::visitor::ValueVisitor::walk_value      3 total usages
  diagnostics::region_errors::<impl MirBorrowckCtxt<'_, 'infcx, 'tcx>>::suggest_constrain_dyn_trait_in_impl      3 total usages
  value_analysis::PlaceCollector::<'_, 'tcx>::register_place      3 total usages
  writeback::WritebackCx::<'cx, 'tcx>::visit_adjustments      3 total usages
  back::linker::get_linker      3 total usages
  <ty::adt::AdtDefData as rustc_data_structures::stable_hasher::HashStable<rustc_query_system::ich::StableHashingContext<'a>>>::hash_stable      3 total usages
  <rustc_infer::infer::at::At<'a, 'tcx> as traits::query::normalize::QueryNormalizeExt<'tcx>>::query_normalize      3 total usages
  error_reporting::traits::fulfillment_errors::<impl error_reporting::TypeErrCtxt<'a, 'tcx>>::fuzzy_match_tys      3 total usages
  error_reporting::infer::region::<impl error_reporting::TypeErrCtxt<'a, 'tcx>>::report_region_errors      3 total usages
  <traits::fulfill::FulfillProcessor<'a, 'tcx> as rustc_data_structures::obligation_forest::ObligationProcessor>::process_obligation      3 total usages
  late::diagnostics::<impl late::LateResolutionVisitor<'_, 'ast, 'ra, 'tcx>>::maybe_report_lifetime_uses      3 total usages
  region_infer::opaque_types::member_constraints::apply_member_constraints      3 total usages
  hir_ty_lowering::generics::check_generic_arg_count      3 total usages
  <sroa::ReplacementVisitor<'tcx, 'll> as rustc_middle::mir::visit::MutVisitor<'tcx>>::visit_statement      3 total usages
  pat                  3 total usages
  config::features      3 total usages
  asm::wasm            3 total usages
  persist::file_format::save_in      3 total usages
  ref_prop::propagate_ssa      3 total usages
  dep_graph::serialized::EncoderState::<D>::finish      3 total usages
  middle::region::ScopeTree::is_subscope_of      3 total usages
  check::compare_impl_item::collect_return_position_impl_trait_in_trait_tys::{closure#0}      3 total usages
  traits::select::SelectionContext::<'cx, 'tcx>::check_evaluation_cycle      3 total usages
  spec::base::windows_uwp_msvc      3 total usages
  parser::nonterminal      3 total usages
  thir::cx::expr::<impl thir::cx::ThirBuildCx<'tcx>>::apply_adjustment      3 total usages
  spec::base::teeos      3 total usages
  diagnostics::<impl MirBorrowckCtxt<'_, 'infcx, 'tcx>>::closure_span      3 total usages
  diagnostics::conflict_errors::<impl MirBorrowckCtxt<'_, 'infcx, 'tcx>>::get_moved_indexes::{closure#2}      3 total usages
  infer::region_constraints::RegionConstraintCollector::<'_, 'tcx>::make_eqregion      3 total usages
  diagnostics::conflict_errors::<impl MirBorrowckCtxt<'_, 'infcx, 'tcx>>::suggest_using_local_if_applicable::{closure#1}      3 total usages
  run_analysis_to_runtime_passes      3 total usages
  region_infer::opaque_types::compute_concrete_types_from_defining_uses      3 total usages
  collector::collect_alloc      3 total usages
  closure::<impl fn_ctxt::FnCtxt<'a, 'tcx>>::supplied_sig_of_closure::{closure#0}      3 total usages
  mir::locals::<impl mir::FunctionCx<'a, 'tcx, Bx>>::overwrite_local      3 total usages
  elaborate_drop::DropCtxt::<'a, 'b, 'tcx, D>::drop_ladder      2 total usages
  <walk::TypeWalker<I> as std::iter::Iterator>::next      2 total usages
  gvn::VnState::<'body, 'tcx>::new_opaque      2 total usages
  query_impl::explicit_implied_const_bounds::get_query_non_incr      2 total usages
  solve::<impl solve::eval_ctxt::EvalCtxt<'_, D>>::try_merge_candidates      2 total usages
  gvn::VnState::<'body, 'tcx>::simplify_binary      2 total usages
  lints::collect_nonexhaustive_missing_variants      2 total usages
  variance::constraints::ConstraintContext::<'a, 'tcx>::add_constraints_from_args      2 total usages
  <rustc_middle::mir::mono::MonoItem<'tcx> as mono_item::MonoItemExt<'a, 'tcx>>::define      2 total usages
  query::queries::unsizing_params_for_adt      2 total usages
  query_impl::impl_item_implementor_ids::get_query_non_incr      2 total usages
  query_impl::fn_abi_of_instance::get_query_non_incr      2 total usages
  query_impl::list_significant_drop_tys::get_query_non_incr      2 total usages
  bridge::selfless_reify      2 total usages
  traits::dyn_compatibility::dyn_compatibility_violations_for_assoc_item      2 total usages
  query_impl::has_significant_drop_raw::get_query_non_incr      2 total usages
  gvn::VnState::<'body, 'tcx>::eval_to_const      2 total usages
  query_impl::is_unpin_raw::get_query_non_incr      2 total usages
  traits::select::SelectionContext::<'_, 'tcx>::winnow_candidates      2 total usages
  <coverage::InstrumentCoverage as pass_manager::MirPass<'tcx>>::run_pass      2 total usages
  query_impl::mir_for_ctfe::get_query_non_incr      2 total usages
  query_impl::required_panic_strategy::get_query_non_incr      2 total usages
  hir_ty_lowering::generics::check_generic_arg_count::{closure#2}      2 total usages
  query_impl::wasm_import_module_map::get_query_non_incr      2 total usages
  traits::fulfill::FulfillmentContext::<'tcx, E>::select      2 total usages
  diagnostics::region_errors::<impl MirBorrowckCtxt<'_, 'infcx, 'tcx>>::suggest_static_lifetime_for_gat_from_hrtb      2 total usages
  region_infer::RegionInferenceContext::<'tcx>::find_sub_region_live_at      2 total usages
  <infer::relate::generalize::Generalizer<'_, 'tcx> as rustc_type_ir::relate::TypeRelation<rustc_middle::ty::TyCtxt<'tcx>>>::relate_with_variance      2 total usages
  query_impl::lookup_const_stability::get_query_non_incr      2 total usages
  thir::cx::expr::<impl thir::cx::ThirBuildCx<'tcx>>::user_args_applied_to_res      2 total usages
  liveness::Liveness::<'a, 'tcx>::propagate_through_expr      2 total usages
  query_impl::implied_outlives_bounds::get_query_non_incr      2 total usages
  query_impl::opt_hir_owner_nodes::get_query_non_incr      2 total usages
  query_impl::closure_saved_names_of_captured_variables::get_query_non_incr      2 total usages
  borrow_set::GatherBorrows::<'a, 'tcx>::insert_as_pending_if_two_phase      2 total usages
  query_impl::mir_callgraph_cyclic::get_query_non_incr      2 total usages
  infer::relate::higher_ranked::<impl infer::InferCtxt<'tcx>>::enter_forall_and_leak_universe      2 total usages
  <collector::MirUsedCollector<'a, 'tcx> as rustc_middle::mir::visit::Visitor<'tcx>>::visit_terminator      2 total usages
  traits::select::SelectionContext::<'_, 'tcx>::match_impl      2 total usages
  ty::normalize_erasing_regions::<impl ty::context::TyCtxt<'tcx>>::normalize_erasing_regions::{closure#0}      2 total usages
  spec::targets::i586_unknown_linux_gnu      2 total usages
  builder::custom::parse::instruction::<impl builder::custom::ParseCtxt<'a, 'tcx>>::parse_rvalue      2 total usages
  query_impl::coverage_attr_on::get_query_non_incr      2 total usages
  query::queries::impl_item_implementor_ids      2 total usages
  coherence::trait_ref_is_knowable      2 total usages
  query_impl::module_children::get_query_non_incr      2 total usages
  builder::custom::parse::instruction::<impl builder::custom::ParseCtxt<'a, 'tcx>>::parse_static      2 total usages
  query_impl::incoherent_impls::get_query_non_incr      2 total usages
  query::queries::native_libraries      2 total usages
  query_impl::nested_bodies_within::get_query_non_incr      2 total usages
  diagnostics::<impl Resolver<'ra, 'tcx>>::make_missing_super_suggestion      2 total usages
  query_impl::crate_incoherent_impls::get_query_non_incr      2 total usages
  <variance::variance_of_opaque::{closure#0}::OpaqueTypeLifetimeCollector<'tcx> as rustc_middle::ty::TypeVisitor<rustc_middle::ty::TyCtxt<'tcx>>>::visit_ty      2 total usages
  polonius::legacy::location::PoloniusLocationTable::new      2 total usages
  <dyn hir_ty_lowering::HirTyLowerer<'tcx>>::lower_ty      2 total usages
  method::probe::ProbeContext::<'a, 'tcx>::probe_for_similar_candidate      2 total usages
  unstable             2 total usages
  spec::targets::aarch64_unknown_nto_qnx700      2 total usages
  traits::try_evaluate_const      2 total usages
  query_impl::should_inherit_track_caller::get_query_non_incr      2 total usages
  query_impl::enforce_impl_non_lifetime_params_are_constrained::get_query_non_incr      2 total usages
  infer::free_regions::FreeRegionMap::<'tcx>::lub_param_regions      2 total usages
  query_impl::skip_move_check_fns::get_query_non_incr      2 total usages
  query::queries::generics_of      2 total usages
  <collector::MirUsedCollector<'a, 'tcx> as rustc_middle::mir::visit::Visitor<'tcx>>::visit_rvalue      2 total usages
  gvn::VnState::<'body, 'tcx>::simplify_place_value      2 total usages
  query_impl::rendered_const::get_query_non_incr      2 total usages
  query_impl::resolver_for_lowering_raw::get_query_non_incr      2 total usages
  query_impl::lookup_stability::get_query_non_incr      2 total usages
  const_eval::eval_queries::turn_into_const_value      2 total usages
  internal::Diagnostics::diagnostic_outside_of_impl      2 total usages
  query::queries::shallow_lint_levels_on      2 total usages
  region_infer::opaque_types::collect_defining_uses::{closure#0}      2 total usages
  query_impl::unsizing_params_for_adt::get_query_non_incr      2 total usages
  mir::statement::PlaceTy::<'tcx>::field_ty      2 total usages
  builder::expr::as_place::to_upvars_resolved_place_builder::{closure#0}      2 total usages
  thir::cx::expr       2 total usages
  query_impl::lints_that_dont_need_to_run::get_query_non_incr      2 total usages
  const_eval::valtrees::valtree_to_const_value      2 total usages
  query::queries::global_backend_features      2 total usages
  coercion::CoerceMany::<'tcx, 'exprs, E>::coerce_inner      2 total usages
  type_check::TypeChecker::<'a, 'tcx>::check_call_inputs      2 total usages
  <inline::Inline as pass_manager::MirPass<'tcx>>::run_pass      2 total usages
  query::queries::skip_move_check_fns      2 total usages
  <dyn hir_ty_lowering::HirTyLowerer<'tcx>>::lower_generic_args_of_path      2 total usages
  query_impl::def_kind::get_query_non_incr      2 total usages
  collector::collect_items_rec      2 total usages
  ty::significant_drop_order::extract_component_raw      2 total usages
  traits::wf::extend_cause_with_original_assoc_item_obligation      2 total usages
  <dyn hir_ty_lowering::HirTyLowerer<'tcx>>::lower_type_relative_ty_path      2 total usages
  hir_ty_lowering::dyn_compatibility::<impl dyn hir_ty_lowering::HirTyLowerer<'tcx>>::check_elaborated_projection_mentions_input_lifetimes      2 total usages
  callee::<impl fn_ctxt::FnCtxt<'a, 'tcx>>::try_overloaded_call_step      2 total usages
  gather_locals::GatherLocalsVisitor::<'a, 'tcx>::declare      2 total usages
  query_impl::typeck::get_query_non_incr      2 total usages
  query_impl::type_of::get_query_non_incr      2 total usages
  query_impl::mir_shims::get_query_non_incr      2 total usages
  query_impl::representability::get_query_non_incr      2 total usages
  back                 2 total usages
  type_check::relate_tys::NllTypeRelating::<'a, 'b, 'tcx>::enter_forall::{closure#0}      2 total usages
  variance::variance_of_opaque      2 total usages
  query_impl::optimized_mir::get_query_non_incr      2 total usages
  query_impl::native_libraries::get_query_non_incr      2 total usages
  interpret::memory::<impl interpret::eval_context::InterpCx<'tcx, M>>::deallocate_ptr      2 total usages
  builder::expr::as_rvalue::<impl builder::Builder<'a, 'tcx>>::as_rvalue      2 total usages
  traits::outlives_bounds::implied_outlives_bounds      2 total usages
  coherence::orphan_check_trait_ref      2 total usages
  spec::targets::i586_unknown_linux_musl      2 total usages
  query::queries::mir_coroutine_witnesses      2 total usages
  query_impl::adt_def::get_query_non_incr      2 total usages
  query_impl::type_op_ascribe_user_type::get_query_non_incr      2 total usages
  ty::inhabitedness::inhabited_predicate::InhabitedPredicate::<'tcx>::apply_inner      2 total usages
  query_impl::explicit_item_self_bounds::get_query_non_incr      2 total usages
  ty::OpaqueHiddenType::<'tcx>::remap_generic_params_to_declaration_params::{closure#0}      2 total usages
  traits::select::SelectionContext::<'cx, 'tcx>::evaluate_trait_predicate_recursively      2 total usages
  ty::sizedness_constraint_for_ty      2 total usages
  BorrowckInferCtxt::<'tcx>::next_nll_region_var      2 total usages
  instance::resolve_associated_item      2 total usages
  <collect::resolve_bound_vars::BoundVarContext<'a, 'tcx> as rustc_hir::intravisit::Visitor<'tcx>>::visit_ty      2 total usages
  expr_use_visitor::ExprUseVisitor::<'tcx, Cx, D>::walk_autoref      2 total usages
  query_impl::check_unused_traits::get_query_non_incr      2 total usages
  query_impl::inferred_outlives_crate::get_query_non_incr      2 total usages
  late::LateResolutionVisitor::<'a, 'ast, 'ra, 'tcx>::check_trait_item      2 total usages
  query_impl::reveal_opaque_types_in_bounds::get_query_non_incr      2 total usages
  query_impl::thir_body::get_query_non_incr      2 total usages
  <type_check::relate_tys::NllTypeRelating<'_, 'b, 'tcx> as rustc_infer::infer::relate::TypeRelation<rustc_middle::ty::TyCtxt<'tcx>>>::tys      2 total usages
  coroutine::mir_coroutine_witnesses      2 total usages
  traits::select::confirmation::<impl traits::select::SelectionContext<'cx, 'tcx>>::confirm_iterator_candidate      2 total usages
  query_impl::num_extern_def_ids::get_query_non_incr      2 total usages
  dep_graph::graph::DepGraphData::<D>::try_mark_previous_green      2 total usages
  query_impl::type_op_normalize_poly_fn_sig::get_query_non_incr      2 total usages
  region_infer::RegionInferenceContext::<'tcx>::constraint_path_to      2 total usages
  query_impl::lib_features::get_query_non_incr      2 total usages
  solve::<impl solve::eval_ctxt::EvalCtxt<'_, D>>::structurally_normalize_ty      2 total usages
  diagnostics::region_name::<impl MirBorrowckCtxt<'_, '_, 'tcx>>::give_name_if_anonymous_region_appears_in_output      2 total usages
  <collect::resolve_bound_vars::BoundVarContext<'a, 'tcx> as rustc_hir::intravisit::Visitor<'tcx>>::visit_expr      2 total usages
  query_impl::typing_env_normalized_for_post_analysis::get_query_non_incr      2 total usages
  traits::dyn_compatibility::dyn_compatibility_violations_for_trait      2 total usages
  jump_threading::TOFinder::<'a, 'tcx>::mutated_statement      2 total usages
  query::queries::rust_target_features      2 total usages
  spec::base::managarm_mlibc      2 total usages
  proc_macro           2 total usages
  traits::select::SelectionContext::<'cx, 'tcx>::poly_select      2 total usages
  dataflow_const_prop::propagatable_scalar      2 total usages
  query_impl::inherent_impls::get_query_non_incr      2 total usages
  query_impl::fn_arg_idents::get_query_non_incr      2 total usages
  traits::select::SelectionContext::<'cx, 'tcx>::evaluate_predicate_recursively      2 total usages
  <infer::relate::generalize::Generalizer<'_, 'tcx> as rustc_type_ir::relate::TypeRelation<rustc_middle::ty::TyCtxt<'tcx>>>::binders      2 total usages
  fn_ctxt::_impl::<impl fn_ctxt::FnCtxt<'a, 'tcx>>::resolve_vars_with_obligations      2 total usages
  query_impl::limits::get_query_non_incr      2 total usages
  ty::util::<impl ty::context::TyCtxt<'tcx>>::destructor_constraints      2 total usages
  query_impl::is_mir_available::get_query_non_incr      2 total usages
  polonius::legacy::loan_kills::LoanKillsGenerator::<'_, 'tcx>::record_killed_borrows_for_place      2 total usages
  <remove_unneeded_drops::RemoveUnneededDrops as pass_manager::MirPass<'tcx>>::run_pass      2 total usages
  writeback::WritebackCx::<'cx, 'tcx>::visit_skipped_ref_pats      2 total usages
  <simplify_comparison_integral::SimplifyComparisonIntegral as pass_manager::MirPass<'tcx>>::run_pass      2 total usages
  <solve::normalize::NormalizationFolder<'_, 'tcx, E> as rustc_middle::ty::FallibleTypeFolder<rustc_middle::ty::TyCtxt<'tcx>>>::try_fold_const      2 total usages
  query::queries::registered_tools      2 total usages
  layout::LayoutCalculator::<Cx>::layout_of_enum::{closure#3}      2 total usages
  layout::variant_info_for_adt      2 total usages
  query_impl::reachable_non_generics::get_query_non_incr      2 total usages
  <renumber::RegionRenumberer<'a, 'tcx> as rustc_middle::mir::visit::MutVisitor<'tcx>>::visit_region      2 total usages
  foreign_modules::structurally_same_type_impl::{closure#0}      2 total usages
  traits::select::candidate_assembly::<impl traits::select::SelectionContext<'cx, 'tcx>>::assemble_candidates_for_unsizing      2 total usages
  query_impl::check_coroutine_obligations::get_query_non_incr      2 total usages
  <opaque_types::OpaqueTypeCollector<'tcx> as rustc_middle::ty::TypeVisitor<rustc_middle::ty::TyCtxt<'tcx>>>::visit_ty      2 total usages
  query_impl::extern_crate::get_query_non_incr      2 total usages
  query_impl::vtable_allocation::get_query_non_incr      2 total usages
  impl_wf_check::min_specialization::check_always_applicable      2 total usages
  levels::shallow_lint_levels_on      2 total usages
  traits::coherence::overlapping_impls      2 total usages
  coherence::builtin::visit_implementation_of_dispatch_from_dyn      2 total usages
  query_impl::normalize_canonicalized_inherent_projection_ty::get_query_non_incr      2 total usages
  query_impl::upvars_mentioned::get_query_non_incr      2 total usages
  ty::normalize_erasing_regions::<impl ty::context::TyCtxt<'tcx>>::normalize_erasing_regions      2 total usages
  LoweringContext::<'a, 'hir>::next_id      2 total usages
  query_impl::param_env::get_query_non_incr      2 total usages
  spec::targets::i386_apple_ios      2 total usages
  query::queries::rendered_const      2 total usages
  query_impl::output_filenames::get_query_non_incr      2 total usages
  query_impl::associated_item_def_ids::get_query_non_incr      2 total usages
  usefulness::compute_exhaustiveness_and_usefulness      2 total usages
  query_impl::associated_items::get_query_non_incr      2 total usages
  query_impl::impl_parent::get_query_non_incr      2 total usages
  collect::predicates_of::gather_explicit_predicates_of      2 total usages
  emitter::HumanEmitter::emit_messages_default_inner      2 total usages
  builder::expr::as_constant::lit_to_mir_constant::{closure#0}      2 total usages
  query_impl::dep_kind::get_query_non_incr      2 total usages
  <dyn hir_ty_lowering::HirTyLowerer<'tcx>>::probe_single_bound_for_assoc_item      2 total usages
  traits::select::candidate_assembly::<impl traits::select::SelectionContext<'cx, 'tcx>>::assemble_candidates_for_trait_alias      2 total usages
  query_impl::is_dyn_compatible::get_query_non_incr      2 total usages
  <renumber::RegionRenumberer<'a, 'tcx> as rustc_middle::mir::visit::MutVisitor<'tcx>>::visit_ty_const      2 total usages
  query_impl::destructure_const::get_query_non_incr      2 total usages
  <collect::resolve_bound_vars::BoundVarContext<'a, 'tcx> as rustc_hir::intravisit::Visitor<'tcx>>::visit_opaque_ty      2 total usages
  traits::project::assemble_candidates_from_impls::{closure#0}      2 total usages
  query::queries::wasm_import_module_map      2 total usages
  query_impl::defined_lang_items::get_query_non_incr      2 total usages
  ty::adt::AdtDefData::new      2 total usages
  ty::util::<impl ty::context::TyCtxt<'tcx>>::try_expand_impl_trait_type      2 total usages
  builder::custom::parse::<impl builder::custom::ParseCtxt<'a, 'tcx>>::parse_debuginfo      2 total usages
  query_impl::type_of_opaque::get_query_non_incr      2 total usages
  query_impl::eval_to_valtree::get_query_non_incr      2 total usages
  query_impl::explicit_super_predicates_of::get_query_non_incr      2 total usages
  <solve::normalize::NormalizationFolder<'_, 'tcx, E> as rustc_middle::ty::FallibleTypeFolder<rustc_middle::ty::TyCtxt<'tcx>>>::try_fold_ty      2 total usages
  query_impl::layout_of::get_query_non_incr      2 total usages
  query_impl::check_validity_requirement::get_query_non_incr      2 total usages
  query_impl::def_ident_span::get_query_non_incr      2 total usages
  spec::base::android      2 total usages
  query::queries::hir_crate_items      2 total usages
  query_impl::check_private_in_public::get_query_non_incr      2 total usages
  variance::variance_of_opaque::{closure#0}::OpaqueTypeLifetimeCollector::<'tcx>::visit_opaque      2 total usages
  ty::<impl ty::context::TyCtxt<'tcx>>::impls_are_allowed_to_overlap      2 total usages
  query_impl::generics_of::get_query_non_incr      2 total usages
  value_analysis::Map::<'tcx>::register_place      2 total usages
  <interpret::operand::ImmTy<'_, Prov> as std::fmt::Display>::fmt      2 total usages
  query_impl::explicit_predicates_of::get_query_non_incr      2 total usages
  place_op::<impl fn_ctxt::FnCtxt<'a, 'tcx>>::try_index_step      2 total usages
  <dyn hir_ty_lowering::HirTyLowerer<'tcx>>::lower_resolved_ty_path      2 total usages
  diagnostics::<impl MirBorrowckCtxt<'_, 'infcx, 'tcx>>::borrow_spans      2 total usages
  <infer::relate::generalize::Generalizer<'_, 'tcx> as rustc_type_ir::relate::TypeRelation<rustc_middle::ty::TyCtxt<'tcx>>>::tys::{closure#0}      2 total usages
  <opaque_types::OpaqueTypeCollector<'tcx> as sig_types::SpannedTypeVisitor<'tcx>>::visit      2 total usages
  pass_manager::PASS_TO_PROFILER_NAMES      2 total usages
  compiler_interface::TLV      2 total usages
  creader::CStore::inject_panic_runtime      2 total usages
  query_impl::evaluate_obligation::get_query_non_incr      2 total usages
  query_impl::upstream_async_drop_glue_for::get_query_non_incr      2 total usages
  diagnostics::var_name::<impl region_infer::RegionInferenceContext<'tcx>>::get_argument_name_and_span_for_region      2 total usages
  diagnostics::move_errors::<impl MirBorrowckCtxt<'_, 'infcx, 'tcx>>::report_cannot_move_from_borrowed_content      2 total usages
  thir::PatRangeBoundary::<'tcx>::compare_with      2 total usages
  query_impl::registered_tools::get_query_non_incr      2 total usages
  back::link::link_binary      2 total usages
  query_impl::deduced_param_attrs::get_query_non_incr      2 total usages
  query_impl::traits::get_query_non_incr      2 total usages
  query_impl::associated_types_for_impl_traits_in_trait_or_impl::get_query_non_incr      2 total usages
  query_impl::entry_fn::get_query_non_incr      2 total usages
  build_reduced_graph::BuildReducedGraphVisitor::<'a, 'ra, 'tcx>::build_reduced_graph_for_use_tree      2 total usages
  traits::auto_trait::AutoTraitFinder::<'tcx>::find_auto_trait_generics      2 total usages
  query_impl::is_no_builtins::get_query_non_incr      2 total usages
  query_impl::item_self_bounds::get_query_non_incr      2 total usages
  spec::targets::x86_64_apple_watchos_sim      2 total usages
  <infer::relate::generalize::Generalizer<'_, 'tcx> as rustc_type_ir::relate::TypeRelation<rustc_middle::ty::TyCtxt<'tcx>>>::regions      2 total usages
  query_impl::diagnostic_items::get_query_non_incr      2 total usages
  <infer::canonical::canonicalizer::Canonicalizer<'cx, 'tcx> as rustc_type_ir::TypeFolder<rustc_middle::ty::TyCtxt<'tcx>>>::fold_const      2 total usages
  builder::custom::parse::instruction::<impl builder::custom::ParseCtxt<'a, 'tcx>>::parse_call      2 total usages
  query::queries::hir_module_items      2 total usages
  query_impl::crate_inherent_impls_overlap_check::get_query_non_incr      2 total usages
  thir::pattern::const_to_pat::<impl thir::pattern::PatCtxt<'a, 'tcx>>::const_to_pat      2 total usages
  solve::<impl solve::eval_ctxt::EvalCtxt<'a, D>>::compute_const_arg_has_type_goal      2 total usages
  traits::select::SelectionContext::<'cx, 'tcx>::filter_reservation_impls      2 total usages
  lint::ShallowLintLevelMap::probe_for_lint_level      2 total usages
  polonius::legacy::loan_invalidations      2 total usages
  query_impl::allocator_kind::get_query_non_incr      2 total usages
  closure::<impl fn_ctxt::FnCtxt<'a, 'tcx>>::deduce_future_output_from_obligations      2 total usages
  parser::diagnostics::<impl parser::Parser<'a>>::check_trailing_angle_brackets      2 total usages
  const_eval::eval_queries::eval_body_using_ecx      2 total usages
  opaque_types::<impl fn_ctxt::FnCtxt<'_, 'tcx>>::handle_opaque_type_uses_next      2 total usages
  query_impl::opaque_captured_lifetimes::get_query_non_incr      2 total usages
  graph::scc::SccsConstruction::<'c, 'a, G, A>::find_state      2 total usages
  sig_types::walk_types      2 total usages
  query_impl::fn_abi_of_fn_ptr::get_query_non_incr      2 total usages
  dataflow::OutOfScopePrecomputer::<'_, 'tcx>::precompute_borrows_out_of_scope      2 total usages
  query_impl::resolve_instance_raw::get_query_non_incr      2 total usages
  spec::targets::aarch64_unknown_nto_qnx710_iosock      2 total usages
  print                2 total usages
  query::queries::live_symbols_and_ignored_derived_traits      2 total usages
  foreign_modules::ClashingExternDeclarations::check_foreign_item      2 total usages
  gvn::VnState::<'_, 'tcx>::try_as_place      2 total usages
  type_check::TypeChecker::<'a, 'tcx>::check_user_type_annotations      2 total usages
  query::plumbing::incremental_verify_ich_failed      2 total usages
  <MirBorrowckCtxt<'a, '_, 'tcx> as rustc_mir_dataflow::ResultsVisitor<'tcx, dataflow::Borrowck<'a, 'tcx>>>::visit_after_early_terminator_effect      2 total usages
  method::<impl fn_ctxt::FnCtxt<'a, 'tcx>>::resolve_fully_qualified_call::{closure#0}      2 total usages
  passes::start_codegen      2 total usages
  builder::matches::<impl builder::Builder<'a, 'tcx>>::visit_primary_bindings_special      2 total usages
  query_impl::generics_require_sized_self::get_query_non_incr      2 total usages
  relate::structurally_relate_tys      2 total usages
  query_impl::symbol_mangling_version::get_query_non_incr      2 total usages
  LoweringContext::<'a, 'hir>::lower_node_id      2 total usages
  coroutine::compute_storage_conflicts      2 total usages
  solve::trait_goals::<impl solve::eval_ctxt::EvalCtxt<'_, D>>::merge_trait_candidates      2 total usages
  query_impl::rust_target_features::get_query_non_incr      2 total usages
  _match::<impl fn_ctxt::FnCtxt<'a, 'tcx>>::check_expr_match::{closure#0}      2 total usages
  MirBorrowckCtxt::<'a, '_, 'tcx>::check_for_invalidation_at_exit      2 total usages
  query_impl::check_tail_calls::get_query_non_incr      2 total usages
  query_impl::check_well_formed::get_query_non_incr      2 total usages
  partitioning::place_mono_items      2 total usages
  gvn::VnState::<'body, 'tcx>::new_pointer      2 total usages
  query_impl::is_codegened_item::get_query_non_incr      2 total usages
  mir::interpret::allocation::init_mask::InitMaskMaterialized::find_bit::find_bit_fast      2 total usages
  query_impl::local_trait_impls::get_query_non_incr      2 total usages
  check::wfcheck::check_trait      2 total usages
  <error_reporting::infer::need_type_info::FindInferSourceVisitor<'a, 'tcx> as rustc_hir::intravisit::Visitor<'tcx>>::visit_expr      2 total usages
  lint::ShallowLintLevelMap::lint_level_id_at_node      2 total usages
  method::probe::method_autoderef_steps      2 total usages
  method::probe::ProbeContext::<'a, 'tcx>::pick      2 total usages
  query_impl::global_backend_features::get_query_non_incr      2 total usages
  rmeta                2 total usages
  <type_check::relate_tys::NllTypeRelating<'_, 'b, 'tcx> as rustc_infer::infer::relate::TypeRelation<rustc_middle::ty::TyCtxt<'tcx>>>::relate_with_variance      2 total usages
  LoweringContext::<'a, 'hir>::lower_res      2 total usages
  query_impl::normalize_canonicalized_projection_ty::get_query_non_incr      2 total usages
  query_impl::check_unsafety::get_query_non_incr      2 total usages
  writeback::<impl fn_ctxt::FnCtxt<'a, 'tcx>>::resolve_type_vars_in_body      2 total usages
  query_impl::panic_in_drop_strategy::get_query_non_incr      2 total usages
  diagnostics::<impl Resolver<'ra, 'tcx>>::make_missing_crate_suggestion      2 total usages
  type_check::liveness::trace::LivenessContext::<'_, '_, 'tcx>::make_all_regions_live      2 total usages
  traits::project::confirm_param_env_candidate      2 total usages
  definitions::DefPath::make      2 total usages
  rustc_peek::sanity_check      2 total usages
  collect::resolve_bound_vars::BoundVarContext::<'a, 'tcx>::insert_lifetime      2 total usages
  sync::worker_local::THREAD_DATA      2 total usages
  query::queries::visible_parent_map      2 total usages
  query_impl::evaluate_root_goal_for_proof_tree_raw::get_query_non_incr      2 total usages
  query_impl::adt_sizedness_constraint::get_query_non_incr      2 total usages
  query_impl::lint_mod::get_query_non_incr      2 total usages
  LoweringContext::<'a, 'hir>::lower_universal_param_and_bounds      2 total usages
  <dyn hir_ty_lowering::HirTyLowerer<'tcx>>::probe_single_ty_param_bound_for_assoc_item      2 total usages
  query_impl::impl_trait_header::get_query_non_incr      2 total usages
  <late::LateResolutionVisitor<'a, 'ast, 'ra, 'tcx>::find_lifetime_for_self::SelfVisitor<'_, '_, '_> as rustc_ast::visit::Visitor<'ra>>::visit_ty      2 total usages
  outlives::implicit_infer::infer_predicates      2 total usages
  query_impl::trait_impls_of::get_query_non_incr      2 total usages
  fn_ctxt::_impl::<impl fn_ctxt::FnCtxt<'a, 'tcx>>::resolve_ty_and_res_fully_qualified_call      2 total usages
  check::compare_impl_item::collect_return_position_impl_trait_in_trait_tys      2 total usages
  query_impl::asyncness::get_query_non_incr      2 total usages
  <dyn hir_ty_lowering::HirTyLowerer<'tcx>>::probe_single_bound_for_assoc_item::{closure#0}      2 total usages
  fallback::<impl fn_ctxt::FnCtxt<'_, 'tcx>>::type_inference_fallback      2 total usages
  LoweringContext::<'a, 'hir>::lower_param_bounds      2 total usages
  traits::select::confirmation::<impl traits::select::SelectionContext<'cx, 'tcx>>::confirm_impl_candidate      2 total usages
  fn_ctxt::inspect_obligations::<impl fn_ctxt::FnCtxt<'a, 'tcx>>::predicate_has_self_ty      2 total usages
  query_impl::needs_drop_raw::get_query_non_incr      2 total usages
  ty::context::TyCtxt::<'tcx>::local_opaque_ty_origin      2 total usages
  parser::item::<impl parser::Parser<'a>>::parse_param_general::{closure#0}      2 total usages
  solve::eval_ctxt::EvalCtxt::<'a, D>::register_hidden_type_in_storage      2 total usages
  traits::coherence::impl_intersection_has_impossible_obligation      2 total usages
  elaborate_drops::ElaborateDropsCtxt::<'a, 'tcx>::drop_flags_for_locs      2 total usages
  infer::snapshot::<impl infer::InferCtxt<'tcx>>::commit_if_ok      2 total usages
  query_impl::associated_item::get_query_non_incr      2 total usages
  query_impl::has_panic_handler::get_query_non_incr      2 total usages
  query_impl::needs_async_drop_raw::get_query_non_incr      2 total usages
  query_impl::adt_dtorck_constraint::get_query_non_incr      2 total usages
  emitter::Emitter::fix_multispans_in_extern_macros      2 total usages
  thir::cx::block::<impl thir::cx::ThirBuildCx<'tcx>>::mirror_stmts::{closure#0}      2 total usages
  query_impl::in_scope_traits_map::get_query_non_incr      2 total usages
  LoweringContext::<'a, 'hir>::lower_opaque_impl_trait      2 total usages
  inline::cycle::process      2 total usages
  solve::eval_ctxt::canonical::<impl solve::eval_ctxt::EvalCtxt<'_, D>>::evaluate_added_goals_and_make_canonical_response      2 total usages
  errors::wrong_number_of_generic_args::WrongNumberOfGenericArgs::<'a, 'tcx>::get_lifetime_args_suggestions_from_param_names      2 total usages
  query_impl::collect_and_partition_mono_items::get_query_non_incr      2 total usages
  query_impl::diagnostic_hir_wf_check::get_query_non_incr      2 total usages
  traits::wf::WfPredicates::<'a, 'tcx>::add_wf_preds_for_term      2 total usages
  traits::wf::clause_obligations      2 total usages
  <late::LateResolutionVisitor<'_, 'ast, 'ra, 'tcx> as rustc_ast::visit::Visitor<'ast>>::visit_fn::{closure#1}::{closure#0}      2 total usages
  thir::pattern::const_to_pat::type_has_partial_eq_impl      2 total usages
  query_impl::resolutions::get_query_non_incr      2 total usages
  query_impl::live_symbols_and_ignored_derived_traits::get_query_non_incr      2 total usages
  solve::project_goals::<impl solve::eval_ctxt::EvalCtxt<'_, D>>::compute_projection_goal      2 total usages
  layout::LayoutCalculator::<Cx>::layout_of_enum      2 total usages
  shim::build_adt_ctor      2 total usages
  infer::lexical_region_resolve::LexicalResolver::<'cx, 'tcx>::lub_concrete_regions      2 total usages
  query_impl::mir_drops_elaborated_and_const_checked::get_query_non_incr      2 total usages
  coherence::orphan::orphan_check::{closure#0}      2 total usages
  elaborate_drop::DropCtxt::<'a, 'b, 'tcx, D>::place_ty      2 total usages
  query::queries::trait_def      2 total usages
  query_impl::features_query::get_query_non_incr      2 total usages
  query_impl::check_match::get_query_non_incr      2 total usages
  query_impl::dependency_formats::get_query_non_incr      2 total usages
  query::queries::hir_crate      2 total usages
  query_impl::crate_variances::get_query_non_incr      2 total usages
  rmeta::decoder::<impl creader::CrateMetadataRef<'a>>::imported_source_file::{closure#0}      2 total usages
  def_collector        2 total usages
  definitions::DefPathTable::def_path_hash      2 total usages
  query_impl::type_param_predicates::get_query_non_incr      2 total usages
  elaborate_drop::DropCtxt::<'a, 'b, 'tcx, D>::open_drop_for_adt      2 total usages
  query_impl::crate_host_hash::get_query_non_incr      2 total usages
  query_impl::late_bound_vars_map::get_query_non_incr      2 total usages
  query_impl::items_of_instance::get_query_non_incr      2 total usages
  ty::adt_sizedness_constraint      2 total usages
  ident::<impl Resolver<'ra, 'tcx>>::validate_res_from_ribs      2 total usages
  <error_reporting::infer::need_type_info::FindInferSourceVisitor<'a, 'tcx> as rustc_hir::intravisit::Visitor<'tcx>>::visit_body      2 total usages
  MirBorrowckCtxt::<'a, '_, 'tcx>::check_if_assigned_path_is_moved::check_parent_of_field      2 total usages
  query::queries::foreign_modules      2 total usages
  DiagCtxtInner::emit_diagnostic::{closure#3}      2 total usages
  query_impl::visible_parent_map::get_query_non_incr      2 total usages
  query_impl::impl_self_is_guaranteed_unsized::get_query_non_incr      2 total usages
  expr::<impl fn_ctxt::FnCtxt<'a, 'tcx>>::check_expr_kind      2 total usages
  <dyn hir_ty_lowering::HirTyLowerer<'tcx>>::compute_object_lifetime_bound      2 total usages
  <dyn hir_ty_lowering::HirTyLowerer<'tcx>>::lower_type_relative_path      2 total usages
  query_impl::intrinsic_raw::get_query_non_incr      2 total usages
  ty::instance::Instance::<'tcx>::fn_once_adapter_instance      2 total usages
  traits::select::SelectionContext::<'cx, 'tcx>::evaluate_candidate      2 total usages
  method::probe::ProbeContext::<'a, 'tcx>::consider_probe      2 total usages
  <dyn hir_ty_lowering::HirTyLowerer<'tcx>>::lower_fn_ty      2 total usages
  query_impl::is_copy_raw::get_query_non_incr      2 total usages
  query_impl::type_of_opaque_hir_typeck::get_query_non_incr      2 total usages
  diagnostics::<impl Resolver<'ra, 'tcx>>::make_missing_self_suggestion      2 total usages
  <known_panics_lint::CanConstProp as rustc_middle::mir::visit::Visitor<'tcx>>::visit_local      2 total usages
  LoweringContext::<'a, 'hir>::lower_lifetime_binder      2 total usages
  query_impl::representability_adt_ty::get_query_non_incr      2 total usages
  traits::select::confirmation::<impl traits::select::SelectionContext<'cx, 'tcx>>::confirm_async_iterator_candidate      2 total usages
  query_impl::proc_macro_decls_static::get_query_non_incr      2 total usages
  <fold::RegionFolder<I, F> as fold::TypeFolder<I>>::fold_region::{closure#0}      2 total usages
  query::queries::diagnostic_items      2 total usages
  query_impl::supertrait_vtable_slot::get_query_non_incr      2 total usages
  query::queries::debugger_visualizers      2 total usages
  collector::create_fn_mono_item      2 total usages
  const_eval::valtrees::branches      2 total usages
  query_impl::has_global_allocator::get_query_non_incr      2 total usages
  coroutine::locals_live_across_suspend_points      2 total usages
  query_impl::object_lifetime_default::get_query_non_incr      2 total usages
  query_impl::mir_coroutine_witnesses::get_query_non_incr      2 total usages
  mir::interpret::queries::<impl ty::context::TyCtxt<'tcx>>::const_eval_global_id_for_typeck      2 total usages
  query_impl::stripped_cfg_items::get_query_non_incr      2 total usages
  hygiene::HygieneEncodeContext::encode      2 total usages
  query_impl::trimmed_def_paths::get_query_non_incr      2 total usages
  interpret::eval_context::InterpCx::<'tcx, M>::find_closest_untracked_caller_location      2 total usages
  solve::eval_ctxt::canonical::<impl solve::eval_ctxt::EvalCtxt<'_, D>>::compute_external_query_constraints      2 total usages
  query_impl::rendered_precise_capturing_args::get_query_non_incr      2 total usages
  query_impl::check_mod_attrs::get_query_non_incr      2 total usages
  query::queries::extra_filename      2 total usages
  coherence::orphan::orphan_check_impl      2 total usages
  builder::matches::<impl builder::Builder<'a, 'tcx>>::declare_binding      2 total usages
  query::queries::mir_keys      2 total usages
  solve::eval_ctxt::EvalCtxt::<'a, D>::sub      2 total usages
  gvn::VnState::<'body, 'tcx>::simplify_operand      2 total usages
  query_impl::adt_destructor::get_query_non_incr      2 total usages
  layout::layout_of      2 total usages
  region_infer::RegionInferenceContext::<'tcx>::check_type_tests      2 total usages
  mir::rvalue::<impl mir::FunctionCx<'a, 'tcx, Bx>>::codegen_rvalue      2 total usages
  <dyn hir_ty_lowering::HirTyLowerer<'tcx>>::probe_single_ty_param_bound_for_assoc_item::{closure#0}      2 total usages
  fn_ctxt::inspect_obligations::<impl fn_ctxt::FnCtxt<'a, 'tcx>>::type_matches_expected_vid      2 total usages
  spec::json           2 total usages
  DiagCtxtInner::emit_diagnostic::{closure#3}::{closure#0}      2 total usages
  infer::relate::higher_ranked::<impl infer::InferCtxt<'tcx>>::enter_forall      2 total usages
  infer::region_constraints::leak_check::<impl infer::region_constraints::RegionConstraintCollector<'_, 'tcx>>::leak_check      2 total usages
  query_impl::dropck_outlives::get_query_non_incr      2 total usages
  elaborate_drop::DropCtxt::<'a, 'b, 'tcx, D>::drop_subpath      2 total usages
  solve::assembly::<impl solve::eval_ctxt::EvalCtxt<'_, D>>::assemble_and_merge_candidates      2 total usages
  error_reporting::traits::fulfillment_errors::<impl error_reporting::TypeErrCtxt<'a, 'tcx>>::error_implies      2 total usages
  impl_wf_check::min_specialization::check_predicates      2 total usages
  query_impl::def_span::get_query_non_incr      2 total usages
  layout::tree::Tree::<D, R, T>::char      2 total usages
  mir::SourceScope::lint_root      2 total usages
  query_impl::coverage_ids_info::get_query_non_incr      2 total usages
  traits::select::candidate_assembly::<impl traits::select::SelectionContext<'cx, 'tcx>>::reject_fn_ptr_impls      2 total usages
  diagnostics::<impl Resolver<'ra, 'tcx>>::make_external_crate_suggestion      2 total usages
  query_impl::debugger_visualizers::get_query_non_incr      2 total usages
  query_impl::mir_inliner_callees::get_query_non_incr      2 total usages
  query::queries::reachable_non_generics      2 total usages
  query_impl::closure_typeinfo::get_query_non_incr      2 total usages
  traits::select::candidate_assembly::<impl traits::select::SelectionContext<'cx, 'tcx>>::assemble_candidates_from_caller_bounds      2 total usages
  ident::<impl Resolver<'ra, 'tcx>>::resolve_ident_in_lexical_scope      2 total usages
  method::<impl fn_ctxt::FnCtxt<'a, 'tcx>>::resolve_fully_qualified_call      2 total usages
  MirBorrowckCtxt::<'a, '_, 'tcx>::is_mutable      2 total usages
  rmeta::encoder::encode_metadata      2 total usages
  query_impl::coherent_trait::get_query_non_incr      2 total usages
  traits::wf::WfPredicates::<'a, 'tcx>::nominal_obligations      2 total usages
  query_impl::inherit_sig_for_delegation_item::get_query_non_incr      2 total usages
  gvn::VnState::<'body, 'tcx>::insert      2 total usages
  query_impl::tag_for_variant::get_query_non_incr      2 total usages
  region_infer::RegionInferenceContext::<'tcx>::check_polonius_subset_errors      2 total usages
  thir::constant::lit_to_const::{closure#0}      2 total usages
  translation::Translator::translate_message::{closure#0}      2 total usages
  query_impl::trait_impls_in_crate::get_query_non_incr      2 total usages
  query_impl::is_async_drop_raw::get_query_non_incr      2 total usages
  region_infer::opaque_types::collect_defining_uses      2 total usages
  coverage::graph      2 total usages
  query_impl::adt_drop_tys::get_query_non_incr      2 total usages
  check::check::check_coroutine_obligations      2 total usages
  pat::<impl fn_ctxt::FnCtxt<'a, 'tcx>>::check_pat_ref      2 total usages
  query_impl::alloc_error_handler_kind::get_query_non_incr      2 total usages
  query_impl::foreign_modules::get_query_non_incr      2 total usages
  error_reporting::infer::need_type_info::FindInferSourceVisitor::<'a, 'tcx>::update_infer_source      2 total usages
  type_check::TypeChecker::<'a, 'tcx>::push_region_constraints      2 total usages
  traits::select::confirmation::<impl traits::select::SelectionContext<'cx, 'tcx>>::confirm_future_candidate      2 total usages
  query_impl::constness::get_query_non_incr      2 total usages
  definitions::Definitions::create_def      2 total usages
  query_impl::coroutine_kind::get_query_non_incr      2 total usages
  query_impl::mir_keys::get_query_non_incr      2 total usages
  solve::eval_ctxt::EvalCtxt::<'a, D>::term_is_fully_unconstrained      2 total usages
  query_impl::expn_that_defined::get_query_non_incr      2 total usages
  method::suggest::<impl fn_ctxt::FnCtxt<'a, 'tcx>>::suggest_traits_to_import      2 total usages
  query_impl::adt_async_drop_tys::get_query_non_incr      2 total usages
  query_impl::exported_non_generic_symbols::get_query_non_incr      2 total usages
  traits::dyn_compatibility::hir_ty_lowering_dyn_compatibility_violations      2 total usages
  <check_consts::qualifs::NeedsNonConstDrop as check_consts::qualifs::Qualif>::in_any_value_of_ty      2 total usages
  query_impl::thir_abstract_const::get_query_non_incr      2 total usages
  spec::base::illumos      2 total usages
  infer::relate::generalize::<impl infer::InferCtxt<'tcx>>::instantiate_ty_var      2 total usages
  query_impl::analysis::get_query_non_incr      2 total usages
  check::wfcheck::check_item      2 total usages
  inline::cycle::mir_callgraph_cyclic      2 total usages
  query_impl::type_alias_is_lazy::get_query_non_incr      2 total usages
  evaluate_obligation::evaluate_obligation      2 total usages
  util::get_codegen_sysroot      2 total usages
  query_impl::ty_span::get_query_non_incr      2 total usages
  query_impl::orphan_check_impl::get_query_non_incr      2 total usages
  query_impl::inhabited_predicate_type::get_query_non_incr      2 total usages
  fn_ctxt::_impl::<impl fn_ctxt::FnCtxt<'a, 'tcx>>::try_structurally_resolve_const      2 total usages
  <rustc_infer::traits::specialization_graph::Children as traits::specialize::specialization_graph::ChildrenExt<'tcx>>::insert      2 total usages
  query_impl::opaque_types_defined_by::get_query_non_incr      2 total usages
  fold::shift_vars      2 total usages
  query_impl::fn_sig::get_query_non_incr      2 total usages
  diagnostics::find_all_local_uses      2 total usages
  traits::dyn_compatibility::receiver_is_dispatchable      2 total usages
  collect::item_bounds::opaque_type_bounds      2 total usages
  diagnostics::region_name::<impl MirBorrowckCtxt<'_, '_, 'tcx>>::give_name_from_error_region      2 total usages
  query_impl::lookup_deprecation_entry::get_query_non_incr      2 total usages
  invalid_from_utf8      2 total usages
  query_impl::check_mono_item::get_query_non_incr      2 total usages
  ty::adt::AdtDef::<'tcx>::eval_explicit_discr      2 total usages
  query_impl::crate_inherent_impls_validity_check::get_query_non_incr      2 total usages
  query_impl::has_alloc_error_handler::get_query_non_incr      2 total usages
  locator::CrateLocator::<'a>::find_library_crate      2 total usages
  query::queries::crate_extern_paths      2 total usages
  query::queries::all_diagnostic_items      2 total usages
  query_impl::type_op_normalize_clause::get_query_non_incr      2 total usages
  query_impl::is_doc_notable_trait::get_query_non_incr      2 total usages
  solve::eval_ctxt::EvalCtxt::<'a, D>::eq      2 total usages
  middle::stability::<impl ty::context::TyCtxt<'tcx>>::check_const_stability      2 total usages
  middle::stability::<impl ty::context::TyCtxt<'tcx>>::eval_default_body_stability      2 total usages
  query::queries::upstream_monomorphizations      2 total usages
  <back::linker::EmLinker<'a> as back::linker::Linker>::export_symbols      2 total usages
  late::LateContextAndPass::<'tcx, T>::with_lint_attrs      2 total usages
  const_eval::eval_queries::eval_to_allocation_raw_provider      2 total usages
  query_impl::named_variable_map::get_query_non_incr      2 total usages
  collect::resolve_bound_vars::BoundVarContext::<'a, 'tcx>::remap_opaque_captures      2 total usages
  query_impl::crate_hash::get_query_non_incr      2 total usages
  gvn::VnState::<'body, 'tcx>::simplify_unary      2 total usages
  query_impl::lit_to_const::get_query_non_incr      2 total usages
  query::queries::mir_shims      2 total usages
  rustdoc::strip_generics_from_path      2 total usages
  pat::<impl fn_ctxt::FnCtxt<'a, 'tcx>>::check_pat_slice      2 total usages
  span_encoding        2 total usages
  query_impl::item_non_self_bounds::get_query_non_incr      2 total usages
  query::queries::trait_impls_of      2 total usages
  collector::collect_crate_mono_items      2 total usages
  type_check::free_region_relations::UniversalRegionRelations::<'_>::non_local_lower_bound      2 total usages
  query_impl::implementations_of_trait::get_query_non_incr      2 total usages
  infer::lexical_region_resolve::LexicalResolver::<'cx, 'tcx>::expansion      2 total usages
  query_impl::valtree_to_const_val::get_query_non_incr      2 total usages
  query_impl::opt_ast_lowering_delayed_lints::get_query_non_incr      2 total usages
  ty::instance::Instance::<'tcx>::resolve_for_fn_ptr::{closure#0}      2 total usages
  search_graph::SearchGraph::<D>::evaluate_goal      2 total usages
  query_impl::first_method_vtable_slot::get_query_non_incr      2 total usages
  query_impl::codegen_fn_attrs::get_query_non_incr      2 total usages
  solve::eval_ctxt::EvalCtxt::<'a, D>::relate      2 total usages
  query_impl::mir_promoted::get_query_non_incr      2 total usages
  fallback::<impl fn_ctxt::FnCtxt<'_, 'tcx>>::create_coercion_graph      2 total usages
  query::queries::coverage_ids_info      2 total usages
  ty::print::Printer::default_print_def_path      2 total usages
  <elaborate_drops::ElaborateDropsCtxt<'a, 'tcx> as elaborate_drop::DropElaborator<'a, 'tcx>>::drop_style      2 total usages
  macro_expr_fragment_specifier_2024_migration      2 total usages
  layout::dfa          2 total usages
  query::queries::inferred_outlives_crate      2 total usages
  query_impl::attrs_for_def::get_query_non_incr      2 total usages
  query_impl::region_scope_tree::get_query_non_incr      2 total usages
  traits::project::ProjectionCache::<'_, 'tcx>::complete      2 total usages
  <match_branches::SimplifyToIf as match_branches::SimplifyMatch<'tcx>>::can_simplify      2 total usages
  query_impl::inhabited_predicate_adt::get_query_non_incr      2 total usages
  infer::InferCtxt::<'tcx>::clone_opaque_types      2 total usages
  <rustc_infer::traits::specialization_graph::Graph as traits::specialize::specialization_graph::GraphExt<'tcx>>::insert      2 total usages
  query_impl::codegen_select_candidate::get_query_non_incr      2 total usages
  query::queries::diagnostic_hir_wf_check      2 total usages
  spec::targets::aarch64_unknown_nto_qnx710      2 total usages
  <dyn hir_ty_lowering::HirTyLowerer<'tcx>>::lower_lifetime      2 total usages
  expr_use_visitor::ExprUseVisitor::<'tcx, Cx, D>::pat_ty_unadjusted      2 total usages
  query_impl::coerce_unsized_info::get_query_non_incr      2 total usages
  query_impl::native_library::get_query_non_incr      2 total usages
  solve::<impl solve::eval_ctxt::EvalCtxt<'_, D>>::structurally_normalize_const      2 total usages
  query_impl::is_freeze_raw::get_query_non_incr      2 total usages
  query_impl::exported_generic_symbols::get_query_non_incr      2 total usages
  infer::canonical::query_response::<impl infer::InferCtxt<'tcx>>::query_response_instantiation_guess      2 total usages
  query::queries::params_in_repr      2 total usages
  let_underscore       2 total usages
  query_impl::has_ffi_unwind_calls::get_query_non_incr      2 total usages
  layout::tree::Tree::<D, R, T>::nonzero      2 total usages
  query_impl::upstream_drop_glue_for::get_query_non_incr      2 total usages
  traits::select::confirmation::<impl traits::select::SelectionContext<'cx, 'tcx>>::confirm_object_candidate      2 total usages
  builder::scope::<impl builder::Builder<'a, 'tcx>>::in_scope      2 total usages
  <opaque_types::OpaqueTypeCollector<'tcx> as rustc_middle::ty::TypeVisitor<rustc_middle::ty::TyCtxt<'tcx>>>::visit_ty::{closure#0}      2 total usages
  emitter::HumanEmitter::emit_messages_default_inner::{closure#0}      2 total usages
  builder::custom::parse::instruction::<impl builder::custom::ParseCtxt<'a, 'tcx>>::parse_place_inner      2 total usages
  traits::normalize::AssocTypeNormalizer::<'a, 'b, 'tcx>::normalize_free_alias      2 total usages
  <match_branches::SimplifyToExp as match_branches::SimplifyMatch<'tcx>>::can_simplify      2 total usages
  LoweringContext::<'a, 'hir>::lower_assoc_item_constraint      2 total usages
  diagnostics::var_name::<impl region_infer::RegionInferenceContext<'tcx>>::get_var_name_and_span_for_region      2 total usages
  <needs_drop::NeedsDropTypes<'tcx, F> as std::iter::Iterator>::next      2 total usages
  spec::targets::x86_64_pc_nto_qnx710_iosock      2 total usages
  traits::select::candidate_assembly::<impl traits::select::SelectionContext<'cx, 'tcx>>::assemble_coroutine_candidates      2 total usages
  solve::fulfill::derive_errors::find_best_leaf_obligation      2 total usages
  closure::<impl fn_ctxt::FnCtxt<'a, 'tcx>>::deduce_sig_from_projection      2 total usages
  method::confirm::ConfirmContext::<'a, 'tcx>::confirm      2 total usages
  traits::normalize::AssocTypeNormalizer::<'a, 'b, 'tcx>::normalize_trait_projection      2 total usages
  fn_ctxt::_impl::<impl fn_ctxt::FnCtxt<'a, 'tcx>>::try_structurally_resolve_type      2 total usages
  <elaborate_drops::ElaborateDrops as pass_manager::MirPass<'tcx>>::run_pass      2 total usages
  query::queries::associated_types_for_impl_traits_in_trait_or_impl      2 total usages
  query_impl::eval_static_initializer::get_query_non_incr      2 total usages
  traits::pred_known_to_hold_modulo_regions      2 total usages
  traits::coherence::equate_impl_headers      2 total usages
  closure::<impl fn_ctxt::FnCtxt<'a, 'tcx>>::closure_sigs      2 total usages
  middle::stability::<impl ty::context::TyCtxt<'tcx>>::eval_stability_allow_unstable      2 total usages
  query_impl::mir_borrowck::get_query_non_incr      2 total usages
  <ref_prop::ReferencePropagation as pass_manager::MirPass<'tcx>>::run_pass      2 total usages
  traits::select::TraitObligationStack::<'o, 'tcx>::update_reached_depth      2 total usages
  query_impl::upstream_monomorphizations::get_query_non_incr      2 total usages
  infer::lexical_region_resolve::LexicalResolver::<'cx, 'tcx>::collect_error_for_expanding_node      2 total usages
  query_impl::mir_built::get_query_non_incr      2 total usages
  query_impl::crate_name::get_query_non_incr      2 total usages
  solve::normalizes_to::<impl solve::eval_ctxt::EvalCtxt<'_, D>>::compute_normalizes_to_goal      2 total usages
  query_impl::check_potentially_region_dependent_goals::get_query_non_incr      2 total usages
  query::queries::output_filenames      2 total usages
  infer::InferCtxt::<'tcx>::take_opaque_types      2 total usages
  query_impl::instantiate_and_check_impossible_predicates::get_query_non_incr      2 total usages
  needs_drop::list_significant_drop_tys      2 total usages
  query_impl::check_transmutes::get_query_non_incr      2 total usages
  persist::work_product::copy_cgu_workproduct_to_incr_comp_cache_dir      2 total usages
  universal_regions::UniversalRegionsBuilder::<'cx, 'tcx>::build::{closure#1}      2 total usages
  traits::select::confirmation::<impl traits::select::SelectionContext<'cx, 'tcx>>::confirm_coroutine_candidate      2 total usages
  traits::select::confirmation::<impl traits::select::SelectionContext<'cx, 'tcx>>::vtable_impl      2 total usages
  query::queries::lint_expectations      2 total usages
  query_impl::anon_const_kind::get_query_non_incr      2 total usages
  interpret::step::<impl interpret::eval_context::InterpCx<'tcx, M>>::step      2 total usages
  query_impl::used_crate_source::get_query_non_incr      2 total usages
  traits::select::SelectionContext::<'cx, 'tcx>::candidate_from_obligation      2 total usages
  collect::predicates_of::const_evaluatable_predicates_of      2 total usages
  closure::<impl fn_ctxt::FnCtxt<'a, 'tcx>>::extract_sig_from_projection      2 total usages
  query_impl::hir_crate::get_query_non_incr      2 total usages
  const_eval::valtrees::const_to_valtree_inner      2 total usages
  spec::targets::aarch64_unknown_nto_qnx800      2 total usages
  builder::matches::<impl builder::Builder<'a, 'tcx>>::sort_candidates      2 total usages
  search_graph::SearchGraph::<D>::evaluate_goal_in_task      2 total usages
  <gvn::GVN as pass_manager::MirPass<'tcx>>::run_pass      2 total usages
  query_impl::mir_const_qualif::get_query_non_incr      2 total usages
  query_impl::check_expectations::get_query_non_incr      2 total usages
  hir_ty_lowering::dyn_compatibility::<impl dyn hir_ty_lowering::HirTyLowerer<'tcx>>::lower_trait_object_ty      2 total usages
  borrowck_check_region_constraints      2 total usages
  query_impl::const_conditions::get_query_non_incr      2 total usages
  config::StripUnconfigured::<'a>::configure_tokens      2 total usages
  traits::normalize::AssocTypeNormalizer::<'a, 'b, 'tcx>::normalize_inherent_projection      2 total usages
  query_impl::trait_def::get_query_non_incr      2 total usages
  query_impl::hir_attr_map::get_query_non_incr      2 total usages
  query_impl::doc_link_traits_in_scope::get_query_non_incr      2 total usages
  rvalue_scopes::resolve_rvalue_scopes      2 total usages
  gvn::VnState::<'body, 'tcx>::simplify_rvalue      2 total usages
  _match::<impl fn_ctxt::FnCtxt<'a, 'tcx>>::check_expr_match      2 total usages
  noop_method_call      2 total usages
  collect::fn_sig      2 total usages
  traits::project::ProjectionCache::<'_, 'tcx>::insert_term      2 total usages
  ty::erase_regions::<impl ty::context::TyCtxt<'tcx>>::erase_and_anonymize_regions      2 total usages
  dataflow::PoloniusOutOfScopePrecomputer::<'_, 'tcx>::precompute_loans_out_of_scope      2 total usages
  type_check::canonical::fully_perform_op_raw      2 total usages
  solve::eval_ctxt::EvalCtxt::<'a, D>::relate_rigid_alias_non_alias      2 total usages
  query_impl::inferred_outlives_of::get_query_non_incr      2 total usages
  query_impl::impl_super_outlives::get_query_non_incr      2 total usages
  ast::Path::is_potential_trivial_const_arg      2 total usages
  query::queries::associated_items      2 total usages
  <dyn hir_ty_lowering::HirTyLowerer<'tcx>>::lower_type_relative_const_path      2 total usages
  query_impl::check_mod_privacy::get_query_non_incr      2 total usages
  query_impl::all_local_trait_impls::get_query_non_incr      2 total usages
  traits::vtable::vtable_entries::{closure#0}::{closure#0}      2 total usages
  query_impl::adt_significant_drop_tys::get_query_non_incr      2 total usages
  query_impl::coroutine_hidden_types::get_query_non_incr      2 total usages
  hir_ty_lowering::errors::<impl dyn hir_ty_lowering::HirTyLowerer<'tcx>>::report_missing_self_ty_for_resolved_path      2 total usages
  query_impl::cross_crate_inlinable::get_query_non_incr      2 total usages
  region_infer::RegionInferenceContext::<'tcx>::find_sub_region_live_at::{closure#0}      2 total usages
  ty::OpaqueHiddenType::<'tcx>::remap_generic_params_to_declaration_params      2 total usages
  query_impl::promoted_mir::get_query_non_incr      2 total usages
  move_paths::builder::MoveDataBuilder::<'a, 'tcx, F>::gather_init      2 total usages
  typeck_with_inspect      2 total usages
  query_impl::is_panic_runtime::get_query_non_incr      2 total usages
  <dyn hir_ty_lowering::HirTyLowerer<'tcx>>::lower_anon_const      2 total usages
  query::queries::get_lang_items      2 total usages
  elaborate_drop::DropCtxt::<'a, 'b, 'tcx, D>::open_drop_for_box_contents      2 total usages
  source_map::FilePathMapping::map_prefix::remap_path_prefix      2 total usages
  region_infer::RegionInferenceContext::<'tcx>::eval_outlives      2 total usages
  caching_source_map_view      2 total usages
  late::LateResolutionVisitor::<'a, 'ast, 'ra, 'tcx>::create_fresh_lifetime      2 total usages
  parser::path::<impl parser::Parser<'a>>::parse_angle_args_with_leading_angle_bracket_recovery      2 total usages
  <type_check::relate_tys::NllTypeRelating<'_, 'b, 'tcx> as rustc_infer::infer::relate::TypeRelation<rustc_middle::ty::TyCtxt<'tcx>>>::regions      2 total usages
  spec::base::msvc      2 total usages
  query::queries::mir_callgraph_cyclic      2 total usages
  <rustc_infer::traits::specialization_graph::Children as traits::specialize::specialization_graph::ChildrenExt<'tcx>>::remove_existing      2 total usages
  query_impl::hir_owner_parent::get_query_non_incr      2 total usages
  query_impl::crate_inherent_impls::get_query_non_incr      2 total usages
  ty::instance::Instance::<'tcx>::try_resolve      2 total usages
  mir::place::<impl mir::FunctionCx<'a, 'tcx, Bx>>::codegen_place      2 total usages
  fn_ctxt::_impl::<impl fn_ctxt::FnCtxt<'a, 'tcx>>::resolve_vars_with_obligations::{closure#0}      2 total usages
  query_impl::used_trait_imports::get_query_non_incr      2 total usages
  upvar::<impl fn_ctxt::FnCtxt<'a, 'tcx>>::compute_min_captures::{closure#1}      2 total usages
  query_impl::clashing_extern_declarations::get_query_non_incr      2 total usages
  query_impl::variances_of::get_query_non_incr      2 total usages
  query_impl::defaultness::get_query_non_incr      2 total usages
  query_impl::check_mod_unstable_api_usage::get_query_non_incr      2 total usages
  spec::targets::x86_64_apple_tvos      2 total usages
  <dyn hir_ty_lowering::HirTyLowerer<'tcx>>::lower_fn_ty::{closure#0}      2 total usages
  infer::outlives::obligations::<impl infer::InferCtxt<'tcx>>::process_registered_region_obligations      2 total usages
  mbe::macro_rules::expand_macro      2 total usages
  coverage::instrument_function_for_coverage      2 total usages
  query_impl::coroutine_for_closure::get_query_non_incr      2 total usages
  closure::<impl fn_ctxt::FnCtxt<'a, 'tcx>>::merge_supplied_sig_with_expectation      2 total usages
  LoweringContext::<'a, 'hir>::lifetime_res_to_generic_param      2 total usages
  interpret::place::<impl interpret::eval_context::InterpCx<'tcx, M>>::eval_place      2 total usages
  <check_consts::check::Checker<'_, 'tcx> as rustc_middle::mir::visit::Visitor<'tcx>>::visit_terminator      2 total usages
  query_impl::explicit_item_bounds::get_query_non_incr      2 total usages
  upvar::<impl fn_ctxt::FnCtxt<'a, 'tcx>>::compute_min_captures      2 total usages
  elaborate_drops::compute_dead_unwinds      2 total usages
  Size::bits           2 total usages
  _::<impl icu_provider::DataProvider<icu_list::provider::ListAndV1> for BakedDataProvider>::load      2 total usages
  query_impl::inherited_align::get_query_non_incr      2 total usages
  query_impl::dyn_compatibility_violations::get_query_non_incr      2 total usages
  query_impl::extra_filename::get_query_non_incr      2 total usages
  path::<impl LoweringContext<'a, 'hir>>::lower_path_segment      2 total usages
  inline::cycle::should_recurse      2 total usages
  query_impl::stability_implications::get_query_non_incr      2 total usages
  region_infer::RegionInferenceContext::<'tcx>::try_propagate_universal_region_error      2 total usages
  query_impl::eval_to_const_value_raw::get_query_non_incr      2 total usages
  traits::wf::obligations      2 total usages
  query_impl::postorder_cnums::get_query_non_incr      2 total usages
  collect::resolve_bound_vars::BoundVarContext::<'a, 'tcx>::visit_poly_trait_ref_inner      2 total usages
  query_impl::local_def_id_to_hir_id::get_query_non_incr      2 total usages
  query_impl::adt_async_destructor::get_query_non_incr      2 total usages
  query_impl::is_unreachable_local_definition::get_query_non_incr      2 total usages
  query_impl::upstream_monomorphizations_for::get_query_non_incr      2 total usages
  query_impl::is_use_cloned_raw::get_query_non_incr      2 total usages
  implied_outlives_bounds      2 total usages
  query_impl::get_lang_items::get_query_non_incr      2 total usages
  query_impl::lookup_default_body_stability::get_query_non_incr      2 total usages
  solve::normalizes_to::anon_const::<impl solve::eval_ctxt::EvalCtxt<'_, D>>::normalize_anon_const      2 total usages
  query_impl::item_bounds::get_query_non_incr      2 total usages
  region_infer::RegionInferenceContext::<'tcx>::try_promote_type_test_subject      2 total usages
  <early_otherwise_branch::EarlyOtherwiseBranch as pass_manager::MirPass<'tcx>>::run_pass      2 total usages
  builder::expr::stmt::<impl builder::Builder<'a, 'tcx>>::stmt_expr      2 total usages
  query_impl::specializes::get_query_non_incr      2 total usages
  fn_ctxt::suggestions::<impl fn_ctxt::FnCtxt<'a, 'tcx>>::suggest_calling_boxed_future_when_appropriate      2 total usages
  <variance::variance_of_opaque::{closure#0}::OpaqueTypeLifetimeCollector<'tcx> as rustc_middle::ty::TypeVisitor<rustc_middle::ty::TyCtxt<'tcx>>>::visit_region      2 total usages
  binder::ArgFolder::<'a, I>::shift_vars_through_binders      2 total usages
  opaque_types::OpaqueTypeCollector::<'tcx>::collect_taits_from_defines_attr      2 total usages
  query::queries::lib_features      2 total usages
  coercion::Coerce::<'f, 'tcx>::coerce_from_inference_variable      2 total usages
  autoderef::Autoderef::<'a, 'tcx>::structurally_normalize_ty      2 total usages
  query_impl::missing_lang_items::get_query_non_incr      2 total usages
  infer::region_constraints::RegionConstraintCollector::<'_, 'tcx>::make_subregion      2 total usages
  method::probe::ProbeContext::<'a, 'tcx>::xform_method_sig      2 total usages
  ty::normalize_erasing_regions::<impl ty::context::TyCtxt<'tcx>>::try_normalize_erasing_regions      2 total usages
  query_impl::opaque_ty_origin::get_query_non_incr      2 total usages
  <infer::relate::generalize::Generalizer<'_, 'tcx> as rustc_type_ir::relate::TypeRelation<rustc_middle::ty::TyCtxt<'tcx>>>::consts      2 total usages
  query_impl::is_reachable_non_generic::get_query_non_incr      2 total usages
  query_impl::is_sized_raw::get_query_non_incr      2 total usages
  query_impl::is_promotable_const_fn::get_query_non_incr      2 total usages
  gvn::VnState::<'body, 'tcx>::simplify_place_projection      2 total usages
  query::queries::dependency_formats      2 total usages
  <rustc_infer::traits::specialization_graph::Children as traits::specialize::specialization_graph::ChildrenExt<'tcx>>::insert_blindly      2 total usages
  query_impl::reachable_set::get_query_non_incr      2 total usages
  <inline::ForceInline as pass_manager::MirPass<'tcx>>::run_pass      2 total usages
  query_impl::explicit_implied_predicates_of::get_query_non_incr      2 total usages
  usefulness::compute_match_usefulness::{closure#0}      2 total usages
  query_impl::is_profiler_runtime::get_query_non_incr      2 total usages
  query_impl::hir_module_items::get_query_non_incr      2 total usages
  query_impl::symbol_name::get_query_non_incr      2 total usages
  node_id              2 total usages
  query_impl::env_var_os::get_query_non_incr      2 total usages
  query_impl::missing_extern_crate_item::get_query_non_incr      2 total usages
  query_impl::coroutine_by_move_body_def_id::get_query_non_incr      2 total usages
  SESSION_GLOBALS      2 total usages
  diagnostics::var_name::<impl region_infer::RegionInferenceContext<'tcx>>::get_upvar_name_and_span_for_region      2 total usages
  query_impl::shallow_lint_levels_on::get_query_non_incr      2 total usages
  <type_check::relate_tys::NllTypeRelating<'_, 'b, 'tcx> as rustc_infer::infer::relate::TypeRelation<rustc_middle::ty::TyCtxt<'tcx>>>::binders      2 total usages
  liveness::Liveness::<'a, 'tcx>::log_liveness      2 total usages
  diagnostics::bound_region_errors::try_extract_error_from_region_constraints      2 total usages
  query_impl::method_autoderef_steps::get_query_non_incr      2 total usages
  query_impl::is_late_bound_map::get_query_non_incr      2 total usages
  writeback::WritebackCx::<'cx, 'tcx>::visit_rust_2024_migration_desugared_pats      2 total usages
  type_check::canonical::<impl type_check::TypeChecker<'a, 'tcx>>::normalize_and_prove_instantiated_predicates      2 total usages
  dataflow_const_prop::Collector::<'a, 'tcx>::try_make_constant      2 total usages
  solve::assembly::structural_traits::instantiate_constituent_tys_for_sizedness_trait      2 total usages
  query::queries::lints_that_dont_need_to_run      2 total usages
  <infer::relate::generalize::Generalizer<'_, 'tcx> as rustc_type_ir::relate::TypeRelation<rustc_middle::ty::TyCtxt<'tcx>>>::tys      2 total usages
  ty::inhabitedness::<impl ty::Ty<'tcx>>::inhabited_predicate      2 total usages
  query_impl::visibility::get_query_non_incr      2 total usages
  fn_ctxt::inspect_obligations::<impl fn_ctxt::FnCtxt<'a, 'tcx>>::obligations_for_self_ty      2 total usages
  infer::lexical_region_resolve::LexicalResolver::<'cx, 'tcx>::dump_constraints      2 total usages
  query_impl::used_crates::get_query_non_incr      2 total usages
  query_impl::vtable_entries::get_query_non_incr      2 total usages
  query_impl::asm_target_features::get_query_non_incr      2 total usages
  infer::region_constraints::leak_check::LeakCheck::<'a, 'tcx>::propagate_scc_value      2 total usages
  spec::base::hermit      2 total usages
  query_impl::const_param_default::get_query_non_incr      2 total usages
  query_impl::type_op_normalize_ty::get_query_non_incr      2 total usages
  query_impl::is_doc_hidden::get_query_non_incr      2 total usages
  query_impl::normalize_canonicalized_free_alias::get_query_non_incr      2 total usages
  query_impl::source_span::get_query_non_incr      2 total usages
  query_impl::disabled_sanitizers_for::get_query_non_incr      2 total usages
  error_reporting::infer::nice_region_error::placeholder_error::<impl error_reporting::infer::nice_region_error::NiceRegionError<'_, 'tcx>>::report_trait_placeholder_mismatch      2 total usages
  query::queries::used_crate_source      2 total usages
  query_impl::compare_impl_item::get_query_non_incr      2 total usages
  rmeta::encoder::EncodeContext::<'a, 'tcx>::encode_crate_root::{closure#17}      2 total usages
  known_panics_lint::ConstPropagator::<'mir, 'tcx>::eval_place      2 total usages
  infer::outlives::explicit_outlives_bounds      2 total usages
  thir::pattern::const_to_pat::ConstToPat::<'tcx>::valtree_to_pat      2 total usages
  query_impl::assumed_wf_types_for_rpitit::get_query_non_incr      2 total usages
  traits::select::SelectionContext::<'cx, 'tcx>::insert_evaluation_cache      2 total usages
  query::queries::trimmed_def_paths      2 total usages
  error_reporting::traits::suggestions::<impl error_reporting::TypeErrCtxt<'a, 'tcx>>::note_obligation_cause_for_async_await      2 total usages
  query_impl::check_mod_deathness::get_query_non_incr      2 total usages
  query_impl::all_diagnostic_items::get_query_non_incr      2 total usages
  emitter::HumanEmitter::render_source_line      2 total usages
  mir::codegen_mir      2 total usages
  coroutine::TransformVisitor::<'tcx>::make_state      2 total usages
  builder::expr::as_operand::<impl builder::Builder<'a, 'tcx>>::as_operand      2 total usages
  assert_module_sources::AssertModuleSource::<'tcx>::check_attr      2 total usages
  closure::<impl fn_ctxt::FnCtxt<'a, 'tcx>>::supplied_sig_of_closure      2 total usages
  constrained_generic_params::setup_constraining_predicates      2 total usages
  query_impl::is_compiler_builtins::get_query_non_incr      2 total usages
  check::wfcheck::check_method_receiver      2 total usages
  <dyn hir_ty_lowering::HirTyLowerer<'tcx>>::lower_opaque_ty      2 total usages
  query_impl::is_ctfe_mir_available::get_query_non_incr      2 total usages
  spec::targets::x86_64_pc_nto_qnx710      2 total usages
  collector::RootCollector::<'_, 'v>::push_if_root      2 total usages
  query_impl::crate_extern_paths::get_query_non_incr      2 total usages
  diagnostics::region_name::<impl MirBorrowckCtxt<'_, '_, 'tcx>>::give_region_a_name      2 total usages
  query_impl::codegen_unit::get_query_non_incr      2 total usages
  query_impl::check_type_wf::get_query_non_incr      2 total usages
  tracked_path         2 total usages
  layout::LayoutCalculator::<Cx>::univariant_biased      2 total usages
  query_impl::try_normalize_generic_arg_after_erasing_regions::get_query_non_incr      2 total usages
  query_impl::lint_expectations::get_query_non_incr      2 total usages
  solve::<impl solve::eval_ctxt::EvalCtxt<'_, D>>::flounder      2 total usages
  query_impl::stable_order_of_exportable_impls::get_query_non_incr      2 total usages
  query_impl::trait_explicit_predicates_and_bounds::get_query_non_incr      2 total usages
  <renumber::RegionRenumberer<'a, 'tcx> as rustc_middle::mir::visit::MutVisitor<'tcx>>::visit_args      2 total usages
  <collect::ItemCtxt<'tcx> as hir_ty_lowering::HirTyLowerer<'tcx>>::select_inherent_assoc_candidates      2 total usages
  traits::dyn_compatibility::receiver_for_self_ty      2 total usages
  query_impl::dylib_dependency_formats::get_query_non_incr      2 total usages
  type_check::type_check      2 total usages
  traits::select::SelectionContext::<'_, 'tcx>::constituent_types_for_auto_trait      2 total usages
  callee::DeferredCallResolution::<'tcx>::resolve      2 total usages
  traits::select::confirmation::<impl traits::select::SelectionContext<'cx, 'tcx>>::confirm_trait_alias_candidate      2 total usages
  query_impl::predicates_of::get_query_non_incr      2 total usages
  LoweringContext::<'a, 'hir>::new_named_lifetime      2 total usages
  emitter::HumanEmitter::render_source_line::{closure#0}      2 total usages
  abi::fn_abi_new_uncached      2 total usages
  query_impl::hir_crate_items::get_query_non_incr      2 total usages
  type_check::free_region_relations::UniversalRegionRelationsBuilder::<'_, 'tcx>::add_implied_bounds      2 total usages
  query_impl::early_lint_checks::get_query_non_incr      2 total usages
  solve::assembly::structural_traits::instantiate_constituent_tys_for_copy_clone_trait      2 total usages
  check::wfcheck::receiver_is_valid      2 total usages
  query_impl::type_op_normalize_fn_sig::get_query_non_incr      2 total usages
  query::queries::reachable_set      2 total usages
  query_impl::size_estimate::get_query_non_incr      2 total usages
  query::queries::crate_variances      2 total usages
  query_impl::is_impossible_associated_item::get_query_non_incr      2 total usages
  consts::destructure_const      2 total usages
  <fold::RegionFolder<I, F> as fold::TypeFolder<I>>::fold_region      2 total usages
  dataflow_const_prop::try_write_constant      2 total usages
  coercion::Coerce::<'f, 'tcx>::coerce_pin_ref::{closure#0}      2 total usages
  query::queries::resolve_bound_vars      2 total usages
  infer::opaque_types::<impl infer::InferCtxt<'tcx>>::add_item_bounds_for_hidden_type      2 total usages
  <renumber::RegionRenumberer<'a, 'tcx> as rustc_middle::mir::visit::MutVisitor<'tcx>>::visit_const_operand      2 total usages
  query_impl::is_private_dep::get_query_non_incr      2 total usages
  query_impl::eval_to_allocation_raw::get_query_non_incr      2 total usages
  query_impl::backend_optimization_level::get_query_non_incr      2 total usages
  <type_check::TypeChecker<'a, 'tcx> as rustc_middle::mir::visit::Visitor<'tcx>>::visit_rvalue      2 total usages
  known_panics_lint::ConstPropagator::<'mir, 'tcx>::eval_rvalue      2 total usages
  query_impl::specialization_graph_of::get_query_non_incr      2 total usages
  jump_threading::TOFinder::<'a, 'tcx>::find_opportunity      2 total usages
  traits::select::confirmation::<impl traits::select::SelectionContext<'cx, 'tcx>>::confirm_builtin_candidate      2 total usages
  infer::relate::generalize::Generalizer::<'_, 'tcx>::generalize_alias_ty      2 total usages
  traits::do_normalize_predicates      2 total usages
  method::probe::ProbeContext::<'a, 'tcx>::pick_method      2 total usages
  traits::select::SelectionContext::<'cx, 'tcx>::evaluate_predicate_recursively::{closure#0}::{closure#0}      2 total usages
  <renumber::RegionRenumberer<'a, 'tcx> as rustc_middle::mir::visit::MutVisitor<'tcx>>::visit_ty      2 total usages
  query_impl::resolve_bound_vars::get_query_non_incr      2 total usages
  late::LateResolutionVisitor::<'a, 'ast, 'ra, 'tcx>::resolve_anonymous_lifetime      2 total usages
  query::queries::closure_saved_names_of_captured_variables      2 total usages
  Literal::with_stringify_parts      2 total usages
  query_impl::erase_and_anonymize_regions_ty::get_query_non_incr      2 total usages
  query_impl::default_field::get_query_non_incr      2 total usages
  const_eval::valtrees::create_valtree_place      2 total usages
  typeck_with_inspect::{closure#0}      2 total usages
  coherence::orphan::orphan_check      2 total usages
  <unused::UnusedResults as passes::LateLintPass<'tcx>>::check_stmt::is_ty_must_use      2 total usages
  thir::cx::expr::<impl thir::cx::ThirBuildCx<'tcx>>::make_mirror_unadjusted      2 total usages
  traits::instantiate_and_check_impossible_predicates      2 total usages
  dest_prop::RelevantLocals::compute      2 total usages
  query_impl::params_in_repr::get_query_non_incr      2 total usages
  query_impl::collect_return_position_impl_trait_in_trait_tys::get_query_non_incr      2 total usages
  query_impl::implied_target_features::get_query_non_incr      2 total usages
  coroutine::check_suspend_tys      2 total usages
  LoweringContext::<'a, 'hir>::lower_generic_arg      2 total usages
  query_impl::own_existential_vtable_entries::get_query_non_incr      2 total usages
  renumber::renumber_mir      2 total usages
  query_impl::effective_visibilities::get_query_non_incr      2 total usages
  <infer::canonical::canonicalizer::Canonicalizer<'cx, 'tcx> as rustc_type_ir::TypeFolder<rustc_middle::ty::TyCtxt<'tcx>>>::fold_ty      2 total usages
  spec::targets::x86_64_pc_nto_qnx800      2 total usages
  query::queries::codegen_fn_attrs      2 total usages
  solve::eval_ctxt::EvalCtxt::<'a, D>::eq_structurally_relating_aliases      2 total usages
  method::probe::ProbeContext::<'a, 'tcx>::assemble_extension_candidates_for_trait      2 total usages
  shim::build_call_shim      2 total usages
  interpret::place::<impl interpret::eval_context::InterpCx<'tcx, M>>::deref_pointer      2 total usages
  query_impl::crate_for_resolver::get_query_non_incr      2 total usages
  query_impl::trigger_delayed_bug::get_query_non_incr      2 total usages
  query_impl::crates::get_query_non_incr      2 total usages
  <dyn hir_ty_lowering::HirTyLowerer<'tcx>>::lower_resolved_lifetime      2 total usages
  nll::replace_regions_in_mir      2 total usages
  traits::const_evaluatable::satisfied_from_param_env      2 total usages
  builder::matches::<impl builder::Builder<'a, 'tcx>>::bind_matched_candidate_for_guard      2 total usages
  handle_placeholders::rewrite_placeholder_outlives      2 total usages
  solve::assembly::structural_traits::instantiate_constituent_tys_for_auto_trait      2 total usages
  late::LateResolutionVisitor::<'a, 'ast, 'ra, 'tcx>::with_generic_param_rib      2 total usages
  query_impl::specialization_enabled_in::get_query_non_incr      2 total usages
  type_check::relate_tys::NllTypeRelating::<'a, 'b, 'tcx>::instantiate_binder_with_existentials      2 total usages
  error_reporting::infer::note_and_explain::<impl error_reporting::TypeErrCtxt<'_, 'tcx>>::note_and_explain_type_err      2 total usages
  interpret::place::<impl interpret::eval_context::InterpCx<'tcx, M>>::copy_op_no_validate      2 total usages
  query_impl::check_liveness::get_query_non_incr      2 total usages
  query_impl::exportable_items::get_query_non_incr      2 total usages
  solve::alias_relate::<impl solve::eval_ctxt::EvalCtxt<'_, D>>::compute_alias_relate_goal      2 total usages
  source_map::FilePathMapping::reverse_map_prefix_heuristically      2 total usages
  builder::expr::as_place::to_upvars_resolved_place_builder      2 total usages
  collect::generics_of::generics_of      2 total usages
  solve::eval_ctxt::EvalCtxt::<'a, D>::eq_and_get_goals      2 total usages
  interpret::call::<impl interpret::eval_context::InterpCx<'tcx, M>>::return_from_current_stack_frame      2 total usages
  relate::structurally_relate_consts      2 total usages
  query::queries::implied_target_features      2 total usages
  traits::vtable::own_existential_vtable_entries_iter::{closure#1}      2 total usages
  query::queries::stability_implications      2 total usages
  query_impl::doc_link_resolutions::get_query_non_incr      2 total usages
  rustc_internal::TLV      2 total usages
  intrinsicck::check_transmute      2 total usages
  type_check::constraint_conversion::ConstraintConversion::<'a, 'tcx>::apply_closure_requirements      2 total usages
  late::diagnostics::<impl late::LateResolutionVisitor<'_, 'ast, 'ra, 'tcx>>::make_base_error      2 total usages
  query_impl::has_structural_eq_impl::get_query_non_incr      2 total usages
  query_impl::explicit_supertraits_containing_assoc_item::get_query_non_incr      2 total usages
  query_impl::type_op_prove_predicate::get_query_non_incr      2 total usages
  polonius::legacy::emit_universal_region_facts      2 total usages
  query_impl::assumed_wf_types::get_query_non_incr      2 total usages
  <rustc_infer::infer::InferCtxt<'tcx> as infer::InferCtxtExt<'tcx>>::type_implements_trait      2 total usages
  place_op::<impl fn_ctxt::FnCtxt<'a, 'tcx>>::convert_place_derefs_to_mutable      2 total usages
  closure::<impl fn_ctxt::FnCtxt<'a, 'tcx>>::deduce_closure_signature      2 total usages
  query_impl::trait_impls_in_crate::try_collect_active_jobs      1 total usages
  <consts::IsThirPolymorphic<'a, 'tcx> as rustc_middle::thir::visit::Visitor<'a, 'tcx>>::visit_pat      1 total usages
  expr_use_visitor::ExprUseVisitor::<'tcx, Cx, D>::walk_adjustment      1 total usages
  traits::coherence::impl_intersection_has_negative_obligation      1 total usages
  query_impl::crate_extern_paths::try_collect_active_jobs      1 total usages
  query_impl::crate_inherent_impls_validity_check::try_collect_active_jobs      1 total usages
  query_impl::postorder_cnums::get_query_incr::__rust_end_short_backtrace      1 total usages
  collect::predicates_of::type_param_predicates      1 total usages
  query_impl::adt_significant_drop_tys::dynamic_query::{closure#2}      1 total usages
  check::compare_impl_item::extract_spans_for_error_reporting      1 total usages
  method::suggest::<impl fn_ctxt::FnCtxt<'a, 'tcx>>::report_no_match_method_error      1 total usages
  query_impl::crate_inherent_impls_overlap_check::dynamic_query::{closure#2}::{closure#0}      1 total usages
  query_impl::specializes::get_query_incr::__rust_end_short_backtrace      1 total usages
  pat::<impl fn_ctxt::FnCtxt<'a, 'tcx>>::borrow_pat_suggestion      1 total usages
  upvar::<impl fn_ctxt::FnCtxt<'a, 'tcx>>::compute_2229_migrations      1 total usages
  error_reporting::infer::suggest::<impl error_reporting::TypeErrCtxt<'_, 'tcx>>::suggest_await_on_expect_found      1 total usages
  error_reporting::traits::<impl error_reporting::TypeErrCtxt<'a, 'tcx>>::report_fulfillment_errors      1 total usages
  fn_ctxt::checks::<impl fn_ctxt::FnCtxt<'a, 'tcx>>::check_argument_types::{closure#1}      1 total usages
  interpret::projection::<impl interpret::eval_context::InterpCx<'tcx, M>>::project_array_fields      1 total usages
  bridge::server::ALREADY_RUNNING_SAME_THREAD      1 total usages
  ty::significant_drop_order::ty_dtor_span      1 total usages
  usefulness::compute_exhaustiveness_and_usefulness::{closure#0}      1 total usages
  <used_muts::GatherUsedMutsVisitor<'_, '_, '_, 'tcx> as rustc_middle::mir::visit::Visitor<'tcx>>::visit_terminator      1 total usages
  <solve::fulfill::FulfillmentCtxt<'tcx, E> as rustc_infer::traits::TraitEngine<'tcx, E>>::register_predicate_obligation      1 total usages
  search_graph::SearchGraph::<D>::insert_global_cache      1 total usages
  query_impl::inferred_outlives_crate::dynamic_query::{closure#2}::{closure#0}      1 total usages
  <simplify::SimplifyLocals as pass_manager::MirPass<'tcx>>::run_pass      1 total usages
  layout::coroutine::layout      1 total usages
  <rustc_infer::infer::InferCtxt<'tcx> as region_infer::opaque_types::InferCtxtExt<'tcx>>::infer_opaque_definition_from_instantiation      1 total usages
  query_impl::coverage_attr_on::get_query_incr::__rust_end_short_backtrace      1 total usages
  mir::mono::MonoItem::<'tcx>::is_instantiable      1 total usages
  builder::custom::parse::instruction::<impl builder::custom::ParseCtxt<'a, 'tcx>>::parse_unwind_action      1 total usages
  markdown::term::CURSOR::{constant#0}::{closure#0}      1 total usages
  expr_use_visitor::ExprUseVisitor::<'tcx, Cx, D>::pat_ty_adjusted      1 total usages
  ty::normalize_erasing_regions::<impl ty::context::TyCtxt<'tcx>>::normalize_erasing_late_bound_regions      1 total usages
  jump_threading::TOFinder::<'a, 'tcx>::process_immediate      1 total usages
  pass_manager::should_run_pass::{closure#1}      1 total usages
  query_impl::skip_move_check_fns::get_query_incr::__rust_end_short_backtrace      1 total usages
  <late::LateResolutionVisitor<'_, 'ast, 'ra, 'tcx> as rustc_ast::visit::Visitor<'ast>>::visit_generic_arg      1 total usages
  late::LateResolutionVisitor::<'a, 'ast, 'ra, 'tcx>::record_lifetime_param      1 total usages
  query_impl::resolve_bound_vars::try_collect_active_jobs      1 total usages
  query_impl::destructure_const::try_collect_active_jobs      1 total usages
  const_eval::valtrees::slice_branches      1 total usages
  query_impl::constness::try_collect_active_jobs      1 total usages
  solve::alias_relate::<impl solve::eval_ctxt::EvalCtxt<'_, D>>::compute_alias_relate_goal::{closure#0}      1 total usages
  mir::interpret::<impl ty::context::TyCtxt<'tcx>>::reserve_and_set_dedup      1 total usages
  closure::<impl fn_ctxt::FnCtxt<'a, 'tcx>>::sig_of_closure_no_expectation      1 total usages
  collector::visit_instance_use      1 total usages
  diagnostics::region_errors::<impl MirBorrowckCtxt<'_, 'infcx, 'tcx>>::report_region_errors      1 total usages
  query_impl::has_significant_drop_raw::try_collect_active_jobs      1 total usages
  jump_threading::TOFinder::<'a, 'tcx>::recurse_through_terminator      1 total usages
  query_impl::adt_def::get_query_incr::__rust_end_short_backtrace      1 total usages
  creader::CStore::postprocess      1 total usages
  mir::block::<impl mir::FunctionCx<'a, 'tcx, Bx>>::codegen_terminator      1 total usages
  query_impl::coverage_ids_info::get_query_incr::__rust_end_short_backtrace      1 total usages
  query_impl::mir_built::dynamic_query::{closure#2}::{closure#0}      1 total usages
  query_impl::check_transmutes::try_collect_active_jobs      1 total usages
  tlv::TLV::{constant#0}::{closure#0}      1 total usages
  query_impl::enforce_impl_non_lifetime_params_are_constrained::try_collect_active_jobs      1 total usages
  query_impl::lint_mod::dynamic_query::{closure#2}      1 total usages
  query_impl::impl_parent::dynamic_query::{closure#2}::{closure#0}      1 total usages
  known_panics_lint::ConstPropagator::<'mir, 'tcx>::use_ecx::{closure#0}      1 total usages
  ident::<impl Resolver<'ra, 'tcx>>::resolve_ident_in_scope_set      1 total usages
  query_impl::rendered_const::dynamic_query::{closure#2}      1 total usages
  query_impl::coroutine_kind::dynamic_query::{closure#2}      1 total usages
  infer::canonical::query_response::<impl infer::InferCtxt<'tcx>>::query_response_instantiation      1 total usages
  fn_ctxt::_impl::<impl fn_ctxt::FnCtxt<'a, 'tcx>>::write_ty      1 total usages
  <elaborate_drops::ElaborateDropsCtxt<'a, 'tcx> as elaborate_drop::DropElaborator<'a, 'tcx>>::drop_style::{closure#0}::{closure#0}      1 total usages
  util::caller_location::const_caller_location_provider      1 total usages
  query_impl::crates::dynamic_query::{closure#2}      1 total usages
  query_impl::typeck::dynamic_query::{closure#2}      1 total usages
  query_impl::associated_item_def_ids::get_query_incr::__rust_end_short_backtrace      1 total usages
  query_impl::implied_target_features::dynamic_query::{closure#2}      1 total usages
  query_impl::disabled_sanitizers_for::try_collect_active_jobs      1 total usages
  ty::layout::FnAbiOf::fn_abi_of_instance      1 total usages
  late::LateResolutionVisitor::<'a, 'ast, 'ra, 'tcx>::resolve_qpath      1 total usages
  rmeta::encoder::EncodeContext::<'a, 'tcx>::encode_info_for_adt      1 total usages
  query_impl::const_param_default::get_query_incr::__rust_end_short_backtrace      1 total usages
  <simplify::SimplifyCfg as pass_manager::MirPass<'tcx>>::run_pass      1 total usages
  query_impl::module_children::dynamic_query::{closure#2}::{closure#0}      1 total usages
  query_impl::explicit_super_predicates_of::get_query_incr::__rust_end_short_backtrace      1 total usages
  query_impl::coroutine_kind::try_collect_active_jobs      1 total usages
  <error_reporting::infer::nice_region_error::find_anon_type::TyPathVisitor<'tcx> as rustc_hir::intravisit::Visitor<'tcx>>::visit_ty      1 total usages
  meth::get_vtable      1 total usages
  builder::scope::build_scope_drops      1 total usages
  infer::canonical::query_response::make_query_region_constraints      1 total usages
  def_use              1 total usages
  query_impl::resolver_for_lowering_raw::dynamic_query::{closure#2}      1 total usages
  query_impl::traits::try_collect_active_jobs      1 total usages
  infer::region_constraints::RegionConstraintCollector::<'_, 'tcx>::rollback_to      1 total usages
  traits::select::candidate_assembly::<impl traits::select::SelectionContext<'cx, 'tcx>>::assemble_fn_pointer_candidates      1 total usages
  check::wfcheck::check_associated_type_bounds      1 total usages
  ident::<impl Resolver<'ra, 'tcx>>::resolve_path      1 total usages
  query_impl::opt_ast_lowering_delayed_lints::dynamic_query::{closure#2}::{closure#0}      1 total usages
  infer::outlives::verify::VerifyBoundCx::<'cx, 'tcx>::declared_bounds_from_definition      1 total usages
  framework::Analysis::iterate_to_fixpoint      1 total usages
  interpret::call::<impl interpret::eval_context::InterpCx<'tcx, M>>::assert_virtual_instance_matches_concrete::{closure#0}      1 total usages
  expr::<impl fn_ctxt::FnCtxt<'a, 'tcx>>::ban_nonexisting_field      1 total usages
  path_utils::is_active      1 total usages
  query_impl::explicit_supertraits_containing_assoc_item::dynamic_query::{closure#2}      1 total usages
  relate::TypeRelation::relate_item_args      1 total usages
  query_impl::check_coroutine_obligations::get_query_incr::__rust_end_short_backtrace      1 total usages
  interpret::eval_context::InterpCx::<'tcx, M>::resolve::{closure#0}      1 total usages
  query_impl::normalize_canonicalized_projection_ty::dynamic_query::{closure#2}::{closure#0}      1 total usages
  query_impl::exported_non_generic_symbols::get_query_incr::__rust_end_short_backtrace      1 total usages
  solve::trait_goals::<impl solve::eval_ctxt::EvalCtxt<'_, D>>::disqualify_auto_trait_candidate_due_to_possible_impl::{closure#0}      1 total usages
  query_impl::closure_saved_names_of_captured_variables::dynamic_query::{closure#2}      1 total usages
  query_impl::is_codegened_item::dynamic_query::{closure#2}      1 total usages
  query_impl::explicit_implied_const_bounds::get_query_incr::__rust_end_short_backtrace      1 total usages
  query_impl::dyn_compatibility_violations::dynamic_query::{closure#2}      1 total usages
  expr_use_visitor::ExprUseVisitor::<'tcx, Cx, D>::cat_expr_unadjusted      1 total usages
  query_impl::lookup_deprecation_entry::dynamic_query::{closure#2}      1 total usages
  ty::impls_ty::<impl rustc_data_structures::stable_hasher::HashStable<rustc_query_system::ich::StableHashingContext<'a>> for &'tcx ty::list::RawList<H, T>>::hash_stable::CACHE::{constant#0}::{closure#1}      1 total usages
  query_impl::tag_for_variant::get_query_incr::__rust_end_short_backtrace      1 total usages
  query_impl::inhabited_predicate_type::try_collect_active_jobs      1 total usages
  query_impl::traits::dynamic_query::{closure#2}      1 total usages
  interpret::cast::<impl interpret::eval_context::InterpCx<'tcx, M>>::unsize_into      1 total usages
  mono_checks::move_check::MoveCheckVisitor::<'tcx>::monomorphize      1 total usages
  registry::WORKER_THREAD_STATE::{constant#0}::{closure#0}      1 total usages
  async_closures       1 total usages
  query_impl::normalize_canonicalized_free_alias::get_query_incr::__rust_end_short_backtrace      1 total usages
  error_reporting::infer::nice_region_error::trait_impl_difference::<impl error_reporting::infer::nice_region_error::NiceRegionError<'a, 'tcx>>::try_report_impl_not_conforming_to_trait      1 total usages
  query_impl::promoted_mir::get_query_incr::__rust_end_short_backtrace      1 total usages
  dataflow_const_prop::ConstAnalysis::<'a, 'tcx>::assign_constant      1 total usages
  query_impl::is_promotable_const_fn::dynamic_query::{closure#2}::{closure#0}      1 total usages
  query_impl::upvars_mentioned::try_collect_active_jobs      1 total usages
  error_reporting::infer::region::<impl error_reporting::TypeErrCtxt<'a, 'tcx>>::process_errors      1 total usages
  query_impl::has_global_allocator::dynamic_query::{closure#2}::{closure#0}      1 total usages
  query_impl::adt_significant_drop_tys::try_collect_active_jobs      1 total usages
  query_impl::lit_to_const::dynamic_query::{closure#2}      1 total usages
  query_impl::associated_items::get_query_incr::__rust_end_short_backtrace      1 total usages
  query_impl::lints_that_dont_need_to_run::get_query_incr::__rust_end_short_backtrace      1 total usages
  persist::save::save_dep_graph      1 total usages
  query_impl::explicit_implied_const_bounds::try_collect_active_jobs      1 total usages
  <copy_prop::Replacer<'_, 'tcx> as rustc_middle::mir::visit::MutVisitor<'tcx>>::visit_statement      1 total usages
  query_impl::crate_incoherent_impls::get_query_incr::__rust_end_short_backtrace      1 total usages
  query_impl::output_filenames::dynamic_query::{closure#2}      1 total usages
  <assert_dep_graph::GraphvizDepGraph as rustc_graphviz::Labeller<'a>>::node_id      1 total usages
  query_impl::generics_require_sized_self::dynamic_query::{closure#2}::{closure#0}      1 total usages
  query_impl::inherent_impls::try_collect_active_jobs      1 total usages
  query_impl::crate_name::try_collect_active_jobs      1 total usages
  coherence::inherent_impls_overlap::InherentOverlapChecker::<'tcx>::check_item      1 total usages
  query_impl::registered_tools::try_collect_active_jobs      1 total usages
  jump_threading::TOFinder::<'a, 'tcx>::process_statement::{closure#0}      1 total usages
  query_impl::all_local_trait_impls::try_collect_active_jobs      1 total usages
  query_impl::first_method_vtable_slot::try_collect_active_jobs      1 total usages
  query_impl::generics_of::dynamic_query::{closure#2}      1 total usages
  late::LateResolutionVisitor::<'a, 'ast, 'ra, 'tcx>::record_lifetime_res      1 total usages
  move_paths::builder::MoveDataBuilder::<'a, 'tcx, F>::move_path_for      1 total usages
  query_impl::has_alloc_error_handler::dynamic_query::{closure#2}::{closure#0}      1 total usages
  upvar::<impl fn_ctxt::FnCtxt<'a, 'tcx>>::final_upvar_tys::{closure#0}      1 total usages
  query_impl::num_extern_def_ids::get_query_incr::__rust_end_short_backtrace      1 total usages
  traits::select::candidate_assembly::<impl traits::select::SelectionContext<'cx, 'tcx>>::assemble_builtin_copy_clone_candidate      1 total usages
  ty::print::pretty::SHOULD_PREFIX_WITH_CRATE      1 total usages
  query_impl::mir_keys::try_collect_active_jobs      1 total usages
  late::LateResolutionVisitor::<'a, 'ast, 'ra, 'tcx>::record_candidate_traits_for_expr_if_necessary      1 total usages
  builder::custom::parse::instruction::<impl builder::custom::ParseCtxt<'a, 'tcx>>::parse_operand      1 total usages
  traits::select::confirmation::<impl traits::select::SelectionContext<'cx, 'tcx>>::confirm_param_candidate      1 total usages
  query_impl::visible_parent_map::try_collect_active_jobs      1 total usages
  query_impl::check_expectations::dynamic_query::{closure#2}::{closure#0}      1 total usages
  <late::LateResolutionVisitor<'_, 'ast, 'ra, 'tcx> as rustc_ast::visit::Visitor<'ast>>::visit_where_predicate      1 total usages
  jump_threading::TOFinder::<'a, 'tcx>::process_operand      1 total usages
  query_impl::features_query::try_collect_active_jobs      1 total usages
  constructor::OpaqueId::new      1 total usages
  <promote_consts::PromoteTemps<'tcx> as pass_manager::MirPass<'tcx>>::run_pass      1 total usages
  query_impl::check_mod_unstable_api_usage::get_query_incr::__rust_end_short_backtrace      1 total usages
  <cfg_eval::CfgEval<'_> as rustc_ast::mut_visit::MutVisitor>::visit_expr      1 total usages
  <polonius::legacy::accesses::AccessFactsExtractor<'a, 'tcx> as rustc_middle::mir::visit::Visitor<'tcx>>::visit_place      1 total usages
  <BorrowckInferCtxt<'tcx> as universal_regions::InferCtxtExt<'tcx>>::replace_bound_regions_with_nll_infer_vars      1 total usages
  levels::LintLevelsBuilder::<'s, P>::insert_spec      1 total usages
  query_impl::dep_kind::get_query_incr::__rust_end_short_backtrace      1 total usages
  query_impl::inferred_outlives_of::get_query_incr::__rust_end_short_backtrace      1 total usages
  query_impl::type_of_opaque_hir_typeck::dynamic_query::{closure#2}::{closure#0}      1 total usages
  spec::base::netbsd      1 total usages
  <traits::fulfill::FulfillProcessor<'a, 'tcx> as rustc_data_structures::obligation_forest::ObligationProcessor>::process_backedge      1 total usages
  demand::<impl fn_ctxt::FnCtxt<'a, 'tcx>>::demand_suptype_with_origin      1 total usages
  <collect::resolve_bound_vars::BoundVarContext<'a, 'tcx> as rustc_hir::intravisit::Visitor<'tcx>>::visit_pattern_type_pattern      1 total usages
  error_reporting::infer::nice_region_error::static_impl_trait::suggest_new_region_bound      1 total usages
  query_impl::reachable_non_generics::get_query_incr::__rust_end_short_backtrace      1 total usages
  interpret::call::<impl interpret::eval_context::InterpCx<'tcx, M>>::init_drop_in_place_call::{closure#1}      1 total usages
  query_impl::needs_async_drop_raw::dynamic_query::{closure#2}      1 total usages
  diagnostics::var_name::<impl region_infer::RegionInferenceContext<'tcx>>::get_argument_index_for_region      1 total usages
  query_impl::check_tail_calls::dynamic_query::{closure#2}::{closure#0}      1 total usages
  query_impl::impl_trait_header::get_query_incr::__rust_end_short_backtrace      1 total usages
  query_impl::implied_target_features::get_query_incr::__rust_end_short_backtrace      1 total usages
  query_impl::impl_self_is_guaranteed_unsized::try_collect_active_jobs      1 total usages
  query_impl::impl_trait_header::dynamic_query::{closure#2}      1 total usages
  typeck_root_ctxt::TypeckRootCtxt::<'tcx>::register_predicate      1 total usages
  diagnostics::var_name::<impl region_infer::RegionInferenceContext<'tcx>>::get_upvar_index_for_region::{closure#0}::{closure#0}      1 total usages
  query_impl::stripped_cfg_items::dynamic_query::{closure#2}::{closure#0}      1 total usages
  query_impl::symbol_name::dynamic_query::{closure#2}::{closure#0}      1 total usages
  query_impl::crate_hash::try_collect_active_jobs      1 total usages
  query_impl::rendered_const::dynamic_query::{closure#2}::{closure#0}      1 total usages
  <builtin::EllipsisInclusiveRangePatterns as passes::EarlyLintPass>::check_pat      1 total usages
  query_impl::hir_crate_items::get_query_incr::__rust_end_short_backtrace      1 total usages
  <infer::relate::generalize::Generalizer<'_, 'tcx> as rustc_type_ir::relate::TypeRelation<rustc_middle::ty::TyCtxt<'tcx>>>::relate_with_variance::{closure#0}      1 total usages
  query_impl::is_private_dep::dynamic_query::{closure#2}::{closure#0}      1 total usages
  solve::eval_ctxt::canonical::<impl solve::eval_ctxt::EvalCtxt<'_, D>>::evaluate_added_goals_and_make_canonical_response::{closure#0}      1 total usages
  query_impl::type_op_prove_predicate::try_collect_active_jobs      1 total usages
  query_impl::coroutine_hidden_types::try_collect_active_jobs      1 total usages
  ty::print::pretty::NO_TRIMMED_PATH      1 total usages
  query_impl::analysis::get_query_incr::__rust_end_short_backtrace      1 total usages
  LoweringContext::<'a, 'hir>::lower_opaque_inner      1 total usages
  query_impl::visible_parent_map::dynamic_query::{closure#2}      1 total usages
  collector::visit_mentioned_item      1 total usages
  context::LintStore::check_tool_name_for_backwards_compat      1 total usages
  <collect::ItemCtxt<'tcx> as hir_ty_lowering::HirTyLowerer<'tcx>>::select_inherent_assoc_candidates::{closure#0}      1 total usages
  query_impl::attrs_for_def::try_collect_active_jobs      1 total usages
  query_impl::implied_target_features::dynamic_query::{closure#2}::{closure#0}      1 total usages
  solve::<impl solve::eval_ctxt::EvalCtxt<'a, D>>::compute_const_evaluatable_goal      1 total usages
  <ty::print::pretty::FmtPrinter<'_, 'tcx>::prepare_region_info::RegionNameCollector<'tcx> as rustc_type_ir::TypeVisitor<ty::context::TyCtxt<'tcx>>>::visit_region      1 total usages
  solve::<impl solve::eval_ctxt::EvalCtxt<'a, D>>::compute_subtype_goal      1 total usages
  ffi_unwind_calls::has_ffi_unwind_calls      1 total usages
  query_impl::coerce_unsized_info::dynamic_query::{closure#2}      1 total usages
  mir::operand::OperandRef::<'tcx, V>::immediate_or_packed_pair      1 total usages
  query_impl::lookup_default_body_stability::try_collect_active_jobs      1 total usages
  query_impl::opt_ast_lowering_delayed_lints::get_query_incr::__rust_end_short_backtrace      1 total usages
  query_impl::allocator_kind::get_query_incr::__rust_end_short_backtrace      1 total usages
  builder::scope::<impl builder::Builder<'a, 'tcx>>::new_source_scope      1 total usages
  query_impl::lookup_stability::dynamic_query::{closure#2}::{closure#0}      1 total usages
  <infer::relate::generalize::Generalizer<'_, 'tcx> as rustc_type_ir::relate::TypeRelation<rustc_middle::ty::TyCtxt<'tcx>>>::consts::{closure#0}      1 total usages
  <D as solve::eval_ctxt::SolverDelegateEvalExt>::evaluate_root_goal      1 total usages
  spec::base::xtensa      1 total usages
  query_impl::mir_shims::try_collect_active_jobs      1 total usages
  infer::outlives::obligations::<impl infer::InferCtxt<'tcx>>::register_type_outlives_constraint_inner      1 total usages
  fn_ctxt::checks::<impl fn_ctxt::FnCtxt<'a, 'tcx>>::check_asms      1 total usages
  query_impl::inhabited_predicate_adt::dynamic_query::{closure#2}::{closure#0}      1 total usages
  infer::outlives::verify::VerifyBoundCx::<'cx, 'tcx>::declared_generic_bounds_from_env_for_erased_ty      1 total usages
  query_impl::dyn_compatibility_violations::dynamic_query::{closure#2}::{closure#0}      1 total usages
  infer::outlives::obligations::TypeOutlives::<'cx, 'tcx, D>::type_must_outlive      1 total usages
  query_impl::items_of_instance::get_query_incr::__rust_end_short_backtrace      1 total usages
  middle::region::ScopeTree::record_rvalue_candidate      1 total usages
  expr_use_visitor::ExprUseVisitor::<'tcx, Cx, D>::walk_block      1 total usages
  query_impl::extern_crate::dynamic_query::{closure#2}::{closure#0}      1 total usages
  query_impl::type_op_normalize_ty::get_query_incr::__rust_end_short_backtrace      1 total usages
  mir::block::<impl mir::FunctionCx<'a, 'tcx, Bx>>::codegen_call_terminator      1 total usages
  query_impl::eval_to_const_value_raw::try_collect_active_jobs      1 total usages
  base::unsize_ptr      1 total usages
  collector::create_mono_items_for_default_impls      1 total usages
  dep_graph::serialized::SerializedDepGraph::decode::{closure#0}      1 total usages
  interpret::place::<impl interpret::eval_context::InterpCx<'tcx, M>>::force_allocation      1 total usages
  query_impl::check_type_wf::dynamic_query::{closure#2}::{closure#0}      1 total usages
  spec::base::dragonfly      1 total usages
  query_impl::doc_link_resolutions::get_query_incr::__rust_end_short_backtrace      1 total usages
  query_impl::upstream_async_drop_glue_for::get_query_incr::__rust_end_short_backtrace      1 total usages
  query_impl::variances_of::dynamic_query::{closure#2}      1 total usages
  op::<impl fn_ctxt::FnCtxt<'a, 'tcx>>::lookup_op_method      1 total usages
  <T as ty::diagnostics::IsSuggestable<'tcx>>::is_suggestable      1 total usages
  query_impl::stripped_cfg_items::try_collect_active_jobs      1 total usages
  query_impl::cross_crate_inlinable::try_collect_active_jobs      1 total usages
  query_impl::explicit_item_self_bounds::dynamic_query::{closure#2}      1 total usages
  <ref_prop::compute_replacement::ReplacementFinder<'tcx, F> as rustc_middle::mir::visit::Visitor<'tcx>>::visit_place      1 total usages
  type_check::liveness::trace::LivenessContext::<'_, '_, 'tcx>::add_use_live_facts_for      1 total usages
  search_graph::SearchGraph::<D>::lookup_provisional_cache      1 total usages
  persist::fs::lock_directory      1 total usages
  <traits::select::_match::MatchAgainstFreshVars<'tcx> as rustc_infer::infer::relate::TypeRelation<rustc_middle::ty::TyCtxt<'tcx>>>::tys      1 total usages
  query_impl::check_mono_item::dynamic_query::{closure#2}      1 total usages
  query_impl::is_doc_notable_trait::dynamic_query::{closure#2}::{closure#0}      1 total usages
  query_impl::type_op_normalize_fn_sig::dynamic_query::{closure#2}      1 total usages
  ty::instance::Instance::<'tcx>::resolve_for_fn_ptr      1 total usages
  <used_muts::GatherUsedMutsVisitor<'_, '_, '_, 'tcx> as rustc_middle::mir::visit::Visitor<'tcx>>::visit_local      1 total usages
  query_impl::params_in_repr::try_collect_active_jobs      1 total usages
  mir::interpret::queries::<impl ty::context::TyCtxt<'tcx>>::const_eval_resolve_for_typeck      1 total usages
  infer::InferCtxt::<'tcx>::set_tainted_by_errors      1 total usages
  fallback::<impl fn_ctxt::FnCtxt<'_, 'tcx>>::fallback_if_possible      1 total usages
  query_impl::rendered_const::try_collect_active_jobs      1 total usages
  query_impl::is_mir_available::try_collect_active_jobs      1 total usages
  query_impl::assumed_wf_types_for_rpitit::dynamic_query::{closure#2}::{closure#0}      1 total usages
  <error_reporting::traits::suggestions::FindTypeParam as rustc_hir::intravisit::Visitor<'v>>::visit_ty      1 total usages
  CodeSuggestion::splice_lines::{closure#0}      1 total usages
  query_impl::const_param_default::dynamic_query::{closure#2}::{closure#0}      1 total usages
  query_impl::implied_target_features::try_collect_active_jobs      1 total usages
  <collect::type_of::opaque::TaitConstraintLocator<'tcx> as rustc_hir::intravisit::Visitor<'tcx>>::visit_item      1 total usages
  check::compare_impl_item::compare_impl_item      1 total usages
  query_impl::used_trait_imports::try_collect_active_jobs      1 total usages
  query_impl::method_autoderef_steps::try_collect_active_jobs      1 total usages
  middle::region::ScopeTree::record_var_scope      1 total usages
  query_impl::implied_outlives_bounds::try_collect_active_jobs      1 total usages
  query_impl::needs_async_drop_raw::dynamic_query::{closure#2}::{closure#0}      1 total usages
  interpret::eval_context::InterpCx::<'tcx, M>::instantiate_from_frame_and_normalize_erasing_regions::{closure#1}      1 total usages
  query_impl::is_reachable_non_generic::dynamic_query::{closure#2}::{closure#0}      1 total usages
  expr_use_visitor::ExprUseVisitor::<'tcx, Cx, D>::consume_or_copy      1 total usages
  query_impl::is_sized_raw::get_query_incr::__rust_end_short_backtrace      1 total usages
  method::probe::ProbeContext::<'a, 'tcx>::xform_self_ty      1 total usages
  mir::operand::<impl mir::FunctionCx<'a, 'tcx, Bx>>::codegen_operand      1 total usages
  interpret::operand::<impl interpret::eval_context::InterpCx<'tcx, M>>::eval_place_to_op::{closure#0}      1 total usages
  query_impl::has_significant_drop_raw::dynamic_query::{closure#2}::{closure#0}      1 total usages
  util::parser         1 total usages
  solve::assembly::<impl solve::eval_ctxt::EvalCtxt<'_, D>>::assemble_impl_candidates      1 total usages
  query_impl::panic_in_drop_strategy::dynamic_query::{closure#2}      1 total usages
  query_impl::named_variable_map::dynamic_query::{closure#2}      1 total usages
  query_impl::eval_to_allocation_raw::get_query_incr::__rust_end_short_backtrace      1 total usages
  query_impl::trait_explicit_predicates_and_bounds::dynamic_query::{closure#2}::{closure#0}      1 total usages
  query_impl::allocator_kind::try_collect_active_jobs      1 total usages
  ty::significant_drop_order::true_significant_drop_ty      1 total usages
  diagnostics::region_name::<impl MirBorrowckCtxt<'_, '_, 'tcx>>::highlight_if_we_cannot_match_hir_ty      1 total usages
  query_impl::crates::get_query_incr::__rust_end_short_backtrace      1 total usages
  <dyn hir_ty_lowering::HirTyLowerer<'tcx>>::lower_type_relative_path::{closure#0}      1 total usages
  move_paths::builder::MoveDataBuilder::<'a, 'tcx, F>::record_move      1 total usages
  builder::misc::<impl builder::Builder<'a, 'tcx>>::temp      1 total usages
  traits::select::candidate_assembly::<impl traits::select::SelectionContext<'cx, 'tcx>>::assemble_builtin_sized_candidate      1 total usages
  infer::snapshot::fudge::<impl infer::InferCtxt<'tcx>>::fudge_inference_if_ok      1 total usages
  builder::expr::stmt::<impl builder::Builder<'a, 'tcx>>::stmt_expr::{closure#1}      1 total usages
  <mir::analyze::LocalAnalyzer<'a, 'b, 'tcx, Bx> as rustc_middle::mir::visit::Visitor<'tcx>>::visit_assign      1 total usages
  method::confirm::ConfirmContext::<'a, 'tcx>::fresh_receiver_args::{closure#0}      1 total usages
  query_impl::def_span::try_collect_active_jobs      1 total usages
  query_impl::associated_item::get_query_incr::__rust_end_short_backtrace      1 total usages
  query_impl::limits::dynamic_query::{closure#2}      1 total usages
  type_check::relate_tys::NllTypeRelating::<'a, 'b, 'tcx>::instantiate_binder_with_existentials::{closure#0}      1 total usages
  expr_use_visitor::ExprUseVisitor::<'tcx, Cx, D>::consume_clone_or_copy      1 total usages
  place_op::<impl fn_ctxt::FnCtxt<'a, 'tcx>>::try_overloaded_place_op      1 total usages
  interpret::eval_context::InterpCx::<'tcx, M>::eval_mir_constant::{closure#1}      1 total usages
  query_impl::check_match::get_query_incr::__rust_end_short_backtrace      1 total usages
  query_impl::wasm_import_module_map::try_collect_active_jobs      1 total usages
  infer::lexical_region_resolve::resolve      1 total usages
  method::probe::ProbeContext::<'a, 'tcx>::assemble_probe      1 total usages
  query_impl::lints_that_dont_need_to_run::try_collect_active_jobs      1 total usages
  query_impl::is_reachable_non_generic::try_collect_active_jobs      1 total usages
  simplify::UsedLocals::is_used      1 total usages
  const_eval::valtrees::reconstruct_place_meta::{closure#1}      1 total usages
  diagnostics::conflict_errors::<impl MirBorrowckCtxt<'_, 'infcx, 'tcx>>::suggest_assign_value      1 total usages
  query_impl::check_validity_requirement::dynamic_query::{closure#2}      1 total usages
  type_check::canonical::<impl type_check::TypeChecker<'a, 'tcx>>::prove_trait_ref      1 total usages
  diagnostics::<impl Resolver<'ra, 'tcx>>::make_path_suggestion      1 total usages
  util::literal::integer_lit      1 total usages
  base_n               1 total usages
  query_impl::type_op_normalize_poly_fn_sig::try_collect_active_jobs      1 total usages
  query_impl::skip_move_check_fns::dynamic_query::{closure#2}::{closure#0}      1 total usages
  query_impl::codegen_unit::dynamic_query::{closure#2}      1 total usages
  registry::Registry::in_worker_cold::LOCK_LATCH::{constant#0}::{closure#0}      1 total usages
  fn_ctxt::checks::<impl fn_ctxt::FnCtxt<'a, 'tcx>>::check_casts      1 total usages
  query_impl::enforce_impl_non_lifetime_params_are_constrained::get_query_incr::__rust_end_short_backtrace      1 total usages
  nrvo::find_local_assigned_to_return_place      1 total usages
  query_impl::is_ctfe_mir_available::dynamic_query::{closure#2}      1 total usages
  traits::project::poly_project_and_unify_term      1 total usages
  query_impl::doc_link_traits_in_scope::try_collect_active_jobs      1 total usages
  query_impl::explicit_item_bounds::dynamic_query::{closure#2}      1 total usages
  query_impl::explicit_implied_predicates_of::dynamic_query::{closure#2}::{closure#0}      1 total usages
  late::LateResolutionVisitor::<'a, 'ast, 'ra, 'tcx>::resolve_anon_const      1 total usages
  query_impl::lookup_const_stability::get_query_incr::__rust_end_short_backtrace      1 total usages
  query_impl::resolve_instance_raw::get_query_incr::__rust_end_short_backtrace      1 total usages
  query_impl::adt_async_destructor::dynamic_query::{closure#2}::{closure#0}      1 total usages
  query_impl::rendered_precise_capturing_args::get_query_incr::__rust_end_short_backtrace      1 total usages
  join::join           1 total usages
  query_impl::associated_types_for_impl_traits_in_trait_or_impl::try_collect_active_jobs      1 total usages
  parser::expr::<impl parser::Parser<'a>>::maybe_recover_struct_lit_bad_delims      1 total usages
  method::confirm::<impl fn_ctxt::FnCtxt<'a, 'tcx>>::confirm_method      1 total usages
  query_impl::type_op_normalize_fn_sig::dynamic_query::{closure#2}::{closure#0}      1 total usages
  ty::print::pretty::NO_VISIBLE_PATH      1 total usages
  <thir::pattern::check_match::MatchVisitor<'p, 'tcx> as rustc_middle::thir::visit::Visitor<'p, 'tcx>>::visit_arm      1 total usages
  method::suggest::<impl fn_ctxt::FnCtxt<'a, 'tcx>>::suggest_assoc_method_call      1 total usages
  mir::block::TerminatorCodegenHelper::<'tcx>::llbb_with_cleanup      1 total usages
  value_analysis::Map::<'tcx>::new      1 total usages
  traits::select::confirmation::<impl traits::select::SelectionContext<'cx, 'tcx>>::confirm_fn_pointer_candidate      1 total usages
  query_impl::named_variable_map::try_collect_active_jobs      1 total usages
  query_impl::mir_keys::get_query_incr::__rust_end_short_backtrace      1 total usages
  query_impl::check_liveness::dynamic_query::{closure#2}::{closure#0}      1 total usages
  query_impl::codegen_unit::dynamic_query::{closure#2}::{closure#0}      1 total usages
  diagnostics::region_name::<impl MirBorrowckCtxt<'_, '_, 'tcx>>::give_name_if_anonymous_region_appears_in_arguments      1 total usages
  query_impl::incoherent_impls::dynamic_query::{closure#2}::{closure#0}      1 total usages
  partitioning::debug_dump      1 total usages
  method::confirm::ConfirmContext::<'a, 'tcx>::instantiate_method_args      1 total usages
  stability::lookup_const_stability      1 total usages
  query_impl::coroutine_hidden_types::dynamic_query::{closure#2}      1 total usages
  promote_consts::promote_candidates      1 total usages
  query_impl::proc_macro_decls_static::dynamic_query::{closure#2}::{closure#0}      1 total usages
  patch::MirPatch::<'tcx>::patch_terminator      1 total usages
  query_impl::wasm_import_module_map::get_query_incr::__rust_end_short_backtrace      1 total usages
  query_impl::check_mod_deathness::dynamic_query::{closure#2}      1 total usages
  mir::FunctionCx::<'a, 'tcx, Bx>::monomorphize      1 total usages
  query_impl::eval_to_const_value_raw::get_query_incr::__rust_end_short_backtrace      1 total usages
  index::index_hir      1 total usages
  query_impl::diagnostic_hir_wf_check::get_query_incr::__rust_end_short_backtrace      1 total usages
  query_impl::specialization_enabled_in::get_query_incr::__rust_end_short_backtrace      1 total usages
  sroa::ReplacementVisitor::<'tcx, '_>::expand_var_debug_info      1 total usages
  dep_graph::serialized      1 total usages
  type_check::free_region_relations::UniversalRegionRelations::<'_>::non_local_bounds      1 total usages
  query_impl::is_unreachable_local_definition::dynamic_query::{closure#2}      1 total usages
  query_impl::trimmed_def_paths::dynamic_query::{closure#2}::{closure#0}      1 total usages
  check_attr::CheckAttrVisitor::<'tcx>::check_autodiff      1 total usages
  traits::select::candidate_assembly::<impl traits::select::SelectionContext<'cx, 'tcx>>::assemble_future_candidates      1 total usages
  query_impl::check_validity_requirement::dynamic_query::{closure#2}::{closure#0}      1 total usages
  parser::attr::<impl parser::Parser<'a>>::parse_attribute      1 total usages
  query_impl::method_autoderef_steps::get_query_incr::__rust_end_short_backtrace      1 total usages
  query_impl::trait_impls_in_crate::get_query_incr::__rust_end_short_backtrace      1 total usages
  query_impl::reachable_non_generics::dynamic_query::{closure#2}      1 total usages
  needs_drop::needs_drop_raw      1 total usages
  thir::cx::ThirBuildCx::<'tcx>::pattern_from_hir      1 total usages
  diagnostics::conflict_errors::<impl MirBorrowckCtxt<'_, 'infcx, 'tcx>>::report_thread_local_value_does_not_live_long_enough      1 total usages
  error_reporting::infer::need_type_info::FindInferSourceVisitor::<'a, 'tcx>::path_inferred_arg_iter      1 total usages
  query_impl::specialization_graph_of::dynamic_query::{closure#2}::{closure#0}      1 total usages
  <upvar::InferBorrowKind<'tcx> as expr_use_visitor::Delegate<'tcx>>::use_cloned      1 total usages
  query_impl::resolve_bound_vars::dynamic_query::{closure#2}::{closure#0}      1 total usages
  mir::analyze::cleanup_kinds::propagate::{closure#0}      1 total usages
  query_impl::missing_extern_crate_item::get_query_incr::__rust_end_short_backtrace      1 total usages
  query_impl::item_self_bounds::dynamic_query::{closure#2}      1 total usages
  query_impl::mir_drops_elaborated_and_const_checked::try_collect_active_jobs      1 total usages
  util::literal::float_lit      1 total usages
  jump_threading::TOFinder::<'a, 'tcx>::process_statement      1 total usages
  query_impl::variances_of::get_query_incr::__rust_end_short_backtrace      1 total usages
  query_impl::destructure_const::dynamic_query::{closure#2}      1 total usages
  check::region::resolve_stmt      1 total usages
  query_impl::predicates_of::get_query_incr::__rust_end_short_backtrace      1 total usages
  MirBorrowckCtxt::<'a, '_, 'tcx>::check_if_path_or_subpath_is_moved      1 total usages
  query_impl::adt_def::dynamic_query::{closure#2}::{closure#0}      1 total usages
  diagnostics::region_errors::<impl MirBorrowckCtxt<'_, 'infcx, 'tcx>>::suggest_static_lifetime_for_gat_from_hrtb::{closure#2}      1 total usages
  traits::project::confirm_candidate      1 total usages
  method::probe::ProbeContext::<'a, 'tcx>::consider_candidates      1 total usages
  query_impl::stable_order_of_exportable_impls::get_query_incr::__rust_end_short_backtrace      1 total usages
  query_impl::own_existential_vtable_entries::try_collect_active_jobs      1 total usages
  query_impl::crate_inherent_impls_validity_check::dynamic_query::{closure#2}::{closure#0}      1 total usages
  query_impl::destructure_const::dynamic_query::{closure#2}::{closure#0}      1 total usages
  ty::print::pretty::REDUCED_QUERIES::{constant#0}::{closure#0}      1 total usages
  move_paths::builder::MoveDataBuilder::<'a, 'tcx, F>::gather_terminator      1 total usages
  query_impl::implementations_of_trait::try_collect_active_jobs      1 total usages
  query_impl::supertrait_vtable_slot::dynamic_query::{closure#2}::{closure#0}      1 total usages
  thir::cx::expr::<impl thir::cx::ThirBuildCx<'tcx>>::convert_path_expr      1 total usages
  collect::resolve_bound_vars::BoundVarContext::<'a, 'tcx>::resolve_lifetime_ref      1 total usages
  query_impl::typing_env_normalized_for_post_analysis::try_collect_active_jobs      1 total usages
  query_impl::specializes::dynamic_query::{closure#2}      1 total usages
  spec::base::linux_ohos      1 total usages
  emitter::is_different      1 total usages
  traits::query::type_op::ascribe_user_type::type_op_ascribe_user_type_with_span      1 total usages
  traits::project::project      1 total usages
  query_impl::mir_borrowck::dynamic_query::{closure#2}::{closure#0}      1 total usages
  deref_into_dyn_supertrait      1 total usages
  query_impl::dropck_outlives::dynamic_query::{closure#2}      1 total usages
  query_impl::defined_lang_items::try_collect_active_jobs      1 total usages
  ty::generics::GenericPredicates::<'tcx>::instantiate_into      1 total usages
  interpret::eval_context::InterpCx::<'tcx, M>::size_and_align_from_meta      1 total usages
  check::compare_impl_item::compare_impl_method      1 total usages
  <infer::relate::lattice::LatticeOp<'_, 'tcx> as rustc_type_ir::relate::TypeRelation<rustc_middle::ty::TyCtxt<'tcx>>>::consts      1 total usages
  query_impl::object_lifetime_default::get_query_incr::__rust_end_short_backtrace      1 total usages
  query_impl::in_scope_traits_map::dynamic_query::{closure#2}::{closure#0}      1 total usages
  error_reporting::infer::nice_region_error::util::find_param_with_region      1 total usages
  interpret::stack::<impl interpret::eval_context::InterpCx<'tcx, M>>::push_stack_frame_raw::{closure#2}      1 total usages
  query_impl::adt_async_destructor::try_collect_active_jobs      1 total usages
  query_impl::lookup_stability::get_query_incr::__rust_end_short_backtrace      1 total usages
  query_impl::thir_abstract_const::dynamic_query::{closure#2}      1 total usages
  infer::outlives::verify::VerifyBoundCx::<'cx, 'tcx>::declared_generic_bounds_from_env_for_erased_ty::{closure#1}      1 total usages
  framework::graphviz::write_graphviz_results      1 total usages
  check::wfcheck::check_fn_or_method      1 total usages
  <type_check::TypeChecker<'a, 'tcx> as rustc_middle::mir::visit::Visitor<'tcx>>::visit_const_operand      1 total usages
  fn_ctxt::inspect_obligations::<impl fn_ctxt::FnCtxt<'a, 'tcx>>::obligations_for_self_ty_next      1 total usages
  query_impl::type_op_normalize_poly_fn_sig::dynamic_query::{closure#2}::{closure#0}      1 total usages
  query_impl::has_alloc_error_handler::get_query_incr::__rust_end_short_backtrace      1 total usages
  query_impl::dep_kind::dynamic_query::{closure#2}::{closure#0}      1 total usages
  mono_checks          1 total usages
  query_impl::const_param_default::dynamic_query::{closure#2}      1 total usages
  query_impl::predicates_of::dynamic_query::{closure#2}::{closure#0}      1 total usages
  query_impl::coerce_unsized_info::get_query_incr::__rust_end_short_backtrace      1 total usages
  query_impl::coherent_trait::dynamic_query::{closure#2}      1 total usages
  elaborate_drop::DropCtxt::<'a, 'b, 'tcx, D>::destructor_call_block_sync      1 total usages
  query_impl::global_backend_features::dynamic_query::{closure#2}::{closure#0}      1 total usages
  ty::print::pretty::NO_TRIMMED_PATH::{constant#0}::{closure#0}      1 total usages
  query_impl::is_copy_raw::get_query_incr::__rust_end_short_backtrace      1 total usages
  query_impl::mir_callgraph_cyclic::get_query_incr::__rust_end_short_backtrace      1 total usages
  pat::<impl fn_ctxt::FnCtxt<'a, 'tcx>>::check_pat_ident      1 total usages
  traits::select::SelectionContext::<'cx, 'tcx>::is_knowable      1 total usages
  solve::eval_ctxt::EvalCtxt::<'a, D>::add_goals      1 total usages
  infer::region_constraints::RegionConstraintCollector::<'_, 'tcx>::add_verify      1 total usages
  <collect::type_of::opaque::TaitConstraintLocator<'tcx> as rustc_hir::intravisit::Visitor<'tcx>>::visit_trait_item      1 total usages
  spec::base::solaris      1 total usages
  type_check::canonical::<impl type_check::TypeChecker<'a, 'tcx>>::prove_predicate      1 total usages
  <interpret::validity::ValidityVisitor<'rt, 'tcx, M> as interpret::visitor::ValueVisitor<'tcx, M>>::visit_value      1 total usages
  query_impl::alloc_error_handler_kind::try_collect_active_jobs      1 total usages
  expr_use_visitor::ExprUseVisitor::<'tcx, Cx, D>::cat_deref      1 total usages
  LoweringContext::<'a, 'hir>::lower_generic_param      1 total usages
  late::LateResolutionVisitor::<'a, 'ast, 'ra, 'tcx>::resolve_local      1 total usages
  query_impl::exported_generic_symbols::dynamic_query::{closure#2}::{closure#0}      1 total usages
  query_impl::check_mod_privacy::try_collect_active_jobs      1 total usages
  ty::erase_regions      1 total usages
  builder::scope::Scopes::<'tcx>::push_scope      1 total usages
  query_impl::param_env::try_collect_active_jobs      1 total usages
  creader::CStore::inject_profiler_runtime      1 total usages
  region_infer::RegionInferenceContext::<'tcx>::try_promote_type_test_subject::{closure#0}      1 total usages
  query_impl::type_op_normalize_fn_sig::try_collect_active_jobs      1 total usages
  rmeta::encoder::EncodeContext::<'a, 'tcx>::encode_default_body_stability      1 total usages
  query_impl::collect_return_position_impl_trait_in_trait_tys::get_query_incr::__rust_end_short_backtrace      1 total usages
  collect::type_of::opaque::find_opaque_ty_constraints_for_impl_trait_in_assoc_type      1 total usages
  query_impl::check_expectations::try_collect_active_jobs      1 total usages
  maybe_transmutable::rustc::<impl maybe_transmutable::MaybeTransmutableQuery<rustc_middle::ty::Ty<'tcx>, rustc_middle::ty::TyCtxt<'tcx>>>::answer      1 total usages
  query_impl::representability_adt_ty::dynamic_query::{closure#2}::{closure#0}      1 total usages
  SourceFile::bytepos_to_file_charpos      1 total usages
  mbe::macro_rules::try_match_macro_derive      1 total usages
  interpret::eval_context::InterpCx::<'tcx, M>::fn_abi_of_instance::{closure#0}      1 total usages
  closure::<impl fn_ctxt::FnCtxt<'a, 'tcx>>::error_sig_of_closure      1 total usages
  query_impl::erase_and_anonymize_regions_ty::get_query_incr::__rust_end_short_backtrace      1 total usages
  query_impl::eval_to_valtree::dynamic_query::{closure#2}      1 total usages
  query_impl::adt_async_drop_tys::dynamic_query::{closure#2}::{closure#0}      1 total usages
  check_consts::ops::build_error_for_const_call      1 total usages
  query_impl::adt_sizedness_constraint::try_collect_active_jobs      1 total usages
  diagnostics::conflict_errors::<impl MirBorrowckCtxt<'_, 'infcx, 'tcx>>::report_temporary_value_does_not_live_long_enough      1 total usages
  query_impl::hir_crate::dynamic_query::{closure#2}      1 total usages
  ty::print::pretty::RTN_MODE::{constant#0}::{closure#0}      1 total usages
  passes::early_lint_checks::{closure#1}      1 total usages
  rustc_peek::sanity_check_via_rustc_peek      1 total usages
  error_reporting::traits::fulfillment_errors::<impl error_reporting::TypeErrCtxt<'a, 'tcx>>::report_selection_error      1 total usages
  query_impl::exported_generic_symbols::get_query_incr::__rust_end_short_backtrace      1 total usages
  query_impl::associated_item::dynamic_query::{closure#2}::{closure#0}      1 total usages
  <relate::solver_relating::SolverRelating<'_, Infcx, I> as relate::TypeRelation<I>>::tys      1 total usages
  query_impl::is_panic_runtime::try_collect_active_jobs      1 total usages
  query_impl::dylib_dependency_formats::dynamic_query::{closure#2}::{closure#0}      1 total usages
  query_impl::hir_module_items::dynamic_query::{closure#2}::{closure#0}      1 total usages
  <copy_prop::Replacer<'_, 'tcx> as rustc_middle::mir::visit::MutVisitor<'tcx>>::visit_operand      1 total usages
  query_impl::trait_explicit_predicates_and_bounds::get_query_incr::__rust_end_short_backtrace      1 total usages
  diagnostics::move_errors::<impl MirBorrowckCtxt<'_, 'infcx, 'tcx>>::report      1 total usages
  inline::Integrator::<'_, '_>::map_local      1 total usages
  SearchInterfaceForPrivateItemsVisitor::<'_>::leaks_private_dep      1 total usages
  const_eval::eval_queries::eval_static_initializer_provider      1 total usages
  query_impl::is_freeze_raw::dynamic_query::{closure#2}::{closure#0}      1 total usages
  infer::region_constraints::RegionConstraintCollector::<'_, 'tcx>::start_snapshot      1 total usages
  query_impl::get_lang_items::dynamic_query::{closure#2}::{closure#0}      1 total usages
  <traits::fulfill::FulfillmentContext<'tcx, E> as rustc_infer::traits::TraitEngine<'tcx, E>>::register_predicate_obligation      1 total usages
  thir::pattern::check_match::MatchVisitor::<'p, 'tcx>::check_binding_is_irrefutable      1 total usages
  query_impl::output_filenames::get_query_incr::__rust_end_short_backtrace      1 total usages
  query_impl::dylib_dependency_formats::dynamic_query::{closure#2}      1 total usages
  query_impl::is_copy_raw::try_collect_active_jobs      1 total usages
  query_impl::all_local_trait_impls::get_query_incr::__rust_end_short_backtrace      1 total usages
  query_impl::hir_attr_map::dynamic_query::{closure#2}::{closure#0}      1 total usages
  mir::find_self_call      1 total usages
  elaborate_drop::DropCtxt::<'a, 'b, 'tcx, D>::open_drop_for_array      1 total usages
  ty::sty::<impl ty::Ty<'tcx>>::fn_sig      1 total usages
  ident::<impl Resolver<'ra, 'tcx>>::resolve_ident_in_module_unadjusted      1 total usages
  solve::trait_goals::<impl solve::eval_ctxt::EvalCtxt<'_, D>>::compute_trait_goal      1 total usages
  type_check::canonical::<impl type_check::TypeChecker<'a, 'tcx>>::fully_perform_op      1 total usages
  query_impl::trait_impls_of::dynamic_query::{closure#2}      1 total usages
  query_impl::missing_lang_items::get_query_incr::__rust_end_short_backtrace      1 total usages
  query_impl::inhabited_predicate_adt::try_collect_active_jobs      1 total usages
  query_impl::is_async_drop_raw::dynamic_query::{closure#2}      1 total usages
  util::literal::filtered_float_lit      1 total usages
  query_impl::type_op_ascribe_user_type::get_query_incr::__rust_end_short_backtrace      1 total usages
  query_impl::doc_link_resolutions::try_collect_active_jobs      1 total usages
  check::compare_impl_item::check_region_bounds_on_impl_item      1 total usages
  query_impl::inherit_sig_for_delegation_item::dynamic_query::{closure#2}::{closure#0}      1 total usages
  spec::base::openbsd      1 total usages
  interpret::step::<impl interpret::eval_context::InterpCx<'tcx, M>>::eval_rvalue_into_place      1 total usages
  nll::compute_regions::{closure#2}      1 total usages
  query_impl::type_op_ascribe_user_type::dynamic_query::{closure#2}::{closure#0}      1 total usages
  query_impl::deduced_param_attrs::dynamic_query::{closure#2}::{closure#0}      1 total usages
  query_impl::anon_const_kind::try_collect_active_jobs      1 total usages
  query_impl::opaque_captured_lifetimes::get_query_incr::__rust_end_short_backtrace      1 total usages
  query_impl::normalize_canonicalized_projection_ty::try_collect_active_jobs      1 total usages
  <consts::IsThirPolymorphic<'a, 'tcx> as rustc_middle::thir::visit::Visitor<'a, 'tcx>>::visit_expr      1 total usages
  query_impl::hir_crate::dynamic_query::{closure#2}::{closure#0}      1 total usages
  query_impl::collect_return_position_impl_trait_in_trait_tys::try_collect_active_jobs      1 total usages
  builder::expr::as_operand::<impl builder::Builder<'a, 'tcx>>::as_call_operand      1 total usages
  query_impl::doc_link_resolutions::dynamic_query::{closure#2}::{closure#0}      1 total usages
  infer::snapshot::<impl infer::InferCtxt<'tcx>>::commit_from      1 total usages
  query_impl::compare_impl_item::dynamic_query::{closure#2}      1 total usages
  query_impl::live_symbols_and_ignored_derived_traits::dynamic_query::{closure#2}::{closure#0}      1 total usages
  error_reporting::infer::region::<impl error_reporting::TypeErrCtxt<'a, 'tcx>>::report_placeholder_failure      1 total usages
  <dyn hir_ty_lowering::HirTyLowerer<'tcx>>::validate_late_bound_regions      1 total usages
  method::confirm::ConfirmContext::<'a, 'tcx>::unify_receivers      1 total usages
  diagnostics::conflict_errors::<impl MirBorrowckCtxt<'_, 'infcx, 'tcx>>::report_borrow_conflicts_with_destructor      1 total usages
  thir::pattern::PatCtxt::<'a, 'tcx>::lower_path      1 total usages
  query_impl::items_of_instance::dynamic_query::{closure#2}      1 total usages
  query_impl::fn_abi_of_fn_ptr::dynamic_query::{closure#2}      1 total usages
  check::wfcheck::legacy_receiver_is_implemented      1 total usages
  query_impl::lookup_deprecation_entry::get_query_incr::__rust_end_short_backtrace      1 total usages
  <mir::analyze::LocalAnalyzer<'a, 'b, 'tcx, Bx> as rustc_middle::mir::visit::Visitor<'tcx>>::visit_place      1 total usages
  query_impl::explicit_super_predicates_of::dynamic_query::{closure#2}::{closure#0}      1 total usages
  coherence::check_impl      1 total usages
  util::get_codegen_sysroot::{closure#1}      1 total usages
  abi::fn_abi_new_uncached::{closure#2}      1 total usages
  <dataflow_const_prop::Collector<'_, 'tcx> as rustc_mir_dataflow::ResultsVisitor<'tcx, dataflow_const_prop::ConstAnalysis<'_, 'tcx>>>::visit_after_primary_statement_effect      1 total usages
  query_impl::coroutine_hidden_types::dynamic_query::{closure#2}::{closure#0}      1 total usages
  query_impl::is_impossible_associated_item::dynamic_query::{closure#2}      1 total usages
  ty::sty::<impl ty::Ty<'tcx>>::new_opaque      1 total usages
  query_impl::dylib_dependency_formats::get_query_incr::__rust_end_short_backtrace      1 total usages
  query_impl::doc_link_traits_in_scope::dynamic_query::{closure#2}      1 total usages
  rmeta::encoder::EncodeContext::<'a, 'tcx>::encode_explicit_item_self_bounds      1 total usages
  query_impl::explicit_item_self_bounds::get_query_incr::__rust_end_short_backtrace      1 total usages
  query_impl::dropck_outlives::dynamic_query::{closure#2}::{closure#0}      1 total usages
  persist::fs::garbage_collect_session_directories::{closure#4}      1 total usages
  query_impl::check_well_formed::try_collect_active_jobs      1 total usages
  query_impl::mir_built::dynamic_query::{closure#2}      1 total usages
  hygiene::HygieneData::marks      1 total usages
  promote_consts::Promoter::<'a, 'tcx>::promote_temp      1 total usages
  <traits::wf::WfPredicates<'a, 'tcx> as rustc_middle::ty::TypeVisitor<rustc_middle::ty::TyCtxt<'tcx>>>::visit_ty      1 total usages
  base::SyntaxExtension::dummy_derive      1 total usages
  query_impl::shallow_lint_levels_on::get_query_incr::__rust_end_short_backtrace      1 total usages
  vec_cache::SlotIndex::initialize_bucket      1 total usages
  bridge::client::maybe_install_panic_hook      1 total usages
  query_impl::incoherent_impls::dynamic_query::{closure#2}      1 total usages
  query_impl::explicit_item_bounds::get_query_incr::__rust_end_short_backtrace      1 total usages
  query_impl::symbol_name::get_query_incr::__rust_end_short_backtrace      1 total usages
  query_impl::representability::dynamic_query::{closure#2}::{closure#0}      1 total usages
  query_impl::trimmed_def_paths::dynamic_query::{closure#2}      1 total usages
  query_impl::diagnostic_hir_wf_check::try_collect_active_jobs      1 total usages
  query_impl::used_trait_imports::get_query_incr::__rust_end_short_backtrace      1 total usages
  meth::VirtualIndex::get_fn_inner      1 total usages
  query_impl::incoherent_impls::try_collect_active_jobs      1 total usages
  query_impl::inhabited_predicate_type::dynamic_query::{closure#2}      1 total usages
  interpret::operator::<impl interpret::eval_context::InterpCx<'tcx, M>>::unary_op      1 total usages
  query_impl::codegen_select_candidate::try_collect_active_jobs      1 total usages
  query_impl::lint_expectations::dynamic_query::{closure#2}      1 total usages
  typeck_root_ctxt::TypeckRootCtxt::<'tcx>::update_infer_var_info      1 total usages
  query_impl::is_use_cloned_raw::try_collect_active_jobs      1 total usages
  query_impl::check_unsafety::get_query_incr::__rust_end_short_backtrace      1 total usages
  query_impl::eval_to_valtree::get_query_incr::__rust_end_short_backtrace      1 total usages
  traits::project::assemble_candidates_from_trait_def      1 total usages
  spec::base::linux_uclibc      1 total usages
  markdown             1 total usages
  mono_checks::move_check::MoveCheckVisitor::<'tcx>::operand_size_if_too_large      1 total usages
  type_check::free_region_relations::UniversalRegionRelationsBuilder::<'_, 'tcx>::relate_universal_regions      1 total usages
  query_impl::thir_body::dynamic_query::{closure#2}::{closure#0}      1 total usages
  traits::select::ProvisionalEvaluationCache::<'tcx>::on_completion      1 total usages
  known_panics_lint::ConstPropagator::<'mir, 'tcx>::check_binary_op      1 total usages
  query_impl::resolutions::dynamic_query::{closure#2}      1 total usages
  query_impl::unsizing_params_for_adt::dynamic_query::{closure#2}::{closure#0}      1 total usages
  persist::fs::copy_files      1 total usages
  query_impl::hir_owner_parent::dynamic_query::{closure#2}::{closure#0}      1 total usages
  query_impl::inferred_outlives_of::dynamic_query::{closure#2}::{closure#0}      1 total usages
  check::wfcheck::WfCheckingCtxt::<'_, 'tcx>::check_false_global_bounds      1 total usages
  type_check::constraint_conversion::ConstraintConversion::<'a, 'tcx>::add_type_test      1 total usages
  query_impl::adt_sizedness_constraint::dynamic_query::{closure#2}::{closure#0}      1 total usages
  query_impl::opt_ast_lowering_delayed_lints::try_collect_active_jobs      1 total usages
  type_check::relate_tys::NllTypeRelating::<'a, 'b, 'tcx>::next_existential_region_var      1 total usages
  query_impl::supertrait_vtable_slot::try_collect_active_jobs      1 total usages
  query_impl::global_backend_features::try_collect_active_jobs      1 total usages
  query_impl::implementations_of_trait::get_query_incr::__rust_end_short_backtrace      1 total usages
  simplify::CfgSimplifier::<'a, 'tcx>::simplify      1 total usages
  const_eval::try_destructure_mir_constant_for_user_output      1 total usages
  query_impl::limits::get_query_incr::__rust_end_short_backtrace      1 total usages
  infer::outlives::env::OutlivesEnvironment::<'tcx>::from_normalized_bounds      1 total usages
  infer::snapshot::<impl infer::InferCtxt<'tcx>>::start_snapshot      1 total usages
  query_impl::reachable_set::dynamic_query::{closure#2}::{closure#0}      1 total usages
  query_impl::explicit_implied_const_bounds::dynamic_query::{closure#2}      1 total usages
  autoderef::Autoderef::<'a, 'tcx>::structurally_normalize_ty::{closure#0}      1 total usages
  LoweringContext::<'a, 'hir>::elided_dyn_bound      1 total usages
  Resolver::<'ra, 'tcx>::record_partial_res      1 total usages
  <const_eval::machine::CompileTimeMachine<'tcx> as interpret::machine::Machine<'tcx>>::find_mir_or_eval_fn      1 total usages
  query_impl::hir_module_items::dynamic_query::{closure#2}      1 total usages
  query_impl::erase_and_anonymize_regions_ty::dynamic_query::{closure#2}::{closure#0}      1 total usages
  <ty::adt::AdtDefData as rustc_data_structures::stable_hasher::HashStable<rustc_query_system::ich::StableHashingContext<'a>>>::hash_stable::CACHE::{constant#0}::{closure#0}      1 total usages
  solve::inspect::analyse::InspectCandidate::<'a, 'tcx>::instantiate_nested_goals      1 total usages
  query_impl::effective_visibilities::try_collect_active_jobs      1 total usages
  query_impl::type_of_opaque::try_collect_active_jobs      1 total usages
  query_impl::used_crates::dynamic_query::{closure#2}::{closure#0}      1 total usages
  back::link::link_staticlib      1 total usages
  expr::<impl fn_ctxt::FnCtxt<'a, 'tcx>>::check_for_nested_field_satisfying_condition_for_diag      1 total usages
  fn_ctxt::_impl::<impl fn_ctxt::FnCtxt<'a, 'tcx>>::warn_if_unreachable      1 total usages
  method::probe::ProbeContext::<'a, 'tcx>::assemble_inherent_candidates_from_param      1 total usages
  error_reporting::infer::nice_region_error::mismatched_static_lifetime::<impl error_reporting::infer::nice_region_error::NiceRegionError<'a, 'tcx>>::try_report_mismatched_static_lifetime      1 total usages
  <upvar::InferBorrowKind<'tcx> as expr_use_visitor::Delegate<'tcx>>::consume      1 total usages
  diagnostics::mutability_errors::mut_borrow_of_mutable_ref      1 total usages
  rmeta::encoder::EncodeContext::<'a, 'tcx>::encode_deprecation      1 total usages
  rustc_internal::TLV::FOO::{constant#0}::{closure#0}      1 total usages
  query_impl::type_op_normalize_clause::try_collect_active_jobs      1 total usages
  query_impl::check_mod_unstable_api_usage::dynamic_query::{closure#2}      1 total usages
  query_impl::lookup_default_body_stability::dynamic_query::{closure#2}::{closure#0}      1 total usages
  query_impl::num_extern_def_ids::dynamic_query::{closure#2}      1 total usages
  solve::<impl solve::eval_ctxt::EvalCtxt<'a, D>>::compute_region_outlives_goal      1 total usages
  late::diagnostics::<impl late::LateResolutionVisitor<'_, 'ast, 'ra, 'tcx>>::suggest_self_value      1 total usages
  rmeta::encoder::EncodeContext::<'a, 'tcx>::encode_explicit_item_bounds      1 total usages
  query_impl::lookup_stability::dynamic_query::{closure#2}      1 total usages
  query_impl::upvars_mentioned::dynamic_query::{closure#2}::{closure#0}      1 total usages
  collector::MirUsedCollector::<'a, 'tcx>::monomorphize      1 total usages
  index::NodeCollector::<'a, 'hir>::insert      1 total usages
  interpret::operand::<impl interpret::eval_context::InterpCx<'tcx, M>>::eval_operand      1 total usages
  interpret::place::<impl interpret::eval_context::InterpCx<'tcx, M>>::eval_place::{closure#0}      1 total usages
  traits::select::SelectionContext::<'_, 'tcx>::impl_or_trait_obligations      1 total usages
  <used_muts::GatherUsedMutsVisitor<'_, '_, '_, 'tcx> as rustc_middle::mir::visit::Visitor<'tcx>>::visit_statement      1 total usages
  query_impl::explicit_implied_predicates_of::try_collect_active_jobs      1 total usages
  traits::normalize::AssocTypeNormalizer::<'a, 'b, 'tcx>::fold      1 total usages
  diagnostics::var_name::<impl region_infer::RegionInferenceContext<'tcx>>::get_argument_index_for_region::{closure#0}      1 total usages
  query_impl::is_promotable_const_fn::dynamic_query::{closure#2}      1 total usages
  query_impl::fn_sig::dynamic_query::{closure#2}::{closure#0}      1 total usages
  query_impl::mir_inliner_callees::dynamic_query::{closure#2}::{closure#0}      1 total usages
  normalize_projection_ty::normalize_canonicalized_projection_ty      1 total usages
  query_impl::trimmed_def_paths::get_query_incr::__rust_end_short_backtrace      1 total usages
  query_impl::is_async_drop_raw::dynamic_query::{closure#2}::{closure#0}      1 total usages
  query_impl::normalize_canonicalized_free_alias::dynamic_query::{closure#2}::{closure#0}      1 total usages
  mbe::macro_rules::ParserAnyMacro::<'a>::from_tts      1 total usages
  query_impl::resolutions::dynamic_query::{closure#2}::{closure#0}      1 total usages
  MirBorrowckCtxt::<'a, '_, 'tcx>::check_if_full_path_is_moved      1 total usages
  query_impl::item_non_self_bounds::dynamic_query::{closure#2}::{closure#0}      1 total usages
  query_impl::type_op_normalize_poly_fn_sig::dynamic_query::{closure#2}      1 total usages
  query_impl::coverage_ids_info::dynamic_query::{closure#2}::{closure#0}      1 total usages
  query_impl::upstream_monomorphizations_for::dynamic_query::{closure#2}      1 total usages
  query_impl::is_promotable_const_fn::get_query_incr::__rust_end_short_backtrace      1 total usages
  query_impl::source_span::dynamic_query::{closure#2}::{closure#0}      1 total usages
  query_impl::closure_saved_names_of_captured_variables::try_collect_active_jobs      1 total usages
  ty::print::pretty::FORCE_IMPL_FILENAME_LINE      1 total usages
  query_impl::crate_name::dynamic_query::{closure#2}::{closure#0}      1 total usages
  query_impl::extra_filename::try_collect_active_jobs      1 total usages
  stability::lookup_stability      1 total usages
  query_impl::postorder_cnums::dynamic_query::{closure#2}::{closure#0}      1 total usages
  query_impl::representability_adt_ty::try_collect_active_jobs      1 total usages
  query_impl::instantiate_and_check_impossible_predicates::dynamic_query::{closure#2}::{closure#0}      1 total usages
  <index::NodeCollector<'a, 'hir> as rustc_hir::intravisit::Visitor<'hir>>::visit_trait_item      1 total usages
  query_impl::opaque_captured_lifetimes::dynamic_query::{closure#2}::{closure#0}      1 total usages
  query_impl::inherit_sig_for_delegation_item::get_query_incr::__rust_end_short_backtrace      1 total usages
  universal_regions::UniversalRegionsBuilder::<'cx, 'tcx>::defining_ty      1 total usages
  traits::query::dropck_outlives::dtorck_constraint_for_ty_inner      1 total usages
  hir_ty_lowering::bounds::<impl dyn hir_ty_lowering::HirTyLowerer<'tcx>>::lower_bounds      1 total usages
  query_impl::hir_module_items::try_collect_active_jobs      1 total usages
  builder::matches::<impl builder::Builder<'a, 'tcx>>::match_candidates      1 total usages
  fallback::<impl fn_ctxt::FnCtxt<'_, 'tcx>>::lint_never_type_fallback_flowing_into_unsafe_code::{closure#0}      1 total usages
  <check_enums::CheckEnums as pass_manager::MirPass<'tcx>>::run_pass      1 total usages
  variance::variance_of_opaque::{closure#0}      1 total usages
  pat::<impl fn_ctxt::FnCtxt<'a, 'tcx>>::check_pat      1 total usages
  query_impl::type_op_ascribe_user_type::dynamic_query::{closure#2}      1 total usages
  liveness::Liveness::<'a, 'tcx>::init_from_succ      1 total usages
  method::probe::ProbeContext::<'a, 'tcx>::assemble_extension_candidates_for_all_traits      1 total usages
  elaborate_drop::DropCtxt::<'a, 'b, 'tcx, D>::drop_flag_test_block      1 total usages
  query_impl::foreign_modules::get_query_incr::__rust_end_short_backtrace      1 total usages
  infer::lexical_region_resolve::LexicalResolver::<'cx, 'tcx>::sub_concrete_regions      1 total usages
  query_impl::explicit_item_self_bounds::try_collect_active_jobs      1 total usages
  query_impl::is_copy_raw::dynamic_query::{closure#2}::{closure#0}      1 total usages
  query_impl::proc_macro_decls_static::get_query_incr::__rust_end_short_backtrace      1 total usages
  type_check::canonical::<impl type_check::TypeChecker<'a, 'tcx>>::struct_tail      1 total usages
  query_impl::limits::try_collect_active_jobs      1 total usages
  query_impl::inherited_align::get_query_incr::__rust_end_short_backtrace      1 total usages
  <D as solve::eval_ctxt::SolverDelegateEvalExt>::evaluate_root_goal_for_proof_tree      1 total usages
  infer::InferCtxt::<'tcx>::next_nll_region_var_in_universe      1 total usages
  query_impl::needs_async_drop_raw::get_query_incr::__rust_end_short_backtrace      1 total usages
  traits::select::SelectionContext::<'cx, 'tcx>::evaluate_predicates_recursively      1 total usages
  query_impl::impl_item_implementor_ids::dynamic_query::{closure#2}      1 total usages
  coverage::inject_statement      1 total usages
  traits::select::SelectionContext::<'_, 'tcx>::match_impl::{closure#0}::{closure#1}      1 total usages
  query_impl::alloc_error_handler_kind::dynamic_query::{closure#2}::{closure#0}      1 total usages
  query_impl::lint_expectations::try_collect_active_jobs      1 total usages
  infer::region_constraints::leak_check::LeakCheck::<'a, 'tcx>::assign_placeholder_values      1 total usages
  query_impl::def_span::dynamic_query::{closure#2}::{closure#0}      1 total usages
  normalize_erasing_regions::provide::{closure#0}      1 total usages
  query_impl::explicit_super_predicates_of::dynamic_query::{closure#2}      1 total usages
  query_impl::missing_extern_crate_item::dynamic_query::{closure#2}::{closure#0}      1 total usages
  query_impl::source_span::try_collect_active_jobs      1 total usages
  traits::select::confirmation::<impl traits::select::SelectionContext<'cx, 'tcx>>::confirm_closure_candidate      1 total usages
  query_impl::associated_items::try_collect_active_jobs      1 total usages
  solve::eval_ctxt::EvalCtxt::<'a, D>::evaluate_added_goals_step      1 total usages
  query_impl::item_bounds::dynamic_query::{closure#2}::{closure#0}      1 total usages
  error_reporting::traits::fulfillment_errors::<impl error_reporting::TypeErrCtxt<'a, 'tcx>>::report_projection_error      1 total usages
  collector::check_recursion_limit      1 total usages
  query_impl::check_match::dynamic_query::{closure#2}::{closure#0}      1 total usages
  <add_call_guards::AddCallGuards as pass_manager::MirPass<'tcx>>::run_pass      1 total usages
  query_impl::global_backend_features::dynamic_query::{closure#2}      1 total usages
  query_impl::trait_def::get_query_incr::__rust_end_short_backtrace      1 total usages
  error_reporting::traits::call_kind::call_kind      1 total usages
  check::compare_impl_item::compare_impl_ty      1 total usages
  query_impl::item_self_bounds::get_query_incr::__rust_end_short_backtrace      1 total usages
  spec::base::linux_musl      1 total usages
  query_impl::asyncness::get_query_incr::__rust_end_short_backtrace      1 total usages
  region_infer::RegionInferenceContext::<'tcx>::eval_verify_bound      1 total usages
  query_impl::is_dyn_compatible::dynamic_query::{closure#2}::{closure#0}      1 total usages
  query_impl::is_no_builtins::get_query_incr::__rust_end_short_backtrace      1 total usages
  query_impl::crate_for_resolver::dynamic_query::{closure#2}::{closure#0}      1 total usages
  query_impl::skip_move_check_fns::dynamic_query::{closure#2}      1 total usages
  diagnostic::Diag::<'a, G>::new_diagnostic      1 total usages
  expr::<impl fn_ctxt::FnCtxt<'a, 'tcx>>::check_expr_with_expectation      1 total usages
  query_impl::trigger_delayed_bug::get_query_incr::__rust_end_short_backtrace      1 total usages
  query_impl::stability_implications::get_query_incr::__rust_end_short_backtrace      1 total usages
  query_impl::exported_generic_symbols::dynamic_query::{closure#2}      1 total usages
  inline::resolve_callsite      1 total usages
  query_impl::variances_of::dynamic_query::{closure#2}::{closure#0}      1 total usages
  query_impl::defaultness::get_query_incr::__rust_end_short_backtrace      1 total usages
  infer::outlives::obligations::TypeOutlives::<'cx, 'tcx, D>::param_ty_must_outlive      1 total usages
  traits::project::confirm_future_candidate      1 total usages
  query_impl::list_significant_drop_tys::dynamic_query::{closure#2}      1 total usages
  type_check::canonical::<impl type_check::TypeChecker<'a, 'tcx>>::normalize_with_category      1 total usages
  stability::MissingStabilityAnnotations::<'tcx>::check_compatible_stability      1 total usages
  query_impl::is_use_cloned_raw::get_query_incr::__rust_end_short_backtrace      1 total usages
  type_check::TypeChecker::<'a, 'tcx>::eq_types      1 total usages
  query_impl::instantiate_and_check_impossible_predicates::get_query_incr::__rust_end_short_backtrace      1 total usages
  query_impl::resolve_instance_raw::try_collect_active_jobs      1 total usages
  query_impl::mir_shims::get_query_incr::__rust_end_short_backtrace      1 total usages
  query_impl::def_ident_span::try_collect_active_jobs      1 total usages
  query_impl::all_diagnostic_items::try_collect_active_jobs      1 total usages
  query_impl::instantiate_and_check_impossible_predicates::dynamic_query::{closure#2}      1 total usages
  query_impl::required_panic_strategy::dynamic_query::{closure#2}::{closure#0}      1 total usages
  infer::outlives::test_type_match::extract_verify_if_eq      1 total usages
  diagnostics::diagnostic::generate_test      1 total usages
  query_impl::const_param_default::try_collect_active_jobs      1 total usages
  query_impl::visible_parent_map::get_query_incr::__rust_end_short_backtrace      1 total usages
  mir::operand::OperandValue::<V>::store_with_flags      1 total usages
  traits::project::confirm_impl_candidate      1 total usages
  expr::<impl fn_ctxt::FnCtxt<'a, 'tcx>>::check_expr_cast      1 total usages
  query_impl::opaque_types_defined_by::try_collect_active_jobs      1 total usages
  interpret::operand::<impl interpret::eval_context::InterpCx<'tcx, M>>::eval_place_to_op      1 total usages
  traits::wf::object_region_bounds::{closure#1}      1 total usages
  constraints::OutlivesConstraintSet::<'tcx>::push      1 total usages
  infer::InferCtxt::<'tcx>::verify_generic_bound      1 total usages
  query_impl::is_unpin_raw::try_collect_active_jobs      1 total usages
  registry::Registry::in_worker_cold::LOCK_LATCH      1 total usages
  query_impl::crates::try_collect_active_jobs      1 total usages
  query_impl::is_private_dep::get_query_incr::__rust_end_short_backtrace      1 total usages
  query_impl::items_of_instance::try_collect_active_jobs      1 total usages
  query_impl::explicit_item_bounds::dynamic_query::{closure#2}::{closure#0}      1 total usages
  variance::constraints::ConstraintContext::<'a, 'tcx>::add_constraints_from_invariant_args      1 total usages
  query_impl::all_local_trait_impls::dynamic_query::{closure#2}::{closure#0}      1 total usages
  query_impl::crate_name::dynamic_query::{closure#2}      1 total usages
  interpret::step::<impl interpret::eval_context::InterpCx<'tcx, M>>::eval_callee_and_args::{closure#3}      1 total usages
  query_impl::erase_and_anonymize_regions_ty::dynamic_query::{closure#2}      1 total usages
  query_impl::is_panic_runtime::dynamic_query::{closure#2}::{closure#0}      1 total usages
  expr_use_visitor::ExprUseVisitor::<'tcx, Cx, D>::consume_body      1 total usages
  query_impl::impl_trait_header::dynamic_query::{closure#2}::{closure#0}      1 total usages
  LoweringContext::<'a, 'hir>::lower_fn_decl      1 total usages
  method::probe::ProbeContext::<'a, 'tcx>::pick_all_method::{closure#1}      1 total usages
  LoweringContext::<'a, 'hir>::lower_anon_const_to_const_arg_direct      1 total usages
  move_paths::builder::MoveDataBuilder::<'a, 'tcx, F>::gather_statement      1 total usages
  query_impl::effective_visibilities::dynamic_query::{closure#2}::{closure#0}      1 total usages
  query_impl::check_coroutine_obligations::try_collect_active_jobs      1 total usages
  collect::resolve_bound_vars::BoundVarContext::<'a, 'tcx>::resolve_object_lifetime_default      1 total usages
  query_impl::has_ffi_unwind_calls::get_query_incr::__rust_end_short_backtrace      1 total usages
  interpret::call::<impl interpret::eval_context::InterpCx<'tcx, M>>::init_stack_frame::{closure#2}      1 total usages
  query_impl::coverage_ids_info::dynamic_query::{closure#2}      1 total usages
  query_impl::opaque_captured_lifetimes::dynamic_query::{closure#2}      1 total usages
  shim::build_clone_shim      1 total usages
  back::write::execute_copy_from_cache_work_item::{closure#0}      1 total usages
  query_impl::def_kind::get_query_incr::__rust_end_short_backtrace      1 total usages
  query_impl::resolve_bound_vars::get_query_incr::__rust_end_short_backtrace      1 total usages
  thir::util::user_args_applied_to_ty_of_hir_id      1 total usages
  query_impl::explicit_implied_const_bounds::dynamic_query::{closure#2}::{closure#0}      1 total usages
  late::LateResolutionVisitor::<'a, 'ast, 'ra, 'tcx>::resolve_fn_signature      1 total usages
  query_impl::expn_that_defined::get_query_incr::__rust_end_short_backtrace      1 total usages
  solve::eval_ctxt::canonical::<impl solve::eval_ctxt::EvalCtxt<'_, D>>::evaluate_added_goals_and_make_canonical_response::{closure#0}::{closure#0}      1 total usages
  query_impl::lint_expectations::get_query_incr::__rust_end_short_backtrace      1 total usages
  move_paths::builder::MoveDataBuilder::<'a, 'tcx, F>::gather_args      1 total usages
  persist::fs::delete_old      1 total usages
  <back::metadata::DefaultMetadataLoader as rustc_metadata::creader::MetadataLoader>::get_rlib_metadata      1 total usages
  query_impl::local_trait_impls::dynamic_query::{closure#2}      1 total usages
  error_reporting::traits::suggestions::<impl error_reporting::TypeErrCtxt<'a, 'tcx>>::maybe_note_obligation_cause_for_async_await::{closure#1}      1 total usages
  liveness::Liveness::<'a, 'tcx>::propagate_through_loop      1 total usages
  ty::impls_ty::<impl rustc_data_structures::stable_hasher::HashStable<rustc_query_system::ich::StableHashingContext<'a>> for mir::interpret::AllocId>::hash_stable::{closure#0}      1 total usages
  query_impl::crate_inherent_impls::dynamic_query::{closure#2}      1 total usages
  ty::print::pretty::REDUCED_QUERIES      1 total usages
  query_impl::late_bound_vars_map::dynamic_query::{closure#2}      1 total usages
  query_impl::thir_abstract_const::try_collect_active_jobs      1 total usages
  parser::attr::<impl parser::Parser<'a>>::parse_unsuffixed_meta_item_lit      1 total usages
  query_impl::collect_and_partition_mono_items::dynamic_query::{closure#2}      1 total usages
  query_impl::check_potentially_region_dependent_goals::dynamic_query::{closure#2}::{closure#0}      1 total usages
  query_impl::visible_parent_map::dynamic_query::{closure#2}::{closure#0}      1 total usages
  query_impl::symbol_mangling_version::try_collect_active_jobs      1 total usages
  error_reporting::traits::overflow::<impl error_reporting::TypeErrCtxt<'a, 'tcx>>::report_overflow_obligation_cycle      1 total usages
  query_impl::defined_lang_items::dynamic_query::{closure#2}      1 total usages
  query_impl::implied_outlives_bounds::dynamic_query::{closure#2}::{closure#0}      1 total usages
  query_impl::assumed_wf_types_for_rpitit::dynamic_query::{closure#2}      1 total usages
  query_impl::collect_and_partition_mono_items::get_query_incr::__rust_end_short_backtrace      1 total usages
  ssa::StorageLiveLocals::new      1 total usages
  query_impl::fn_sig::dynamic_query::{closure#2}      1 total usages
  config::StripUnconfigured::<'a>::configure_expr      1 total usages
  query_impl::impl_self_is_guaranteed_unsized::get_query_incr::__rust_end_short_backtrace      1 total usages
  query_impl::has_structural_eq_impl::dynamic_query::{closure#2}      1 total usages
  error_reporting::infer::suggest::<impl error_reporting::TypeErrCtxt<'_, 'tcx>>::suggest_accessing_field_where_appropriate      1 total usages
  const_eval::valtrees::eval_to_valtree      1 total usages
  pat::<impl fn_ctxt::FnCtxt<'a, 'tcx>>::check_pat_lit      1 total usages
  solve::assembly::<impl solve::eval_ctxt::EvalCtxt<'_, D>>::try_assemble_bounds_via_registered_opaques      1 total usages
  query_impl::upstream_async_drop_glue_for::try_collect_active_jobs      1 total usages
  error_reporting::traits::<impl error_reporting::TypeErrCtxt<'a, 'tcx>>::report_fulfillment_error      1 total usages
  query_impl::in_scope_traits_map::get_query_incr::__rust_end_short_backtrace      1 total usages
  type_check::TypeChecker::<'a, 'tcx>::prove_aggregate_predicates      1 total usages
  query_impl::adt_significant_drop_tys::dynamic_query::{closure#2}::{closure#0}      1 total usages
  query_impl::impl_trait_header::try_collect_active_jobs      1 total usages
  inline::try_instance_mir      1 total usages
  query_impl::upvars_mentioned::dynamic_query::{closure#2}      1 total usages
  query_impl::crate_extern_paths::get_query_incr::__rust_end_short_backtrace      1 total usages
  type_check::constraint_conversion::ConstraintConversion::<'a, 'tcx>::convert_all      1 total usages
  query_impl::dependency_formats::dynamic_query::{closure#2}::{closure#0}      1 total usages
  query_impl::inherent_impls::dynamic_query::{closure#2}      1 total usages
  check::wfcheck::check_gat_where_clauses      1 total usages
  sroa::replace_flattened_locals      1 total usages
  fallback::compute_unsafe_infer_vars      1 total usages
  interpret::call::<impl interpret::eval_context::InterpCx<'tcx, M>>::init_drop_in_place_call      1 total usages
  traits::project::assemble_candidates_from_object_ty      1 total usages
  def_collector::DefCollector::<'a, 'ra, 'tcx>::create_def      1 total usages
  mir::interpret::queries::<impl ty::context::TyCtxt<'tcx>>::const_eval_poly      1 total usages
  query_impl::size_estimate::dynamic_query::{closure#2}      1 total usages
  thir::pattern::PatCtxt::<'a, 'tcx>::lower_pattern_unadjusted      1 total usages
  coercion::Coerce::<'f, 'tcx>::coerce_raw_ptr      1 total usages
  rmeta::encoder::EncodeContext::<'a, 'tcx>::encode_stability      1 total usages
  query_impl::coverage_ids_info::try_collect_active_jobs      1 total usages
  query_impl::trigger_delayed_bug::dynamic_query::{closure#2}::{closure#0}      1 total usages
  query_impl::registered_tools::get_query_incr::__rust_end_short_backtrace      1 total usages
  query_impl::exportable_items::try_collect_active_jobs      1 total usages
  spec::base::hurd      1 total usages
  query_impl::mir_callgraph_cyclic::dynamic_query::{closure#2}::{closure#0}      1 total usages
  query_impl::mir_drops_elaborated_and_const_checked::get_query_incr::__rust_end_short_backtrace      1 total usages
  query_impl::impl_super_outlives::try_collect_active_jobs      1 total usages
  query_impl::explicit_implied_predicates_of::get_query_incr::__rust_end_short_backtrace      1 total usages
  mir::locals::<impl mir::FunctionCx<'a, 'tcx, Bx>>::initialize_locals      1 total usages
  query_impl::crate_variances::dynamic_query::{closure#2}      1 total usages
  query_impl::adt_sizedness_constraint::dynamic_query::{closure#2}      1 total usages
  <copy_prop::Replacer<'_, 'tcx> as rustc_middle::mir::visit::MutVisitor<'tcx>>::visit_local      1 total usages
  query_impl::is_compiler_builtins::dynamic_query::{closure#2}      1 total usages
  query_impl::eval_static_initializer::dynamic_query::{closure#2}      1 total usages
  query_impl::collect_return_position_impl_trait_in_trait_tys::dynamic_query::{closure#2}::{closure#0}      1 total usages
  query_impl::check_coroutine_obligations::dynamic_query::{closure#2}      1 total usages
  jump_threading::TOFinder::<'a, 'tcx>::process_assign      1 total usages
  query_impl::fn_abi_of_instance::try_collect_active_jobs      1 total usages
  thir::pattern::check_match::MatchVisitor::<'p, 'tcx>::with_let_source      1 total usages
  query_impl::diagnostic_items::dynamic_query::{closure#2}::{closure#0}      1 total usages
  traits::project::confirm_callable_candidate      1 total usages
  query_impl::type_of::dynamic_query::{closure#2}::{closure#0}      1 total usages
  query_impl::hir_crate::get_query_incr::__rust_end_short_backtrace      1 total usages
  <ctfe_limit::CtfeLimit as pass_manager::MirPass<'tcx>>::run_pass      1 total usages
  query_impl::hir_attr_map::try_collect_active_jobs      1 total usages
  query_impl::check_unsafety::try_collect_active_jobs      1 total usages
  patch::MirPatch::<'tcx>::new_block      1 total usages
  query_impl::layout_of::get_query_incr::__rust_end_short_backtrace      1 total usages
  query_impl::check_expectations::dynamic_query::{closure#2}      1 total usages
  graph::scc::SccsConstruction::<'c, 'a, G, A>::walk_unvisited_node::{closure#1}      1 total usages
  query_impl::inherited_align::try_collect_active_jobs      1 total usages
  <back::metadata::DefaultMetadataLoader as rustc_metadata::creader::MetadataLoader>::get_dylib_metadata      1 total usages
  query_impl::trait_explicit_predicates_and_bounds::dynamic_query::{closure#2}      1 total usages
  interpret::step::<impl interpret::eval_context::InterpCx<'tcx, M>>::eval_terminator::{closure#0}      1 total usages
  query_impl::coroutine_by_move_body_def_id::get_query_incr::__rust_end_short_backtrace      1 total usages
  query_impl::adt_async_destructor::get_query_incr::__rust_end_short_backtrace      1 total usages
  elaborate_drop       1 total usages
  query_impl::named_variable_map::get_query_incr::__rust_end_short_backtrace      1 total usages
  query_impl::panic_in_drop_strategy::dynamic_query::{closure#2}::{closure#0}      1 total usages
  query_impl::adt_drop_tys::dynamic_query::{closure#2}      1 total usages
  traits::select::SelectionContext::<'cx, 'tcx>::evaluate_stack      1 total usages
  solve::effect_goals::<impl solve::eval_ctxt::EvalCtxt<'_, D>>::compute_host_effect_goal      1 total usages
  query_impl::inferred_outlives_of::try_collect_active_jobs      1 total usages
  <traits::coherence::AmbiguityCausesVisitor<'a, 'tcx> as solve::inspect::analyse::ProofTreeVisitor<'tcx>>::visit_goal::{closure#2}      1 total usages
  thir::pattern::PatCtxt::<'a, 'tcx>::lower_variant_or_leaf      1 total usages
  upvar::should_do_rust_2021_incompatible_closure_captures_analysis      1 total usages
  pass_manager::PASS_TO_PROFILER_NAMES::{constant#0}::{closure#0}      1 total usages
  query_impl::inferred_outlives_crate::dynamic_query::{closure#2}      1 total usages
  query_impl::upstream_drop_glue_for::dynamic_query::{closure#2}::{closure#0}      1 total usages
  traits::select::SelectionContext::<'cx, 'tcx>::enable_tracking_intercrate_ambiguity_causes      1 total usages
  rmeta::encoder::EncodeContext::<'a, 'tcx>::encode_info_for_assoc_item      1 total usages
  collect::item_bounds::associated_type_bounds      1 total usages
  mono_checks::move_check::MoveCheckVisitor::<'tcx>::check_operand_move_size      1 total usages
  query_impl::skip_move_check_fns::try_collect_active_jobs      1 total usages
  query_impl::coherent_trait::get_query_incr::__rust_end_short_backtrace      1 total usages
  markdown::term::WIDTH      1 total usages
  type_check::input_output::<impl type_check::TypeChecker<'a, 'tcx>>::equate_normalized_input_or_output      1 total usages
  query_impl::codegen_unit::try_collect_active_jobs      1 total usages
  infer::snapshot::undo_log::<impl infer::InferCtxtInner<'tcx>>::rollback_to      1 total usages
  dataflow::Borrows::<'a, 'tcx>::kill_borrows_on_place      1 total usages
  bridge::client::state::BRIDGE_STATE      1 total usages
  <index::NodeCollector<'a, 'hir> as rustc_hir::intravisit::Visitor<'hir>>::visit_item      1 total usages
  assert_dep_graph::walk_nodes      1 total usages
  query_impl::orphan_check_impl::try_collect_active_jobs      1 total usages
  query_impl::wasm_import_module_map::dynamic_query::{closure#2}::{closure#0}      1 total usages
  query_impl::mir_drops_elaborated_and_const_checked::dynamic_query::{closure#2}      1 total usages
  query_impl::opaque_ty_origin::get_query_incr::__rust_end_short_backtrace      1 total usages
  traits::select::ProvisionalEvaluationCache::<'tcx>::on_failure      1 total usages
  query_impl::lit_to_const::try_collect_active_jobs      1 total usages
  query_impl::native_libraries::try_collect_active_jobs      1 total usages
  layout::layout_of_uncached::{closure#15}      1 total usages
  traits::vtable::vtable_entries      1 total usages
  <collect::type_of::opaque::TaitConstraintLocator<'tcx> as rustc_hir::intravisit::Visitor<'tcx>>::visit_impl_item      1 total usages
  query_impl::is_profiler_runtime::dynamic_query::{closure#2}      1 total usages
  query_impl::needs_async_drop_raw::try_collect_active_jobs      1 total usages
  ty::context::TyCtxt::<'tcx>::def_path_hash_to_def_id      1 total usages
  check::check::check_opaque_meets_bounds      1 total usages
  builder::scope::<impl builder::Builder<'a, 'tcx>>::schedule_backwards_incompatible_drop      1 total usages
  handle_options       1 total usages
  query_impl::opaque_ty_origin::try_collect_active_jobs      1 total usages
  query_impl::adt_drop_tys::get_query_incr::__rust_end_short_backtrace      1 total usages
  coercion::Coerce::<'f, 'tcx>::unify_raw      1 total usages
  inline::Integrator::<'_, '_>::map_block      1 total usages
  infer::snapshot::undo_log::<impl infer::InferCtxtInner<'tcx>>::commit      1 total usages
  query_impl::collect_and_partition_mono_items::try_collect_active_jobs      1 total usages
  query_impl::collect_and_partition_mono_items::dynamic_query::{closure#2}::{closure#0}      1 total usages
  usefulness::compute_match_usefulness      1 total usages
  coercion::<impl fn_ctxt::FnCtxt<'a, 'tcx>>::coerce      1 total usages
  query_impl::crate_for_resolver::dynamic_query::{closure#2}      1 total usages
  profiling::SelfProfiler::new      1 total usages
  <ty::adt::AdtDefData as rustc_data_structures::stable_hasher::HashStable<rustc_query_system::ich::StableHashingContext<'a>>>::hash_stable::CACHE::{constant#0}::{closure#1}      1 total usages
  query_impl::panic_in_drop_strategy::try_collect_active_jobs      1 total usages
  query_impl::fn_arg_idents::get_query_incr::__rust_end_short_backtrace      1 total usages
  mir::statement::PlaceTy::<'tcx>::projection_ty_core      1 total usages
  mir::block::TerminatorCodegenHelper::<'tcx>::do_call      1 total usages
  query_impl::upstream_monomorphizations_for::dynamic_query::{closure#2}::{closure#0}      1 total usages
  query_impl::anon_const_kind::dynamic_query::{closure#2}      1 total usages
  query_impl::expn_that_defined::dynamic_query::{closure#2}::{closure#0}      1 total usages
  elaborate_drop::DropCtxt::<'a, 'b, 'tcx, D>::destructor_call_block      1 total usages
  query_impl::proc_macro_decls_static::try_collect_active_jobs      1 total usages
  place_op::<impl fn_ctxt::FnCtxt<'a, 'tcx>>::try_mutable_overloaded_place_op      1 total usages
  query_impl::mir_promoted::dynamic_query::{closure#2}::{closure#0}      1 total usages
  closure::<impl fn_ctxt::FnCtxt<'a, 'tcx>>::extract_sig_from_projection_and_future_bound      1 total usages
  query_impl::visibility::try_collect_active_jobs      1 total usages
  query_impl::upstream_monomorphizations::try_collect_active_jobs      1 total usages
  interpret::stack::<impl interpret::eval_context::InterpCx<'tcx, M>>::deallocate_local      1 total usages
  query_impl::lookup_default_body_stability::dynamic_query::{closure#2}      1 total usages
  query_impl::thir_abstract_const::get_query_incr::__rust_end_short_backtrace      1 total usages
  query_impl::typeck::get_query_incr::__rust_end_short_backtrace      1 total usages
  reachable::reachable_set      1 total usages
  query_impl::check_unused_traits::get_query_incr::__rust_end_short_backtrace      1 total usages
  ident::<impl Resolver<'ra, 'tcx>>::resolve_ident_in_module      1 total usages
  query_impl::upstream_monomorphizations_for::try_collect_active_jobs      1 total usages
  query_impl::reveal_opaque_types_in_bounds::dynamic_query::{closure#2}      1 total usages
  opaque_types::OpaqueTypeCollector::<'tcx>::collect_taits_declared_in_body      1 total usages
  query_impl::reveal_opaque_types_in_bounds::get_query_incr::__rust_end_short_backtrace      1 total usages
  query_impl::has_significant_drop_raw::dynamic_query::{closure#2}      1 total usages
  diagnostics::conflict_errors::<impl MirBorrowckCtxt<'_, 'infcx, 'tcx>>::report_move_out_while_borrowed      1 total usages
  query_impl::crate_variances::try_collect_active_jobs      1 total usages
  ty::print::pretty::<impl ty::context::TyCtxt<'t>>::value_path_str_with_args      1 total usages
  simplify::CfgSimplifier::<'a, 'tcx>::simplify_branch      1 total usages
  traits::project::confirm_iterator_candidate      1 total usages
  mir::block::<impl mir::FunctionCx<'a, 'tcx, Bx>>::codegen_block_as_unreachable      1 total usages
  query_impl::optimized_mir::try_collect_active_jobs      1 total usages
  query_impl::check_coroutine_obligations::dynamic_query::{closure#2}::{closure#0}      1 total usages
  query_impl::defined_lang_items::dynamic_query::{closure#2}::{closure#0}      1 total usages
  copy_prop::fully_moved_locals      1 total usages
  <check_consts::ops::FnCallNonConst<'tcx> as check_consts::ops::NonConstOp<'tcx>>::build_error::{closure#0}      1 total usages
  query_impl::constness::dynamic_query::{closure#2}      1 total usages
  lock                 1 total usages
  query_impl::panic_in_drop_strategy::get_query_incr::__rust_end_short_backtrace      1 total usages
  solve::eval_ctxt::canonical::<impl solve::eval_ctxt::EvalCtxt<'_, D>>::unify_query_var_values      1 total usages
  query_impl::trait_impls_in_crate::dynamic_query::{closure#2}      1 total usages
  <relate::solver_relating::SolverRelating<'_, Infcx, I> as relate::TypeRelation<I>>::consts      1 total usages
  query_impl::extra_filename::dynamic_query::{closure#2}      1 total usages
  writeback::WritebackCx::<'cx, 'tcx>::visit_opaque_types      1 total usages
  effective_visibilities::EffectiveVisibilitiesVisitor::<'a, 'ra, 'tcx>::compute_effective_visibilities      1 total usages
  query_impl::eval_to_allocation_raw::dynamic_query::{closure#2}      1 total usages
  query_impl::impl_self_is_guaranteed_unsized::dynamic_query::{closure#2}::{closure#0}      1 total usages
  query_impl::mir_coroutine_witnesses::try_collect_active_jobs      1 total usages
  query_impl::check_match::dynamic_query::{closure#2}      1 total usages
  query_impl::has_structural_eq_impl::dynamic_query::{closure#2}::{closure#0}      1 total usages
  query_impl::coerce_unsized_info::dynamic_query::{closure#2}::{closure#0}      1 total usages
  const_eval::eval_queries::eval_to_const_value_raw_provider      1 total usages
  <traits::const_evaluatable::satisfied_from_param_env::Visitor<'a, 'tcx> as rustc_middle::ty::TypeVisitor<rustc_middle::ty::TyCtxt<'tcx>>>::visit_const      1 total usages
  errors::wrong_number_of_generic_args::WrongNumberOfGenericArgs::<'a, 'tcx>::suggest      1 total usages
  query_impl::impl_parent::get_query_incr::__rust_end_short_backtrace      1 total usages
  thir::pattern::pat_from_hir      1 total usages
  query_impl::used_trait_imports::dynamic_query::{closure#2}::{closure#0}      1 total usages
  parser::diagnostics::<impl parser::Parser<'a>>::check_trailing_angle_brackets::{closure#2}      1 total usages
  query_impl::intrinsic_raw::try_collect_active_jobs      1 total usages
  <gather_locals::GatherLocalsVisitor<'a, 'tcx> as rustc_hir::intravisit::Visitor<'tcx>>::visit_pat      1 total usages
  options::desc        1 total usages
  <dataflow_const_prop::Collector<'_, 'tcx> as rustc_mir_dataflow::ResultsVisitor<'tcx, dataflow_const_prop::ConstAnalysis<'_, 'tcx>>>::visit_after_early_statement_effect      1 total usages
  expr::<impl fn_ctxt::FnCtxt<'a, 'tcx>>::check_expr_struct_fields      1 total usages
  util::rustc_path      1 total usages
  query_impl::native_libraries::dynamic_query::{closure#2}::{closure#0}      1 total usages
  traits::select::confirmation::<impl traits::select::SelectionContext<'cx, 'tcx>>::equate_trait_refs      1 total usages
  query_impl::fn_abi_of_fn_ptr::try_collect_active_jobs      1 total usages
  query_impl::lint_expectations::dynamic_query::{closure#2}::{closure#0}      1 total usages
  lexer::unescape_error_reporting::emit_unescape_error      1 total usages
  MirBorrowckCtxt::<'a, '_, 'tcx>::consume_rvalue      1 total usages
  used_muts::<impl MirBorrowckCtxt<'_, '_, 'tcx>>::gather_used_muts      1 total usages
  query_impl::early_lint_checks::dynamic_query::{closure#2}      1 total usages
  query_impl::vtable_entries::try_collect_active_jobs      1 total usages
  interpret::validity::<impl interpret::eval_context::InterpCx<'tcx, M>>::validate_operand::{closure#0}      1 total usages
  query_impl::impl_parent::try_collect_active_jobs      1 total usages
  query_impl::evaluate_obligation::try_collect_active_jobs      1 total usages
  solve::trait_goals::<impl solve::eval_ctxt::EvalCtxt<'_, D>>::unsound_prefer_builtin_dyn_impl::{closure#2}      1 total usages
  query_impl::closure_saved_names_of_captured_variables::get_query_incr::__rust_end_short_backtrace      1 total usages
  query_impl::features_query::dynamic_query::{closure#2}      1 total usages
  query_impl::check_type_wf::dynamic_query::{closure#2}      1 total usages
  query_impl::reachable_non_generics::dynamic_query::{closure#2}::{closure#0}      1 total usages
  elaborate_drops::ElaborateDropsCtxt::<'a, 'tcx>::create_drop_flag      1 total usages
  traits::select::candidate_assembly::<impl traits::select::SelectionContext<'cx, 'tcx>>::assemble_candidates_from_projected_tys      1 total usages
  builder::matches::<impl builder::Builder<'a, 'tcx>>::declare_bindings      1 total usages
  <lifetime_syntax::LifetimeInfoCollector<'a, 'tcx> as rustc_hir::intravisit::Visitor<'tcx>>::visit_lifetime      1 total usages
  variance::solve::SolveContext::<'a, 'tcx>::solve      1 total usages
  query_impl::extern_crate::try_collect_active_jobs      1 total usages
  interpret::step::<impl interpret::eval_context::InterpCx<'tcx, M>>::eval_terminator::{closure#1}      1 total usages
  query_impl::has_ffi_unwind_calls::try_collect_active_jobs      1 total usages
  type_check::input_output::<impl type_check::TypeChecker<'a, 'tcx>>::check_signature_annotation      1 total usages
  query_impl::global_backend_features::get_query_incr::__rust_end_short_backtrace      1 total usages
  query_impl::is_profiler_runtime::get_query_incr::__rust_end_short_backtrace      1 total usages
  bridge::symbol::INTERNER::{constant#0}::{closure#1}      1 total usages
  query_impl::codegen_select_candidate::get_query_incr::__rust_end_short_backtrace      1 total usages
  traits::select::candidate_assembly::<impl traits::select::SelectionContext<'cx, 'tcx>>::assemble_candidates_from_impls      1 total usages
  query_impl::variances_of::try_collect_active_jobs      1 total usages
  query_impl::anon_const_kind::get_query_incr::__rust_end_short_backtrace      1 total usages
  query_impl::is_panic_runtime::get_query_incr::__rust_end_short_backtrace      1 total usages
  query_impl::check_unused_traits::try_collect_active_jobs      1 total usages
  liveness::Liveness::<'a, 'tcx>::acc      1 total usages
  op::<impl fn_ctxt::FnCtxt<'a, 'tcx>>::check_expr_binop      1 total usages
  <check_consts::post_drop_elaboration::CheckLiveDrops<'_, 'tcx> as rustc_middle::mir::visit::Visitor<'tcx>>::visit_terminator      1 total usages
  query_impl::env_var_os::get_query_incr::__rust_end_short_backtrace      1 total usages
  <test_harness::TestHarnessGenerator<'a> as rustc_ast::mut_visit::MutVisitor>::visit_item      1 total usages
  traits::select::confirmation::<impl traits::select::SelectionContext<'cx, 'tcx>>::confirm_candidate      1 total usages
  query_impl::closure_saved_names_of_captured_variables::dynamic_query::{closure#2}::{closure#0}      1 total usages
  query_impl::symbol_mangling_version::get_query_incr::__rust_end_short_backtrace      1 total usages
  graph::linked_graph      1 total usages
  query_impl::is_dyn_compatible::get_query_incr::__rust_end_short_backtrace      1 total usages
  ty::print::Printer::default_print_impl_path      1 total usages
  query_impl::resolutions::get_query_incr::__rust_end_short_backtrace      1 total usages
  query_impl::adt_significant_drop_tys::get_query_incr::__rust_end_short_backtrace      1 total usages
  late::LateResolutionVisitor::<'a, 'ast, 'ra, 'tcx>::resolve_implementation::{closure#0}::{closure#0}::{closure#0}::{closure#1}::{closure#0}::{closure#0}::{closure#0}      1 total usages
  query_impl::used_crate_source::dynamic_query::{closure#2}::{closure#0}      1 total usages
  interpret::validity::RefTracking::<T, PATH>::track      1 total usages
  mir::interpret::queries::<impl ty::context::TyCtxt<'tcx>>::const_eval_global_id      1 total usages
  builder::custom::parse::instruction::<impl builder::custom::ParseCtxt<'a, 'tcx>>::parse_unwind_terminate_reason      1 total usages
  diagnostics::var_name::<impl region_infer::RegionInferenceContext<'tcx>>::get_upvar_index_for_region      1 total usages
  query_impl::local_def_id_to_hir_id::get_query_incr::__rust_end_short_backtrace      1 total usages
  query_impl::vtable_entries::dynamic_query::{closure#2}      1 total usages
  handle_placeholders::region_definitions      1 total usages
  query_impl::stable_order_of_exportable_impls::try_collect_active_jobs      1 total usages
  query_impl::eval_to_valtree::dynamic_query::{closure#2}::{closure#0}      1 total usages
  ty::print::pretty::NO_VISIBLE_PATH::{constant#0}::{closure#0}      1 total usages
  <dest_prop::Merger<'tcx> as rustc_middle::mir::visit::MutVisitor<'tcx>>::visit_statement      1 total usages
  query_impl::associated_items::dynamic_query::{closure#2}::{closure#0}      1 total usages
  query_impl::mir_borrowck::try_collect_active_jobs      1 total usages
  rmeta::encoder::EncodeContext::<'a, 'tcx>::encode_info_for_mod      1 total usages
  query_impl::is_private_dep::dynamic_query::{closure#2}      1 total usages
  query_impl::assumed_wf_types::get_query_incr::__rust_end_short_backtrace      1 total usages
  search_graph::SearchGraph::<D>::handle_overflow      1 total usages
  diagnostics::conflict_errors::<impl MirBorrowckCtxt<'_, 'infcx, 'tcx>>::report_escaping_closure_capture      1 total usages
  query_impl::adt_sizedness_constraint::get_query_incr::__rust_end_short_backtrace      1 total usages
  check::wfcheck::check_impl      1 total usages
  query_impl::missing_extern_crate_item::try_collect_active_jobs      1 total usages
  late::diagnostics::<impl late::LateResolutionVisitor<'_, 'ast, 'ra, 'tcx>>::smart_resolve_report_errors      1 total usages
  assert_dep_graph::node_set      1 total usages
  query_impl::instantiate_and_check_impossible_predicates::try_collect_active_jobs      1 total usages
  error_reporting::infer::<impl error_reporting::TypeErrCtxt<'a, 'tcx>>::report_and_explain_type_error      1 total usages
  query_impl::extern_crate::dynamic_query::{closure#2}      1 total usages
  query_impl::reachable_set::get_query_incr::__rust_end_short_backtrace      1 total usages
  query_impl::check_tail_calls::get_query_incr::__rust_end_short_backtrace      1 total usages
  traits::dyn_compatibility::dyn_compatibility_violations      1 total usages
  query_impl::dropck_outlives::try_collect_active_jobs      1 total usages
  late::LateResolutionVisitor::<'a, 'ast, 'ra, 'tcx>::resolve_fn_signature::{closure#0}      1 total usages
  diagnostics::find_use      1 total usages
  const_eval::tag_for_variant_provider      1 total usages
  query_impl::alloc_error_handler_kind::get_query_incr::__rust_end_short_backtrace      1 total usages
  query_impl::check_well_formed::get_query_incr::__rust_end_short_backtrace      1 total usages
  query_impl::valtree_to_const_val::get_query_incr::__rust_end_short_backtrace      1 total usages
  query_impl::debugger_visualizers::dynamic_query::{closure#2}::{closure#0}      1 total usages
  Resolver::<'_, 'tcx>::create_def      1 total usages
  mir::operand::OperandRef::<'tcx, V>::codegen_get_discr      1 total usages
  query_impl::crate_inherent_impls_overlap_check::dynamic_query::{closure#2}      1 total usages
  query_impl::features_query::dynamic_query::{closure#2}::{closure#0}      1 total usages
  mir::operand::<impl mir::FunctionCx<'a, 'tcx, Bx>>::maybe_codegen_consume_direct      1 total usages
  query_impl::deduced_param_attrs::dynamic_query::{closure#2}      1 total usages
  <infer::relate::type_relating::TypeRelating<'_, 'tcx> as rustc_type_ir::relate::TypeRelation<rustc_middle::ty::TyCtxt<'tcx>>>::tys      1 total usages
  sync::worker_local::REGISTRY::{constant#0}::{closure#0}      1 total usages
  back::symbol_export::reachable_non_generics_provider::{closure#1}      1 total usages
  query_impl::used_crate_source::try_collect_active_jobs      1 total usages
  query_impl::in_scope_traits_map::dynamic_query::{closure#2}      1 total usages
  abi::fn_sig_for_fn_abi      1 total usages
  stability::MissingStabilityAnnotations::<'tcx>::check_missing_stability      1 total usages
  inner_optimized_mir      1 total usages
  query_impl::diagnostic_hir_wf_check::dynamic_query::{closure#2}::{closure#0}      1 total usages
  query_impl::mir_borrowck::dynamic_query::{closure#2}      1 total usages
  query_impl::valtree_to_const_val::dynamic_query::{closure#2}::{closure#0}      1 total usages
  query_impl::is_mir_available::dynamic_query::{closure#2}      1 total usages
  infer::region_constraints::RegionConstraintCollector::<'_, 'tcx>::combine_vars      1 total usages
  registry::Registry::in_worker_cold::LOCK_LATCH::{constant#0}::{closure#1}      1 total usages
  query_impl::has_global_allocator::get_query_incr::__rust_end_short_backtrace      1 total usages
  query_impl::is_compiler_builtins::try_collect_active_jobs      1 total usages
  interpret::cast::<impl interpret::eval_context::InterpCx<'tcx, M>>::cast::{closure#2}      1 total usages
  tlv::TLV             1 total usages
  variance::constraints::ConstraintContext::<'a, 'tcx>::add_constraints_from_const      1 total usages
  query_impl::is_reachable_non_generic::get_query_incr::__rust_end_short_backtrace      1 total usages
  query_impl::check_mod_attrs::dynamic_query::{closure#2}      1 total usages
  query_impl::erase_and_anonymize_regions_ty::try_collect_active_jobs      1 total usages
  query_impl::orphan_check_impl::dynamic_query::{closure#2}      1 total usages
  query_impl::eval_to_allocation_raw::try_collect_active_jobs      1 total usages
  base::codegen_instance      1 total usages
  query_impl::clashing_extern_declarations::get_query_incr::__rust_end_short_backtrace      1 total usages
  query_impl::closure_typeinfo::dynamic_query::{closure#2}      1 total usages
  spec::base::freebsd      1 total usages
  query_impl::check_unused_traits::dynamic_query::{closure#2}::{closure#0}      1 total usages
  coercion::Coerce::<'f, 'tcx>::coerce_from_fn_item      1 total usages
  query_impl::lints_that_dont_need_to_run::dynamic_query::{closure#2}::{closure#0}      1 total usages
  polonius::legacy::loan_invalidations::LoanInvalidationsGenerator::<'a, 'tcx>::check_access_for_conflict      1 total usages
  MirBorrowckCtxt::<'a, '_, 'tcx>::check_backward_incompatible_drop      1 total usages
  query_impl::enforce_impl_non_lifetime_params_are_constrained::dynamic_query::{closure#2}::{closure#0}      1 total usages
  query_impl::symbol_mangling_version::dynamic_query::{closure#2}      1 total usages
  builder::scope::<impl builder::Builder<'a, 'tcx>>::pop_scope      1 total usages
  jump_threading::TOFinder::<'a, 'tcx>::process_constant      1 total usages
  types::repr_nullable_ptr      1 total usages
  ident::<impl Resolver<'ra, 'tcx>>::maybe_resolve_ident_in_module      1 total usages
  query_impl::check_potentially_region_dependent_goals::dynamic_query::{closure#2}      1 total usages
  query_impl::all_local_trait_impls::dynamic_query::{closure#2}      1 total usages
  persist::fs::create_dir      1 total usages
  macro_expr_fragment_specifier_2024_migration::Expr2024::check_tokens      1 total usages
  query_impl::fn_arg_idents::dynamic_query::{closure#2}      1 total usages
  infer::InferCtxt::<'tcx>::create_next_universe      1 total usages
  <dyn hir_ty_lowering::HirTyLowerer<'tcx>>::lower_resolved_assoc_ty_path      1 total usages
  query_impl::typing_env_normalized_for_post_analysis::get_query_incr::__rust_end_short_backtrace      1 total usages
  obligation_forest::ObligationForest::<O>::register_obligation_at      1 total usages
  query_impl::try_normalize_generic_arg_after_erasing_regions::dynamic_query::{closure#2}::{closure#0}      1 total usages
  liveness::IrMaps::<'tcx>::add_live_node_for_node      1 total usages
  fallback_fluent_bundle      1 total usages
  query_impl::coherent_trait::try_collect_active_jobs      1 total usages
  infer::opaque_types::<impl infer::InferCtxt<'tcx>>::register_hidden_type      1 total usages
  thir::pattern::check_match::MatchVisitor::<'p, 'tcx>::check_let      1 total usages
  ty::rvalue_scopes::RvalueScopes::record_rvalue_scope      1 total usages
  <types::improper_ctypes::ImproperCTypesLint::check_type_for_external_abi_fnptr::FnPtrFinder<'tcx> as rustc_hir::intravisit::Visitor<'_>>::visit_ty      1 total usages
  query_impl::specialization_enabled_in::try_collect_active_jobs      1 total usages
  query_impl::opaque_types_defined_by::dynamic_query::{closure#2}::{closure#0}      1 total usages
  <index::NodeCollector<'a, 'hir> as rustc_hir::intravisit::Visitor<'hir>>::visit_foreign_item      1 total usages
  ty::layout::fn_can_unwind      1 total usages
  persist::dirty_clean::DirtyCleanVisitor::<'tcx>::assert_clean      1 total usages
  query_impl::mir_inliner_callees::dynamic_query::{closure#2}      1 total usages
  Literal::with_stringify_parts::get_hashes_str      1 total usages
  inline::create_temp_if_necessary      1 total usages
  liveness::IrMaps::<'tcx>::add_variable      1 total usages
  async_fn_in_trait      1 total usages
  compiler_interface::smir_crate      1 total usages
  query_impl::trait_def::dynamic_query::{closure#2}::{closure#0}      1 total usages
  elaborate_drop::DropCtxt::<'a, 'b, 'tcx, D>::elaborate_drop      1 total usages
  query_impl::exportable_items::dynamic_query::{closure#2}::{closure#0}      1 total usages
  shim::async_destructor_ctor::build_async_destructor_ctor_shim      1 total usages
  traits::pred_known_to_hold_modulo_regions::{closure#0}      1 total usages
  query_impl::inferred_outlives_crate::get_query_incr::__rust_end_short_backtrace      1 total usages
  relate::combine::super_combine_tys      1 total usages
  path_utils::each_borrow_involving_path      1 total usages
  query_impl::mir_coroutine_witnesses::dynamic_query::{closure#2}::{closure#0}      1 total usages
  query_impl::crate_hash::dynamic_query::{closure#2}::{closure#0}      1 total usages
  back::link::add_lld_args      1 total usages
  query_impl::hir_owner_parent::dynamic_query::{closure#2}      1 total usages
  query_impl::specialization_graph_of::dynamic_query::{closure#2}      1 total usages
  query_impl::closure_typeinfo::try_collect_active_jobs      1 total usages
  query_impl::has_ffi_unwind_calls::dynamic_query::{closure#2}::{closure#0}      1 total usages
  query_impl::explicit_item_self_bounds::dynamic_query::{closure#2}::{closure#0}      1 total usages
  query_impl::evaluate_root_goal_for_proof_tree_raw::try_collect_active_jobs      1 total usages
  query_impl::items_of_instance::dynamic_query::{closure#2}::{closure#0}      1 total usages
  query_impl::constness::dynamic_query::{closure#2}::{closure#0}      1 total usages
  query_impl::exported_non_generic_symbols::try_collect_active_jobs      1 total usages
  traits::select::candidate_assembly::<impl traits::select::SelectionContext<'cx, 'tcx>>::assemble_candidates_for_transmutability      1 total usages
  query_impl::native_library::try_collect_active_jobs      1 total usages
  builder::custom::parse::instruction::<impl builder::custom::ParseCtxt<'a, 'tcx>>::parse_block      1 total usages
  query_impl::limits::dynamic_query::{closure#2}::{closure#0}      1 total usages
  interpret::eval_context::InterpCx::<'tcx, M>::fn_abi_of_fn_ptr::{closure#0}      1 total usages
  query_impl::upstream_monomorphizations_for::get_query_incr::__rust_end_short_backtrace      1 total usages
  collect::resolve_bound_vars::BoundVarContext::<'a, 'tcx>::with      1 total usages
  query_impl::is_use_cloned_raw::dynamic_query::{closure#2}      1 total usages
  query_impl::check_mod_unstable_api_usage::try_collect_active_jobs      1 total usages
  query_impl::promoted_mir::try_collect_active_jobs      1 total usages
  query_impl::object_lifetime_default::dynamic_query::{closure#2}      1 total usages
  query_impl::check_mod_attrs::get_query_incr::__rust_end_short_backtrace      1 total usages
  query_impl::codegen_fn_attrs::dynamic_query::{closure#2}::{closure#0}      1 total usages
  query_impl::ty_span::dynamic_query::{closure#2}      1 total usages
  query_impl::is_doc_hidden::get_query_incr::__rust_end_short_backtrace      1 total usages
  type_check::liveness::trace::LivenessContext::<'_, '_, 'tcx>::add_drop_live_facts_for      1 total usages
  method::<impl fn_ctxt::FnCtxt<'a, 'tcx>>::suggest_method_call      1 total usages
  meth::VirtualIndex::get_usize      1 total usages
  interpret::stack::<impl interpret::eval_context::InterpCx<'tcx, M>>::storage_dead      1 total usages
  <lifetime_syntax::LifetimeInfoCollector<'a, 'tcx> as rustc_hir::intravisit::Visitor<'tcx>>::visit_ty      1 total usages
  traits::select::SelectionContext::<'_, 'tcx>::match_poly_trait_ref      1 total usages
  query_impl::thir_body::get_query_incr::__rust_end_short_backtrace      1 total usages
  query_impl::orphan_check_impl::get_query_incr::__rust_end_short_backtrace      1 total usages
  <inline::ForceInliner<'tcx> as inline::Inliner<'tcx>>::check_callee_mir_body      1 total usages
  query_impl::orphan_check_impl::dynamic_query::{closure#2}::{closure#0}      1 total usages
  query_impl::nested_bodies_within::get_query_incr::__rust_end_short_backtrace      1 total usages
  coverage::spans::remove_unwanted_overlapping_spans      1 total usages
  <infer::outlives::test_type_match::MatchAgainstHigherRankedOutlives<'tcx> as rustc_type_ir::relate::TypeRelation<rustc_middle::ty::TyCtxt<'tcx>>>::binders      1 total usages
  query_impl::resolver_for_lowering_raw::try_collect_active_jobs      1 total usages
  query_impl::trait_impls_of::try_collect_active_jobs      1 total usages
  query_impl::implementations_of_trait::dynamic_query::{closure#2}      1 total usages
  interpret::call::<impl interpret::eval_context::InterpCx<'tcx, M>>::init_fn_call::{closure#0}      1 total usages
  MirBorrowckCtxt::<'a, '_, 'tcx>::check_access_permissions      1 total usages
  query_impl::module_children::get_query_incr::__rust_end_short_backtrace      1 total usages
  persist::dirty_clean::DirtyCleanVisitor::<'tcx>::assert_loaded_from_disk      1 total usages
  query_impl::vtable_allocation::get_query_incr::__rust_end_short_backtrace      1 total usages
  query_impl::codegen_select_candidate::dynamic_query::{closure#2}::{closure#0}      1 total usages
  traits::select::confirmation::<impl traits::select::SelectionContext<'cx, 'tcx>>::confirm_builtin_unsize_candidate      1 total usages
  query_impl::type_of_opaque_hir_typeck::dynamic_query::{closure#2}      1 total usages
  query_impl::check_tail_calls::try_collect_active_jobs      1 total usages
  query_impl::adt_dtorck_constraint::dynamic_query::{closure#2}::{closure#0}      1 total usages
  ty::sty::<impl ty::Ty<'tcx>>::has_trivial_sizedness      1 total usages
  query_impl::destructure_const::get_query_incr::__rust_end_short_backtrace      1 total usages
  graph::scc::SccData::<S>::create_scc      1 total usages
  query_impl::check_validity_requirement::try_collect_active_jobs      1 total usages
  <A as rustc_peek::RustcPeekAt<'tcx>>::peek_at      1 total usages
  query_impl::is_dyn_compatible::try_collect_active_jobs      1 total usages
  solve::eval_ctxt::EvalCtxt::<'a, D>::add_goal      1 total usages
  hir_ty_lowering::bounds::<impl dyn hir_ty_lowering::HirTyLowerer<'tcx>>::lower_assoc_item_constraint::{closure#2}      1 total usages
  query_impl::required_panic_strategy::get_query_incr::__rust_end_short_backtrace      1 total usages
  builder::custom::parse::<impl builder::custom::ParseCtxt<'a, 'tcx>>::parse_basic_block_decl      1 total usages
  obligation_forest::graphviz::<impl obligation_forest::ObligationForest<O>>::dump_graphviz      1 total usages
  query_impl::is_freeze_raw::dynamic_query::{closure#2}      1 total usages
  inline::Integrator::<'_, '_>::map_scope      1 total usages
  builder::scope::<impl builder::Builder<'a, 'tcx>>::break_scope      1 total usages
  query_impl::mir_coroutine_witnesses::dynamic_query::{closure#2}      1 total usages
  query_impl::stable_order_of_exportable_impls::dynamic_query::{closure#2}      1 total usages
  LoweringContext::<'a, 'hir>::lower_coroutine_fn_ret_ty      1 total usages
  query_impl::needs_drop_raw::get_query_incr::__rust_end_short_backtrace      1 total usages
  query_impl::adt_def::dynamic_query::{closure#2}      1 total usages
  compiler_interface::TLV::FOO::{constant#0}::{closure#0}      1 total usages
  query_impl::check_expectations::get_query_incr::__rust_end_short_backtrace      1 total usages
  query_impl::specializes::dynamic_query::{closure#2}::{closure#0}      1 total usages
  builder::block::<impl builder::Builder<'a, 'tcx>>::ast_block_stmts      1 total usages
  <collect::resolve_bound_vars::BoundVarContext<'a, 'tcx> as rustc_hir::intravisit::Visitor<'tcx>>::visit_item      1 total usages
  query_impl::closure_typeinfo::dynamic_query::{closure#2}::{closure#0}      1 total usages
  query_impl::vtable_allocation::dynamic_query::{closure#2}      1 total usages
  builder::cfg::<impl builder::CFG<'tcx>>::terminate      1 total usages
  query_impl::mir_callgraph_cyclic::dynamic_query::{closure#2}      1 total usages
  query_impl::upstream_drop_glue_for::get_query_incr::__rust_end_short_backtrace      1 total usages
  emitter::HumanEmitter::emit_messages_default      1 total usages
  query_impl::crate_host_hash::try_collect_active_jobs      1 total usages
  query_impl::eval_static_initializer::get_query_incr::__rust_end_short_backtrace      1 total usages
  query_impl::get_lang_items::try_collect_active_jobs      1 total usages
  infer::outlives::obligations::TypeOutlives::<'cx, 'tcx, D>::placeholder_ty_must_outlive      1 total usages
  back::link::link_binary::{closure#3}      1 total usages
  <type_check::TypeChecker<'a, 'tcx> as rustc_middle::mir::visit::Visitor<'tcx>>::visit_projection_elem      1 total usages
  <ty::opaque_types::ReverseMapper<'tcx> as rustc_type_ir::TypeFolder<ty::context::TyCtxt<'tcx>>>::fold_region      1 total usages
  query_impl::assumed_wf_types_for_rpitit::try_collect_active_jobs      1 total usages
  query_impl::defaultness::dynamic_query::{closure#2}      1 total usages
  query_impl::type_of_opaque_hir_typeck::get_query_incr::__rust_end_short_backtrace      1 total usages
  query_impl::local_def_id_to_hir_id::dynamic_query::{closure#2}      1 total usages
  ty::print::pretty::NO_VISIBLE_PATH_IF_DOC_HIDDEN::{constant#0}::{closure#0}      1 total usages
  <BorrowckInferCtxt<'tcx> as universal_regions::InferCtxtExt<'tcx>>::replace_free_regions_with_nll_infer_vars      1 total usages
  ty::region::Region::<'tcx>::type_flags      1 total usages
  query_impl::hir_attr_map::get_query_incr::__rust_end_short_backtrace      1 total usages
  query_impl::list_significant_drop_tys::dynamic_query::{closure#2}::{closure#0}      1 total usages
  elaborate_drops::ElaborateDropsCtxt::<'a, 'tcx>::collect_drop_flags::{closure#0}      1 total usages
  MirBorrowckCtxt::<'a, '_, 'tcx>::propagate_closure_used_mut_upvar      1 total usages
  query_impl::is_freeze_raw::get_query_incr::__rust_end_short_backtrace      1 total usages
  query_impl::type_op_normalize_clause::get_query_incr::__rust_end_short_backtrace      1 total usages
  query_impl::crate_inherent_impls_validity_check::dynamic_query::{closure#2}      1 total usages
  query_impl::mir_coroutine_witnesses::get_query_incr::__rust_end_short_backtrace      1 total usages
  query_impl::object_lifetime_default::try_collect_active_jobs      1 total usages
  query_impl::local_trait_impls::get_query_incr::__rust_end_short_backtrace      1 total usages
  query_impl::rust_target_features::dynamic_query::{closure#2}::{closure#0}      1 total usages
  query_impl::backend_optimization_level::get_query_incr::__rust_end_short_backtrace      1 total usages
  query_impl::predicates_of::try_collect_active_jobs      1 total usages
  query_impl::is_late_bound_map::get_query_incr::__rust_end_short_backtrace      1 total usages
  query_impl::params_in_repr::dynamic_query::{closure#2}::{closure#0}      1 total usages
  query_impl::crate_variances::get_query_incr::__rust_end_short_backtrace      1 total usages
  report_ice           1 total usages
  check::region::resolve_pat      1 total usages
  query_impl::typeck::try_collect_active_jobs      1 total usages
  error_reporting::infer::region::unexpected_hidden_region_diagnostic      1 total usages
  query_impl::type_of_opaque::dynamic_query::{closure#2}::{closure#0}      1 total usages
  error_reporting::infer::need_type_info::<impl error_reporting::TypeErrCtxt<'a, 'tcx>>::emit_inference_failure_err      1 total usages
  imports::<impl Resolver<'ra, 'tcx>>::finalize_import      1 total usages
  query_impl::type_alias_is_lazy::get_query_incr::__rust_end_short_backtrace      1 total usages
  traits::select::ProvisionalEvaluationCache::<'tcx>::on_failure::{closure#0}      1 total usages
  query_impl::exported_generic_symbols::try_collect_active_jobs      1 total usages
  builder::matches::<impl builder::Builder<'a, 'tcx>>::create_or_subcandidates      1 total usages
  query_impl::mir_keys::dynamic_query::{closure#2}      1 total usages
  query_impl::representability_adt_ty::get_query_incr::__rust_end_short_backtrace      1 total usages
  query_impl::method_autoderef_steps::dynamic_query::{closure#2}::{closure#0}      1 total usages
  query_impl::predicates_of::dynamic_query::{closure#2}      1 total usages
  query_impl::inherit_sig_for_delegation_item::dynamic_query::{closure#2}      1 total usages
  query_impl::asm_target_features::try_collect_active_jobs      1 total usages
  query_impl::generics_require_sized_self::dynamic_query::{closure#2}      1 total usages
  query_impl::is_ctfe_mir_available::try_collect_active_jobs      1 total usages
  query_impl::asyncness::dynamic_query::{closure#2}::{closure#0}      1 total usages
  query_impl::has_structural_eq_impl::get_query_incr::__rust_end_short_backtrace      1 total usages
  spec::base::hurd_gnu      1 total usages
  query_impl::all_diagnostic_items::dynamic_query::{closure#2}      1 total usages
  query_impl::stability_implications::dynamic_query::{closure#2}::{closure#0}      1 total usages
  query_impl::check_mono_item::try_collect_active_jobs      1 total usages
  fn_ctxt::inspect_obligations::<impl fn_ctxt::FnCtxt<'a, 'tcx>>::type_matches_expected_vid::{closure#0}      1 total usages
  query_impl::inherited_align::dynamic_query::{closure#2}      1 total usages
  infer::region_constraints::RegionConstraintCollector::<'_, 'tcx>::lub_regions      1 total usages
  builder::custom::parse::instruction::<impl builder::custom::ParseCtxt<'a, 'tcx>>::parse_integer_literal      1 total usages
  needs_drop::has_significant_drop_raw      1 total usages
  solve::inspect::analyse::InspectCandidate::<'a, 'tcx>::instantiate_impl_args      1 total usages
  relate::combine::super_combine_consts      1 total usages
  builder::custom::parse::instruction::<impl builder::custom::ParseCtxt<'a, 'tcx>>::parse_terminator      1 total usages
  solve::eval_ctxt::EvalCtxt::<'a, D>::enter_canonical      1 total usages
  query_impl::check_mod_privacy::get_query_incr::__rust_end_short_backtrace      1 total usages
  method::probe::ProbeContext::<'a, 'tcx>::assemble_candidates_for_bounds      1 total usages
  query_impl::is_async_drop_raw::get_query_incr::__rust_end_short_backtrace      1 total usages
  query_impl::own_existential_vtable_entries::get_query_incr::__rust_end_short_backtrace      1 total usages
  region_infer::values::LivenessValues::add_location      1 total usages
  infer::opaque_types::table::OpaqueTypeTable::<'a, 'tcx>::register      1 total usages
  query_impl::hir_module_items::get_query_incr::__rust_end_short_backtrace      1 total usages
  query_impl::tag_for_variant::dynamic_query::{closure#2}      1 total usages
  traits::try_evaluate_const::{closure#0}      1 total usages
  query_impl::type_of_opaque::dynamic_query::{closure#2}      1 total usages
  late::LateResolutionVisitor::<'a, 'ast, 'ra, 'tcx>::find_lifetime_for_self      1 total usages
  query_impl::explicit_supertraits_containing_assoc_item::dynamic_query::{closure#2}::{closure#0}      1 total usages
  <collect::resolve_bound_vars::is_late_bound_map::ConstrainedCollectorPostHirTyLowering as rustc_middle::ty::TypeVisitor<rustc_middle::ty::TyCtxt<'tcx>>>::visit_region      1 total usages
  query_impl::is_async_drop_raw::try_collect_active_jobs      1 total usages
  query_impl::used_crates::try_collect_active_jobs      1 total usages
  <BorrowckInferCtxt<'tcx> as universal_regions::InferCtxtExt<'tcx>>::replace_free_regions_with_nll_infer_vars::{closure#0}      1 total usages
  query_impl::mir_inliner_callees::get_query_incr::__rust_end_short_backtrace      1 total usages
  query_impl::check_mod_privacy::dynamic_query::{closure#2}::{closure#0}      1 total usages
  elaborate_drop::DropCtxt::<'a, 'b, 'tcx, D>::elaborated_drop_block      1 total usages
  <ty::opaque_types::ReverseMapper<'tcx> as rustc_type_ir::TypeFolder<ty::context::TyCtxt<'tcx>>>::fold_const      1 total usages
  <infer::relate::lattice::LatticeOp<'_, 'tcx> as rustc_type_ir::relate::TypeRelation<rustc_middle::ty::TyCtxt<'tcx>>>::tys      1 total usages
  query_impl::representability::dynamic_query::{closure#2}      1 total usages
  query_impl::is_no_builtins::dynamic_query::{closure#2}::{closure#0}      1 total usages
  query_impl::def_ident_span::dynamic_query::{closure#2}      1 total usages
  query_impl::item_non_self_bounds::dynamic_query::{closure#2}      1 total usages
  op::<impl fn_ctxt::FnCtxt<'a, 'tcx>>::check_overloaded_binop      1 total usages
  method::<impl fn_ctxt::FnCtxt<'a, 'tcx>>::lookup_probe      1 total usages
  query_impl::check_transmutes::get_query_incr::__rust_end_short_backtrace      1 total usages
  interpret::stack::Frame::<'tcx, Prov, Extra>::generate_stacktrace_from_stack      1 total usages
  query_impl::trait_def::try_collect_active_jobs      1 total usages
  query_impl::crate_inherent_impls_overlap_check::get_query_incr::__rust_end_short_backtrace      1 total usages
  error_reporting::infer::nice_region_error::different_lifetimes      1 total usages
  LoweringContext::<'a, 'hir>::with_hir_id_owner      1 total usages
  diagnostics::utils::CODE_IDENT_COUNT::{constant#0}::{closure#1}      1 total usages
  <opaque_types::OpaqueTypeCollector<'tcx>::collect_taits_declared_in_body::TaitInBodyFinder<'_, '_> as rustc_hir::intravisit::Visitor<'v>>::visit_nested_item      1 total usages
  query_impl::asm_target_features::dynamic_query::{closure#2}::{closure#0}      1 total usages
  <opaque_types::OpaqueTypeCollector<'tcx>::collect_taits_declared_in_body::TaitInBodyFinder<'_, '_> as rustc_hir::intravisit::Visitor<'v>>::visit_nested_body      1 total usages
  query_impl::native_libraries::get_query_incr::__rust_end_short_backtrace      1 total usages
  query_impl::param_env::dynamic_query::{closure#2}      1 total usages
  late::LateResolutionVisitor::<'a, 'ast, 'ra, 'tcx>::smart_resolve_path_fragment      1 total usages
  query_impl::rendered_precise_capturing_args::dynamic_query::{closure#2}      1 total usages
  query_impl::impl_item_implementor_ids::try_collect_active_jobs      1 total usages
  method::probe::<impl fn_ctxt::FnCtxt<'a, 'tcx>>::probe_op::{closure#0}      1 total usages
  query_impl::is_ctfe_mir_available::dynamic_query::{closure#2}::{closure#0}      1 total usages
  rmeta::decoder::<impl creader::CrateMetadataRef<'a>>::def_path      1 total usages
  <traits::query::type_op::custom::CustomTypeOp<F> as traits::query::type_op::TypeOp<'tcx>>::fully_perform      1 total usages
  diagnostics::mutability_errors::<impl MirBorrowckCtxt<'_, 'infcx, 'tcx>>::suggest_make_local_mut      1 total usages
  query_impl::all_diagnostic_items::dynamic_query::{closure#2}::{closure#0}      1 total usages
  query_impl::cross_crate_inlinable::dynamic_query::{closure#2}      1 total usages
  query_impl::crate_inherent_impls::dynamic_query::{closure#2}::{closure#0}      1 total usages
  interpret::call::<impl interpret::eval_context::InterpCx<'tcx, M>>::check_argument_compat      1 total usages
  query_impl::crate_for_resolver::try_collect_active_jobs      1 total usages
  <hir_wf_check::diagnostic_hir_wf_check::HirWfCheck<'tcx> as rustc_hir::intravisit::Visitor<'tcx>>::visit_ty      1 total usages
  infer::outlives::verify::VerifyBoundCx::<'cx, 'tcx>::alias_bound      1 total usages
  <infer::relate::type_relating::TypeRelating<'_, 'tcx> as rustc_type_ir::relate::TypeRelation<rustc_middle::ty::TyCtxt<'tcx>>>::relate_with_variance      1 total usages
  vec_cache            1 total usages
  query_impl::opt_hir_owner_nodes::get_query_incr::__rust_end_short_backtrace      1 total usages
  query_impl::doc_link_traits_in_scope::get_query_incr::__rust_end_short_backtrace      1 total usages
  query_impl::rust_target_features::dynamic_query::{closure#2}      1 total usages
  query_impl::fn_abi_of_instance::get_query_incr::__rust_end_short_backtrace      1 total usages
  ice_path_with_config      1 total usages
  query_impl::lookup_const_stability::dynamic_query::{closure#2}      1 total usages
  query_impl::has_alloc_error_handler::try_collect_active_jobs      1 total usages
  query_impl::effective_visibilities::get_query_incr::__rust_end_short_backtrace      1 total usages
  rmeta::encoder::EncodeContext::<'a, 'tcx>::encode_mir      1 total usages
  query_impl::size_estimate::dynamic_query::{closure#2}::{closure#0}      1 total usages
  query_impl::inherited_align::dynamic_query::{closure#2}::{closure#0}      1 total usages
  query_impl::symbol_name::try_collect_active_jobs      1 total usages
  error_reporting::traits::on_unimplemented::OnUnimplementedDirective::parse_attribute      1 total usages
  query_impl::native_libraries::dynamic_query::{closure#2}      1 total usages
  query_impl::is_mir_available::dynamic_query::{closure#2}::{closure#0}      1 total usages
  query_impl::lib_features::dynamic_query::{closure#2}::{closure#0}      1 total usages
  query_impl::check_well_formed::dynamic_query::{closure#2}      1 total usages
  query_impl::num_extern_def_ids::dynamic_query::{closure#2}::{closure#0}      1 total usages
  query_impl::evaluate_root_goal_for_proof_tree_raw::get_query_incr::__rust_end_short_backtrace      1 total usages
  query_impl::type_param_predicates::get_query_incr::__rust_end_short_backtrace      1 total usages
  traits::select::SelectionContext::<'cx, 'tcx>::evaluate_candidate::{closure#0}::{closure#0}      1 total usages
  check::wfcheck::check_foreign_item      1 total usages
  needs_drop::needs_async_drop_raw      1 total usages
  query_impl::coverage_attr_on::try_collect_active_jobs      1 total usages
  stability::lookup_default_body_stability      1 total usages
  query_impl::is_copy_raw::dynamic_query::{closure#2}      1 total usages
  query_impl::adt_destructor::get_query_incr::__rust_end_short_backtrace      1 total usages
  mir::interpret::pointer      1 total usages
  value_analysis::Map::<'tcx>::register      1 total usages
  query_impl::inhabited_predicate_adt::get_query_incr::__rust_end_short_backtrace      1 total usages
  <type_check::TypeChecker<'a, 'tcx> as rustc_middle::mir::visit::Visitor<'tcx>>::visit_body      1 total usages
  elaborate_drop::DropCtxt::<'a, 'b, 'tcx, D>::drop_loop_trio_for_slice      1 total usages
  query_impl::mir_callgraph_cyclic::try_collect_active_jobs      1 total usages
  ty::VariantDef::new      1 total usages
  query_impl::coroutine_for_closure::dynamic_query::{closure#2}      1 total usages
  infer::resolve       1 total usages
  ty::print::pretty::SHOULD_PREFIX_WITH_CRATE::{constant#0}::{closure#0}      1 total usages
  method::probe::ProbeContext::<'a, 'tcx>::pick_reborrow_pin_method      1 total usages
  query_impl::is_reachable_non_generic::dynamic_query::{closure#2}      1 total usages
  query_impl::associated_types_for_impl_traits_in_trait_or_impl::get_query_incr::__rust_end_short_backtrace      1 total usages
  query_impl::debugger_visualizers::try_collect_active_jobs      1 total usages
  back::link::link_dwarf_object::{closure#0}      1 total usages
  query_impl::lookup_stability::try_collect_active_jobs      1 total usages
  query_impl::check_type_wf::get_query_incr::__rust_end_short_backtrace      1 total usages
  query_impl::trait_def::dynamic_query::{closure#2}      1 total usages
  ty::normalize_erasing_regions::<impl ty::context::TyCtxt<'tcx>>::try_instantiate_and_normalize_erasing_regions      1 total usages
  query_impl::def_ident_span::get_query_incr::__rust_end_short_backtrace      1 total usages
  query_impl::intrinsic_raw::get_query_incr::__rust_end_short_backtrace      1 total usages
  query_impl::enforce_impl_non_lifetime_params_are_constrained::dynamic_query::{closure#2}      1 total usages
  mbe::diagnostics::failed_to_match_macro      1 total usages
  translation::Translator::translate_message      1 total usages
  infer::outlives::obligations::<impl infer::InferCtxt<'tcx>>::register_type_outlives_constraint      1 total usages
  query_impl::opt_ast_lowering_delayed_lints::dynamic_query::{closure#2}      1 total usages
  mir::place::PlaceRef::<'tcx, V>::project_field      1 total usages
  <impls::liveness::MaybeLiveLocals as rustc_peek::RustcPeekAt<'tcx>>::peek_at      1 total usages
  spec::load_builtin      1 total usages
  method::probe::ProbeContext::<'a, 'tcx>::consider_probe::{closure#0}      1 total usages
  query_impl::inferred_outlives_crate::try_collect_active_jobs      1 total usages
  query_impl::features_query::get_query_incr::__rust_end_short_backtrace      1 total usages
  foreign_modules::structurally_same_type_impl      1 total usages
  query_impl::foreign_modules::try_collect_active_jobs      1 total usages
  infer::lexical_region_resolve::LexicalResolver::<'cx, 'tcx>::collect_bounding_regions::process_edges      1 total usages
  query_impl::first_method_vtable_slot::get_query_incr::__rust_end_short_backtrace      1 total usages
  query_impl::intrinsic_raw::dynamic_query::{closure#2}::{closure#0}      1 total usages
  query_impl::backend_optimization_level::dynamic_query::{closure#2}      1 total usages
  <index::NodeCollector<'a, 'hir> as rustc_hir::intravisit::Visitor<'hir>>::visit_impl_item      1 total usages
  query_impl::adt_destructor::dynamic_query::{closure#2}      1 total usages
  traits::select::confirmation::<impl traits::select::SelectionContext<'cx, 'tcx>>::confirm_builtin_candidate::{closure#0}      1 total usages
  query_impl::mir_const_qualif::try_collect_active_jobs      1 total usages
  query_impl::coroutine_hidden_types::get_query_incr::__rust_end_short_backtrace      1 total usages
  diagnostics::region_errors::<impl MirBorrowckCtxt<'_, 'infcx, 'tcx>>::suggest_deref_closure_return::{closure#2}      1 total usages
  query_impl::is_compiler_builtins::get_query_incr::__rust_end_short_backtrace      1 total usages
  test_harness::mk_tests_slice      1 total usages
  query_impl::try_normalize_generic_arg_after_erasing_regions::get_query_incr::__rust_end_short_backtrace      1 total usages
  traits::select::confirmation::<impl traits::select::SelectionContext<'cx, 'tcx>>::confirm_async_closure_candidate      1 total usages
  query_impl::upstream_monomorphizations::get_query_incr::__rust_end_short_backtrace      1 total usages
  collect::predicates_of::<impl collect::ItemCtxt<'tcx>>::probe_ty_param_bounds_in_generics      1 total usages
  query_impl::required_panic_strategy::dynamic_query::{closure#2}      1 total usages
  <dyn hir_ty_lowering::HirTyLowerer<'tcx>>::lower_generic_args_of_path::{closure#0}      1 total usages
  layout::LayoutCalculator::<Cx>::univariant      1 total usages
  coverage::graph::CoverageGraph::compute_basic_coverage_blocks::{closure#0}      1 total usages
  query_impl::has_panic_handler::get_query_incr::__rust_end_short_backtrace      1 total usages
  rvalue_scopes::record_rvalue_scope      1 total usages
  query_impl::attrs_for_def::get_query_incr::__rust_end_short_backtrace      1 total usages
  filesearch::current_dll_path      1 total usages
  <remove_place_mention::RemovePlaceMention as pass_manager::MirPass<'tcx>>::run_pass      1 total usages
  traits::project::assemble_candidates_from_predicates      1 total usages
  query_impl::generics_of::dynamic_query::{closure#2}::{closure#0}      1 total usages
  spec::base::linux_gnu      1 total usages
  traits::project::confirm_coroutine_candidate      1 total usages
  query_impl::evaluate_root_goal_for_proof_tree_raw::dynamic_query::{closure#2}::{closure#0}      1 total usages
  diagnostics::var_name::<impl region_infer::RegionInferenceContext<'tcx>>::get_upvar_index_for_region::{closure#0}      1 total usages
  diagnostics::mutability_errors::<impl MirBorrowckCtxt<'_, 'infcx, 'tcx>>::construct_mut_suggestion_for_local_binding_patterns      1 total usages
  query_impl::evaluate_obligation::dynamic_query::{closure#2}      1 total usages
  query_impl::implied_outlives_bounds::get_query_incr::__rust_end_short_backtrace      1 total usages
  coercion::Coerce::<'f, 'tcx>::coerce_from_fn_pointer      1 total usages
  <cfg_eval::CfgEval<'_> as rustc_ast::mut_visit::MutVisitor>::visit_method_receiver_expr      1 total usages
  query_impl::crate_name::get_query_incr::__rust_end_short_backtrace      1 total usages
  query_impl::is_doc_notable_trait::get_query_incr::__rust_end_short_backtrace      1 total usages
  query_impl::source_span::get_query_incr::__rust_end_short_backtrace      1 total usages
  coherence::check_object_overlap      1 total usages
  query_impl::mir_for_ctfe::try_collect_active_jobs      1 total usages
  opaque_hidden_inferred_bound      1 total usages
  query_impl::specialization_enabled_in::dynamic_query::{closure#2}::{closure#0}      1 total usages
  query_impl::doc_link_traits_in_scope::dynamic_query::{closure#2}::{closure#0}      1 total usages
  query_impl::source_span::dynamic_query::{closure#2}      1 total usages
  liveness::IrMaps::<'tcx>::add_live_node      1 total usages
  normalize_projection_ty::normalize_canonicalized_inherent_projection_ty      1 total usages
  <collect::resolve_bound_vars::BoundVarContext<'a, 'tcx> as rustc_hir::intravisit::Visitor<'tcx>>::visit_trait_item      1 total usages
  query_impl::normalize_canonicalized_inherent_projection_ty::get_query_incr::__rust_end_short_backtrace      1 total usages
  query_impl::is_late_bound_map::try_collect_active_jobs      1 total usages
  query_impl::inhabited_predicate_type::get_query_incr::__rust_end_short_backtrace      1 total usages
  query_impl::first_method_vtable_slot::dynamic_query::{closure#2}      1 total usages
  query_impl::nested_bodies_within::dynamic_query::{closure#2}      1 total usages
  inline::cycle::mir_callgraph_cyclic::{closure#0}      1 total usages
  query_impl::env_var_os::dynamic_query::{closure#2}      1 total usages
  <relate::solver_relating::SolverRelating<'_, Infcx, I> as relate::TypeRelation<I>>::regions      1 total usages
  query_impl::mir_drops_elaborated_and_const_checked::dynamic_query::{closure#2}::{closure#0}      1 total usages
  query_impl::should_inherit_track_caller::get_query_incr::__rust_end_short_backtrace      1 total usages
  SESSION_GLOBALS::FOO::{constant#0}::{closure#0}      1 total usages
  parser::path::<impl parser::Parser<'a>>::parse_qpath      1 total usages
  diagnostics::outlives_suggestion::OutlivesSuggestionBuilder::region_name_is_suggestable      1 total usages
  traits::select::candidate_assembly::<impl traits::select::SelectionContext<'cx, 'tcx>>::assemble_candidates_from_auto_impls      1 total usages
  <check_consts::post_drop_elaboration::CheckLiveDrops<'_, 'tcx> as rustc_middle::mir::visit::Visitor<'tcx>>::visit_basic_block_data      1 total usages
  query_impl::should_inherit_track_caller::try_collect_active_jobs      1 total usages
  query_impl::is_unpin_raw::dynamic_query::{closure#2}::{closure#0}      1 total usages
  <traits::util::PlaceholderReplacer<'_, 'tcx> as rustc_middle::ty::TypeFolder<rustc_middle::ty::TyCtxt<'tcx>>>::fold_region      1 total usages
  interpret::memory::<impl interpret::eval_context::InterpCx<'tcx, M>>::get_ptr_vtable_ty      1 total usages
  query_impl::num_extern_def_ids::try_collect_active_jobs      1 total usages
  query_impl::def_ident_span::dynamic_query::{closure#2}::{closure#0}      1 total usages
  interpret::place::<impl interpret::eval_context::InterpCx<'tcx, M>>::copy_op_inner      1 total usages
  diagnostics::bound_region_errors::try_extract_error_from_fulfill_cx      1 total usages
  bridge::client::state::BRIDGE_STATE::{constant#0}::{closure#0}      1 total usages
  lexer::Lexer::<'psess, 'src>::symbol_from_to      1 total usages
  query_impl::coverage_attr_on::dynamic_query::{closure#2}::{closure#0}      1 total usages
  fn_ctxt::checks::<impl fn_ctxt::FnCtxt<'a, 'tcx>>::check_struct_path      1 total usages
  query_impl::impl_parent::dynamic_query::{closure#2}      1 total usages
  elaborate_drops::ElaborateDropsCtxt::<'a, 'tcx>::collect_drop_flags      1 total usages
  simplify::CfgSimplifier::<'a, 'tcx>::merge_successor      1 total usages
  query_impl::type_op_normalize_poly_fn_sig::get_query_incr::__rust_end_short_backtrace      1 total usages
  query_impl::missing_lang_items::dynamic_query::{closure#2}      1 total usages
  query_impl::normalize_canonicalized_free_alias::dynamic_query::{closure#2}      1 total usages
  ty::list::RawList::<ty::list::TypeInfo, T>::empty      1 total usages
  query_impl::is_unpin_raw::get_query_incr::__rust_end_short_backtrace      1 total usages
  traits::project::normalize_inherent_projection      1 total usages
  query_impl::own_existential_vtable_entries::dynamic_query::{closure#2}      1 total usages
  infer::snapshot::<impl infer::InferCtxt<'tcx>>::rollback_to      1 total usages
  query_impl::foreign_modules::dynamic_query::{closure#2}      1 total usages
  fn_ctxt::_impl::<impl fn_ctxt::FnCtxt<'a, 'tcx>>::instantiate_bounds      1 total usages
  base::SyntaxExtension::new      1 total usages
  lifetime_syntax::report_mismatches      1 total usages
  builder::matches::<impl builder::Builder<'a, 'tcx>>::lower_match_arms::{closure#1}      1 total usages
  ty::normalize_erasing_regions::<impl ty::context::TyCtxt<'tcx>>::instantiate_and_normalize_erasing_regions      1 total usages
  known_panics_lint::ConstPropagator::<'mir, 'tcx>::check_assertion      1 total usages
  interpret::discriminant::<impl interpret::eval_context::InterpCx<'tcx, M>>::write_discriminant      1 total usages
  query_impl::param_env::get_query_incr::__rust_end_short_backtrace      1 total usages
  traits::fulfill::FulfillProcessor::<'a, 'tcx>::process_projection_obligation      1 total usages
  coverage::graph::CoverageGraph::compute_basic_coverage_blocks      1 total usages
  <thir::pattern::check_match::MatchVisitor<'p, 'tcx> as rustc_middle::thir::visit::Visitor<'p, 'tcx>>::visit_expr      1 total usages
  diagnostics::utils::CODE_IDENT_COUNT::{constant#0}::{closure#0}      1 total usages
  builder::custom::parse::instruction::<impl builder::custom::ParseCtxt<'a, 'tcx>>::parse_local      1 total usages
  interpret::intrinsics::<impl interpret::eval_context::InterpCx<'tcx, M>>::eval_intrinsic      1 total usages
  spec::base::thumb      1 total usages
  query_impl::doc_link_resolutions::dynamic_query::{closure#2}      1 total usages
  fn_ctxt::_impl::<impl fn_ctxt::FnCtxt<'a, 'tcx>>::report_ambiguity_errors      1 total usages
  query::plumbing::incremental_verify_ich_failed::INSIDE_VERIFY_PANIC::{constant#0}::{closure#0}      1 total usages
  query_impl::check_mod_unstable_api_usage::dynamic_query::{closure#2}::{closure#0}      1 total usages
  traits::select::candidate_assembly::<impl traits::select::SelectionContext<'cx, 'tcx>>::assemble_candidates_from_object_ty      1 total usages
  fn_ctxt::_impl::<impl fn_ctxt::FnCtxt<'a, 'tcx>>::write_method_call_and_enforce_effects      1 total usages
  query_impl::named_variable_map::dynamic_query::{closure#2}::{closure#0}      1 total usages
  query_impl::crate_extern_paths::dynamic_query::{closure#2}::{closure#0}      1 total usages
  query_impl::stability_implications::dynamic_query::{closure#2}      1 total usages
  query_impl::region_scope_tree::get_query_incr::__rust_end_short_backtrace      1 total usages
  query_impl::trigger_delayed_bug::try_collect_active_jobs      1 total usages
  query_impl::adt_async_drop_tys::try_collect_active_jobs      1 total usages
  query_impl::associated_item_def_ids::try_collect_active_jobs      1 total usages
  fn_ctxt::_impl::<impl fn_ctxt::FnCtxt<'a, 'tcx>>::write_args      1 total usages
  type_check::liveness::trace::LivenessContext::<'_, '_, 'tcx>::compute_drop_data      1 total usages
  query_impl::dep_kind::dynamic_query::{closure#2}      1 total usages
  <late::LateResolutionVisitor<'_, 'ast, 'ra, 'tcx> as rustc_ast::visit::Visitor<'ast>>::visit_fn      1 total usages
  query_impl::upstream_async_drop_glue_for::dynamic_query::{closure#2}::{closure#0}      1 total usages
  path::<impl LoweringContext<'a, 'hir>>::maybe_insert_elided_lifetimes_in_path      1 total usages
  query_impl::crate_hash::dynamic_query::{closure#2}      1 total usages
  solve::assembly::<impl solve::eval_ctxt::EvalCtxt<'_, D>>::consider_coherence_unknowable_candidate      1 total usages
  traits::project::confirm_closure_candidate      1 total usages
  query_impl::has_global_allocator::try_collect_active_jobs      1 total usages
  query_impl::check_potentially_region_dependent_goals::try_collect_active_jobs      1 total usages
  coercion::Coerce::<'f, 'tcx>::coerce_pin_ref      1 total usages
  query_impl::specialization_graph_of::get_query_incr::__rust_end_short_backtrace      1 total usages
  <remove_noop_landing_pads::RemoveNoopLandingPads as pass_manager::MirPass<'tcx>>::run_pass::{closure#2}      1 total usages
  query_impl::type_op_normalize_ty::dynamic_query::{closure#2}      1 total usages
  query_impl::compare_impl_item::get_query_incr::__rust_end_short_backtrace      1 total usages
  ty::context::TyCtxt::<'tcx>::named_bound_var      1 total usages
  query_impl::mir_keys::dynamic_query::{closure#2}::{closure#0}      1 total usages
  query_impl::anon_const_kind::dynamic_query::{closure#2}::{closure#0}      1 total usages
  query_impl::check_tail_calls::dynamic_query::{closure#2}      1 total usages
  query_impl::disabled_sanitizers_for::dynamic_query::{closure#2}      1 total usages
  query_impl::assumed_wf_types_for_rpitit::get_query_incr::__rust_end_short_backtrace      1 total usages
  persist::file_format::report_format_mismatch      1 total usages
  query_impl::specialization_graph_of::try_collect_active_jobs      1 total usages
  traits::util::sizedness_fast_path      1 total usages
  query_impl::is_unreachable_local_definition::dynamic_query::{closure#2}::{closure#0}      1 total usages
  query_impl::resolve_instance_raw::dynamic_query::{closure#2}::{closure#0}      1 total usages
  interpret::util::ensure_monomorphic_enough      1 total usages
  unqualified_local_imports      1 total usages
  <check_consts::check::Checker<'_, 'tcx> as rustc_middle::mir::visit::Visitor<'tcx>>::visit_statement      1 total usages
  query_impl::valtree_to_const_val::try_collect_active_jobs      1 total usages
  query_impl::opaque_ty_origin::dynamic_query::{closure#2}      1 total usages
  query_impl::own_existential_vtable_entries::dynamic_query::{closure#2}::{closure#0}      1 total usages
  infer::outlives::test_type_match::can_match_erased_ty      1 total usages
  <known_panics_lint::ConstPropagator<'_, 'tcx> as rustc_middle::mir::visit::Visitor<'tcx>>::visit_statement      1 total usages
  query_impl::has_global_allocator::dynamic_query::{closure#2}      1 total usages
  fn_ctxt::_impl::<impl fn_ctxt::FnCtxt<'a, 'tcx>>::write_resolution      1 total usages
  type_check::canonical::<impl type_check::TypeChecker<'a, 'tcx>>::structurally_resolve      1 total usages
  query_impl::lib_features::get_query_incr::__rust_end_short_backtrace      1 total usages
  late::LateResolutionVisitor::<'a, 'ast, 'ra, 'tcx>::resolve_implementation      1 total usages
  diagnostics::var_name::<impl region_infer::RegionInferenceContext<'tcx>>::get_var_name_and_span_for_region::{closure#1}      1 total usages
  query_impl::thir_body::try_collect_active_jobs      1 total usages
  query_impl::entry_fn::dynamic_query::{closure#2}      1 total usages
  aligned              1 total usages
  query_impl::closure_typeinfo::get_query_incr::__rust_end_short_backtrace      1 total usages
  <type_check::relate_tys::NllTypeRelating<'_, 'b, 'tcx> as rustc_infer::infer::relate::TypeRelation<rustc_middle::ty::TyCtxt<'tcx>>>::relate_with_variance::{closure#0}      1 total usages
  query_impl::lookup_deprecation_entry::dynamic_query::{closure#2}::{closure#0}      1 total usages
  query_impl::traits::dynamic_query::{closure#2}::{closure#0}      1 total usages
  diagnostics::conflict_errors::<impl MirBorrowckCtxt<'_, 'infcx, 'tcx>>::report_local_value_does_not_live_long_enough      1 total usages
  legacy::get_symbol_hash      1 total usages
  query_impl::eval_static_initializer::try_collect_active_jobs      1 total usages
  elaborate_drop::DropCtxt::<'a, 'b, 'tcx, D>::open_drop_for_tuple      1 total usages
  method::probe::ProbeContext::<'a, 'tcx>::assemble_inherent_impl_probe      1 total usages
  query_impl::layout_of::dynamic_query::{closure#2}::{closure#0}      1 total usages
  query_impl::coroutine_for_closure::get_query_incr::__rust_end_short_backtrace      1 total usages
  ty::print::pretty::FORCE_TRIMMED_PATH      1 total usages
  <upvar::InferBorrowKind<'tcx> as expr_use_visitor::Delegate<'tcx>>::borrow      1 total usages
  traits::select::SelectionContext::<'cx, 'tcx>::with_query_mode      1 total usages
  <traits::select::_match::MatchAgainstFreshVars<'tcx> as rustc_infer::infer::relate::TypeRelation<rustc_middle::ty::TyCtxt<'tcx>>>::consts      1 total usages
  query_impl::lints_that_dont_need_to_run::dynamic_query::{closure#2}      1 total usages
  query_impl::hir_owner_parent::get_query_incr::__rust_end_short_backtrace      1 total usages
  query_impl::type_op_prove_predicate::get_query_incr::__rust_end_short_backtrace      1 total usages
  query_impl::lit_to_const::get_query_incr::__rust_end_short_backtrace      1 total usages
  pat::PatId::new      1 total usages
  expr_use_visitor::ExprUseVisitor::<'tcx, Cx, D>::borrow_expr      1 total usages
  ty::print::pretty::RTN_MODE      1 total usages
  interpret::validity::<impl interpret::eval_context::InterpCx<'tcx, M>>::validate_operand_internal      1 total usages
  creader::CStore::load      1 total usages
  type_check::liveness::LiveVariablesVisitor::<'a, 'tcx>::record_regions_live_at      1 total usages
  query_impl::allocator_kind::dynamic_query::{closure#2}::{closure#0}      1 total usages
  interpret::traits::<impl interpret::eval_context::InterpCx<'tcx, M>>::get_vtable_ptr      1 total usages
  query_impl::type_of_opaque::get_query_incr::__rust_end_short_backtrace      1 total usages
  <collect::ItemCtxt<'tcx> as hir_ty_lowering::HirTyLowerer<'tcx>>::select_inherent_assoc_candidates::{closure#0}::{closure#0}      1 total usages
  query_impl::check_mono_item::dynamic_query::{closure#2}::{closure#0}      1 total usages
  query_impl::analysis::dynamic_query::{closure#2}      1 total usages
  query_impl::check_mod_attrs::dynamic_query::{closure#2}::{closure#0}      1 total usages
  query_impl::proc_macro_decls_static::dynamic_query::{closure#2}      1 total usages
  path::<impl LoweringContext<'a, 'hir>>::lower_qpath      1 total usages
  query_impl::ty_span::dynamic_query::{closure#2}::{closure#0}      1 total usages
  query_impl::list_significant_drop_tys::try_collect_active_jobs      1 total usages
  query_impl::default_field::get_query_incr::__rust_end_short_backtrace      1 total usages
  query_impl::opt_hir_owner_nodes::try_collect_active_jobs      1 total usages
  query_impl::type_param_predicates::dynamic_query::{closure#2}      1 total usages
  query_impl::type_op_ascribe_user_type::try_collect_active_jobs      1 total usages
  query_impl::symbol_name::dynamic_query::{closure#2}      1 total usages
  <dyn hir_ty_lowering::HirTyLowerer<'tcx>>::lower_resolved_assoc_const_path      1 total usages
  fallback::<impl fn_ctxt::FnCtxt<'_, 'tcx>>::fallback_types      1 total usages
  query_impl::default_field::dynamic_query::{closure#2}::{closure#0}      1 total usages
  pass_manager::run_passes_inner      1 total usages
  query_impl::check_unsafety::dynamic_query::{closure#2}::{closure#0}      1 total usages
  query_impl::get_lang_items::dynamic_query::{closure#2}      1 total usages
  simplify::remove_unused_definitions_helper::{closure#0}      1 total usages
  query_impl::needs_drop_raw::dynamic_query::{closure#2}::{closure#0}      1 total usages
  interpret::step::<impl interpret::eval_context::InterpCx<'tcx, M>>::eval_terminator::{closure#3}      1 total usages
  query_impl::exported_non_generic_symbols::dynamic_query::{closure#2}      1 total usages
  query_impl::coroutine_kind::dynamic_query::{closure#2}::{closure#0}      1 total usages
  builder::matches::<impl builder::Builder<'a, 'tcx>>::match_expr      1 total usages
  method::suggest::<impl fn_ctxt::FnCtxt<'a, 'tcx>>::report_method_error      1 total usages
  query_impl::diagnostic_items::dynamic_query::{closure#2}      1 total usages
  infer::InferCtxt::<'tcx>::next_nll_region_var      1 total usages
  imports::<impl Resolver<'ra, 'tcx>>::resolve_import      1 total usages
  error_reporting::infer::need_type_info::fmt_printer::{closure#0}      1 total usages
  query_impl::entry_fn::try_collect_active_jobs      1 total usages
  query_impl::trait_explicit_predicates_and_bounds::try_collect_active_jobs      1 total usages
  query_impl::reveal_opaque_types_in_bounds::dynamic_query::{closure#2}::{closure#0}      1 total usages
  thir::pattern::const_to_pat::ConstToPat::<'tcx>::new      1 total usages
  query_impl::clashing_extern_declarations::try_collect_active_jobs      1 total usages
  query_impl::item_self_bounds::try_collect_active_jobs      1 total usages
  query_impl::asm_target_features::get_query_incr::__rust_end_short_backtrace      1 total usages
  diagnostics::conflict_errors::<impl MirBorrowckCtxt<'_, 'infcx, 'tcx>>::annotate_fn_sig      1 total usages
  query_impl::deduced_param_attrs::get_query_incr::__rust_end_short_backtrace      1 total usages
  query_impl::unsizing_params_for_adt::get_query_incr::__rust_end_short_backtrace      1 total usages
  query_impl::mir_for_ctfe::get_query_incr::__rust_end_short_backtrace      1 total usages
  const_eval::valtrees::dump_place      1 total usages
  LoweringContext::<'a, 'hir>::lower_param_bound      1 total usages
  query_impl::mir_shims::dynamic_query::{closure#2}::{closure#0}      1 total usages
  maybe_transmutable::MaybeTransmutableQuery::<layout::dfa::Dfa<<C as maybe_transmutable::query_context::QueryContext>::Region, <C as maybe_transmutable::query_context::QueryContext>::Type>, C>::answer_memo      1 total usages
  query_impl::native_library::get_query_incr::__rust_end_short_backtrace      1 total usages
  query_impl::mir_built::try_collect_active_jobs      1 total usages
  query_impl::ty_span::get_query_incr::__rust_end_short_backtrace      1 total usages
  query_impl::item_bounds::dynamic_query::{closure#2}      1 total usages
  query_impl::fn_abi_of_fn_ptr::get_query_incr::__rust_end_short_backtrace      1 total usages
  query_impl::normalize_canonicalized_inherent_projection_ty::dynamic_query::{closure#2}::{closure#0}      1 total usages
  coverage::unexpand      1 total usages
  query_impl::diagnostic_hir_wf_check::dynamic_query::{closure#2}      1 total usages
  query_impl::typeck::dynamic_query::{closure#2}::{closure#0}      1 total usages
  query_impl::vtable_entries::dynamic_query::{closure#2}::{closure#0}      1 total usages
  ty::print::pretty::NO_VISIBLE_PATH_IF_DOC_HIDDEN      1 total usages
  query_impl::dep_kind::try_collect_active_jobs      1 total usages
  query_impl::should_inherit_track_caller::dynamic_query::{closure#2}::{closure#0}      1 total usages
  query_impl::dyn_compatibility_violations::try_collect_active_jobs      1 total usages
  query_impl::check_transmutes::dynamic_query::{closure#2}::{closure#0}      1 total usages
  <unused::UnusedResults as passes::LateLintPass<'tcx>>::check_stmt::emit_must_use_untranslated      1 total usages
  query_impl::explicit_implied_predicates_of::dynamic_query::{closure#2}      1 total usages
  gvn::VnState::<'body, 'tcx>::assign      1 total usages
  query_impl::fn_abi_of_fn_ptr::dynamic_query::{closure#2}::{closure#0}      1 total usages
  traits::select::ProvisionalEvaluationCache::<'tcx>::insert_provisional      1 total usages
  query_impl::live_symbols_and_ignored_derived_traits::try_collect_active_jobs      1 total usages
  query_impl::env_var_os::try_collect_active_jobs      1 total usages
  query_impl::clashing_extern_declarations::dynamic_query::{closure#2}::{closure#0}      1 total usages
  query_impl::backend_optimization_level::try_collect_active_jobs      1 total usages
  query_impl::reachable_set::try_collect_active_jobs      1 total usages
  traits::select::candidate_assembly::<impl traits::select::SelectionContext<'cx, 'tcx>>::reject_fn_ptr_impls::{closure#0}      1 total usages
  late::LateResolutionVisitor::<'a, 'ast, 'ra, 'tcx>::resolve_elided_lifetimes_in_path      1 total usages
  error_reporting::infer::note_and_explain::<impl error_reporting::TypeErrCtxt<'_, 'tcx>>::point_at_associated_type      1 total usages
  collector::collect_const_value      1 total usages
  query_impl::should_inherit_track_caller::dynamic_query::{closure#2}      1 total usages
  query_impl::region_scope_tree::dynamic_query::{closure#2}      1 total usages
  search_graph::SearchGraph::<D>::evaluate_goal::{closure#0}::{closure#0}      1 total usages
  coroutine::StorageConflictVisitor::<'_, '_>::apply_state      1 total usages
  coercion::Coerce::<'f, 'tcx>::coerce_closure_to_fn      1 total usages
  query_impl::const_conditions::dynamic_query::{closure#2}::{closure#0}      1 total usages
  query_impl::lib_features::dynamic_query::{closure#2}      1 total usages
  coroutine::check_must_not_suspend_ty      1 total usages
  BorrowckInferCtxt::<'tcx>::next_region_var      1 total usages
  query::erase         1 total usages
  version              1 total usages
  precedence           1 total usages
  check::compare_impl_item::check_type_bounds::{closure#1}      1 total usages
  LoweringContext::<'a, 'hir>::lower_poly_trait_ref      1 total usages
  variance::constraints::ConstraintContext::<'a, 'tcx>::build_constraints_for_item      1 total usages
  mir::block::<impl mir::FunctionCx<'a, 'tcx, Bx>>::codegen_block      1 total usages
  <dest_prop::FindAssignments<'_, 'tcx> as rustc_middle::mir::visit::Visitor<'tcx>>::visit_statement      1 total usages
  query_impl::upstream_drop_glue_for::try_collect_active_jobs      1 total usages
  region_infer::RegionInferenceContext::<'tcx>::check_universal_region      1 total usages
  query_impl::representability::try_collect_active_jobs      1 total usages
  test::expand_test_or_bench      1 total usages
  <dyn hir_ty_lowering::HirTyLowerer<'tcx>>::lower_generic_args_of_assoc_item      1 total usages
  infer::region_constraints::leak_check::LeakCheck::<'a, 'tcx>::error      1 total usages
  query_impl::mir_borrowck::get_query_incr::__rust_end_short_backtrace      1 total usages
  persist::load::delete_dirty_work_product      1 total usages
  <relate::solver_relating::SolverRelating<'_, Infcx, I> as relate::TypeRelation<I>>::relate_with_variance      1 total usages
  query_impl::promoted_mir::dynamic_query::{closure#2}      1 total usages
  context::LintStore::check_lint_name      1 total usages
  query_impl::eval_to_allocation_raw::dynamic_query::{closure#2}::{closure#0}      1 total usages
  query_impl::resolutions::try_collect_active_jobs      1 total usages
  query_impl::lookup_default_body_stability::get_query_incr::__rust_end_short_backtrace      1 total usages
  <borrow_set::GatherBorrows<'a, 'tcx> as rustc_middle::mir::visit::Visitor<'tcx>>::visit_assign      1 total usages
  query_impl::const_conditions::try_collect_active_jobs      1 total usages
  <traits::select::_match::MatchAgainstFreshVars<'tcx> as rustc_infer::infer::relate::TypeRelation<rustc_middle::ty::TyCtxt<'tcx>>>::regions      1 total usages
  query_impl::nested_bodies_within::dynamic_query::{closure#2}::{closure#0}      1 total usages
  ice_path_with_config::{closure#0}      1 total usages
  query_impl::mir_promoted::try_collect_active_jobs      1 total usages
  definitions::DefPathTable::allocate      1 total usages
  query_impl::analysis::dynamic_query::{closure#2}::{closure#0}      1 total usages
  interpret::intern::intern_const_alloc_for_constprop      1 total usages
  query_impl::used_crates::get_query_incr::__rust_end_short_backtrace      1 total usages
  query_impl::type_op_prove_predicate::dynamic_query::{closure#2}      1 total usages
  query_impl::late_bound_vars_map::dynamic_query::{closure#2}::{closure#0}      1 total usages
  query_impl::fn_abi_of_instance::dynamic_query::{closure#2}      1 total usages
  infer::InferCtxt::<'tcx>::sub_regions      1 total usages
  <collector::MirUsedCollector<'a, 'tcx> as rustc_middle::mir::visit::Visitor<'tcx>>::visit_const_operand      1 total usages
  query_impl::is_ctfe_mir_available::get_query_incr::__rust_end_short_backtrace      1 total usages
  query_impl::is_doc_notable_trait::try_collect_active_jobs      1 total usages
  query_impl::region_scope_tree::try_collect_active_jobs      1 total usages
  mbe::macro_rules::try_match_macro_attr      1 total usages
  query_impl::impl_super_outlives::get_query_incr::__rust_end_short_backtrace      1 total usages
  <infer::outlives::test_type_match::MatchAgainstHigherRankedOutlives<'tcx> as rustc_type_ir::relate::TypeRelation<rustc_middle::ty::TyCtxt<'tcx>>>::relate_with_variance      1 total usages
  search_graph::SearchGraph::<D>::evaluate_goal::{closure#0}      1 total usages
  spec::base::haiku      1 total usages
  query_impl::size_estimate::try_collect_active_jobs      1 total usages
  query_impl::tag_for_variant::try_collect_active_jobs      1 total usages
  persist::load::setup_dep_graph::{closure#1}      1 total usages
  impl_wf_check::min_specialization::check_specialization_on      1 total usages
  fn_ctxt::suggestions::<impl fn_ctxt::FnCtxt<'a, 'tcx>>::suggest_deref_unwrap_or      1 total usages
  query_impl::has_ffi_unwind_calls::dynamic_query::{closure#2}      1 total usages
  query_impl::resolver_for_lowering_raw::get_query_incr::__rust_end_short_backtrace      1 total usages
  fn_ctxt::suggestions::<impl fn_ctxt::FnCtxt<'a, 'tcx>>::try_suggest_return_impl_trait      1 total usages
  query_impl::coroutine_for_closure::try_collect_active_jobs      1 total usages
  query_impl::adt_async_destructor::dynamic_query::{closure#2}      1 total usages
  rmeta::decoder::<impl rustc_serialize::Decodable<rmeta::decoder::DecodeContext<'a, 'tcx>> for rustc_span::SpanData>::decode      1 total usages
  query_impl::has_panic_handler::dynamic_query::{closure#2}      1 total usages
  dropck_outlives::dropck_outlives      1 total usages
  traits::select::SelectionContext::<'_, 'tcx>::closure_trait_ref_unnormalized      1 total usages
  polonius::legacy::emit_drop_facts      1 total usages
  query_impl::mir_for_ctfe::dynamic_query::{closure#2}      1 total usages
  query_impl::entry_fn::dynamic_query::{closure#2}::{closure#0}      1 total usages
  query_impl::required_panic_strategy::try_collect_active_jobs      1 total usages
  simplify::CfgSimplifier::<'a, 'tcx>::collapse_goto_chain      1 total usages
  query_impl::local_def_id_to_hir_id::try_collect_active_jobs      1 total usages
  builder::matches::<impl builder::Builder<'a, 'tcx>>::bind_matched_candidate_for_arm_body      1 total usages
  query_impl::codegen_unit::get_query_incr::__rust_end_short_backtrace      1 total usages
  query_impl::mir_built::get_query_incr::__rust_end_short_backtrace      1 total usages
  query_impl::associated_item::dynamic_query::{closure#2}      1 total usages
  query_impl::implementations_of_trait::dynamic_query::{closure#2}::{closure#0}      1 total usages
  interpret::eval_context::InterpCx::<'tcx, M>::load_mir      1 total usages
  query_impl::fn_arg_idents::try_collect_active_jobs      1 total usages
  type_check::liveness::generate      1 total usages
  query_impl::visibility::get_query_incr::__rust_end_short_backtrace      1 total usages
  query_impl::coroutine_by_move_body_def_id::dynamic_query::{closure#2}::{closure#0}      1 total usages
  interpret::cast::<impl interpret::eval_context::InterpCx<'tcx, M>>::cast::{closure#1}      1 total usages
  mir::rvalue::<impl mir::FunctionCx<'a, 'tcx, Bx>>::codegen_rvalue_operand      1 total usages
  <upvar::InferBorrowKind<'tcx> as expr_use_visitor::Delegate<'tcx>>::mutate      1 total usages
  query_impl::module_children::try_collect_active_jobs      1 total usages
  query_impl::layout_of::try_collect_active_jobs      1 total usages
  type_check::free_region_relations::UniversalRegionRelationsBuilder::<'_, 'tcx>::add_outlives_bounds      1 total usages
  interpret::step::<impl interpret::eval_context::InterpCx<'tcx, M>>::write_aggregate      1 total usages
  query_impl::crate_inherent_impls::get_query_incr::__rust_end_short_backtrace      1 total usages
  query_impl::check_mod_deathness::try_collect_active_jobs      1 total usages
  query_impl::trait_impls_of::get_query_incr::__rust_end_short_backtrace      1 total usages
  query_impl::allocator_kind::dynamic_query::{closure#2}      1 total usages
  solve::assembly::<impl solve::eval_ctxt::EvalCtxt<'_, D>>::assemble_object_bound_candidates      1 total usages
  check::wfcheck::enter_wf_checking_ctxt      1 total usages
  query_impl::check_potentially_region_dependent_goals::get_query_incr::__rust_end_short_backtrace      1 total usages
  query_impl::valtree_to_const_val::dynamic_query::{closure#2}      1 total usages
  query_impl::check_mod_deathness::get_query_incr::__rust_end_short_backtrace      1 total usages
  query_impl::explicit_super_predicates_of::try_collect_active_jobs      1 total usages
  search_graph::SearchGraph::<D>::lookup_global_cache::{closure#0}      1 total usages
  query_impl::item_non_self_bounds::try_collect_active_jobs      1 total usages
  SESSION_GLOBALS::FOO      1 total usages
  query_impl::vtable_allocation::try_collect_active_jobs      1 total usages
  query_impl::is_freeze_raw::try_collect_active_jobs      1 total usages
  query_impl::expn_that_defined::try_collect_active_jobs      1 total usages
  query_impl::type_op_normalize_ty::dynamic_query::{closure#2}::{closure#0}      1 total usages
  MirBorrowckCtxt::<'a, '_, 'tcx>::check_access_for_conflict      1 total usages
  late::LateResolutionVisitor::<'a, 'ast, 'ra, 'tcx>::resolve_elided_lifetime      1 total usages
  query_impl::dependency_formats::try_collect_active_jobs      1 total usages
  query_impl::defined_lang_items::get_query_incr::__rust_end_short_backtrace      1 total usages
  query_impl::param_env::dynamic_query::{closure#2}::{closure#0}      1 total usages
  rmeta::encoder::EncodeContext::<'a, 'tcx>::encode_info_for_macro      1 total usages
  builder::custom::parse::instruction::<impl builder::custom::ParseCtxt<'a, 'tcx>>::parse_statement      1 total usages
  query_impl::asyncness::dynamic_query::{closure#2}      1 total usages
  query_impl::early_lint_checks::get_query_incr::__rust_end_short_backtrace      1 total usages
  query_impl::normalize_canonicalized_free_alias::try_collect_active_jobs      1 total usages
  infer::snapshot::<impl infer::InferCtxt<'tcx>>::probe      1 total usages
  callee::<impl fn_ctxt::FnCtxt<'a, 'tcx>>::enforce_context_effects      1 total usages
  types::get_nullable_type      1 total usages
  <lifetime_syntax::LifetimeSyntax as passes::LateLintPass<'tcx>>::check_foreign_item      1 total usages
  query_impl::diagnostic_items::try_collect_active_jobs      1 total usages
  query_impl::inherent_impls::dynamic_query::{closure#2}::{closure#0}      1 total usages
  query_impl::type_alias_is_lazy::try_collect_active_jobs      1 total usages
  query_impl::inherit_sig_for_delegation_item::try_collect_active_jobs      1 total usages
  error_reporting::traits::suggestions::<impl error_reporting::TypeErrCtxt<'a, 'tcx>>::note_obligation_cause_code      1 total usages
  query_impl::check_mod_privacy::dynamic_query::{closure#2}      1 total usages
  query_impl::eval_to_valtree::try_collect_active_jobs      1 total usages
  query_impl::type_op_normalize_clause::dynamic_query::{closure#2}::{closure#0}      1 total usages
  query_impl::assumed_wf_types::try_collect_active_jobs      1 total usages
  LoweringContext::<'a, 'hir>::lower_lifetime_binder::{closure#0}      1 total usages
  query_impl::is_no_builtins::try_collect_active_jobs      1 total usages
  query_impl::local_trait_impls::dynamic_query::{closure#2}::{closure#0}      1 total usages
  query_impl::opaque_captured_lifetimes::try_collect_active_jobs      1 total usages
  query_impl::has_significant_drop_raw::get_query_incr::__rust_end_short_backtrace      1 total usages
  late::LateResolutionVisitor::<'a, 'ast, 'ra, 'tcx>::with_constant_rib      1 total usages
  check::wfcheck::check_where_clauses      1 total usages
  builder::cfg::<impl builder::CFG<'tcx>>::push      1 total usages
  query_impl::incoherent_impls::get_query_incr::__rust_end_short_backtrace      1 total usages
  query_impl::generics_require_sized_self::get_query_incr::__rust_end_short_backtrace      1 total usages
  query_impl::lib_features::try_collect_active_jobs      1 total usages
  query_impl::intrinsic_raw::dynamic_query::{closure#2}      1 total usages
  query_impl::generics_of::try_collect_active_jobs      1 total usages
  query_impl::codegen_fn_attrs::dynamic_query::{closure#2}      1 total usages
  interpret::place::<impl interpret::eval_context::InterpCx<'tcx, M>>::write_immediate      1 total usages
  ty::normalize_erasing_regions::TryNormalizeAfterErasingRegionsFolder::<'tcx>::try_normalize_generic_arg_after_erasing_regions      1 total usages
  solve::eval_ctxt::probe::TraitProbeCtxt::<'_, '_, D, I, F>::enter      1 total usages
  query_impl::late_bound_vars_map::try_collect_active_jobs      1 total usages
  query_impl::adt_destructor::try_collect_active_jobs      1 total usages
  type_check::free_region_relations::UniversalRegionRelationsBuilder::<'_, 'tcx>::add_implied_bounds::{closure#0}      1 total usages
  query_impl::compare_impl_item::try_collect_active_jobs      1 total usages
  query_impl::associated_types_for_impl_traits_in_trait_or_impl::dynamic_query::{closure#2}::{closure#0}      1 total usages
  query_impl::visibility::dynamic_query::{closure#2}::{closure#0}      1 total usages
  item::<impl LoweringContext<'_, 'hir>>::lower_use_tree      1 total usages
  query_impl::tag_for_variant::dynamic_query::{closure#2}::{closure#0}      1 total usages
  variance::constraints::ConstraintContext::<'a, 'tcx>::add_constraints_from_ty      1 total usages
  query_impl::all_diagnostic_items::get_query_incr::__rust_end_short_backtrace      1 total usages
  query_impl::const_conditions::dynamic_query::{closure#2}      1 total usages
  middle::region::ScopeTree::record_scope_parent      1 total usages
  query_impl::opaque_ty_origin::dynamic_query::{closure#2}::{closure#0}      1 total usages
  query_impl::const_conditions::get_query_incr::__rust_end_short_backtrace      1 total usages
  check::wfcheck::check_static_item      1 total usages
  add_moves_for_packed_drops::add_move_for_packed_drop      1 total usages
  context::LintStore::is_lint_group      1 total usages
  query_impl::mir_inliner_callees::try_collect_active_jobs      1 total usages
  query_impl::mir_const_qualif::dynamic_query::{closure#2}::{closure#0}      1 total usages
  query_impl::native_library::dynamic_query::{closure#2}      1 total usages
  query_impl::used_crates::dynamic_query::{closure#2}      1 total usages
  jump_threading::TOFinder::<'a, 'tcx>::process_immediate::{closure#0}      1 total usages
  traits::const_evaluatable::is_const_evaluatable      1 total usages
  universal_regions::UniversalRegionIndices::<'tcx>::insert_late_bound_region      1 total usages
  sync::worker_local::THREAD_DATA::{constant#0}::{closure#0}      1 total usages
  collect::type_of::opaque::find_opaque_ty_constraints_for_tait      1 total usages
  layout::ty           1 total usages
  query_impl::crate_incoherent_impls::dynamic_query::{closure#2}::{closure#0}      1 total usages
  query_impl::layout_of::dynamic_query::{closure#2}      1 total usages
  query_impl::explicit_predicates_of::try_collect_active_jobs      1 total usages
  builder::custom::parse::instruction::<impl builder::custom::ParseCtxt<'a, 'tcx>>::parse_return_to      1 total usages
  interpret::call::<impl interpret::eval_context::InterpCx<'tcx, M>>::init_fn_tail_call      1 total usages
  method::probe::ProbeContext::<'a, 'tcx>::assemble_extension_candidates_for_traits_in_scope      1 total usages
  query_impl::item_self_bounds::dynamic_query::{closure#2}::{closure#0}      1 total usages
  query_impl::alloc_error_handler_kind::dynamic_query::{closure#2}      1 total usages
  shim::build_drop_shim      1 total usages
  query_impl::type_alias_is_lazy::dynamic_query::{closure#2}::{closure#0}      1 total usages
  query_impl::missing_lang_items::try_collect_active_jobs      1 total usages
  query_impl::hir_crate::try_collect_active_jobs      1 total usages
  query_impl::params_in_repr::dynamic_query::{closure#2}      1 total usages
  query_impl::representability::get_query_incr::__rust_end_short_backtrace      1 total usages
  traits::predicates_for_generics      1 total usages
  query_impl::fn_arg_idents::dynamic_query::{closure#2}::{closure#0}      1 total usages
  compute_symbol_name      1 total usages
  query_impl::normalize_canonicalized_inherent_projection_ty::try_collect_active_jobs      1 total usages
  builder::custom::parse::<impl builder::custom::ParseCtxt<'a, 'tcx>>::parse_block_def      1 total usages
  method::suggest::<impl fn_ctxt::FnCtxt<'a, 'tcx>>::suggest_await_before_method      1 total usages
  query_impl::get_lang_items::get_query_incr::__rust_end_short_backtrace      1 total usages
  coroutine::check_field_tys_sized      1 total usages
  query_impl::early_lint_checks::dynamic_query::{closure#2}::{closure#0}      1 total usages
  query_impl::item_bounds::get_query_incr::__rust_end_short_backtrace      1 total usages
  query_impl::representability_adt_ty::dynamic_query::{closure#2}      1 total usages
  <rmeta::decoder::DecodeContext<'a, 'tcx> as rustc_span::SpanDecoder>::decode_syntax_context::{closure#0}      1 total usages
  thir::pattern::check_match::MatchVisitor::<'p, 'tcx>::check_let_chain      1 total usages
  dataflow             1 total usages
  check::region::resolve_block      1 total usages
  method::probe::<impl fn_ctxt::FnCtxt<'a, 'tcx>>::probe_for_return_type_for_diagnostic      1 total usages
  infer::region_constraints::RegionConstraintCollector::<'_, 'tcx>::add_constraint      1 total usages
  query_impl::cross_crate_inlinable::get_query_incr::__rust_end_short_backtrace      1 total usages
  type_check::free_region_relations::UniversalRegionRelations::<'_>::non_local_upper_bounds      1 total usages
  query_impl::default_field::try_collect_active_jobs      1 total usages
  mir::interpret::queries::<impl ty::context::TyCtxt<'tcx>>::const_eval_resolve      1 total usages
  builder::matches::<impl builder::Builder<'a, 'tcx>>::pick_test      1 total usages
  traits::dyn_compatibility::is_vtable_safe_method      1 total usages
  query_impl::live_symbols_and_ignored_derived_traits::get_query_incr::__rust_end_short_backtrace      1 total usages
  solve::eval_ctxt::EvalCtxt::<'a, D>::try_evaluate_added_goals      1 total usages
  patch::MirPatch::<'tcx>::add_statement      1 total usages
  rustc_internal::TLV::FOO      1 total usages
  check::wfcheck::test_region_obligations      1 total usages
  query_impl::live_symbols_and_ignored_derived_traits::dynamic_query::{closure#2}      1 total usages
  query_impl::unsizing_params_for_adt::dynamic_query::{closure#2}      1 total usages
  query_impl::hir_crate_items::dynamic_query::{closure#2}::{closure#0}      1 total usages
  query_impl::dependency_formats::dynamic_query::{closure#2}      1 total usages
  query_impl::is_no_builtins::dynamic_query::{closure#2}      1 total usages
  ty::print::pretty::<impl ty::context::TyCtxt<'t>>::def_path_str_with_args      1 total usages
  query_impl::defaultness::try_collect_active_jobs      1 total usages
  query_impl::is_codegened_item::get_query_incr::__rust_end_short_backtrace      1 total usages
  method::confirm::ConfirmContext::<'a, 'tcx>::add_obligations      1 total usages
  <traits::normalize::AssocTypeNormalizer<'a, 'b, 'tcx> as rustc_middle::ty::TypeFolder<rustc_middle::ty::TyCtxt<'tcx>>>::fold_const      1 total usages
  <infer::relate::type_relating::TypeRelating<'_, 'tcx> as rustc_type_ir::relate::TypeRelation<rustc_middle::ty::TyCtxt<'tcx>>>::regions      1 total usages
  query_impl::default_field::dynamic_query::{closure#2}      1 total usages
  type_check::canonical::<impl type_check::TypeChecker<'a, 'tcx>>::ascribe_user_type_skip_wf      1 total usages
  <collect::resolve_bound_vars::BoundVarContext<'a, 'tcx> as rustc_hir::intravisit::Visitor<'tcx>>::visit_impl_item      1 total usages
  query_impl::coroutine_by_move_body_def_id::dynamic_query::{closure#2}      1 total usages
  builder::expr::as_constant::lit_to_mir_constant      1 total usages
  infer::relate::higher_ranked::<impl infer::InferCtxt<'tcx>>::enter_forall_and_leak_universe::{closure#0}      1 total usages
  query_impl::trigger_delayed_bug::dynamic_query::{closure#2}      1 total usages
  query_impl::type_of::get_query_incr::__rust_end_short_backtrace      1 total usages
  query_impl::generics_require_sized_self::try_collect_active_jobs      1 total usages
  query_impl::check_liveness::dynamic_query::{closure#2}      1 total usages
  util::get_codegen_backend      1 total usages
  query_impl::crate_incoherent_impls::dynamic_query::{closure#2}      1 total usages
  <handle_placeholders::RegionTracker as rustc_data_structures::graph::scc::Annotation>::merge_scc      1 total usages
  <infer::outlives::test_type_match::MatchAgainstHigherRankedOutlives<'tcx> as rustc_type_ir::relate::TypeRelation<rustc_middle::ty::TyCtxt<'tcx>>>::consts      1 total usages
  query_impl::clashing_extern_declarations::dynamic_query::{closure#2}      1 total usages
  thir::pattern::PatCtxt::<'a, 'tcx>::lower_pattern::{closure#2}      1 total usages
  query_impl::adt_destructor::dynamic_query::{closure#2}::{closure#0}      1 total usages
  lexer::Lexer::<'psess, 'src>::next_token_from_cursor      1 total usages
  <back::linker::AixLinker<'a> as back::linker::Linker>::export_symbols      1 total usages
  mir::statement::<impl mir::FunctionCx<'a, 'tcx, Bx>>::codegen_statement      1 total usages
  infer::outlives::test_type_match::MatchAgainstHigherRankedOutlives::<'tcx>::bind      1 total usages
  query::plumbing::incremental_verify_ich_failed::INSIDE_VERIFY_PANIC      1 total usages
  ty::print::pretty::FORCE_TRIMMED_PATH::{constant#0}::{closure#0}      1 total usages
  <type_check::TypeChecker<'a, 'tcx> as rustc_middle::mir::visit::Visitor<'tcx>>::visit_span      1 total usages
  infer::opaque_types::table::OpaqueTypeStorage::<'tcx>::remove      1 total usages
  creader::CStore::process_extern_crate      1 total usages
  parser::Parser::<'a>::eat_lt      1 total usages
  query_impl::eval_to_const_value_raw::dynamic_query::{closure#2}      1 total usages
  query_impl::traits::get_query_incr::__rust_end_short_backtrace      1 total usages
  <infer::relate::lattice::LatticeOp<'_, 'tcx> as rustc_type_ir::relate::TypeRelation<rustc_middle::ty::TyCtxt<'tcx>>>::binders      1 total usages
  infer::type_variable::TypeVariableTable::<'_, 'tcx>::new_var      1 total usages
  query_impl::check_type_wf::try_collect_active_jobs      1 total usages
  infer::outlives::obligations::TypeOutlives::<'cx, 'tcx, D>::args_must_outlive      1 total usages
  query_impl::lint_mod::try_collect_active_jobs      1 total usages
  query_impl::debugger_visualizers::get_query_incr::__rust_end_short_backtrace      1 total usages
  query_impl::is_unreachable_local_definition::try_collect_active_jobs      1 total usages
  query_impl::crate_inherent_impls::try_collect_active_jobs      1 total usages
  traits::specialize::translate_args_with_cause      1 total usages
  query_impl::supertrait_vtable_slot::get_query_incr::__rust_end_short_backtrace      1 total usages
  type_check::relate_tys::<impl type_check::TypeChecker<'a, 'tcx>>::relate_types      1 total usages
  fn_ctxt::suggestions::<impl fn_ctxt::FnCtxt<'a, 'tcx>>::suggest_floating_point_literal      1 total usages
  query_impl::shallow_lint_levels_on::dynamic_query::{closure#2}::{closure#0}      1 total usages
  query_impl::crate_incoherent_impls::try_collect_active_jobs      1 total usages
  query_impl::coroutine_for_closure::dynamic_query::{closure#2}::{closure#0}      1 total usages
  query_impl::evaluate_root_goal_for_proof_tree_raw::dynamic_query::{closure#2}      1 total usages
  query_impl::lint_mod::dynamic_query::{closure#2}::{closure#0}      1 total usages
  query_impl::exportable_items::dynamic_query::{closure#2}      1 total usages
  hygiene::decode_expn_id      1 total usages
  graph::linked_graph::LinkedGraph::<N, E>::add_edge      1 total usages
  query_impl::size_estimate::get_query_incr::__rust_end_short_backtrace      1 total usages
  type_check::liveness::trace::LivenessResults::<'a, 'typeck, 'tcx>::add_defs_for      1 total usages
  <ty::opaque_types::ReverseMapper<'tcx> as rustc_type_ir::TypeFolder<ty::context::TyCtxt<'tcx>>>::fold_ty      1 total usages
  <index::NodeCollector<'a, 'hir> as rustc_hir::intravisit::Visitor<'hir>>::visit_nested_item      1 total usages
  <rustc_middle::mir::Place<'tcx> as place_ext::PlaceExt<'tcx>>::ignore_borrow      1 total usages
  Resolver::<'ra, 'tcx>::record_pat_span      1 total usages
  query_impl::explicit_predicates_of::get_query_incr::__rust_end_short_backtrace      1 total usages
  query_impl::assumed_wf_types::dynamic_query::{closure#2}      1 total usages
  interpret::memory::AllocRefMut::<'a, 'tcx, Prov, Extra, Bytes>::write_scalar      1 total usages
  query_impl::late_bound_vars_map::get_query_incr::__rust_end_short_backtrace      1 total usages
  query_impl::attrs_for_def::dynamic_query::{closure#2}::{closure#0}      1 total usages
  pass_manager::PASS_TO_PROFILER_NAMES::{constant#0}::{closure#1}      1 total usages
  codegen::codegen_select_candidate      1 total usages
  query_impl::used_trait_imports::dynamic_query::{closure#2}      1 total usages
  query_impl::analysis::try_collect_active_jobs      1 total usages
  query_impl::extern_crate::get_query_incr::__rust_end_short_backtrace      1 total usages
  query_impl::is_doc_hidden::dynamic_query::{closure#2}::{closure#0}      1 total usages
  opaque_types::opaque_types_defined_by      1 total usages
  infer::lexical_region_resolve::LexicalRegionResolutions::<'tcx>::resolve_region      1 total usages
  <check_consts::check::Checker<'_, 'tcx> as rustc_middle::mir::visit::Visitor<'tcx>>::visit_rvalue      1 total usages
  item::<impl LoweringContext<'_, 'hir>>::lower_generics      1 total usages
  infer::lexical_region_resolve::LexicalResolver::<'cx, 'tcx>::collect_var_errors      1 total usages
  spec::base::linux      1 total usages
  query_impl::is_compiler_builtins::dynamic_query::{closure#2}::{closure#0}      1 total usages
  back::lto::exported_symbols_for_lto      1 total usages
  query_impl::def_kind::dynamic_query::{closure#2}::{closure#0}      1 total usages
  query_impl::is_unreachable_local_definition::get_query_incr::__rust_end_short_backtrace      1 total usages
  <simplify_branches::SimplifyConstCondition as pass_manager::MirPass<'tcx>>::run_pass      1 total usages
  query_impl::is_impossible_associated_item::get_query_incr::__rust_end_short_backtrace      1 total usages
  solve::<impl solve::eval_ctxt::EvalCtxt<'a, D>>::compute_coerce_goal      1 total usages
  <collect::resolve_bound_vars::BoundVarContext<'a, 'tcx> as rustc_hir::intravisit::Visitor<'tcx>>::visit_lifetime      1 total usages
  error_reporting::infer::suggest::<impl error_reporting::TypeErrCtxt<'_, 'tcx>>::suggest_function_pointers      1 total usages
  traits::project::confirm_async_iterator_candidate      1 total usages
  liveness::Liveness::<'a, 'tcx>::merge_from_succ      1 total usages
  method::probe::<impl fn_ctxt::FnCtxt<'a, 'tcx>>::probe_op      1 total usages
  rmeta::decoder::<impl creader::CrateMetadataRef<'a>>::imported_source_file::{closure#2}      1 total usages
  <infer::canonical::canonicalizer::CanonicalizeQueryResponse as infer::canonical::canonicalizer::CanonicalizeMode>::canonicalize_free_region      1 total usages
  query_impl::is_impossible_associated_item::dynamic_query::{closure#2}::{closure#0}      1 total usages
  fn_ctxt::suggestions::<impl fn_ctxt::FnCtxt<'a, 'tcx>>::suggest_null_ptr_for_literal_zero_given_to_ptr_arg      1 total usages
  fn_ctxt::_impl::<impl fn_ctxt::FnCtxt<'a, 'tcx>>::add_required_obligations_with_code      1 total usages
  query_impl::inferred_outlives_of::dynamic_query::{closure#2}      1 total usages
  query_impl::used_crate_source::dynamic_query::{closure#2}      1 total usages
  query_impl::inhabited_predicate_type::dynamic_query::{closure#2}::{closure#0}      1 total usages
  LoweringContext::<'a, 'hir>::create_def      1 total usages
  config::parse_pretty      1 total usages
  query_impl::is_panic_runtime::dynamic_query::{closure#2}      1 total usages
  query_impl::params_in_repr::get_query_incr::__rust_end_short_backtrace      1 total usages
  diagnostics::outlives_suggestion::OutlivesSuggestionBuilder::collect_constraint      1 total usages
  traits::project::assemble_candidates_from_impls      1 total usages
  query_impl::item_bounds::try_collect_active_jobs      1 total usages
  check::wfcheck::check_associated_item      1 total usages
  query_impl::rust_target_features::try_collect_active_jobs      1 total usages
  persist::save::save_work_product_index      1 total usages
  query_impl::stripped_cfg_items::dynamic_query::{closure#2}      1 total usages
  query_impl::module_children::dynamic_query::{closure#2}      1 total usages
  markdown::term::WIDTH::{constant#0}::{closure#0}      1 total usages
  mir::operand::<impl mir::FunctionCx<'a, 'tcx, Bx>>::codegen_consume      1 total usages
  query_impl::check_transmutes::dynamic_query::{closure#2}      1 total usages
  query_impl::wasm_import_module_map::dynamic_query::{closure#2}      1 total usages
  query_impl::mir_promoted::get_query_incr::__rust_end_short_backtrace      1 total usages
  query_impl::check_mono_item::get_query_incr::__rust_end_short_backtrace      1 total usages
  <dyn hir_ty_lowering::HirTyLowerer<'tcx>>::probe_generic_path_segments      1 total usages
  late::LateResolutionVisitor::<'a, 'ast, 'ra, 'tcx>::resolve_adt      1 total usages
  diagnostics::region_errors::<impl MirBorrowckCtxt<'_, 'infcx, 'tcx>>::report_escaping_data_error      1 total usages
  query_impl::missing_lang_items::dynamic_query::{closure#2}::{closure#0}      1 total usages
  query_impl::exportable_items::get_query_incr::__rust_end_short_backtrace      1 total usages
  query_impl::explicit_supertraits_containing_assoc_item::try_collect_active_jobs      1 total usages
  query_impl::trait_impls_of::dynamic_query::{closure#2}::{closure#0}      1 total usages
  sync::lock::Lock::<T>::lock_assume      1 total usages
  check::check::check_type_alias_type_params_are_used      1 total usages
  query_impl::is_private_dep::try_collect_active_jobs      1 total usages
  query_impl::adt_def::try_collect_active_jobs      1 total usages
  interpret::validity::ValidityVisitor::<'rt, 'tcx, M>::reset_padding      1 total usages
  query_impl::local_trait_impls::try_collect_active_jobs      1 total usages
  <infer::relate::type_relating::TypeRelating<'_, 'tcx> as rustc_type_ir::relate::TypeRelation<rustc_middle::ty::TyCtxt<'tcx>>>::consts      1 total usages
  query_impl::type_op_normalize_clause::dynamic_query::{closure#2}      1 total usages
  query_impl::is_mir_available::get_query_incr::__rust_end_short_backtrace      1 total usages
  query_impl::typing_env_normalized_for_post_analysis::dynamic_query::{closure#2}      1 total usages
  query_impl::mir_for_ctfe::dynamic_query::{closure#2}::{closure#0}      1 total usages
  query_impl::def_kind::try_collect_active_jobs      1 total usages
  query_impl::check_liveness::get_query_incr::__rust_end_short_backtrace      1 total usages
  query_impl::lookup_const_stability::try_collect_active_jobs      1 total usages
  region_infer::RegionInferenceContext::<'tcx>::check_universal_regions      1 total usages
  LoweringContext::<'a, 'hir>::lower_const_path_to_const_arg      1 total usages
  query_impl::crate_extern_paths::dynamic_query::{closure#2}      1 total usages
  query_impl::is_late_bound_map::dynamic_query::{closure#2}      1 total usages
  query_impl::type_of::dynamic_query::{closure#2}      1 total usages
  query_impl::check_well_formed::dynamic_query::{closure#2}::{closure#0}      1 total usages
  late::LateResolutionVisitor::<'a, 'ast, 'ra, 'tcx>::with_lifetime_rib      1 total usages
  bridge::server::ALREADY_RUNNING_SAME_THREAD::{constant#0}::{closure#0}      1 total usages
  query_impl::nested_bodies_within::try_collect_active_jobs      1 total usages
  query_impl::is_codegened_item::try_collect_active_jobs      1 total usages
  coherence::builtin::visit_implementation_of_coerce_unsized      1 total usages
  query_impl::vtable_entries::get_query_incr::__rust_end_short_backtrace      1 total usages
  query_impl::impl_super_outlives::dynamic_query::{closure#2}      1 total usages
  ty::sty::ParamConst::find_const_ty_from_env      1 total usages
  needs_drop::drop_tys_helper::{closure#0}::{closure#0}      1 total usages
  query_impl::normalize_canonicalized_inherent_projection_ty::dynamic_query::{closure#2}      1 total usages
  solve::<impl solve::eval_ctxt::EvalCtxt<'a, D>>::compute_well_formed_goal      1 total usages
  query_impl::normalize_canonicalized_projection_ty::dynamic_query::{closure#2}      1 total usages
  query_impl::disabled_sanitizers_for::dynamic_query::{closure#2}::{closure#0}      1 total usages
  normalize_projection_ty::normalize_canonicalized_free_alias      1 total usages
  query_impl::crate_host_hash::dynamic_query::{closure#2}      1 total usages
  query_impl::is_unpin_raw::dynamic_query::{closure#2}      1 total usages
  variance::constraints::ConstraintContext::<'a, 'tcx>::add_constraint      1 total usages
  abi::make_thin_self_ptr      1 total usages
  query_impl::def_span::get_query_incr::__rust_end_short_backtrace      1 total usages
  query_impl::local_def_id_to_hir_id::dynamic_query::{closure#2}::{closure#0}      1 total usages
  fn_ctxt::_impl::<impl fn_ctxt::FnCtxt<'a, 'tcx>>::resolve_coroutine_interiors      1 total usages
  query_impl::extra_filename::dynamic_query::{closure#2}::{closure#0}      1 total usages
  query_impl::assumed_wf_types::dynamic_query::{closure#2}::{closure#0}      1 total usages
  infer::region_constraints::RegionConstraintCollector::<'_, 'tcx>::glb_regions      1 total usages
  const_eval::valtrees::valtree_to_ref      1 total usages
  query_impl::stripped_cfg_items::get_query_incr::__rust_end_short_backtrace      1 total usages
  region_infer::RegionInferenceContext::<'tcx>::find_sub_region_live_at::{closure#0}::{closure#0}      1 total usages
  writeback::Resolver::<'cx, 'tcx>::handle_term      1 total usages
  query_impl::deduced_param_attrs::try_collect_active_jobs      1 total usages
  errors::wrong_number_of_generic_args::WrongNumberOfGenericArgs::<'a, 'tcx>::suggest_removing_args_or_generics::{closure#0}      1 total usages
  query_impl::eval_static_initializer::dynamic_query::{closure#2}::{closure#0}      1 total usages
  query_impl::inherent_impls::get_query_incr::__rust_end_short_backtrace      1 total usages
  query_impl::has_panic_handler::dynamic_query::{closure#2}::{closure#0}      1 total usages
  mir::interpret::queries::<impl ty::context::TyCtxt<'tcx>>::const_eval_poly_to_alloc      1 total usages
  type_check::constraint_conversion::ConstraintConversion::<'a, 'tcx>::convert      1 total usages
  query_impl::check_unused_traits::dynamic_query::{closure#2}      1 total usages
  error_reporting::infer::suggest::<impl error_reporting::TypeErrCtxt<'_, 'tcx>>::could_remove_semicolon      1 total usages
  <dyn hir_ty_lowering::HirTyLowerer<'tcx>>::try_lower_anon_const_lit      1 total usages
  solve::assembly::<impl solve::eval_ctxt::EvalCtxt<'_, D>>::assemble_and_evaluate_candidates      1 total usages
  <back::linker::MsvcLinker<'a> as back::linker::Linker>::export_symbols      1 total usages
  query_impl::dyn_compatibility_violations::get_query_incr::__rust_end_short_backtrace      1 total usages
  creader::CStore::register_crate      1 total usages
  query_impl::specializes::try_collect_active_jobs      1 total usages
  expr_use_visitor::ExprUseVisitor::<'tcx, Cx, D>::consume_expr      1 total usages
  region_infer::values::RegionValues::<N>::add_element      1 total usages
  spec::base::lynxos178      1 total usages
  query_impl::coroutine_kind::get_query_incr::__rust_end_short_backtrace      1 total usages
  writeback::WritebackCx::<'cx, 'tcx>::write_ty_to_typeck_results      1 total usages
  query_impl::check_validity_requirement::get_query_incr::__rust_end_short_backtrace      1 total usages
  assert_module_sources::CguReuseTracker::set_actual_reuse      1 total usages
  query_impl::hir_owner_parent::try_collect_active_jobs      1 total usages
  query_impl::defaultness::dynamic_query::{closure#2}::{closure#0}      1 total usages
  query_impl::codegen_select_candidate::dynamic_query::{closure#2}      1 total usages
  solve::<impl solve::eval_ctxt::EvalCtxt<'a, D>>::compute_type_outlives_goal      1 total usages
  traits::wf::WfPredicates::<'a, 'tcx>::add_wf_preds_for_trait_pred      1 total usages
  expr_use_visitor::ExprUseVisitor::<'tcx, Cx, D>::walk_expr      1 total usages
  query_impl::check_mod_attrs::try_collect_active_jobs      1 total usages
  <collect::type_of::opaque::TaitConstraintLocator<'tcx> as rustc_hir::intravisit::Visitor<'tcx>>::visit_foreign_item      1 total usages
  query_impl::cross_crate_inlinable::dynamic_query::{closure#2}::{closure#0}      1 total usages
  check_pointers::check_pointers      1 total usages
  MirBorrowckCtxt::<'a, '_, 'tcx>::check_for_local_borrow      1 total usages
  passes::write_out_deps::hash_iter_files::{closure#0}::{closure#0}::{closure#2}      1 total usages
  query_impl::reveal_opaque_types_in_bounds::try_collect_active_jobs      1 total usages
  query_impl::unsizing_params_for_adt::try_collect_active_jobs      1 total usages
  query_impl::is_sized_raw::try_collect_active_jobs      1 total usages
  query_impl::dropck_outlives::get_query_incr::__rust_end_short_backtrace      1 total usages
  query_impl::early_lint_checks::try_collect_active_jobs      1 total usages
  query_impl::lint_mod::get_query_incr::__rust_end_short_backtrace      1 total usages
  query_impl::upstream_drop_glue_for::dynamic_query::{closure#2}      1 total usages
  query_impl::is_doc_notable_trait::dynamic_query::{closure#2}      1 total usages
  query_impl::registered_tools::dynamic_query::{closure#2}      1 total usages
  interpret::eval_context::InterpCx::<'tcx, M>::layout_of::{closure#0}      1 total usages
  query_impl::lit_to_const::dynamic_query::{closure#2}::{closure#0}      1 total usages
  query_impl::explicit_predicates_of::dynamic_query::{closure#2}::{closure#0}      1 total usages
  query_impl::resolve_bound_vars::dynamic_query::{closure#2}      1 total usages
  ty::impls_ty::<impl rustc_data_structures::stable_hasher::HashStable<rustc_query_system::ich::StableHashingContext<'a>> for &'tcx ty::list::RawList<H, T>>::hash_stable::CACHE      1 total usages
  type_check::relate_tys::NllTypeRelating::<'a, 'b, 'tcx>::enter_forall      1 total usages
  solve::assembly::<impl solve::eval_ctxt::EvalCtxt<'_, D>>::assemble_builtin_impl_candidates      1 total usages
  query_impl::inhabited_predicate_adt::dynamic_query::{closure#2}      1 total usages
  parser::diagnostics::<impl parser::Parser<'a>>::maybe_suggest_struct_literal      1 total usages
  cast::CastCheck::<'tcx>::check_ptr_ptr_cast      1 total usages
  query_impl::crate_variances::dynamic_query::{closure#2}::{closure#0}      1 total usages
  query_impl::crate_inherent_impls_validity_check::get_query_incr::__rust_end_short_backtrace      1 total usages
  <check::region::ScopeResolutionVisitor<'tcx> as rustc_hir::intravisit::Visitor<'tcx>>::visit_body      1 total usages
  query_impl::resolver_for_lowering_raw::dynamic_query::{closure#2}::{closure#0}      1 total usages
  builder::scope::DropTree::assign_blocks      1 total usages
  rmeta::encoder::EncodeContext::<'a, 'tcx>::encode_impls      1 total usages
  registry::XorShift64Star::new      1 total usages
  query_impl::impl_self_is_guaranteed_unsized::dynamic_query::{closure#2}      1 total usages
  legacy::mangle       1 total usages
  <types::VariantSizeDifferences as passes::LateLintPass<'tcx>>::check_item      1 total usages
  query_impl::type_op_normalize_ty::try_collect_active_jobs      1 total usages
  query_impl::visibility::dynamic_query::{closure#2}      1 total usages
  framework::graphviz::diff_pretty      1 total usages
  query_impl::is_doc_hidden::dynamic_query::{closure#2}      1 total usages
  query_impl::item_non_self_bounds::get_query_incr::__rust_end_short_backtrace      1 total usages
  query_impl::check_match::try_collect_active_jobs      1 total usages
  query_impl::symbol_mangling_version::dynamic_query::{closure#2}::{closure#0}      1 total usages
  <infer::outlives::test_type_match::MatchAgainstHigherRankedOutlives<'tcx> as rustc_type_ir::relate::TypeRelation<rustc_middle::ty::TyCtxt<'tcx>>>::regions      1 total usages
  check_unused::check_unused_traits      1 total usages
  diagnostics::find_span_immediately_after_crate_name      1 total usages
  query_impl::mir_const_qualif::dynamic_query::{closure#2}      1 total usages
  <type_check::TypeChecker<'a, 'tcx> as rustc_middle::mir::visit::Visitor<'tcx>>::visit_operand      1 total usages
  query_impl::mir_const_qualif::get_query_incr::__rust_end_short_backtrace      1 total usages
  thir::cx::expr::<impl thir::cx::ThirBuildCx<'tcx>>::method_callee      1 total usages
  <BorrowckInferCtxt<'tcx> as universal_regions::InferCtxtExt<'tcx>>::replace_bound_regions_with_nll_infer_vars::{closure#0}      1 total usages
  query_impl::extra_filename::get_query_incr::__rust_end_short_backtrace      1 total usages
  query_impl::needs_drop_raw::try_collect_active_jobs      1 total usages
  query_impl::is_profiler_runtime::dynamic_query::{closure#2}::{closure#0}      1 total usages
  query_impl::effective_visibilities::dynamic_query::{closure#2}      1 total usages
  error_reporting::infer::<impl error_reporting::TypeErrCtxt<'a, 'tcx>>::type_error_struct_with_diag      1 total usages
  <types::VariantSizeDifferences as passes::LateLintPass<'tcx>>::check_item::{closure#0}      1 total usages
  query_impl::crate_for_resolver::get_query_incr::__rust_end_short_backtrace      1 total usages
  query_impl::rendered_precise_capturing_args::dynamic_query::{closure#2}::{closure#0}      1 total usages
  traits::select::candidate_assembly::<impl traits::select::SelectionContext<'cx, 'tcx>>::assemble_async_iterator_candidates      1 total usages
  type_check::free_region_relations      1 total usages
  query_impl::type_op_prove_predicate::dynamic_query::{closure#2}::{closure#0}      1 total usages
  <add_moves_for_packed_drops::AddMovesForPackedDrops as pass_manager::MirPass<'tcx>>::run_pass      1 total usages
  query_impl::rust_target_features::get_query_incr::__rust_end_short_backtrace      1 total usages
  interpret::operand::<impl interpret::eval_context::InterpCx<'tcx, M>>::eval_operand::{closure#0}      1 total usages
  query_impl::def_span::dynamic_query::{closure#2}      1 total usages
  check::region::resolve_expr      1 total usages
  query_impl::lookup_const_stability::dynamic_query::{closure#2}::{closure#0}      1 total usages
  diagnostics::region_errors::<impl MirBorrowckCtxt<'_, 'infcx, 'tcx>>::report_fnmut_error      1 total usages
  expr::<impl fn_ctxt::FnCtxt<'a, 'tcx>>::get_field_candidates_considering_privacy_for_diag      1 total usages
  query_impl::implied_outlives_bounds::dynamic_query::{closure#2}      1 total usages
  ty::instance::Instance::<'tcx>::fn_once_adapter_instance::{closure#0}      1 total usages
  method::probe::<impl fn_ctxt::FnCtxt<'a, 'tcx>>::probe_for_name_many      1 total usages
  query_impl::is_doc_hidden::try_collect_active_jobs      1 total usages
  interpret::memory::<impl interpret::eval_context::InterpCx<'tcx, M>>::get_ptr_fn      1 total usages
  query_impl::coherent_trait::dynamic_query::{closure#2}::{closure#0}      1 total usages
  query_impl::fn_sig::try_collect_active_jobs      1 total usages
  type_check::canonical::<impl type_check::TypeChecker<'a, 'tcx>>::ascribe_user_type      1 total usages
  query_impl::check_private_in_public::dynamic_query::{closure#2}      1 total usages
  LoweringContext::<'a, 'hir>::lower_ty      1 total usages
  ty::significant_drop_order::extract_component_with_significant_dtor      1 total usages
  traits::select::ProvisionalEvaluationCache::<'tcx>::get_provisional      1 total usages
  query_impl::in_scope_traits_map::try_collect_active_jobs      1 total usages
  query_impl::dylib_dependency_formats::try_collect_active_jobs      1 total usages
  query_impl::collect_return_position_impl_trait_in_trait_tys::dynamic_query::{closure#2}      1 total usages
  infer::relate::generalize::<impl infer::InferCtxt<'tcx>>::instantiate_const_var      1 total usages
  query_impl::constness::get_query_incr::__rust_end_short_backtrace      1 total usages
  query_impl::coverage_attr_on::dynamic_query::{closure#2}      1 total usages
  liveness::Liveness::<'a, 'tcx>::define      1 total usages
  diagnostics::region_name::<impl MirBorrowckCtxt<'_, '_, 'tcx>>::give_name_if_anonymous_region_appears_in_upvars      1 total usages
  multiple_supertrait_upcastable      1 total usages
  query_impl::first_method_vtable_slot::dynamic_query::{closure#2}::{closure#0}      1 total usages
  query_impl::output_filenames::try_collect_active_jobs      1 total usages
  query_impl::crate_hash::get_query_incr::__rust_end_short_backtrace      1 total usages
  query_impl::trimmed_def_paths::try_collect_active_jobs      1 total usages
  type_check::liveness::trace::LivenessResults::<'a, 'typeck, 'tcx>::compute_use_live_points_for      1 total usages
  query_impl::check_unsafety::dynamic_query::{closure#2}      1 total usages
  <mbe::diagnostics::CollectTrackerAndEmitter<'dcx, 'matcher> as mbe::macro_rules::Tracker<'matcher>>::after_arm      1 total usages
  cast::<impl fn_ctxt::FnCtxt<'a, 'tcx>>::pointer_kind      1 total usages
  back::apple::xcrun_show_sdk_path      1 total usages
  query_impl::adt_dtorck_constraint::get_query_incr::__rust_end_short_backtrace      1 total usages
  query::plumbing::incremental_verify_ich      1 total usages
  hygiene::decode_syntax_context      1 total usages
  parser::diagnostics::<impl parser::Parser<'a>>::check_trailing_angle_brackets::{closure#1}      1 total usages
  query_impl::impl_item_implementor_ids::dynamic_query::{closure#2}::{closure#0}      1 total usages
  sync::worker_local::REGISTRY      1 total usages
  closure::<impl fn_ctxt::FnCtxt<'a, 'tcx>>::deduce_closure_signature_from_predicates      1 total usages
  query_impl::type_param_predicates::dynamic_query::{closure#2}::{closure#0}      1 total usages
  expr_use_visitor::ExprUseVisitor::<'tcx, Cx, D>::consume_or_clone_expr      1 total usages
  config::StripUnconfigured::<'a>::maybe_emit_expr_attr_err      1 total usages
  query_impl::has_panic_handler::try_collect_active_jobs      1 total usages
  query_impl::env_var_os::dynamic_query::{closure#2}::{closure#0}      1 total usages
  query_impl::asyncness::try_collect_active_jobs      1 total usages
  query_impl::is_promotable_const_fn::try_collect_active_jobs      1 total usages
  <bridge::closure::Closure<'a, A, R> as std::convert::From<&'a mut F>>::from      1 total usages
  query_impl::check_mod_deathness::dynamic_query::{closure#2}::{closure#0}      1 total usages
  hygiene::update_disambiguator      1 total usages
  search_graph::SearchGraph::<D>::check_cycle_on_stack      1 total usages
  traits::select::ProvisionalEvaluationCache::<'tcx>::on_completion::{closure#0}      1 total usages
  mono_checks::move_check::MoveCheckVisitor::<'tcx>::check_fn_args_move_size      1 total usages
  interpret::call::<impl interpret::eval_context::InterpCx<'tcx, M>>::return_from_current_stack_frame::{closure#0}      1 total usages
  query_impl::hir_attr_map::dynamic_query::{closure#2}      1 total usages
  query_impl::region_scope_tree::dynamic_query::{closure#2}::{closure#0}      1 total usages
  query_impl::exported_non_generic_symbols::dynamic_query::{closure#2}::{closure#0}      1 total usages
  hir::PathSegment::<'hir>::args      1 total usages
  query_impl::has_structural_eq_impl::try_collect_active_jobs      1 total usages
  query_impl::is_codegened_item::dynamic_query::{closure#2}::{closure#0}      1 total usages
  <check_consts::check::Checker<'_, 'tcx> as rustc_middle::mir::visit::Visitor<'tcx>>::visit_basic_block_data      1 total usages
  query_impl::crate_host_hash::get_query_incr::__rust_end_short_backtrace      1 total usages
  mir::operand::OperandRef::<'tcx, V>::from_immediate_or_packed_pair      1 total usages
  interpret::projection::<impl interpret::eval_context::InterpCx<'tcx, M>>::project      1 total usages
  query_impl::thir_body::dynamic_query::{closure#2}      1 total usages
  collector::create_mono_items_for_vtable_methods      1 total usages
  query_impl::type_op_normalize_fn_sig::get_query_incr::__rust_end_short_backtrace      1 total usages
  query_impl::is_use_cloned_raw::dynamic_query::{closure#2}::{closure#0}      1 total usages
  diagnostics::utils::CODE_IDENT_COUNT      1 total usages
  <infer::relate::lattice::LatticeOp<'_, 'tcx> as rustc_type_ir::relate::TypeRelation<rustc_middle::ty::TyCtxt<'tcx>>>::regions      1 total usages
  ty::generics::ConstConditions::<'tcx>::instantiate_into      1 total usages
  query_impl::fn_sig::get_query_incr::__rust_end_short_backtrace      1 total usages
  query_impl::adt_dtorck_constraint::dynamic_query::{closure#2}      1 total usages
  query_impl::resolve_instance_raw::dynamic_query::{closure#2}      1 total usages
  region_infer::RegionInferenceContext::<'tcx>::best_blame_constraint::{closure#4}      1 total usages
  query_impl::associated_items::dynamic_query::{closure#2}      1 total usages
  query_impl::try_normalize_generic_arg_after_erasing_regions::dynamic_query::{closure#2}      1 total usages
  creader::CStore::resolve_crate      1 total usages
  diagnostics::explain_borrow::<impl MirBorrowckCtxt<'_, '_, 'tcx>>::later_use_kind      1 total usages
  <lifetime_syntax::LifetimeSyntax as passes::LateLintPass<'tcx>>::check_fn      1 total usages
  query_impl::specialization_enabled_in::dynamic_query::{closure#2}      1 total usages
  back::rpath::get_rpath_linker_args      1 total usages
  shim::build_call_shim::{closure#0}      1 total usages
  <traits::query::normalize::QueryNormalizer<'a, 'tcx> as rustc_middle::ty::FallibleTypeFolder<rustc_middle::ty::TyCtxt<'tcx>>>::try_fold_const      1 total usages
  query_impl::associated_item::try_collect_active_jobs      1 total usages
  <liveness::IrMaps<'tcx> as rustc_hir::intravisit::Visitor<'tcx>>::visit_expr      1 total usages
  ident::<impl Resolver<'ra, 'tcx>>::maybe_resolve_path      1 total usages
  interpret::operator::<impl interpret::eval_context::InterpCx<'tcx, M>>::binary_op      1 total usages
  query_impl::def_kind::dynamic_query::{closure#2}      1 total usages
  query_impl::type_of_opaque_hir_typeck::try_collect_active_jobs      1 total usages
  interpret::call::<impl interpret::eval_context::InterpCx<'tcx, M>>::init_fn_call::{closure#3}      1 total usages
  region_infer::values::LivenessValues::add_points      1 total usages
  <lifetime_syntax::LifetimeSyntax as passes::LateLintPass<'tcx>>::check_trait_item      1 total usages
  const_eval::eval_queries::mk_eval_cx_to_read_const_val      1 total usages
  <remove_storage_markers::RemoveStorageMarkers as pass_manager::MirPass<'tcx>>::run_pass      1 total usages
  query_impl::is_sized_raw::dynamic_query::{closure#2}::{closure#0}      1 total usages
  interpret::step::<impl interpret::eval_context::InterpCx<'tcx, M>>::eval_statement::{closure#0}      1 total usages
  polonius::legacy::accesses::emit_access_facts      1 total usages
  query_impl::postorder_cnums::try_collect_active_jobs      1 total usages
  query_impl::postorder_cnums::dynamic_query::{closure#2}      1 total usages
  query_impl::compare_impl_item::dynamic_query::{closure#2}::{closure#0}      1 total usages
  SourceFile::lookup_file_pos_with_col_display      1 total usages
  markdown::term::CURSOR      1 total usages
  method::probe::ProbeContext::<'a, 'tcx>::assemble_inherent_candidates_from_object      1 total usages
  passes::configure_and_expand      1 total usages
  infer::region_constraints::RegionConstraintCollector::<'_, 'tcx>::new_region_var      1 total usages
  query_impl::adt_async_drop_tys::dynamic_query::{closure#2}      1 total usages
  liveness::Liveness::<'a, 'tcx>::compute      1 total usages
  query_impl::rendered_const::get_query_incr::__rust_end_short_backtrace      1 total usages
  query_impl::has_alloc_error_handler::dynamic_query::{closure#2}      1 total usages
  utils::was_invoked_from_cargo      1 total usages
  query_impl::list_significant_drop_tys::get_query_incr::__rust_end_short_backtrace      1 total usages
  move_paths::builder::MoveDataBuilder::<'a, 'tcx, F>::gather_move      1 total usages
  query_impl::expn_that_defined::dynamic_query::{closure#2}      1 total usages
  run_compiler::{closure#0}      1 total usages
  query_impl::codegen_fn_attrs::get_query_incr::__rust_end_short_backtrace      1 total usages
  query_impl::foreign_modules::dynamic_query::{closure#2}::{closure#0}      1 total usages
  back::link::link_dwarf_object      1 total usages
  method::probe::<impl fn_ctxt::FnCtxt<'a, 'tcx>>::probe_for_name      1 total usages
  query_impl::type_param_predicates::try_collect_active_jobs      1 total usages
  elaborate_drop::DropCtxt::<'a, 'b, 'tcx, D>::drop_flag_reset_block      1 total usages
  mir::analyze::cleanup_kinds::discover_masters      1 total usages
  query_impl::thir_abstract_const::dynamic_query::{closure#2}::{closure#0}      1 total usages
  query_impl::explicit_supertraits_containing_assoc_item::get_query_incr::__rust_end_short_backtrace      1 total usages
  query_impl::fn_abi_of_instance::dynamic_query::{closure#2}::{closure#0}      1 total usages
  query_impl::upvars_mentioned::get_query_incr::__rust_end_short_backtrace      1 total usages
  query_impl::dependency_formats::get_query_incr::__rust_end_short_backtrace      1 total usages
  layout::dfa::State::new      1 total usages
  rmeta::encoder::EncodeContext::<'a, 'tcx>::encode_incoherent_impls      1 total usages
  query_impl::is_profiler_runtime::try_collect_active_jobs      1 total usages
  interpret::intern::intern_shallow      1 total usages
  registry::WORKER_THREAD_STATE      1 total usages
  query_impl::eval_to_const_value_raw::dynamic_query::{closure#2}::{closure#0}      1 total usages
  query_impl::object_lifetime_default::dynamic_query::{closure#2}::{closure#0}      1 total usages
  ty::layout::<impl rustc_abi::TyAbiInterface<'tcx, C> for ty::Ty<'tcx>>::ty_and_layout_pointee_info_at      1 total usages
  query_impl::optimized_mir::dynamic_query::{closure#2}::{closure#0}      1 total usages
  query_impl::associated_item_def_ids::dynamic_query::{closure#2}::{closure#0}      1 total usages
  bridge::symbol::INTERNER::{constant#0}::{closure#0}      1 total usages
  query_impl::coroutine_by_move_body_def_id::try_collect_active_jobs      1 total usages
  query_impl::explicit_item_bounds::try_collect_active_jobs      1 total usages
  shim::async_destructor_ctor::build_async_drop_shim      1 total usages
  query_impl::ty_span::try_collect_active_jobs      1 total usages
  query_impl::optimized_mir::dynamic_query::{closure#2}      1 total usages
  query_impl::trait_impls_in_crate::dynamic_query::{closure#2}::{closure#0}      1 total usages
  query_impl::debugger_visualizers::dynamic_query::{closure#2}      1 total usages
  query_impl::backend_optimization_level::dynamic_query::{closure#2}::{closure#0}      1 total usages
  query_impl::opt_hir_owner_nodes::dynamic_query::{closure#2}      1 total usages
  method::prelude_edition_lints::<impl fn_ctxt::FnCtxt<'a, 'tcx>>::lint_edition_dependent_dot_call      1 total usages
  traits::select::confirmation::<impl traits::select::SelectionContext<'cx, 'tcx>>::confirm_transmutability_candidate::flatten_answer_tree      1 total usages
  builder::matches::util::collect_fake_borrows      1 total usages
  query_impl::registered_tools::dynamic_query::{closure#2}::{closure#0}      1 total usages
  query_impl::check_liveness::try_collect_active_jobs      1 total usages
  query_impl::reachable_non_generics::try_collect_active_jobs      1 total usages
  thir::cx::expr::<impl thir::cx::ThirBuildCx<'tcx>>::convert_var      1 total usages
  query_impl::check_private_in_public::try_collect_active_jobs      1 total usages
  query_impl::try_normalize_generic_arg_after_erasing_regions::try_collect_active_jobs      1 total usages
  query_impl::reachable_set::dynamic_query::{closure#2}      1 total usages
  builder::scope::DropTree::build_mir      1 total usages
  interpret::step::<impl interpret::eval_context::InterpCx<'tcx, M>>::eval_statement::{closure#1}      1 total usages
  query_impl::optimized_mir::get_query_incr::__rust_end_short_backtrace      1 total usages
  query_impl::evaluate_obligation::dynamic_query::{closure#2}::{closure#0}      1 total usages
  query_impl::check_private_in_public::get_query_incr::__rust_end_short_backtrace      1 total usages
  <MirBorrowckCtxt<'a, '_, 'tcx> as rustc_mir_dataflow::ResultsVisitor<'tcx, dataflow::Borrowck<'a, 'tcx>>>::visit_after_early_statement_effect      1 total usages
  query_impl::normalize_canonicalized_projection_ty::get_query_incr::__rust_end_short_backtrace      1 total usages
  traits::impossible_predicates      1 total usages
  check::wfcheck::check_impl::{closure#0}      1 total usages
  emitter::detect_confusion_type      1 total usages
  mir::coverage        1 total usages
  query_impl::associated_types_for_impl_traits_in_trait_or_impl::dynamic_query::{closure#2}      1 total usages
  dep_graph::DepContext::try_force_from_dep_node      1 total usages
  check::check::check_potentially_region_dependent_goals      1 total usages
  ty::impls_ty::<impl rustc_data_structures::stable_hasher::HashStable<rustc_query_system::ich::StableHashingContext<'a>> for &'tcx ty::list::RawList<H, T>>::hash_stable::CACHE::{constant#0}::{closure#0}      1 total usages
  assert_module_sources::CguReuseTracker::set_expectation      1 total usages
  query_impl::impl_item_implementor_ids::get_query_incr::__rust_end_short_backtrace      1 total usages
  query_impl::adt_drop_tys::try_collect_active_jobs      1 total usages
  query_impl::coerce_unsized_info::try_collect_active_jobs      1 total usages
  query_impl::mir_shims::dynamic_query::{closure#2}      1 total usages
  query_impl::crate_inherent_impls_overlap_check::try_collect_active_jobs      1 total usages
  fn_ctxt::checks::<impl fn_ctxt::FnCtxt<'a, 'tcx>>::check_repeat_exprs      1 total usages
  ty::print::pretty::FORCE_IMPL_FILENAME_LINE::{constant#0}::{closure#0}      1 total usages
  builder::expr::as_place::<impl builder::Builder<'a, 'tcx>>::expr_as_place      1 total usages
  query_impl::adt_dtorck_constraint::try_collect_active_jobs      1 total usages
  query_impl::hir_crate_items::dynamic_query::{closure#2}      1 total usages
  rmeta::encoder::EncodeContext::<'a, 'tcx>::encode_const_stability      1 total usages
  query_impl::is_impossible_associated_item::try_collect_active_jobs      1 total usages
  query_impl::associated_item_def_ids::dynamic_query::{closure#2}      1 total usages
  query_impl::adt_drop_tys::dynamic_query::{closure#2}::{closure#0}      1 total usages
  traits::query::type_op::ascribe_user_type::relate_mir_and_user_ty      1 total usages
  query_impl::generics_of::get_query_incr::__rust_end_short_backtrace      1 total usages
  query_impl::diagnostic_items::get_query_incr::__rust_end_short_backtrace      1 total usages
  interface::run_compiler      1 total usages
  query_impl::explicit_predicates_of::dynamic_query::{closure#2}      1 total usages
  ty::rvalue_scopes::RvalueScopes::temporary_scope      1 total usages
  query_impl::codegen_fn_attrs::try_collect_active_jobs      1 total usages
  lifetime_syntax::lifetimes_use_matched_syntax      1 total usages
  query_impl::shallow_lint_levels_on::dynamic_query::{closure#2}      1 total usages
  pprust::state::space_between      1 total usages
  variance::terms::determine_parameters_to_be_inferred      1 total usages
  query_impl::output_filenames::dynamic_query::{closure#2}::{closure#0}      1 total usages
  check::bounds_from_generic_predicates      1 total usages
  late::LateResolutionVisitor::<'a, 'ast, 'ra, 'tcx>::resolve_item      1 total usages
  query_impl::upstream_monomorphizations::dynamic_query::{closure#2}::{closure#0}      1 total usages
  traits::pred_known_to_hold_modulo_regions::{closure#0}::{closure#0}      1 total usages
  compiler_interface::TLV::FOO      1 total usages
  parser::Parser::<'a>::expect_gt      1 total usages
  query_impl::opt_hir_owner_nodes::dynamic_query::{closure#2}::{closure#0}      1 total usages
  query_impl::method_autoderef_steps::dynamic_query::{closure#2}      1 total usages
  expr_use_visitor::ExprUseVisitor::<'tcx, Cx, D>::walk_pat      1 total usages
  query_impl::crates::dynamic_query::{closure#2}::{closure#0}      1 total usages
  query_impl::hir_crate_items::try_collect_active_jobs      1 total usages
  query_impl::disabled_sanitizers_for::get_query_incr::__rust_end_short_backtrace      1 total usages
  unit_bindings        1 total usages
  query_impl::typing_env_normalized_for_post_analysis::dynamic_query::{closure#2}::{closure#0}      1 total usages
  liveness::Liveness::<'_, 'tcx>::report_unused      1 total usages
  query_impl::entry_fn::get_query_incr::__rust_end_short_backtrace      1 total usages
  elaborate_drop::DropCtxt::<'a, 'b, 'tcx, D>::complete_drop      1 total usages
  mir::pretty::write_mir_sig      1 total usages
  <infer::outlives::test_type_match::MatchAgainstHigherRankedOutlives<'tcx> as rustc_type_ir::relate::TypeRelation<rustc_middle::ty::TyCtxt<'tcx>>>::tys      1 total usages
  query_impl::stability_implications::try_collect_active_jobs      1 total usages
  query_impl::is_sized_raw::dynamic_query::{closure#2}      1 total usages
  query_impl::lookup_deprecation_entry::try_collect_active_jobs      1 total usages
  query_impl::shallow_lint_levels_on::try_collect_active_jobs      1 total usages
  <check_consts::check::Checker<'_, 'tcx> as rustc_middle::mir::visit::Visitor<'tcx>>::visit_source_info      1 total usages
  errors::wrong_number_of_generic_args::WrongNumberOfGenericArgs::<'a, 'tcx>::suggest_removing_args_or_generics::{closure#1}      1 total usages
  query_impl::check_private_in_public::dynamic_query::{closure#2}::{closure#0}      1 total usages
  collect::resolve_bound_vars::BoundVarContext::<'a, 'tcx>::visit_fn_like_elision      1 total usages
  query_impl::adt_async_drop_tys::get_query_incr::__rust_end_short_backtrace      1 total usages
  type_check::relate_tys::NllTypeRelating::<'a, 'b, 'tcx>::next_placeholder_region      1 total usages
  collector::collect_items_of_instance      1 total usages
  demand::<impl fn_ctxt::FnCtxt<'a, 'tcx>>::demand_coerce_diag      1 total usages
  query_impl::is_late_bound_map::dynamic_query::{closure#2}::{closure#0}      1 total usages
  query_impl::evaluate_obligation::get_query_incr::__rust_end_short_backtrace      1 total usages
  method::<impl fn_ctxt::FnCtxt<'a, 'tcx>>::method_exists_for_diagnostic      1 total usages
  query_impl::asm_target_features::dynamic_query::{closure#2}      1 total usages
  query_impl::missing_extern_crate_item::dynamic_query::{closure#2}      1 total usages
  query_impl::upstream_monomorphizations::dynamic_query::{closure#2}      1 total usages
  <known_panics_lint::ConstPropagator<'_, 'tcx> as rustc_middle::mir::visit::Visitor<'tcx>>::visit_const_operand      1 total usages
  query_impl::is_dyn_compatible::dynamic_query::{closure#2}      1 total usages
  query_impl::type_of::try_collect_active_jobs      1 total usages
  query_impl::needs_drop_raw::dynamic_query::{closure#2}      1 total usages
  query_impl::opaque_types_defined_by::get_query_incr::__rust_end_short_backtrace      1 total usages
  solve::assembly::<impl solve::eval_ctxt::EvalCtxt<'_, D>>::assemble_alias_bound_candidates      1 total usages
  persist::dirty_clean::DirtyCleanVisitor::<'tcx>::assert_dirty      1 total usages
  closure::<impl fn_ctxt::FnCtxt<'a, 'tcx>>::sig_of_closure_with_expectation      1 total usages
  solve::assembly::<impl solve::eval_ctxt::EvalCtxt<'_, D>>::assemble_param_env_candidates      1 total usages
  <known_panics_lint::ConstPropagator<'_, 'tcx> as rustc_middle::mir::visit::Visitor<'tcx>>::visit_assign      1 total usages
  query_impl::promoted_mir::dynamic_query::{closure#2}::{closure#0}      1 total usages
  query_impl::mir_promoted::dynamic_query::{closure#2}      1 total usages
  <value_analysis::PlaceCollector<'_, 'tcx> as rustc_middle::mir::visit::Visitor<'tcx>>::visit_place      1 total usages
  query_impl::rendered_precise_capturing_args::try_collect_active_jobs      1 total usages
  query_impl::upstream_async_drop_glue_for::dynamic_query::{closure#2}      1 total usages
  late::LateResolutionVisitor::<'a, 'ast, 'ra, 'tcx>::resolve_pattern_inner      1 total usages
  mbe::macro_rules::expand_macro_attr      1 total usages
  query_impl::crate_host_hash::dynamic_query::{closure#2}::{closure#0}      1 total usages
  query_impl::supertrait_vtable_slot::dynamic_query::{closure#2}      1 total usages
  query_impl::stable_order_of_exportable_impls::dynamic_query::{closure#2}::{closure#0}      1 total usages
  source_map::SourceMap::span_to_lines      1 total usages
  query_impl::impl_super_outlives::dynamic_query::{closure#2}::{closure#0}      1 total usages
  query_impl::used_crate_source::get_query_incr::__rust_end_short_backtrace      1 total usages
  query_impl::native_library::dynamic_query::{closure#2}::{closure#0}      1 total usages
  ty::trait_def::incoherent_impls_provider      1 total usages
  query_impl::attrs_for_def::dynamic_query::{closure#2}      1 total usages
  query_impl::type_alias_is_lazy::dynamic_query::{closure#2}      1 total usages
  rmeta::decoder::<impl creader::CrateMetadataRef<'a>>::imported_source_file::{closure#1}      1 total usages
  traits::wf::trait_obligations      1 total usages
  traits::select::candidate_assembly::<impl traits::select::SelectionContext<'cx, 'tcx>>::assemble_iterator_candidates      1 total usages
  query_impl::opaque_types_defined_by::dynamic_query::{closure#2}      1 total usages
  builder::custom::parse::instruction::<impl builder::custom::ParseCtxt<'a, 'tcx>>::parse_tail_call      1 total usages
  expr::<impl fn_ctxt::FnCtxt<'a, 'tcx>>::no_such_field_err      1 total usages
  query_impl::vtable_allocation::dynamic_query::{closure#2}::{closure#0}      1 total usages

💾 Saving detailed report to merged_usage_report.json
✅ Report saved successfully!
