19:21:33 rustc --crate-name rustc_middle --edition=2024 /mnt/data1/nix/vendor/rust/cargo2nix/submodules/rust-build/compiler/rustc_middle/src/lib.rs --error-format=json --json=diagnostic-rendered-ansi,artifacts,future-incompat --crate-type lib --emit=dep-info,metadata,link -C embed-bitcode=no -C debuginfo=2 --check-cfg cfg(docsrs,test) --check-cfg cfg(feature, values("rustc_randomized_layouts")) -C metadata=9773084bec7b0583 -C extra-filename=-245c3150683558be --out-dir /mnt/data1/nix/vendor/rust/cargo2nix/submodules/rust-build/compiler/zombie_driver2/target/debug/deps -C incremental=/mnt/data1/nix/vendor/rust/cargo2nix/submodules/rust-build/compiler/zombie_driver2/target/debug/incremental -L dependency=/mnt/data1/nix/vendor/rust/cargo2nix/submodules/rust-build/compiler/zombie_driver2/target/debug/deps --extern bitflags=/mnt/data1/nix/vendor/rust/cargo2nix/submodules/rust-build/compiler/zombie_driver2/target/debug/deps/libbitflags-56146a5f1712337b.rmeta --extern either=/mnt/data1/nix/vendor/rust/cargo2nix/submodules/rust-build/compiler/zombie_driver2/target/debug/deps/libeither-80e22dfc3e1c5c46.rmeta --extern gsgdt=/mnt/data1/nix/vendor/rust/cargo2nix/submodules/rust-build/compiler/zombie_driver2/target/debug/deps/libgsgdt-63ec5d5c35bd6297.rmeta --extern polonius_engine=/mnt/data1/nix/vendor/rust/cargo2nix/submodules/rust-build/compiler/zombie_driver2/target/debug/deps/libpolonius_engine-23686739cdbb0d06.rmeta --extern rustc_abi=/mnt/data1/nix/vendor/rust/cargo2nix/submodules/rust-build/compiler/zombie_driver2/target/debug/deps/librustc_abi-adecc4c15d63dbde.rmeta --extern rustc_apfloat=/mnt/data1/nix/vendor/rust/cargo2nix/submodules/rust-build/compiler/zombie_driver2/target/debug/deps/librustc_apfloat-e645c5b6d05ce1df.rmeta --extern rustc_arena=/mnt/data1/nix/vendor/rust/cargo2nix/submodules/rust-build/compiler/zombie_driver2/target/debug/deps/librustc_arena-fbfbfc9e2ae2c81f.rmeta --extern rustc_ast=/mnt/data1/nix/vendor/rust/cargo2nix/submodules/rust-build/compiler/zombie_driver2/target/debug/deps/librustc_ast-892745d5973bca50.rmeta --extern rustc_ast_ir=/mnt/data1/nix/vendor/rust/cargo2nix/submodules/rust-build/compiler/zombie_driver2/target/debug/deps/librustc_ast_ir-ac51d7a200660cd6.rmeta --extern rustc_data_structures=/mnt/data1/nix/vendor/rust/cargo2nix/submodules/rust-build/compiler/zombie_driver2/target/debug/deps/librustc_data_structures-7a05c3f43ea74b8d.rmeta --extern rustc_error_messages=/mnt/data1/nix/vendor/rust/cargo2nix/submodules/rust-build/compiler/zombie_driver2/target/debug/deps/librustc_error_messages-945c54728d891d4f.rmeta --extern rustc_errors=/mnt/data1/nix/vendor/rust/cargo2nix/submodules/rust-build/compiler/zombie_driver2/target/debug/deps/librustc_errors-042ea83da72fde12.rmeta --extern rustc_feature=/mnt/data1/nix/vendor/rust/cargo2nix/submodules/rust-build/compiler/zombie_driver2/target/debug/deps/librustc_feature-8b7a1e168a753038.rmeta --extern rustc_fluent_macro=/mnt/data1/nix/vendor/rust/cargo2nix/submodules/rust-build/compiler/zombie_driver2/target/debug/deps/librustc_fluent_macro-d795261342a5a863.so --extern rustc_graphviz=/mnt/data1/nix/vendor/rust/cargo2nix/submodules/rust-build/compiler/zombie_driver2/target/debug/deps/librustc_graphviz-c7812eafe07feea7.rmeta --extern rustc_hashes=/mnt/data1/nix/vendor/rust/cargo2nix/submodules/rust-build/compiler/zombie_driver2/target/debug/deps/librustc_hashes-90e81dae7d173bd5.rmeta --extern rustc_hir=/mnt/data1/nix/vendor/rust/cargo2nix/submodules/rust-build/compiler/zombie_driver2/target/debug/deps/librustc_hir-60bf32f61521f542.rmeta --extern rustc_hir_pretty=/mnt/data1/nix/vendor/rust/cargo2nix/submodules/rust-build/compiler/zombie_driver2/target/debug/deps/librustc_hir_pretty-ca9b67830c6fa0cd.rmeta --extern rustc_index=/mnt/data1/nix/vendor/rust/cargo2nix/submodules/rust-build/compiler/zombie_driver2/target/debug/deps/librustc_index-3aa7163ed688dde0.rmeta --extern rustc_lint_defs=/mnt/data1/nix/vendor/rust/cargo2nix/submodules/rust-build/compiler/zombie_driver2/target/debug/deps/librustc_lint_defs-ad79f75a403531aa.rmeta --extern rustc_macros=/mnt/data1/nix/vendor/rust/cargo2nix/submodules/rust-build/compiler/zombie_driver2/target/debug/deps/librustc_macros-533b3ebf51685542.so --extern rustc_query_system=/mnt/data1/nix/vendor/rust/cargo2nix/submodules/rust-build/compiler/zombie_driver2/target/debug/deps/librustc_query_system-fdb82a57abdd9f77.rmeta --extern rustc_serialize=/mnt/data1/nix/vendor/rust/cargo2nix/submodules/rust-build/compiler/zombie_driver2/target/debug/deps/librustc_serialize-865b9514c43ea76f.rmeta --extern rustc_session=/mnt/data1/nix/vendor/rust/cargo2nix/submodules/rust-build/compiler/zombie_driver2/target/debug/deps/librustc_session-ad93ec0078fafc82.rmeta --extern rustc_span=/mnt/data1/nix/vendor/rust/cargo2nix/submodules/rust-build/compiler/zombie_driver2/target/debug/deps/librustc_span-cca3b45fe3825eda.rmeta --extern rustc_target=/mnt/data1/nix/vendor/rust/cargo2nix/submodules/rust-build/compiler/zombie_driver2/target/debug/deps/librustc_target-5de06d076d06ccca.rmeta --extern rustc_thread_pool=/mnt/data1/nix/vendor/rust/cargo2nix/submodules/rust-build/compiler/zombie_driver2/target/debug/deps/librustc_thread_pool-83aef153b3813075.rmeta --extern rustc_type_ir=/mnt/data1/nix/vendor/rust/cargo2nix/submodules/rust-build/compiler/zombie_driver2/target/debug/deps/librustc_type_ir-17d6b60feb33a7ad.rmeta --extern smallvec=/mnt/data1/nix/vendor/rust/cargo2nix/submodules/rust-build/compiler/zombie_driver2/target/debug/deps/libsmallvec-3970d95f1529de22.rmeta --extern thin_vec=/mnt/data1/nix/vendor/rust/cargo2nix/submodules/rust-build/compiler/zombie_driver2/target/debug/deps/libthin_vec-c5a2b73fca668a41.rmeta --extern tracing=/mnt/data1/nix/vendor/rust/cargo2nix/submodules/rust-build/compiler/zombie_driver2/target/debug/deps/libtracing-82b3a1ccd9aeceb8.rmeta -L native=/mnt/data1/nix/vendor/rust/cargo2nix/submodules/rust-build/compiler/zombie_driver2/target/debug/build/psm-51115e95e3afce55/out -L native=/mnt/data1/nix/vendor/rust/cargo2nix/submodules/rust-build/compiler/zombie_driver2/target/debug/build/blake3-b449a45f526127c8/out -L native=/mnt/data1/nix/vendor/rust/cargo2nix/submodules/rust-build/compiler/zombie_driver2/target/debug/build/blake3-b449a45f526127c8/out
19:22:46 STATS_CHANGE: Compile requests                     97
Compile requests executed            48
Cache hits                           40
Cache hits (Rust)                    40
Cache misses                          8
Cache misses (Rust)                   8
Cache hits rate                   83.33 %
Cache hits rate (Rust)            83.33 %
Cache timeouts                        0
Cache read errors                     0
Forced recaches                       0
Cache write errors                    0
Cache errors                          0
Compilations                          8
Compilation failures                  0
Non-cacheable compilations            0
Non-cacheable calls                  49
Non-compilation calls                 0
Unsupported compiler calls            0
Average cache write               0.000 s
Average compiler                  0.947 s
Average cache read hit            0.000 s
Failed distributed compilations       0

Non-cacheable reasons:
incremental                          35
missing input                         6
crate-type                            5
-                                     3

Cache location                  Local disk: "/home/mdupont/.cache/sccache"
Use direct/preprocessor mode?   yes
Version (client)                0.12.0
Cache size                            1 GiB
Max cache size                       10 GiB -> Compile requests                    112
Compile requests executed            48
Cache hits                           40
Cache hits (Rust)                    40
Cache misses                          8
Cache misses (Rust)                   8
Cache hits rate                   83.33 %
Cache hits rate (Rust)            83.33 %
Cache timeouts                        0
Cache read errors                     0
Forced recaches                       0
Cache write errors                    0
Cache errors                          0
Compilations                          8
Compilation failures                  0
Non-cacheable compilations            0
Non-cacheable calls                  64
Non-compilation calls                 0
Unsupported compiler calls            0
Average cache write               0.000 s
Average compiler                  0.947 s
Average cache read hit            0.000 s
Failed distributed compilations       0

Non-cacheable reasons:
incremental                          50
missing input                         6
crate-type                            5
-                                     3

Cache location                  Local disk: "/home/mdupont/.cache/sccache"
Use direct/preprocessor mode?   yes
Version (client)                0.12.0
Cache size                            1 GiB
Max cache size                       10 GiB
19:37:01 rustc --crate-name rustc_middle --edition=2024 /mnt/data1/nix/vendor/rust/cargo2nix/submodules/rust-build/compiler/rustc_middle/src/lib.rs --error-format=json --json=diagnostic-rendered-ansi,artifacts,future-incompat --crate-type lib --emit=dep-info,metadata,link -C embed-bitcode=no -C debuginfo=2 --check-cfg cfg(docsrs,test) --check-cfg cfg(feature, values("rustc_randomized_layouts")) -C metadata=9773084bec7b0583 -C extra-filename=-245c3150683558be --out-dir /mnt/data1/nix/vendor/rust/cargo2nix/submodules/rust-build/compiler/zombie_driver2/target/debug/deps -C incremental=/mnt/data1/nix/vendor/rust/cargo2nix/submodules/rust-build/compiler/zombie_driver2/target/debug/incremental -L dependency=/mnt/data1/nix/vendor/rust/cargo2nix/submodules/rust-build/compiler/zombie_driver2/target/debug/deps --extern bitflags=/mnt/data1/nix/vendor/rust/cargo2nix/submodules/rust-build/compiler/zombie_driver2/target/debug/deps/libbitflags-56146a5f1712337b.rmeta --extern either=/mnt/data1/nix/vendor/rust/cargo2nix/submodules/rust-build/compiler/zombie_driver2/target/debug/deps/libeither-80e22dfc3e1c5c46.rmeta --extern gsgdt=/mnt/data1/nix/vendor/rust/cargo2nix/submodules/rust-build/compiler/zombie_driver2/target/debug/deps/libgsgdt-63ec5d5c35bd6297.rmeta --extern polonius_engine=/mnt/data1/nix/vendor/rust/cargo2nix/submodules/rust-build/compiler/zombie_driver2/target/debug/deps/libpolonius_engine-23686739cdbb0d06.rmeta --extern rustc_abi=/mnt/data1/nix/vendor/rust/cargo2nix/submodules/rust-build/compiler/zombie_driver2/target/debug/deps/librustc_abi-adecc4c15d63dbde.rmeta --extern rustc_apfloat=/mnt/data1/nix/vendor/rust/cargo2nix/submodules/rust-build/compiler/zombie_driver2/target/debug/deps/librustc_apfloat-e645c5b6d05ce1df.rmeta --extern rustc_arena=/mnt/data1/nix/vendor/rust/cargo2nix/submodules/rust-build/compiler/zombie_driver2/target/debug/deps/librustc_arena-fbfbfc9e2ae2c81f.rmeta --extern rustc_ast=/mnt/data1/nix/vendor/rust/cargo2nix/submodules/rust-build/compiler/zombie_driver2/target/debug/deps/librustc_ast-892745d5973bca50.rmeta --extern rustc_ast_ir=/mnt/data1/nix/vendor/rust/cargo2nix/submodules/rust-build/compiler/zombie_driver2/target/debug/deps/librustc_ast_ir-ac51d7a200660cd6.rmeta --extern rustc_data_structures=/mnt/data1/nix/vendor/rust/cargo2nix/submodules/rust-build/compiler/zombie_driver2/target/debug/deps/librustc_data_structures-7a05c3f43ea74b8d.rmeta --extern rustc_error_messages=/mnt/data1/nix/vendor/rust/cargo2nix/submodules/rust-build/compiler/zombie_driver2/target/debug/deps/librustc_error_messages-945c54728d891d4f.rmeta --extern rustc_errors=/mnt/data1/nix/vendor/rust/cargo2nix/submodules/rust-build/compiler/zombie_driver2/target/debug/deps/librustc_errors-042ea83da72fde12.rmeta --extern rustc_feature=/mnt/data1/nix/vendor/rust/cargo2nix/submodules/rust-build/compiler/zombie_driver2/target/debug/deps/librustc_feature-8b7a1e168a753038.rmeta --extern rustc_fluent_macro=/mnt/data1/nix/vendor/rust/cargo2nix/submodules/rust-build/compiler/zombie_driver2/target/debug/deps/librustc_fluent_macro-d795261342a5a863.so --extern rustc_graphviz=/mnt/data1/nix/vendor/rust/cargo2nix/submodules/rust-build/compiler/zombie_driver2/target/debug/deps/librustc_graphviz-c7812eafe07feea7.rmeta --extern rustc_hashes=/mnt/data1/nix/vendor/rust/cargo2nix/submodules/rust-build/compiler/zombie_driver2/target/debug/deps/librustc_hashes-90e81dae7d173bd5.rmeta --extern rustc_hir=/mnt/data1/nix/vendor/rust/cargo2nix/submodules/rust-build/compiler/zombie_driver2/target/debug/deps/librustc_hir-60bf32f61521f542.rmeta --extern rustc_hir_pretty=/mnt/data1/nix/vendor/rust/cargo2nix/submodules/rust-build/compiler/zombie_driver2/target/debug/deps/librustc_hir_pretty-ca9b67830c6fa0cd.rmeta --extern rustc_index=/mnt/data1/nix/vendor/rust/cargo2nix/submodules/rust-build/compiler/zombie_driver2/target/debug/deps/librustc_index-3aa7163ed688dde0.rmeta --extern rustc_lint_defs=/mnt/data1/nix/vendor/rust/cargo2nix/submodules/rust-build/compiler/zombie_driver2/target/debug/deps/librustc_lint_defs-ad79f75a403531aa.rmeta --extern rustc_macros=/mnt/data1/nix/vendor/rust/cargo2nix/submodules/rust-build/compiler/zombie_driver2/target/debug/deps/librustc_macros-533b3ebf51685542.so --extern rustc_query_system=/mnt/data1/nix/vendor/rust/cargo2nix/submodules/rust-build/compiler/zombie_driver2/target/debug/deps/librustc_query_system-fdb82a57abdd9f77.rmeta --extern rustc_serialize=/mnt/data1/nix/vendor/rust/cargo2nix/submodules/rust-build/compiler/zombie_driver2/target/debug/deps/librustc_serialize-865b9514c43ea76f.rmeta --extern rustc_session=/mnt/data1/nix/vendor/rust/cargo2nix/submodules/rust-build/compiler/zombie_driver2/target/debug/deps/librustc_session-ad93ec0078fafc82.rmeta --extern rustc_span=/mnt/data1/nix/vendor/rust/cargo2nix/submodules/rust-build/compiler/zombie_driver2/target/debug/deps/librustc_span-cca3b45fe3825eda.rmeta --extern rustc_target=/mnt/data1/nix/vendor/rust/cargo2nix/submodules/rust-build/compiler/zombie_driver2/target/debug/deps/librustc_target-5de06d076d06ccca.rmeta --extern rustc_thread_pool=/mnt/data1/nix/vendor/rust/cargo2nix/submodules/rust-build/compiler/zombie_driver2/target/debug/deps/librustc_thread_pool-83aef153b3813075.rmeta --extern rustc_type_ir=/mnt/data1/nix/vendor/rust/cargo2nix/submodules/rust-build/compiler/zombie_driver2/target/debug/deps/librustc_type_ir-17d6b60feb33a7ad.rmeta --extern smallvec=/mnt/data1/nix/vendor/rust/cargo2nix/submodules/rust-build/compiler/zombie_driver2/target/debug/deps/libsmallvec-3970d95f1529de22.rmeta --extern thin_vec=/mnt/data1/nix/vendor/rust/cargo2nix/submodules/rust-build/compiler/zombie_driver2/target/debug/deps/libthin_vec-c5a2b73fca668a41.rmeta --extern tracing=/mnt/data1/nix/vendor/rust/cargo2nix/submodules/rust-build/compiler/zombie_driver2/target/debug/deps/libtracing-82b3a1ccd9aeceb8.rmeta -L native=/mnt/data1/nix/vendor/rust/cargo2nix/submodules/rust-build/compiler/zombie_driver2/target/debug/build/psm-51115e95e3afce55/out -L native=/mnt/data1/nix/vendor/rust/cargo2nix/submodules/rust-build/compiler/zombie_driver2/target/debug/build/blake3-b449a45f526127c8/out -L native=/mnt/data1/nix/vendor/rust/cargo2nix/submodules/rust-build/compiler/zombie_driver2/target/debug/build/blake3-b449a45f526127c8/out
19:46:19 rustc --crate-name rustc_middle --edition=2024 /mnt/data1/nix/vendor/rust/cargo2nix/submodules/rust-build/compiler/rustc_middle/src/lib.rs --error-format=json --json=diagnostic-rendered-ansi,artifacts,future-incompat --crate-type lib --emit=dep-info,metadata,link -C embed-bitcode=no -C debuginfo=2 --check-cfg cfg(docsrs,test) --check-cfg cfg(feature, values("rustc_randomized_layouts")) -C metadata=9773084bec7b0583 -C extra-filename=-245c3150683558be --out-dir /mnt/data1/nix/vendor/rust/cargo2nix/submodules/rust-build/compiler/zombie_driver2/target/debug/deps -C incremental=/mnt/data1/nix/vendor/rust/cargo2nix/submodules/rust-build/compiler/zombie_driver2/target/debug/incremental -L dependency=/mnt/data1/nix/vendor/rust/cargo2nix/submodules/rust-build/compiler/zombie_driver2/target/debug/deps --extern bitflags=/mnt/data1/nix/vendor/rust/cargo2nix/submodules/rust-build/compiler/zombie_driver2/target/debug/deps/libbitflags-56146a5f1712337b.rmeta --extern either=/mnt/data1/nix/vendor/rust/cargo2nix/submodules/rust-build/compiler/zombie_driver2/target/debug/deps/libeither-80e22dfc3e1c5c46.rmeta --extern gsgdt=/mnt/data1/nix/vendor/rust/cargo2nix/submodules/rust-build/compiler/zombie_driver2/target/debug/deps/libgsgdt-63ec5d5c35bd6297.rmeta --extern polonius_engine=/mnt/data1/nix/vendor/rust/cargo2nix/submodules/rust-build/compiler/zombie_driver2/target/debug/deps/libpolonius_engine-23686739cdbb0d06.rmeta --extern rustc_abi=/mnt/data1/nix/vendor/rust/cargo2nix/submodules/rust-build/compiler/zombie_driver2/target/debug/deps/librustc_abi-adecc4c15d63dbde.rmeta --extern rustc_apfloat=/mnt/data1/nix/vendor/rust/cargo2nix/submodules/rust-build/compiler/zombie_driver2/target/debug/deps/librustc_apfloat-e645c5b6d05ce1df.rmeta --extern rustc_arena=/mnt/data1/nix/vendor/rust/cargo2nix/submodules/rust-build/compiler/zombie_driver2/target/debug/deps/librustc_arena-fbfbfc9e2ae2c81f.rmeta --extern rustc_ast=/mnt/data1/nix/vendor/rust/cargo2nix/submodules/rust-build/compiler/zombie_driver2/target/debug/deps/librustc_ast-892745d5973bca50.rmeta --extern rustc_ast_ir=/mnt/data1/nix/vendor/rust/cargo2nix/submodules/rust-build/compiler/zombie_driver2/target/debug/deps/librustc_ast_ir-ac51d7a200660cd6.rmeta --extern rustc_data_structures=/mnt/data1/nix/vendor/rust/cargo2nix/submodules/rust-build/compiler/zombie_driver2/target/debug/deps/librustc_data_structures-7a05c3f43ea74b8d.rmeta --extern rustc_error_messages=/mnt/data1/nix/vendor/rust/cargo2nix/submodules/rust-build/compiler/zombie_driver2/target/debug/deps/librustc_error_messages-945c54728d891d4f.rmeta --extern rustc_errors=/mnt/data1/nix/vendor/rust/cargo2nix/submodules/rust-build/compiler/zombie_driver2/target/debug/deps/librustc_errors-042ea83da72fde12.rmeta --extern rustc_feature=/mnt/data1/nix/vendor/rust/cargo2nix/submodules/rust-build/compiler/zombie_driver2/target/debug/deps/librustc_feature-8b7a1e168a753038.rmeta --extern rustc_fluent_macro=/mnt/data1/nix/vendor/rust/cargo2nix/submodules/rust-build/compiler/zombie_driver2/target/debug/deps/librustc_fluent_macro-d795261342a5a863.so --extern rustc_graphviz=/mnt/data1/nix/vendor/rust/cargo2nix/submodules/rust-build/compiler/zombie_driver2/target/debug/deps/librustc_graphviz-c7812eafe07feea7.rmeta --extern rustc_hashes=/mnt/data1/nix/vendor/rust/cargo2nix/submodules/rust-build/compiler/zombie_driver2/target/debug/deps/librustc_hashes-90e81dae7d173bd5.rmeta --extern rustc_hir=/mnt/data1/nix/vendor/rust/cargo2nix/submodules/rust-build/compiler/zombie_driver2/target/debug/deps/librustc_hir-60bf32f61521f542.rmeta --extern rustc_hir_pretty=/mnt/data1/nix/vendor/rust/cargo2nix/submodules/rust-build/compiler/zombie_driver2/target/debug/deps/librustc_hir_pretty-ca9b67830c6fa0cd.rmeta --extern rustc_index=/mnt/data1/nix/vendor/rust/cargo2nix/submodules/rust-build/compiler/zombie_driver2/target/debug/deps/librustc_index-3aa7163ed688dde0.rmeta --extern rustc_lint_defs=/mnt/data1/nix/vendor/rust/cargo2nix/submodules/rust-build/compiler/zombie_driver2/target/debug/deps/librustc_lint_defs-ad79f75a403531aa.rmeta --extern rustc_macros=/mnt/data1/nix/vendor/rust/cargo2nix/submodules/rust-build/compiler/zombie_driver2/target/debug/deps/librustc_macros-533b3ebf51685542.so --extern rustc_query_system=/mnt/data1/nix/vendor/rust/cargo2nix/submodules/rust-build/compiler/zombie_driver2/target/debug/deps/librustc_query_system-fdb82a57abdd9f77.rmeta --extern rustc_serialize=/mnt/data1/nix/vendor/rust/cargo2nix/submodules/rust-build/compiler/zombie_driver2/target/debug/deps/librustc_serialize-865b9514c43ea76f.rmeta --extern rustc_session=/mnt/data1/nix/vendor/rust/cargo2nix/submodules/rust-build/compiler/zombie_driver2/target/debug/deps/librustc_session-ad93ec0078fafc82.rmeta --extern rustc_span=/mnt/data1/nix/vendor/rust/cargo2nix/submodules/rust-build/compiler/zombie_driver2/target/debug/deps/librustc_span-cca3b45fe3825eda.rmeta --extern rustc_target=/mnt/data1/nix/vendor/rust/cargo2nix/submodules/rust-build/compiler/zombie_driver2/target/debug/deps/librustc_target-5de06d076d06ccca.rmeta --extern rustc_thread_pool=/mnt/data1/nix/vendor/rust/cargo2nix/submodules/rust-build/compiler/zombie_driver2/target/debug/deps/librustc_thread_pool-83aef153b3813075.rmeta --extern rustc_type_ir=/mnt/data1/nix/vendor/rust/cargo2nix/submodules/rust-build/compiler/zombie_driver2/target/debug/deps/librustc_type_ir-17d6b60feb33a7ad.rmeta --extern smallvec=/mnt/data1/nix/vendor/rust/cargo2nix/submodules/rust-build/compiler/zombie_driver2/target/debug/deps/libsmallvec-3970d95f1529de22.rmeta --extern thin_vec=/mnt/data1/nix/vendor/rust/cargo2nix/submodules/rust-build/compiler/zombie_driver2/target/debug/deps/libthin_vec-c5a2b73fca668a41.rmeta --extern tracing=/mnt/data1/nix/vendor/rust/cargo2nix/submodules/rust-build/compiler/zombie_driver2/target/debug/deps/libtracing-82b3a1ccd9aeceb8.rmeta -L native=/mnt/data1/nix/vendor/rust/cargo2nix/submodules/rust-build/compiler/zombie_driver2/target/debug/build/psm-51115e95e3afce55/out -L native=/mnt/data1/nix/vendor/rust/cargo2nix/submodules/rust-build/compiler/zombie_driver2/target/debug/build/blake3-b449a45f526127c8/out -L native=/mnt/data1/nix/vendor/rust/cargo2nix/submodules/rust-build/compiler/zombie_driver2/target/debug/build/blake3-b449a45f526127c8/out
19:50:24 rustc --crate-name rustc_middle --edition=2024 /mnt/data1/nix/vendor/rust/cargo2nix/submodules/rust-build/compiler/rustc_middle/src/lib.rs --error-format=json --json=diagnostic-rendered-ansi,artifacts,future-incompat --crate-type lib --emit=dep-info,metadata,link -C embed-bitcode=no -C debuginfo=2 --check-cfg cfg(docsrs,test) --check-cfg cfg(feature, values("rustc_randomized_layouts")) -C metadata=9773084bec7b0583 -C extra-filename=-245c3150683558be --out-dir /mnt/data1/nix/vendor/rust/cargo2nix/submodules/rust-build/compiler/zombie_driver2/target/debug/deps -C incremental=/mnt/data1/nix/vendor/rust/cargo2nix/submodules/rust-build/compiler/zombie_driver2/target/debug/incremental -L dependency=/mnt/data1/nix/vendor/rust/cargo2nix/submodules/rust-build/compiler/zombie_driver2/target/debug/deps --extern bitflags=/mnt/data1/nix/vendor/rust/cargo2nix/submodules/rust-build/compiler/zombie_driver2/target/debug/deps/libbitflags-56146a5f1712337b.rmeta --extern either=/mnt/data1/nix/vendor/rust/cargo2nix/submodules/rust-build/compiler/zombie_driver2/target/debug/deps/libeither-80e22dfc3e1c5c46.rmeta --extern gsgdt=/mnt/data1/nix/vendor/rust/cargo2nix/submodules/rust-build/compiler/zombie_driver2/target/debug/deps/libgsgdt-63ec5d5c35bd6297.rmeta --extern polonius_engine=/mnt/data1/nix/vendor/rust/cargo2nix/submodules/rust-build/compiler/zombie_driver2/target/debug/deps/libpolonius_engine-23686739cdbb0d06.rmeta --extern rustc_abi=/mnt/data1/nix/vendor/rust/cargo2nix/submodules/rust-build/compiler/zombie_driver2/target/debug/deps/librustc_abi-adecc4c15d63dbde.rmeta --extern rustc_apfloat=/mnt/data1/nix/vendor/rust/cargo2nix/submodules/rust-build/compiler/zombie_driver2/target/debug/deps/librustc_apfloat-e645c5b6d05ce1df.rmeta --extern rustc_arena=/mnt/data1/nix/vendor/rust/cargo2nix/submodules/rust-build/compiler/zombie_driver2/target/debug/deps/librustc_arena-fbfbfc9e2ae2c81f.rmeta --extern rustc_ast=/mnt/data1/nix/vendor/rust/cargo2nix/submodules/rust-build/compiler/zombie_driver2/target/debug/deps/librustc_ast-892745d5973bca50.rmeta --extern rustc_ast_ir=/mnt/data1/nix/vendor/rust/cargo2nix/submodules/rust-build/compiler/zombie_driver2/target/debug/deps/librustc_ast_ir-ac51d7a200660cd6.rmeta --extern rustc_data_structures=/mnt/data1/nix/vendor/rust/cargo2nix/submodules/rust-build/compiler/zombie_driver2/target/debug/deps/librustc_data_structures-7a05c3f43ea74b8d.rmeta --extern rustc_error_messages=/mnt/data1/nix/vendor/rust/cargo2nix/submodules/rust-build/compiler/zombie_driver2/target/debug/deps/librustc_error_messages-945c54728d891d4f.rmeta --extern rustc_errors=/mnt/data1/nix/vendor/rust/cargo2nix/submodules/rust-build/compiler/zombie_driver2/target/debug/deps/librustc_errors-042ea83da72fde12.rmeta --extern rustc_feature=/mnt/data1/nix/vendor/rust/cargo2nix/submodules/rust-build/compiler/zombie_driver2/target/debug/deps/librustc_feature-8b7a1e168a753038.rmeta --extern rustc_fluent_macro=/mnt/data1/nix/vendor/rust/cargo2nix/submodules/rust-build/compiler/zombie_driver2/target/debug/deps/librustc_fluent_macro-d795261342a5a863.so --extern rustc_graphviz=/mnt/data1/nix/vendor/rust/cargo2nix/submodules/rust-build/compiler/zombie_driver2/target/debug/deps/librustc_graphviz-c7812eafe07feea7.rmeta --extern rustc_hashes=/mnt/data1/nix/vendor/rust/cargo2nix/submodules/rust-build/compiler/zombie_driver2/target/debug/deps/librustc_hashes-90e81dae7d173bd5.rmeta --extern rustc_hir=/mnt/data1/nix/vendor/rust/cargo2nix/submodules/rust-build/compiler/zombie_driver2/target/debug/deps/librustc_hir-60bf32f61521f542.rmeta --extern rustc_hir_pretty=/mnt/data1/nix/vendor/rust/cargo2nix/submodules/rust-build/compiler/zombie_driver2/target/debug/deps/librustc_hir_pretty-ca9b67830c6fa0cd.rmeta --extern rustc_index=/mnt/data1/nix/vendor/rust/cargo2nix/submodules/rust-build/compiler/zombie_driver2/target/debug/deps/librustc_index-3aa7163ed688dde0.rmeta --extern rustc_lint_defs=/mnt/data1/nix/vendor/rust/cargo2nix/submodules/rust-build/compiler/zombie_driver2/target/debug/deps/librustc_lint_defs-ad79f75a403531aa.rmeta --extern rustc_macros=/mnt/data1/nix/vendor/rust/cargo2nix/submodules/rust-build/compiler/zombie_driver2/target/debug/deps/librustc_macros-533b3ebf51685542.so --extern rustc_query_system=/mnt/data1/nix/vendor/rust/cargo2nix/submodules/rust-build/compiler/zombie_driver2/target/debug/deps/librustc_query_system-fdb82a57abdd9f77.rmeta --extern rustc_serialize=/mnt/data1/nix/vendor/rust/cargo2nix/submodules/rust-build/compiler/zombie_driver2/target/debug/deps/librustc_serialize-865b9514c43ea76f.rmeta --extern rustc_session=/mnt/data1/nix/vendor/rust/cargo2nix/submodules/rust-build/compiler/zombie_driver2/target/debug/deps/librustc_session-ad93ec0078fafc82.rmeta --extern rustc_span=/mnt/data1/nix/vendor/rust/cargo2nix/submodules/rust-build/compiler/zombie_driver2/target/debug/deps/librustc_span-cca3b45fe3825eda.rmeta --extern rustc_target=/mnt/data1/nix/vendor/rust/cargo2nix/submodules/rust-build/compiler/zombie_driver2/target/debug/deps/librustc_target-5de06d076d06ccca.rmeta --extern rustc_thread_pool=/mnt/data1/nix/vendor/rust/cargo2nix/submodules/rust-build/compiler/zombie_driver2/target/debug/deps/librustc_thread_pool-83aef153b3813075.rmeta --extern rustc_type_ir=/mnt/data1/nix/vendor/rust/cargo2nix/submodules/rust-build/compiler/zombie_driver2/target/debug/deps/librustc_type_ir-17d6b60feb33a7ad.rmeta --extern smallvec=/mnt/data1/nix/vendor/rust/cargo2nix/submodules/rust-build/compiler/zombie_driver2/target/debug/deps/libsmallvec-3970d95f1529de22.rmeta --extern thin_vec=/mnt/data1/nix/vendor/rust/cargo2nix/submodules/rust-build/compiler/zombie_driver2/target/debug/deps/libthin_vec-c5a2b73fca668a41.rmeta --extern tracing=/mnt/data1/nix/vendor/rust/cargo2nix/submodules/rust-build/compiler/zombie_driver2/target/debug/deps/libtracing-82b3a1ccd9aeceb8.rmeta -L native=/mnt/data1/nix/vendor/rust/cargo2nix/submodules/rust-build/compiler/zombie_driver2/target/debug/build/psm-51115e95e3afce55/out -L native=/mnt/data1/nix/vendor/rust/cargo2nix/submodules/rust-build/compiler/zombie_driver2/target/debug/build/blake3-b449a45f526127c8/out -L native=/mnt/data1/nix/vendor/rust/cargo2nix/submodules/rust-build/compiler/zombie_driver2/target/debug/build/blake3-b449a45f526127c8/out
19:51:18 STATS_CHANGE: Compile requests                    470
Compile requests executed           297
Cache hits                          264
Cache hits (Rust)                   264
Cache misses                         29
Cache misses (Rust)                  29
Cache hits rate                   90.10 %
Cache hits rate (Rust)            90.10 %
Cache timeouts                        0
Cache read errors                     0
Forced recaches                       0
Cache write errors                    0
Cache errors                          0
Compilations                         29
Compilation failures                  4
Non-cacheable compilations            0
Non-cacheable calls                 172
Non-compilation calls                 1
Unsupported compiler calls            0
Average cache write               0.000 s
Average compiler                  0.538 s
Average cache read hit            0.003 s
Failed distributed compilations       0

Non-cacheable reasons:
incremental                          87
crate-type                           72
missing input                         7
-                                     3
-o                                    3

Cache location                  Local disk: "/home/mdupont/.cache/sccache"
Use direct/preprocessor mode?   yes
Version (client)                0.12.0
Cache size                            1 GiB
Max cache size                       10 GiB -> Compile requests                    497
Compile requests executed           297
Cache hits                          264
Cache hits (Rust)                   264
Cache misses                         29
Cache misses (Rust)                  29
Cache hits rate                   90.10 %
Cache hits rate (Rust)            90.10 %
Cache timeouts                        0
Cache read errors                     0
Forced recaches                       0
Cache write errors                    0
Cache errors                          0
Compilations                         29
Compilation failures                  4
Non-cacheable compilations            0
Non-cacheable calls                 199
Non-compilation calls                 1
Unsupported compiler calls            0
Average cache write               0.000 s
Average compiler                  0.538 s
Average cache read hit            0.003 s
Failed distributed compilations       0

Non-cacheable reasons:
incremental                         114
crate-type                           72
missing input                         7
-                                     3
-o                                    3

Cache location                  Local disk: "/home/mdupont/.cache/sccache"
Use direct/preprocessor mode?   yes
Version (client)                0.12.0
Cache size                            1 GiB
Max cache size                       10 GiB
19:51:18 DUPLICATE #4: rustc --crate-name rustc_middle --edition=2024 /mnt/data1/nix/vendor/rust/cargo2nix/submodules/rust-build/compiler/rustc_middle/src/lib.rs --error-format=json --json=diagnostic-rendered-ansi,artifacts,future-incompat --crate-type lib --emit=dep-info,metadata,link -C embed-bitcode=no -C debuginfo=2 --check-cfg cfg(docsrs,test) --check-cfg cfg(feature, values("rustc_randomized_layouts")) -C metadata=9773084bec7b0583 -C extra-filename=-245c3150683558be --out-dir /mnt/data1/nix/vendor/rust/cargo2nix/submodules/rust-build/compiler/zombie_driver2/target/debug/deps -C incremental=/mnt/data1/nix/vendor/rust/cargo2nix/submodules/rust-build/compiler/zombie_driver2/target/debug/incremental -L dependency=/mnt/data1/nix/vendor/rust/cargo2nix/submodules/rust-build/compiler/zombie_driver2/target/debug/deps --extern bitflags=/mnt/data1/nix/vendor/rust/cargo2nix/submodules/rust-build/compiler/zombie_driver2/target/debug/deps/libbitflags-56146a5f1712337b.rmeta --extern either=/mnt/data1/nix/vendor/rust/cargo2nix/submodules/rust-build/compiler/zombie_driver2/target/debug/deps/libeither-80e22dfc3e1c5c46.rmeta --extern gsgdt=/mnt/data1/nix/vendor/rust/cargo2nix/submodules/rust-build/compiler/zombie_driver2/target/debug/deps/libgsgdt-63ec5d5c35bd6297.rmeta --extern polonius_engine=/mnt/data1/nix/vendor/rust/cargo2nix/submodules/rust-build/compiler/zombie_driver2/target/debug/deps/libpolonius_engine-23686739cdbb0d06.rmeta --extern rustc_abi=/mnt/data1/nix/vendor/rust/cargo2nix/submodules/rust-build/compiler/zombie_driver2/target/debug/deps/librustc_abi-adecc4c15d63dbde.rmeta --extern rustc_apfloat=/mnt/data1/nix/vendor/rust/cargo2nix/submodules/rust-build/compiler/zombie_driver2/target/debug/deps/librustc_apfloat-e645c5b6d05ce1df.rmeta --extern rustc_arena=/mnt/data1/nix/vendor/rust/cargo2nix/submodules/rust-build/compiler/zombie_driver2/target/debug/deps/librustc_arena-fbfbfc9e2ae2c81f.rmeta --extern rustc_ast=/mnt/data1/nix/vendor/rust/cargo2nix/submodules/rust-build/compiler/zombie_driver2/target/debug/deps/librustc_ast-892745d5973bca50.rmeta --extern rustc_ast_ir=/mnt/data1/nix/vendor/rust/cargo2nix/submodules/rust-build/compiler/zombie_driver2/target/debug/deps/librustc_ast_ir-ac51d7a200660cd6.rmeta --extern rustc_data_structures=/mnt/data1/nix/vendor/rust/cargo2nix/submodules/rust-build/compiler/zombie_driver2/target/debug/deps/librustc_data_structures-7a05c3f43ea74b8d.rmeta --extern rustc_error_messages=/mnt/data1/nix/vendor/rust/cargo2nix/submodules/rust-build/compiler/zombie_driver2/target/debug/deps/librustc_error_messages-945c54728d891d4f.rmeta --extern rustc_errors=/mnt/data1/nix/vendor/rust/cargo2nix/submodules/rust-build/compiler/zombie_driver2/target/debug/deps/librustc_errors-042ea83da72fde12.rmeta --extern rustc_feature=/mnt/data1/nix/vendor/rust/cargo2nix/submodules/rust-build/compiler/zombie_driver2/target/debug/deps/librustc_feature-8b7a1e168a753038.rmeta --extern rustc_fluent_macro=/mnt/data1/nix/vendor/rust/cargo2nix/submodules/rust-build/compiler/zombie_driver2/target/debug/deps/librustc_fluent_macro-d795261342a5a863.so --extern rustc_graphviz=/mnt/data1/nix/vendor/rust/cargo2nix/submodules/rust-build/compiler/zombie_driver2/target/debug/deps/librustc_graphviz-c7812eafe07feea7.rmeta --extern rustc_hashes=/mnt/data1/nix/vendor/rust/cargo2nix/submodules/rust-build/compiler/zombie_driver2/target/debug/deps/librustc_hashes-90e81dae7d173bd5.rmeta --extern rustc_hir=/mnt/data1/nix/vendor/rust/cargo2nix/submodules/rust-build/compiler/zombie_driver2/target/debug/deps/librustc_hir-60bf32f61521f542.rmeta --extern rustc_hir_pretty=/mnt/data1/nix/vendor/rust/cargo2nix/submodules/rust-build/compiler/zombie_driver2/target/debug/deps/librustc_hir_pretty-ca9b67830c6fa0cd.rmeta --extern rustc_index=/mnt/data1/nix/vendor/rust/cargo2nix/submodules/rust-build/compiler/zombie_driver2/target/debug/deps/librustc_index-3aa7163ed688dde0.rmeta --extern rustc_lint_defs=/mnt/data1/nix/vendor/rust/cargo2nix/submodules/rust-build/compiler/zombie_driver2/target/debug/deps/librustc_lint_defs-ad79f75a403531aa.rmeta --extern rustc_macros=/mnt/data1/nix/vendor/rust/cargo2nix/submodules/rust-build/compiler/zombie_driver2/target/debug/deps/librustc_macros-533b3ebf51685542.so --extern rustc_query_system=/mnt/data1/nix/vendor/rust/cargo2nix/submodules/rust-build/compiler/zombie_driver2/target/debug/deps/librustc_query_system-fdb82a57abdd9f77.rmeta --extern rustc_serialize=/mnt/data1/nix/vendor/rust/cargo2nix/submodules/rust-build/compiler/zombie_driver2/target/debug/deps/librustc_serialize-865b9514c43ea76f.rmeta --extern rustc_session=/mnt/data1/nix/vendor/rust/cargo2nix/submodules/rust-build/compiler/zombie_driver2/target/debug/deps/librustc_session-ad93ec0078fafc82.rmeta --extern rustc_span=/mnt/data1/nix/vendor/rust/cargo2nix/submodules/rust-build/compiler/zombie_driver2/target/debug/deps/librustc_span-cca3b45fe3825eda.rmeta --extern rustc_target=/mnt/data1/nix/vendor/rust/cargo2nix/submodules/rust-build/compiler/zombie_driver2/target/debug/deps/librustc_target-5de06d076d06ccca.rmeta --extern rustc_thread_pool=/mnt/data1/nix/vendor/rust/cargo2nix/submodules/rust-build/compiler/zombie_driver2/target/debug/deps/librustc_thread_pool-83aef153b3813075.rmeta --extern rustc_type_ir=/mnt/data1/nix/vendor/rust/cargo2nix/submodules/rust-build/compiler/zombie_driver2/target/debug/deps/librustc_type_ir-17d6b60feb33a7ad.rmeta --extern smallvec=/mnt/data1/nix/vendor/rust/cargo2nix/submodules/rust-build/compiler/zombie_driver2/target/debug/deps/libsmallvec-3970d95f1529de22.rmeta --extern thin_vec=/mnt/data1/nix/vendor/rust/cargo2nix/submodules/rust-build/compiler/zombie_driver2/target/debug/deps/libthin_vec-c5a2b73fca668a41.rmeta --extern tracing=/mnt/data1/nix/vendor/rust/cargo2nix/submodules/rust-build/compiler/zombie_driver2/target/debug/deps/libtracing-82b3a1ccd9aeceb8.rmeta -L native=/mnt/data1/nix/vendor/rust/cargo2nix/submodules/rust-build/compiler/zombie_driver2/target/debug/build/psm-51115e95e3afce55/out -L native=/mnt/data1/nix/vendor/rust/cargo2nix/submodules/rust-build/compiler/zombie_driver2/target/debug/build/blake3-b449a45f526127c8/out -L native=/mnt/data1/nix/vendor/rust/cargo2nix/submodules/rust-build/compiler/zombie_driver2/target/debug/build/blake3-b449a45f526127c8/out
20:10:05 SKIPPED: rustc --crate-name rustc_middle --edition=2024 /mnt/data1/nix/vendor/rust/cargo2nix/submodules/rust-build/compiler/rustc_middle/src/lib.rs --error-format=json --json=diagnostic-rendered-ansi,artifacts,future-incompat --crate-type lib --emit=dep-info,metadata,link -C embed-bitcode=no -C debuginfo=2 --check-cfg cfg(docsrs,test) --check-cfg cfg(feature, values("rustc_randomized_layouts")) -C metadata=9773084bec7b0583 -C extra-filename=-245c3150683558be --out-dir /mnt/data1/nix/vendor/rust/cargo2nix/submodules/rust-build/compiler/zombie_driver2/target/debug/deps -C incremental=/mnt/data1/nix/vendor/rust/cargo2nix/submodules/rust-build/compiler/zombie_driver2/target/debug/incremental -L dependency=/mnt/data1/nix/vendor/rust/cargo2nix/submodules/rust-build/compiler/zombie_driver2/target/debug/deps --extern bitflags=/mnt/data1/nix/vendor/rust/cargo2nix/submodules/rust-build/compiler/zombie_driver2/target/debug/deps/libbitflags-56146a5f1712337b.rmeta --extern either=/mnt/data1/nix/vendor/rust/cargo2nix/submodules/rust-build/compiler/zombie_driver2/target/debug/deps/libeither-80e22dfc3e1c5c46.rmeta --extern gsgdt=/mnt/data1/nix/vendor/rust/cargo2nix/submodules/rust-build/compiler/zombie_driver2/target/debug/deps/libgsgdt-63ec5d5c35bd6297.rmeta --extern polonius_engine=/mnt/data1/nix/vendor/rust/cargo2nix/submodules/rust-build/compiler/zombie_driver2/target/debug/deps/libpolonius_engine-23686739cdbb0d06.rmeta --extern rustc_abi=/mnt/data1/nix/vendor/rust/cargo2nix/submodules/rust-build/compiler/zombie_driver2/target/debug/deps/librustc_abi-adecc4c15d63dbde.rmeta --extern rustc_apfloat=/mnt/data1/nix/vendor/rust/cargo2nix/submodules/rust-build/compiler/zombie_driver2/target/debug/deps/librustc_apfloat-e645c5b6d05ce1df.rmeta --extern rustc_arena=/mnt/data1/nix/vendor/rust/cargo2nix/submodules/rust-build/compiler/zombie_driver2/target/debug/deps/librustc_arena-fbfbfc9e2ae2c81f.rmeta --extern rustc_ast=/mnt/data1/nix/vendor/rust/cargo2nix/submodules/rust-build/compiler/zombie_driver2/target/debug/deps/librustc_ast-892745d5973bca50.rmeta --extern rustc_ast_ir=/mnt/data1/nix/vendor/rust/cargo2nix/submodules/rust-build/compiler/zombie_driver2/target/debug/deps/librustc_ast_ir-ac51d7a200660cd6.rmeta --extern rustc_data_structures=/mnt/data1/nix/vendor/rust/cargo2nix/submodules/rust-build/compiler/zombie_driver2/target/debug/deps/librustc_data_structures-7a05c3f43ea74b8d.rmeta --extern rustc_error_messages=/mnt/data1/nix/vendor/rust/cargo2nix/submodules/rust-build/compiler/zombie_driver2/target/debug/deps/librustc_error_messages-945c54728d891d4f.rmeta --extern rustc_errors=/mnt/data1/nix/vendor/rust/cargo2nix/submodules/rust-build/compiler/zombie_driver2/target/debug/deps/librustc_errors-042ea83da72fde12.rmeta --extern rustc_feature=/mnt/data1/nix/vendor/rust/cargo2nix/submodules/rust-build/compiler/zombie_driver2/target/debug/deps/librustc_feature-8b7a1e168a753038.rmeta --extern rustc_fluent_macro=/mnt/data1/nix/vendor/rust/cargo2nix/submodules/rust-build/compiler/zombie_driver2/target/debug/deps/librustc_fluent_macro-d795261342a5a863.so --extern rustc_graphviz=/mnt/data1/nix/vendor/rust/cargo2nix/submodules/rust-build/compiler/zombie_driver2/target/debug/deps/librustc_graphviz-c7812eafe07feea7.rmeta --extern rustc_hashes=/mnt/data1/nix/vendor/rust/cargo2nix/submodules/rust-build/compiler/zombie_driver2/target/debug/deps/librustc_hashes-90e81dae7d173bd5.rmeta --extern rustc_hir=/mnt/data1/nix/vendor/rust/cargo2nix/submodules/rust-build/compiler/zombie_driver2/target/debug/deps/librustc_hir-60bf32f61521f542.rmeta --extern rustc_hir_pretty=/mnt/data1/nix/vendor/rust/cargo2nix/submodules/rust-build/compiler/zombie_driver2/target/debug/deps/librustc_hir_pretty-ca9b67830c6fa0cd.rmeta --extern rustc_index=/mnt/data1/nix/vendor/rust/cargo2nix/submodules/rust-build/compiler/zombie_driver2/target/debug/deps/librustc_index-3aa7163ed688dde0.rmeta --extern rustc_lint_defs=/mnt/data1/nix/vendor/rust/cargo2nix/submodules/rust-build/compiler/zombie_driver2/target/debug/deps/librustc_lint_defs-ad79f75a403531aa.rmeta --extern rustc_macros=/mnt/data1/nix/vendor/rust/cargo2nix/submodules/rust-build/compiler/zombie_driver2/target/debug/deps/librustc_macros-533b3ebf51685542.so --extern rustc_query_system=/mnt/data1/nix/vendor/rust/cargo2nix/submodules/rust-build/compiler/zombie_driver2/target/debug/deps/librustc_query_system-fdb82a57abdd9f77.rmeta --extern rustc_serialize=/mnt/data1/nix/vendor/rust/cargo2nix/submodules/rust-build/compiler/zombie_driver2/target/debug/deps/librustc_serialize-865b9514c43ea76f.rmeta --extern rustc_session=/mnt/data1/nix/vendor/rust/cargo2nix/submodules/rust-build/compiler/zombie_driver2/target/debug/deps/librustc_session-ad93ec0078fafc82.rmeta --extern rustc_span=/mnt/data1/nix/vendor/rust/cargo2nix/submodules/rust-build/compiler/zombie_driver2/target/debug/deps/librustc_span-cca3b45fe3825eda.rmeta --extern rustc_target=/mnt/data1/nix/vendor/rust/cargo2nix/submodules/rust-build/compiler/zombie_driver2/target/debug/deps/librustc_target-5de06d076d06ccca.rmeta --extern rustc_thread_pool=/mnt/data1/nix/vendor/rust/cargo2nix/submodules/rust-build/compiler/zombie_driver2/target/debug/deps/librustc_thread_pool-83aef153b3813075.rmeta --extern rustc_type_ir=/mnt/data1/nix/vendor/rust/cargo2nix/submodules/rust-build/compiler/zombie_driver2/target/debug/deps/librustc_type_ir-17d6b60feb33a7ad.rmeta --extern smallvec=/mnt/data1/nix/vendor/rust/cargo2nix/submodules/rust-build/compiler/zombie_driver2/target/debug/deps/libsmallvec-3970d95f1529de22.rmeta --extern thin_vec=/mnt/data1/nix/vendor/rust/cargo2nix/submodules/rust-build/compiler/zombie_driver2/target/debug/deps/libthin_vec-c5a2b73fca668a41.rmeta --extern tracing=/mnt/data1/nix/vendor/rust/cargo2nix/submodules/rust-build/compiler/zombie_driver2/target/debug/deps/libtracing-82b3a1ccd9aeceb8.rmeta -L native=/mnt/data1/nix/vendor/rust/cargo2nix/submodules/rust-build/compiler/zombie_driver2/target/debug/build/psm-51115e95e3afce55/out -L native=/mnt/data1/nix/vendor/rust/cargo2nix/submodules/rust-build/compiler/zombie_driver2/target/debug/build/blake3-b449a45f526127c8/out -L native=/mnt/data1/nix/vendor/rust/cargo2nix/submodules/rust-build/compiler/zombie_driver2/target/debug/build/blake3-b449a45f526127c8/out
20:10:42 SKIPPED: rustc --crate-name rustc_middle --edition=2024 /mnt/data1/nix/vendor/rust/cargo2nix/submodules/rust-build/compiler/rustc_middle/src/lib.rs --error-format=json --json=diagnostic-rendered-ansi,artifacts,future-incompat --crate-type lib --emit=dep-info,metadata,link -C embed-bitcode=no -C debuginfo=2 --check-cfg cfg(docsrs,test) --check-cfg cfg(feature, values("rustc_randomized_layouts")) -C metadata=9773084bec7b0583 -C extra-filename=-245c3150683558be --out-dir /mnt/data1/nix/vendor/rust/cargo2nix/submodules/rust-build/compiler/zombie_driver2/target/debug/deps -C incremental=/mnt/data1/nix/vendor/rust/cargo2nix/submodules/rust-build/compiler/zombie_driver2/target/debug/incremental -L dependency=/mnt/data1/nix/vendor/rust/cargo2nix/submodules/rust-build/compiler/zombie_driver2/target/debug/deps --extern bitflags=/mnt/data1/nix/vendor/rust/cargo2nix/submodules/rust-build/compiler/zombie_driver2/target/debug/deps/libbitflags-56146a5f1712337b.rmeta --extern either=/mnt/data1/nix/vendor/rust/cargo2nix/submodules/rust-build/compiler/zombie_driver2/target/debug/deps/libeither-80e22dfc3e1c5c46.rmeta --extern gsgdt=/mnt/data1/nix/vendor/rust/cargo2nix/submodules/rust-build/compiler/zombie_driver2/target/debug/deps/libgsgdt-63ec5d5c35bd6297.rmeta --extern polonius_engine=/mnt/data1/nix/vendor/rust/cargo2nix/submodules/rust-build/compiler/zombie_driver2/target/debug/deps/libpolonius_engine-23686739cdbb0d06.rmeta --extern rustc_abi=/mnt/data1/nix/vendor/rust/cargo2nix/submodules/rust-build/compiler/zombie_driver2/target/debug/deps/librustc_abi-adecc4c15d63dbde.rmeta --extern rustc_apfloat=/mnt/data1/nix/vendor/rust/cargo2nix/submodules/rust-build/compiler/zombie_driver2/target/debug/deps/librustc_apfloat-e645c5b6d05ce1df.rmeta --extern rustc_arena=/mnt/data1/nix/vendor/rust/cargo2nix/submodules/rust-build/compiler/zombie_driver2/target/debug/deps/librustc_arena-fbfbfc9e2ae2c81f.rmeta --extern rustc_ast=/mnt/data1/nix/vendor/rust/cargo2nix/submodules/rust-build/compiler/zombie_driver2/target/debug/deps/librustc_ast-892745d5973bca50.rmeta --extern rustc_ast_ir=/mnt/data1/nix/vendor/rust/cargo2nix/submodules/rust-build/compiler/zombie_driver2/target/debug/deps/librustc_ast_ir-ac51d7a200660cd6.rmeta --extern rustc_data_structures=/mnt/data1/nix/vendor/rust/cargo2nix/submodules/rust-build/compiler/zombie_driver2/target/debug/deps/librustc_data_structures-7a05c3f43ea74b8d.rmeta --extern rustc_error_messages=/mnt/data1/nix/vendor/rust/cargo2nix/submodules/rust-build/compiler/zombie_driver2/target/debug/deps/librustc_error_messages-945c54728d891d4f.rmeta --extern rustc_errors=/mnt/data1/nix/vendor/rust/cargo2nix/submodules/rust-build/compiler/zombie_driver2/target/debug/deps/librustc_errors-042ea83da72fde12.rmeta --extern rustc_feature=/mnt/data1/nix/vendor/rust/cargo2nix/submodules/rust-build/compiler/zombie_driver2/target/debug/deps/librustc_feature-8b7a1e168a753038.rmeta --extern rustc_fluent_macro=/mnt/data1/nix/vendor/rust/cargo2nix/submodules/rust-build/compiler/zombie_driver2/target/debug/deps/librustc_fluent_macro-d795261342a5a863.so --extern rustc_graphviz=/mnt/data1/nix/vendor/rust/cargo2nix/submodules/rust-build/compiler/zombie_driver2/target/debug/deps/librustc_graphviz-c7812eafe07feea7.rmeta --extern rustc_hashes=/mnt/data1/nix/vendor/rust/cargo2nix/submodules/rust-build/compiler/zombie_driver2/target/debug/deps/librustc_hashes-90e81dae7d173bd5.rmeta --extern rustc_hir=/mnt/data1/nix/vendor/rust/cargo2nix/submodules/rust-build/compiler/zombie_driver2/target/debug/deps/librustc_hir-60bf32f61521f542.rmeta --extern rustc_hir_pretty=/mnt/data1/nix/vendor/rust/cargo2nix/submodules/rust-build/compiler/zombie_driver2/target/debug/deps/librustc_hir_pretty-ca9b67830c6fa0cd.rmeta --extern rustc_index=/mnt/data1/nix/vendor/rust/cargo2nix/submodules/rust-build/compiler/zombie_driver2/target/debug/deps/librustc_index-3aa7163ed688dde0.rmeta --extern rustc_lint_defs=/mnt/data1/nix/vendor/rust/cargo2nix/submodules/rust-build/compiler/zombie_driver2/target/debug/deps/librustc_lint_defs-ad79f75a403531aa.rmeta --extern rustc_macros=/mnt/data1/nix/vendor/rust/cargo2nix/submodules/rust-build/compiler/zombie_driver2/target/debug/deps/librustc_macros-533b3ebf51685542.so --extern rustc_query_system=/mnt/data1/nix/vendor/rust/cargo2nix/submodules/rust-build/compiler/zombie_driver2/target/debug/deps/librustc_query_system-fdb82a57abdd9f77.rmeta --extern rustc_serialize=/mnt/data1/nix/vendor/rust/cargo2nix/submodules/rust-build/compiler/zombie_driver2/target/debug/deps/librustc_serialize-865b9514c43ea76f.rmeta --extern rustc_session=/mnt/data1/nix/vendor/rust/cargo2nix/submodules/rust-build/compiler/zombie_driver2/target/debug/deps/librustc_session-ad93ec0078fafc82.rmeta --extern rustc_span=/mnt/data1/nix/vendor/rust/cargo2nix/submodules/rust-build/compiler/zombie_driver2/target/debug/deps/librustc_span-cca3b45fe3825eda.rmeta --extern rustc_target=/mnt/data1/nix/vendor/rust/cargo2nix/submodules/rust-build/compiler/zombie_driver2/target/debug/deps/librustc_target-5de06d076d06ccca.rmeta --extern rustc_thread_pool=/mnt/data1/nix/vendor/rust/cargo2nix/submodules/rust-build/compiler/zombie_driver2/target/debug/deps/librustc_thread_pool-83aef153b3813075.rmeta --extern rustc_type_ir=/mnt/data1/nix/vendor/rust/cargo2nix/submodules/rust-build/compiler/zombie_driver2/target/debug/deps/librustc_type_ir-17d6b60feb33a7ad.rmeta --extern smallvec=/mnt/data1/nix/vendor/rust/cargo2nix/submodules/rust-build/compiler/zombie_driver2/target/debug/deps/libsmallvec-3970d95f1529de22.rmeta --extern thin_vec=/mnt/data1/nix/vendor/rust/cargo2nix/submodules/rust-build/compiler/zombie_driver2/target/debug/deps/libthin_vec-c5a2b73fca668a41.rmeta --extern tracing=/mnt/data1/nix/vendor/rust/cargo2nix/submodules/rust-build/compiler/zombie_driver2/target/debug/deps/libtracing-82b3a1ccd9aeceb8.rmeta -L native=/mnt/data1/nix/vendor/rust/cargo2nix/submodules/rust-build/compiler/zombie_driver2/target/debug/build/psm-51115e95e3afce55/out -L native=/mnt/data1/nix/vendor/rust/cargo2nix/submodules/rust-build/compiler/zombie_driver2/target/debug/build/blake3-b449a45f526127c8/out -L native=/mnt/data1/nix/vendor/rust/cargo2nix/submodules/rust-build/compiler/zombie_driver2/target/debug/build/blake3-b449a45f526127c8/out
20:13:26 SKIPPED: rustc --crate-name rustc_middle --edition=2024 /mnt/data1/nix/vendor/rust/cargo2nix/submodules/rust-build/compiler/rustc_middle/src/lib.rs --error-format=json --json=diagnostic-rendered-ansi,artifacts,future-incompat --crate-type lib --emit=dep-info,metadata,link -C embed-bitcode=no -C debuginfo=2 --check-cfg cfg(docsrs,test) --check-cfg cfg(feature, values("rustc_randomized_layouts")) -C metadata=9773084bec7b0583 -C extra-filename=-245c3150683558be --out-dir /mnt/data1/nix/vendor/rust/cargo2nix/submodules/rust-build/compiler/zombie_driver2/target/debug/deps -C incremental=/mnt/data1/nix/vendor/rust/cargo2nix/submodules/rust-build/compiler/zombie_driver2/target/debug/incremental -L dependency=/mnt/data1/nix/vendor/rust/cargo2nix/submodules/rust-build/compiler/zombie_driver2/target/debug/deps --extern bitflags=/mnt/data1/nix/vendor/rust/cargo2nix/submodules/rust-build/compiler/zombie_driver2/target/debug/deps/libbitflags-56146a5f1712337b.rmeta --extern either=/mnt/data1/nix/vendor/rust/cargo2nix/submodules/rust-build/compiler/zombie_driver2/target/debug/deps/libeither-80e22dfc3e1c5c46.rmeta --extern gsgdt=/mnt/data1/nix/vendor/rust/cargo2nix/submodules/rust-build/compiler/zombie_driver2/target/debug/deps/libgsgdt-63ec5d5c35bd6297.rmeta --extern polonius_engine=/mnt/data1/nix/vendor/rust/cargo2nix/submodules/rust-build/compiler/zombie_driver2/target/debug/deps/libpolonius_engine-23686739cdbb0d06.rmeta --extern rustc_abi=/mnt/data1/nix/vendor/rust/cargo2nix/submodules/rust-build/compiler/zombie_driver2/target/debug/deps/librustc_abi-adecc4c15d63dbde.rmeta --extern rustc_apfloat=/mnt/data1/nix/vendor/rust/cargo2nix/submodules/rust-build/compiler/zombie_driver2/target/debug/deps/librustc_apfloat-e645c5b6d05ce1df.rmeta --extern rustc_arena=/mnt/data1/nix/vendor/rust/cargo2nix/submodules/rust-build/compiler/zombie_driver2/target/debug/deps/librustc_arena-fbfbfc9e2ae2c81f.rmeta --extern rustc_ast=/mnt/data1/nix/vendor/rust/cargo2nix/submodules/rust-build/compiler/zombie_driver2/target/debug/deps/librustc_ast-892745d5973bca50.rmeta --extern rustc_ast_ir=/mnt/data1/nix/vendor/rust/cargo2nix/submodules/rust-build/compiler/zombie_driver2/target/debug/deps/librustc_ast_ir-ac51d7a200660cd6.rmeta --extern rustc_data_structures=/mnt/data1/nix/vendor/rust/cargo2nix/submodules/rust-build/compiler/zombie_driver2/target/debug/deps/librustc_data_structures-7a05c3f43ea74b8d.rmeta --extern rustc_error_messages=/mnt/data1/nix/vendor/rust/cargo2nix/submodules/rust-build/compiler/zombie_driver2/target/debug/deps/librustc_error_messages-945c54728d891d4f.rmeta --extern rustc_errors=/mnt/data1/nix/vendor/rust/cargo2nix/submodules/rust-build/compiler/zombie_driver2/target/debug/deps/librustc_errors-042ea83da72fde12.rmeta --extern rustc_feature=/mnt/data1/nix/vendor/rust/cargo2nix/submodules/rust-build/compiler/zombie_driver2/target/debug/deps/librustc_feature-8b7a1e168a753038.rmeta --extern rustc_fluent_macro=/mnt/data1/nix/vendor/rust/cargo2nix/submodules/rust-build/compiler/zombie_driver2/target/debug/deps/librustc_fluent_macro-d795261342a5a863.so --extern rustc_graphviz=/mnt/data1/nix/vendor/rust/cargo2nix/submodules/rust-build/compiler/zombie_driver2/target/debug/deps/librustc_graphviz-c7812eafe07feea7.rmeta --extern rustc_hashes=/mnt/data1/nix/vendor/rust/cargo2nix/submodules/rust-build/compiler/zombie_driver2/target/debug/deps/librustc_hashes-90e81dae7d173bd5.rmeta --extern rustc_hir=/mnt/data1/nix/vendor/rust/cargo2nix/submodules/rust-build/compiler/zombie_driver2/target/debug/deps/librustc_hir-60bf32f61521f542.rmeta --extern rustc_hir_pretty=/mnt/data1/nix/vendor/rust/cargo2nix/submodules/rust-build/compiler/zombie_driver2/target/debug/deps/librustc_hir_pretty-ca9b67830c6fa0cd.rmeta --extern rustc_index=/mnt/data1/nix/vendor/rust/cargo2nix/submodules/rust-build/compiler/zombie_driver2/target/debug/deps/librustc_index-3aa7163ed688dde0.rmeta --extern rustc_lint_defs=/mnt/data1/nix/vendor/rust/cargo2nix/submodules/rust-build/compiler/zombie_driver2/target/debug/deps/librustc_lint_defs-ad79f75a403531aa.rmeta --extern rustc_macros=/mnt/data1/nix/vendor/rust/cargo2nix/submodules/rust-build/compiler/zombie_driver2/target/debug/deps/librustc_macros-533b3ebf51685542.so --extern rustc_query_system=/mnt/data1/nix/vendor/rust/cargo2nix/submodules/rust-build/compiler/zombie_driver2/target/debug/deps/librustc_query_system-fdb82a57abdd9f77.rmeta --extern rustc_serialize=/mnt/data1/nix/vendor/rust/cargo2nix/submodules/rust-build/compiler/zombie_driver2/target/debug/deps/librustc_serialize-865b9514c43ea76f.rmeta --extern rustc_session=/mnt/data1/nix/vendor/rust/cargo2nix/submodules/rust-build/compiler/zombie_driver2/target/debug/deps/librustc_session-ad93ec0078fafc82.rmeta --extern rustc_span=/mnt/data1/nix/vendor/rust/cargo2nix/submodules/rust-build/compiler/zombie_driver2/target/debug/deps/librustc_span-cca3b45fe3825eda.rmeta --extern rustc_target=/mnt/data1/nix/vendor/rust/cargo2nix/submodules/rust-build/compiler/zombie_driver2/target/debug/deps/librustc_target-5de06d076d06ccca.rmeta --extern rustc_thread_pool=/mnt/data1/nix/vendor/rust/cargo2nix/submodules/rust-build/compiler/zombie_driver2/target/debug/deps/librustc_thread_pool-83aef153b3813075.rmeta --extern rustc_type_ir=/mnt/data1/nix/vendor/rust/cargo2nix/submodules/rust-build/compiler/zombie_driver2/target/debug/deps/librustc_type_ir-17d6b60feb33a7ad.rmeta --extern smallvec=/mnt/data1/nix/vendor/rust/cargo2nix/submodules/rust-build/compiler/zombie_driver2/target/debug/deps/libsmallvec-3970d95f1529de22.rmeta --extern thin_vec=/mnt/data1/nix/vendor/rust/cargo2nix/submodules/rust-build/compiler/zombie_driver2/target/debug/deps/libthin_vec-c5a2b73fca668a41.rmeta --extern tracing=/mnt/data1/nix/vendor/rust/cargo2nix/submodules/rust-build/compiler/zombie_driver2/target/debug/deps/libtracing-82b3a1ccd9aeceb8.rmeta -L native=/mnt/data1/nix/vendor/rust/cargo2nix/submodules/rust-build/compiler/zombie_driver2/target/debug/build/psm-51115e95e3afce55/out -L native=/mnt/data1/nix/vendor/rust/cargo2nix/submodules/rust-build/compiler/zombie_driver2/target/debug/build/blake3-b449a45f526127c8/out -L native=/mnt/data1/nix/vendor/rust/cargo2nix/submodules/rust-build/compiler/zombie_driver2/target/debug/build/blake3-b449a45f526127c8/out
20:15:55 SKIPPED: rustc --crate-name rustc_middle --edition=2024 /mnt/data1/nix/vendor/rust/cargo2nix/submodules/rust-build/compiler/rustc_middle/src/lib.rs --error-format=json --json=diagnostic-rendered-ansi,artifacts,future-incompat --crate-type lib --emit=dep-info,metadata,link -C embed-bitcode=no -C debuginfo=2 --check-cfg cfg(docsrs,test) --check-cfg cfg(feature, values("rustc_randomized_layouts")) -C metadata=9773084bec7b0583 -C extra-filename=-245c3150683558be --out-dir /mnt/data1/nix/vendor/rust/cargo2nix/submodules/rust-build/compiler/zombie_driver2/target/debug/deps -C incremental=/mnt/data1/nix/vendor/rust/cargo2nix/submodules/rust-build/compiler/zombie_driver2/target/debug/incremental -L dependency=/mnt/data1/nix/vendor/rust/cargo2nix/submodules/rust-build/compiler/zombie_driver2/target/debug/deps --extern bitflags=/mnt/data1/nix/vendor/rust/cargo2nix/submodules/rust-build/compiler/zombie_driver2/target/debug/deps/libbitflags-56146a5f1712337b.rmeta --extern either=/mnt/data1/nix/vendor/rust/cargo2nix/submodules/rust-build/compiler/zombie_driver2/target/debug/deps/libeither-80e22dfc3e1c5c46.rmeta --extern gsgdt=/mnt/data1/nix/vendor/rust/cargo2nix/submodules/rust-build/compiler/zombie_driver2/target/debug/deps/libgsgdt-63ec5d5c35bd6297.rmeta --extern polonius_engine=/mnt/data1/nix/vendor/rust/cargo2nix/submodules/rust-build/compiler/zombie_driver2/target/debug/deps/libpolonius_engine-23686739cdbb0d06.rmeta --extern rustc_abi=/mnt/data1/nix/vendor/rust/cargo2nix/submodules/rust-build/compiler/zombie_driver2/target/debug/deps/librustc_abi-adecc4c15d63dbde.rmeta --extern rustc_apfloat=/mnt/data1/nix/vendor/rust/cargo2nix/submodules/rust-build/compiler/zombie_driver2/target/debug/deps/librustc_apfloat-e645c5b6d05ce1df.rmeta --extern rustc_arena=/mnt/data1/nix/vendor/rust/cargo2nix/submodules/rust-build/compiler/zombie_driver2/target/debug/deps/librustc_arena-fbfbfc9e2ae2c81f.rmeta --extern rustc_ast=/mnt/data1/nix/vendor/rust/cargo2nix/submodules/rust-build/compiler/zombie_driver2/target/debug/deps/librustc_ast-892745d5973bca50.rmeta --extern rustc_ast_ir=/mnt/data1/nix/vendor/rust/cargo2nix/submodules/rust-build/compiler/zombie_driver2/target/debug/deps/librustc_ast_ir-ac51d7a200660cd6.rmeta --extern rustc_data_structures=/mnt/data1/nix/vendor/rust/cargo2nix/submodules/rust-build/compiler/zombie_driver2/target/debug/deps/librustc_data_structures-7a05c3f43ea74b8d.rmeta --extern rustc_error_messages=/mnt/data1/nix/vendor/rust/cargo2nix/submodules/rust-build/compiler/zombie_driver2/target/debug/deps/librustc_error_messages-945c54728d891d4f.rmeta --extern rustc_errors=/mnt/data1/nix/vendor/rust/cargo2nix/submodules/rust-build/compiler/zombie_driver2/target/debug/deps/librustc_errors-042ea83da72fde12.rmeta --extern rustc_feature=/mnt/data1/nix/vendor/rust/cargo2nix/submodules/rust-build/compiler/zombie_driver2/target/debug/deps/librustc_feature-8b7a1e168a753038.rmeta --extern rustc_fluent_macro=/mnt/data1/nix/vendor/rust/cargo2nix/submodules/rust-build/compiler/zombie_driver2/target/debug/deps/librustc_fluent_macro-d795261342a5a863.so --extern rustc_graphviz=/mnt/data1/nix/vendor/rust/cargo2nix/submodules/rust-build/compiler/zombie_driver2/target/debug/deps/librustc_graphviz-c7812eafe07feea7.rmeta --extern rustc_hashes=/mnt/data1/nix/vendor/rust/cargo2nix/submodules/rust-build/compiler/zombie_driver2/target/debug/deps/librustc_hashes-90e81dae7d173bd5.rmeta --extern rustc_hir=/mnt/data1/nix/vendor/rust/cargo2nix/submodules/rust-build/compiler/zombie_driver2/target/debug/deps/librustc_hir-60bf32f61521f542.rmeta --extern rustc_hir_pretty=/mnt/data1/nix/vendor/rust/cargo2nix/submodules/rust-build/compiler/zombie_driver2/target/debug/deps/librustc_hir_pretty-ca9b67830c6fa0cd.rmeta --extern rustc_index=/mnt/data1/nix/vendor/rust/cargo2nix/submodules/rust-build/compiler/zombie_driver2/target/debug/deps/librustc_index-3aa7163ed688dde0.rmeta --extern rustc_lint_defs=/mnt/data1/nix/vendor/rust/cargo2nix/submodules/rust-build/compiler/zombie_driver2/target/debug/deps/librustc_lint_defs-ad79f75a403531aa.rmeta --extern rustc_macros=/mnt/data1/nix/vendor/rust/cargo2nix/submodules/rust-build/compiler/zombie_driver2/target/debug/deps/librustc_macros-533b3ebf51685542.so --extern rustc_query_system=/mnt/data1/nix/vendor/rust/cargo2nix/submodules/rust-build/compiler/zombie_driver2/target/debug/deps/librustc_query_system-fdb82a57abdd9f77.rmeta --extern rustc_serialize=/mnt/data1/nix/vendor/rust/cargo2nix/submodules/rust-build/compiler/zombie_driver2/target/debug/deps/librustc_serialize-865b9514c43ea76f.rmeta --extern rustc_session=/mnt/data1/nix/vendor/rust/cargo2nix/submodules/rust-build/compiler/zombie_driver2/target/debug/deps/librustc_session-ad93ec0078fafc82.rmeta --extern rustc_span=/mnt/data1/nix/vendor/rust/cargo2nix/submodules/rust-build/compiler/zombie_driver2/target/debug/deps/librustc_span-cca3b45fe3825eda.rmeta --extern rustc_target=/mnt/data1/nix/vendor/rust/cargo2nix/submodules/rust-build/compiler/zombie_driver2/target/debug/deps/librustc_target-5de06d076d06ccca.rmeta --extern rustc_thread_pool=/mnt/data1/nix/vendor/rust/cargo2nix/submodules/rust-build/compiler/zombie_driver2/target/debug/deps/librustc_thread_pool-83aef153b3813075.rmeta --extern rustc_type_ir=/mnt/data1/nix/vendor/rust/cargo2nix/submodules/rust-build/compiler/zombie_driver2/target/debug/deps/librustc_type_ir-17d6b60feb33a7ad.rmeta --extern smallvec=/mnt/data1/nix/vendor/rust/cargo2nix/submodules/rust-build/compiler/zombie_driver2/target/debug/deps/libsmallvec-3970d95f1529de22.rmeta --extern thin_vec=/mnt/data1/nix/vendor/rust/cargo2nix/submodules/rust-build/compiler/zombie_driver2/target/debug/deps/libthin_vec-c5a2b73fca668a41.rmeta --extern tracing=/mnt/data1/nix/vendor/rust/cargo2nix/submodules/rust-build/compiler/zombie_driver2/target/debug/deps/libtracing-82b3a1ccd9aeceb8.rmeta -L native=/mnt/data1/nix/vendor/rust/cargo2nix/submodules/rust-build/compiler/zombie_driver2/target/debug/build/psm-51115e95e3afce55/out -L native=/mnt/data1/nix/vendor/rust/cargo2nix/submodules/rust-build/compiler/zombie_driver2/target/debug/build/blake3-b449a45f526127c8/out -L native=/mnt/data1/nix/vendor/rust/cargo2nix/submodules/rust-build/compiler/zombie_driver2/target/debug/build/blake3-b449a45f526127c8/out
20:16:59 SKIPPED: rustc --crate-name rustc_middle --edition=2024 /mnt/data1/nix/vendor/rust/cargo2nix/submodules/rust-build/compiler/rustc_middle/src/lib.rs --error-format=json --json=diagnostic-rendered-ansi,artifacts,future-incompat --crate-type lib --emit=dep-info,metadata,link -C embed-bitcode=no -C debuginfo=2 --check-cfg cfg(docsrs,test) --check-cfg cfg(feature, values("rustc_randomized_layouts")) -C metadata=9773084bec7b0583 -C extra-filename=-245c3150683558be --out-dir /mnt/data1/nix/vendor/rust/cargo2nix/submodules/rust-build/compiler/zombie_driver2/target/debug/deps -C incremental=/mnt/data1/nix/vendor/rust/cargo2nix/submodules/rust-build/compiler/zombie_driver2/target/debug/incremental -L dependency=/mnt/data1/nix/vendor/rust/cargo2nix/submodules/rust-build/compiler/zombie_driver2/target/debug/deps --extern bitflags=/mnt/data1/nix/vendor/rust/cargo2nix/submodules/rust-build/compiler/zombie_driver2/target/debug/deps/libbitflags-56146a5f1712337b.rmeta --extern either=/mnt/data1/nix/vendor/rust/cargo2nix/submodules/rust-build/compiler/zombie_driver2/target/debug/deps/libeither-80e22dfc3e1c5c46.rmeta --extern gsgdt=/mnt/data1/nix/vendor/rust/cargo2nix/submodules/rust-build/compiler/zombie_driver2/target/debug/deps/libgsgdt-63ec5d5c35bd6297.rmeta --extern polonius_engine=/mnt/data1/nix/vendor/rust/cargo2nix/submodules/rust-build/compiler/zombie_driver2/target/debug/deps/libpolonius_engine-23686739cdbb0d06.rmeta --extern rustc_abi=/mnt/data1/nix/vendor/rust/cargo2nix/submodules/rust-build/compiler/zombie_driver2/target/debug/deps/librustc_abi-adecc4c15d63dbde.rmeta --extern rustc_apfloat=/mnt/data1/nix/vendor/rust/cargo2nix/submodules/rust-build/compiler/zombie_driver2/target/debug/deps/librustc_apfloat-e645c5b6d05ce1df.rmeta --extern rustc_arena=/mnt/data1/nix/vendor/rust/cargo2nix/submodules/rust-build/compiler/zombie_driver2/target/debug/deps/librustc_arena-fbfbfc9e2ae2c81f.rmeta --extern rustc_ast=/mnt/data1/nix/vendor/rust/cargo2nix/submodules/rust-build/compiler/zombie_driver2/target/debug/deps/librustc_ast-892745d5973bca50.rmeta --extern rustc_ast_ir=/mnt/data1/nix/vendor/rust/cargo2nix/submodules/rust-build/compiler/zombie_driver2/target/debug/deps/librustc_ast_ir-ac51d7a200660cd6.rmeta --extern rustc_data_structures=/mnt/data1/nix/vendor/rust/cargo2nix/submodules/rust-build/compiler/zombie_driver2/target/debug/deps/librustc_data_structures-7a05c3f43ea74b8d.rmeta --extern rustc_error_messages=/mnt/data1/nix/vendor/rust/cargo2nix/submodules/rust-build/compiler/zombie_driver2/target/debug/deps/librustc_error_messages-945c54728d891d4f.rmeta --extern rustc_errors=/mnt/data1/nix/vendor/rust/cargo2nix/submodules/rust-build/compiler/zombie_driver2/target/debug/deps/librustc_errors-042ea83da72fde12.rmeta --extern rustc_feature=/mnt/data1/nix/vendor/rust/cargo2nix/submodules/rust-build/compiler/zombie_driver2/target/debug/deps/librustc_feature-8b7a1e168a753038.rmeta --extern rustc_fluent_macro=/mnt/data1/nix/vendor/rust/cargo2nix/submodules/rust-build/compiler/zombie_driver2/target/debug/deps/librustc_fluent_macro-d795261342a5a863.so --extern rustc_graphviz=/mnt/data1/nix/vendor/rust/cargo2nix/submodules/rust-build/compiler/zombie_driver2/target/debug/deps/librustc_graphviz-c7812eafe07feea7.rmeta --extern rustc_hashes=/mnt/data1/nix/vendor/rust/cargo2nix/submodules/rust-build/compiler/zombie_driver2/target/debug/deps/librustc_hashes-90e81dae7d173bd5.rmeta --extern rustc_hir=/mnt/data1/nix/vendor/rust/cargo2nix/submodules/rust-build/compiler/zombie_driver2/target/debug/deps/librustc_hir-60bf32f61521f542.rmeta --extern rustc_hir_pretty=/mnt/data1/nix/vendor/rust/cargo2nix/submodules/rust-build/compiler/zombie_driver2/target/debug/deps/librustc_hir_pretty-ca9b67830c6fa0cd.rmeta --extern rustc_index=/mnt/data1/nix/vendor/rust/cargo2nix/submodules/rust-build/compiler/zombie_driver2/target/debug/deps/librustc_index-3aa7163ed688dde0.rmeta --extern rustc_lint_defs=/mnt/data1/nix/vendor/rust/cargo2nix/submodules/rust-build/compiler/zombie_driver2/target/debug/deps/librustc_lint_defs-ad79f75a403531aa.rmeta --extern rustc_macros=/mnt/data1/nix/vendor/rust/cargo2nix/submodules/rust-build/compiler/zombie_driver2/target/debug/deps/librustc_macros-533b3ebf51685542.so --extern rustc_query_system=/mnt/data1/nix/vendor/rust/cargo2nix/submodules/rust-build/compiler/zombie_driver2/target/debug/deps/librustc_query_system-fdb82a57abdd9f77.rmeta --extern rustc_serialize=/mnt/data1/nix/vendor/rust/cargo2nix/submodules/rust-build/compiler/zombie_driver2/target/debug/deps/librustc_serialize-865b9514c43ea76f.rmeta --extern rustc_session=/mnt/data1/nix/vendor/rust/cargo2nix/submodules/rust-build/compiler/zombie_driver2/target/debug/deps/librustc_session-ad93ec0078fafc82.rmeta --extern rustc_span=/mnt/data1/nix/vendor/rust/cargo2nix/submodules/rust-build/compiler/zombie_driver2/target/debug/deps/librustc_span-cca3b45fe3825eda.rmeta --extern rustc_target=/mnt/data1/nix/vendor/rust/cargo2nix/submodules/rust-build/compiler/zombie_driver2/target/debug/deps/librustc_target-5de06d076d06ccca.rmeta --extern rustc_thread_pool=/mnt/data1/nix/vendor/rust/cargo2nix/submodules/rust-build/compiler/zombie_driver2/target/debug/deps/librustc_thread_pool-83aef153b3813075.rmeta --extern rustc_type_ir=/mnt/data1/nix/vendor/rust/cargo2nix/submodules/rust-build/compiler/zombie_driver2/target/debug/deps/librustc_type_ir-17d6b60feb33a7ad.rmeta --extern smallvec=/mnt/data1/nix/vendor/rust/cargo2nix/submodules/rust-build/compiler/zombie_driver2/target/debug/deps/libsmallvec-3970d95f1529de22.rmeta --extern thin_vec=/mnt/data1/nix/vendor/rust/cargo2nix/submodules/rust-build/compiler/zombie_driver2/target/debug/deps/libthin_vec-c5a2b73fca668a41.rmeta --extern tracing=/mnt/data1/nix/vendor/rust/cargo2nix/submodules/rust-build/compiler/zombie_driver2/target/debug/deps/libtracing-82b3a1ccd9aeceb8.rmeta -L native=/mnt/data1/nix/vendor/rust/cargo2nix/submodules/rust-build/compiler/zombie_driver2/target/debug/build/psm-51115e95e3afce55/out -L native=/mnt/data1/nix/vendor/rust/cargo2nix/submodules/rust-build/compiler/zombie_driver2/target/debug/build/blake3-b449a45f526127c8/out -L native=/mnt/data1/nix/vendor/rust/cargo2nix/submodules/rust-build/compiler/zombie_driver2/target/debug/build/blake3-b449a45f526127c8/out
20:19:03 SKIPPED: rustc --crate-name rustc_middle --edition=2024 /mnt/data1/nix/vendor/rust/cargo2nix/submodules/rust-build/compiler/rustc_middle/src/lib.rs --error-format=json --json=diagnostic-rendered-ansi,artifacts,future-incompat --crate-type lib --emit=dep-info,metadata,link -C embed-bitcode=no -C debuginfo=2 --check-cfg cfg(docsrs,test) --check-cfg cfg(feature, values("rustc_randomized_layouts")) -C metadata=9773084bec7b0583 -C extra-filename=-245c3150683558be --out-dir /mnt/data1/nix/vendor/rust/cargo2nix/submodules/rust-build/compiler/zombie_driver2/target/debug/deps -C incremental=/mnt/data1/nix/vendor/rust/cargo2nix/submodules/rust-build/compiler/zombie_driver2/target/debug/incremental -L dependency=/mnt/data1/nix/vendor/rust/cargo2nix/submodules/rust-build/compiler/zombie_driver2/target/debug/deps --extern bitflags=/mnt/data1/nix/vendor/rust/cargo2nix/submodules/rust-build/compiler/zombie_driver2/target/debug/deps/libbitflags-56146a5f1712337b.rmeta --extern either=/mnt/data1/nix/vendor/rust/cargo2nix/submodules/rust-build/compiler/zombie_driver2/target/debug/deps/libeither-80e22dfc3e1c5c46.rmeta --extern gsgdt=/mnt/data1/nix/vendor/rust/cargo2nix/submodules/rust-build/compiler/zombie_driver2/target/debug/deps/libgsgdt-63ec5d5c35bd6297.rmeta --extern polonius_engine=/mnt/data1/nix/vendor/rust/cargo2nix/submodules/rust-build/compiler/zombie_driver2/target/debug/deps/libpolonius_engine-23686739cdbb0d06.rmeta --extern rustc_abi=/mnt/data1/nix/vendor/rust/cargo2nix/submodules/rust-build/compiler/zombie_driver2/target/debug/deps/librustc_abi-adecc4c15d63dbde.rmeta --extern rustc_apfloat=/mnt/data1/nix/vendor/rust/cargo2nix/submodules/rust-build/compiler/zombie_driver2/target/debug/deps/librustc_apfloat-e645c5b6d05ce1df.rmeta --extern rustc_arena=/mnt/data1/nix/vendor/rust/cargo2nix/submodules/rust-build/compiler/zombie_driver2/target/debug/deps/librustc_arena-fbfbfc9e2ae2c81f.rmeta --extern rustc_ast=/mnt/data1/nix/vendor/rust/cargo2nix/submodules/rust-build/compiler/zombie_driver2/target/debug/deps/librustc_ast-892745d5973bca50.rmeta --extern rustc_ast_ir=/mnt/data1/nix/vendor/rust/cargo2nix/submodules/rust-build/compiler/zombie_driver2/target/debug/deps/librustc_ast_ir-ac51d7a200660cd6.rmeta --extern rustc_data_structures=/mnt/data1/nix/vendor/rust/cargo2nix/submodules/rust-build/compiler/zombie_driver2/target/debug/deps/librustc_data_structures-7a05c3f43ea74b8d.rmeta --extern rustc_error_messages=/mnt/data1/nix/vendor/rust/cargo2nix/submodules/rust-build/compiler/zombie_driver2/target/debug/deps/librustc_error_messages-945c54728d891d4f.rmeta --extern rustc_errors=/mnt/data1/nix/vendor/rust/cargo2nix/submodules/rust-build/compiler/zombie_driver2/target/debug/deps/librustc_errors-042ea83da72fde12.rmeta --extern rustc_feature=/mnt/data1/nix/vendor/rust/cargo2nix/submodules/rust-build/compiler/zombie_driver2/target/debug/deps/librustc_feature-8b7a1e168a753038.rmeta --extern rustc_fluent_macro=/mnt/data1/nix/vendor/rust/cargo2nix/submodules/rust-build/compiler/zombie_driver2/target/debug/deps/librustc_fluent_macro-d795261342a5a863.so --extern rustc_graphviz=/mnt/data1/nix/vendor/rust/cargo2nix/submodules/rust-build/compiler/zombie_driver2/target/debug/deps/librustc_graphviz-c7812eafe07feea7.rmeta --extern rustc_hashes=/mnt/data1/nix/vendor/rust/cargo2nix/submodules/rust-build/compiler/zombie_driver2/target/debug/deps/librustc_hashes-90e81dae7d173bd5.rmeta --extern rustc_hir=/mnt/data1/nix/vendor/rust/cargo2nix/submodules/rust-build/compiler/zombie_driver2/target/debug/deps/librustc_hir-60bf32f61521f542.rmeta --extern rustc_hir_pretty=/mnt/data1/nix/vendor/rust/cargo2nix/submodules/rust-build/compiler/zombie_driver2/target/debug/deps/librustc_hir_pretty-ca9b67830c6fa0cd.rmeta --extern rustc_index=/mnt/data1/nix/vendor/rust/cargo2nix/submodules/rust-build/compiler/zombie_driver2/target/debug/deps/librustc_index-3aa7163ed688dde0.rmeta --extern rustc_lint_defs=/mnt/data1/nix/vendor/rust/cargo2nix/submodules/rust-build/compiler/zombie_driver2/target/debug/deps/librustc_lint_defs-ad79f75a403531aa.rmeta --extern rustc_macros=/mnt/data1/nix/vendor/rust/cargo2nix/submodules/rust-build/compiler/zombie_driver2/target/debug/deps/librustc_macros-533b3ebf51685542.so --extern rustc_query_system=/mnt/data1/nix/vendor/rust/cargo2nix/submodules/rust-build/compiler/zombie_driver2/target/debug/deps/librustc_query_system-fdb82a57abdd9f77.rmeta --extern rustc_serialize=/mnt/data1/nix/vendor/rust/cargo2nix/submodules/rust-build/compiler/zombie_driver2/target/debug/deps/librustc_serialize-865b9514c43ea76f.rmeta --extern rustc_session=/mnt/data1/nix/vendor/rust/cargo2nix/submodules/rust-build/compiler/zombie_driver2/target/debug/deps/librustc_session-ad93ec0078fafc82.rmeta --extern rustc_span=/mnt/data1/nix/vendor/rust/cargo2nix/submodules/rust-build/compiler/zombie_driver2/target/debug/deps/librustc_span-cca3b45fe3825eda.rmeta --extern rustc_target=/mnt/data1/nix/vendor/rust/cargo2nix/submodules/rust-build/compiler/zombie_driver2/target/debug/deps/librustc_target-5de06d076d06ccca.rmeta --extern rustc_thread_pool=/mnt/data1/nix/vendor/rust/cargo2nix/submodules/rust-build/compiler/zombie_driver2/target/debug/deps/librustc_thread_pool-83aef153b3813075.rmeta --extern rustc_type_ir=/mnt/data1/nix/vendor/rust/cargo2nix/submodules/rust-build/compiler/zombie_driver2/target/debug/deps/librustc_type_ir-17d6b60feb33a7ad.rmeta --extern smallvec=/mnt/data1/nix/vendor/rust/cargo2nix/submodules/rust-build/compiler/zombie_driver2/target/debug/deps/libsmallvec-3970d95f1529de22.rmeta --extern thin_vec=/mnt/data1/nix/vendor/rust/cargo2nix/submodules/rust-build/compiler/zombie_driver2/target/debug/deps/libthin_vec-c5a2b73fca668a41.rmeta --extern tracing=/mnt/data1/nix/vendor/rust/cargo2nix/submodules/rust-build/compiler/zombie_driver2/target/debug/deps/libtracing-82b3a1ccd9aeceb8.rmeta -L native=/mnt/data1/nix/vendor/rust/cargo2nix/submodules/rust-build/compiler/zombie_driver2/target/debug/build/psm-51115e95e3afce55/out -L native=/mnt/data1/nix/vendor/rust/cargo2nix/submodules/rust-build/compiler/zombie_driver2/target/debug/build/blake3-b449a45f526127c8/out -L native=/mnt/data1/nix/vendor/rust/cargo2nix/submodules/rust-build/compiler/zombie_driver2/target/debug/build/blake3-b449a45f526127c8/out
20:19:35 SKIPPED: rustc --crate-name rustc_middle --edition=2024 /mnt/data1/nix/vendor/rust/cargo2nix/submodules/rust-build/compiler/rustc_middle/src/lib.rs --error-format=json --json=diagnostic-rendered-ansi,artifacts,future-incompat --crate-type lib --emit=dep-info,metadata,link -C embed-bitcode=no -C debuginfo=2 --check-cfg cfg(docsrs,test) --check-cfg cfg(feature, values("rustc_randomized_layouts")) -C metadata=9773084bec7b0583 -C extra-filename=-245c3150683558be --out-dir /mnt/data1/nix/vendor/rust/cargo2nix/submodules/rust-build/compiler/zombie_driver2/target/debug/deps -C incremental=/mnt/data1/nix/vendor/rust/cargo2nix/submodules/rust-build/compiler/zombie_driver2/target/debug/incremental -L dependency=/mnt/data1/nix/vendor/rust/cargo2nix/submodules/rust-build/compiler/zombie_driver2/target/debug/deps --extern bitflags=/mnt/data1/nix/vendor/rust/cargo2nix/submodules/rust-build/compiler/zombie_driver2/target/debug/deps/libbitflags-56146a5f1712337b.rmeta --extern either=/mnt/data1/nix/vendor/rust/cargo2nix/submodules/rust-build/compiler/zombie_driver2/target/debug/deps/libeither-80e22dfc3e1c5c46.rmeta --extern gsgdt=/mnt/data1/nix/vendor/rust/cargo2nix/submodules/rust-build/compiler/zombie_driver2/target/debug/deps/libgsgdt-63ec5d5c35bd6297.rmeta --extern polonius_engine=/mnt/data1/nix/vendor/rust/cargo2nix/submodules/rust-build/compiler/zombie_driver2/target/debug/deps/libpolonius_engine-23686739cdbb0d06.rmeta --extern rustc_abi=/mnt/data1/nix/vendor/rust/cargo2nix/submodules/rust-build/compiler/zombie_driver2/target/debug/deps/librustc_abi-adecc4c15d63dbde.rmeta --extern rustc_apfloat=/mnt/data1/nix/vendor/rust/cargo2nix/submodules/rust-build/compiler/zombie_driver2/target/debug/deps/librustc_apfloat-e645c5b6d05ce1df.rmeta --extern rustc_arena=/mnt/data1/nix/vendor/rust/cargo2nix/submodules/rust-build/compiler/zombie_driver2/target/debug/deps/librustc_arena-fbfbfc9e2ae2c81f.rmeta --extern rustc_ast=/mnt/data1/nix/vendor/rust/cargo2nix/submodules/rust-build/compiler/zombie_driver2/target/debug/deps/librustc_ast-892745d5973bca50.rmeta --extern rustc_ast_ir=/mnt/data1/nix/vendor/rust/cargo2nix/submodules/rust-build/compiler/zombie_driver2/target/debug/deps/librustc_ast_ir-ac51d7a200660cd6.rmeta --extern rustc_data_structures=/mnt/data1/nix/vendor/rust/cargo2nix/submodules/rust-build/compiler/zombie_driver2/target/debug/deps/librustc_data_structures-7a05c3f43ea74b8d.rmeta --extern rustc_error_messages=/mnt/data1/nix/vendor/rust/cargo2nix/submodules/rust-build/compiler/zombie_driver2/target/debug/deps/librustc_error_messages-945c54728d891d4f.rmeta --extern rustc_errors=/mnt/data1/nix/vendor/rust/cargo2nix/submodules/rust-build/compiler/zombie_driver2/target/debug/deps/librustc_errors-042ea83da72fde12.rmeta --extern rustc_feature=/mnt/data1/nix/vendor/rust/cargo2nix/submodules/rust-build/compiler/zombie_driver2/target/debug/deps/librustc_feature-8b7a1e168a753038.rmeta --extern rustc_fluent_macro=/mnt/data1/nix/vendor/rust/cargo2nix/submodules/rust-build/compiler/zombie_driver2/target/debug/deps/librustc_fluent_macro-d795261342a5a863.so --extern rustc_graphviz=/mnt/data1/nix/vendor/rust/cargo2nix/submodules/rust-build/compiler/zombie_driver2/target/debug/deps/librustc_graphviz-c7812eafe07feea7.rmeta --extern rustc_hashes=/mnt/data1/nix/vendor/rust/cargo2nix/submodules/rust-build/compiler/zombie_driver2/target/debug/deps/librustc_hashes-90e81dae7d173bd5.rmeta --extern rustc_hir=/mnt/data1/nix/vendor/rust/cargo2nix/submodules/rust-build/compiler/zombie_driver2/target/debug/deps/librustc_hir-60bf32f61521f542.rmeta --extern rustc_hir_pretty=/mnt/data1/nix/vendor/rust/cargo2nix/submodules/rust-build/compiler/zombie_driver2/target/debug/deps/librustc_hir_pretty-ca9b67830c6fa0cd.rmeta --extern rustc_index=/mnt/data1/nix/vendor/rust/cargo2nix/submodules/rust-build/compiler/zombie_driver2/target/debug/deps/librustc_index-3aa7163ed688dde0.rmeta --extern rustc_lint_defs=/mnt/data1/nix/vendor/rust/cargo2nix/submodules/rust-build/compiler/zombie_driver2/target/debug/deps/librustc_lint_defs-ad79f75a403531aa.rmeta --extern rustc_macros=/mnt/data1/nix/vendor/rust/cargo2nix/submodules/rust-build/compiler/zombie_driver2/target/debug/deps/librustc_macros-533b3ebf51685542.so --extern rustc_query_system=/mnt/data1/nix/vendor/rust/cargo2nix/submodules/rust-build/compiler/zombie_driver2/target/debug/deps/librustc_query_system-fdb82a57abdd9f77.rmeta --extern rustc_serialize=/mnt/data1/nix/vendor/rust/cargo2nix/submodules/rust-build/compiler/zombie_driver2/target/debug/deps/librustc_serialize-865b9514c43ea76f.rmeta --extern rustc_session=/mnt/data1/nix/vendor/rust/cargo2nix/submodules/rust-build/compiler/zombie_driver2/target/debug/deps/librustc_session-ad93ec0078fafc82.rmeta --extern rustc_span=/mnt/data1/nix/vendor/rust/cargo2nix/submodules/rust-build/compiler/zombie_driver2/target/debug/deps/librustc_span-cca3b45fe3825eda.rmeta --extern rustc_target=/mnt/data1/nix/vendor/rust/cargo2nix/submodules/rust-build/compiler/zombie_driver2/target/debug/deps/librustc_target-5de06d076d06ccca.rmeta --extern rustc_thread_pool=/mnt/data1/nix/vendor/rust/cargo2nix/submodules/rust-build/compiler/zombie_driver2/target/debug/deps/librustc_thread_pool-83aef153b3813075.rmeta --extern rustc_type_ir=/mnt/data1/nix/vendor/rust/cargo2nix/submodules/rust-build/compiler/zombie_driver2/target/debug/deps/librustc_type_ir-17d6b60feb33a7ad.rmeta --extern smallvec=/mnt/data1/nix/vendor/rust/cargo2nix/submodules/rust-build/compiler/zombie_driver2/target/debug/deps/libsmallvec-3970d95f1529de22.rmeta --extern thin_vec=/mnt/data1/nix/vendor/rust/cargo2nix/submodules/rust-build/compiler/zombie_driver2/target/debug/deps/libthin_vec-c5a2b73fca668a41.rmeta --extern tracing=/mnt/data1/nix/vendor/rust/cargo2nix/submodules/rust-build/compiler/zombie_driver2/target/debug/deps/libtracing-82b3a1ccd9aeceb8.rmeta -L native=/mnt/data1/nix/vendor/rust/cargo2nix/submodules/rust-build/compiler/zombie_driver2/target/debug/build/psm-51115e95e3afce55/out -L native=/mnt/data1/nix/vendor/rust/cargo2nix/submodules/rust-build/compiler/zombie_driver2/target/debug/build/blake3-b449a45f526127c8/out -L native=/mnt/data1/nix/vendor/rust/cargo2nix/submodules/rust-build/compiler/zombie_driver2/target/debug/build/blake3-b449a45f526127c8/out
20:24:41 SKIPPED: rustc --crate-name rustc_middle --edition=2024 /mnt/data1/nix/vendor/rust/cargo2nix/submodules/rust-build/compiler/rustc_middle/src/lib.rs --error-format=json --json=diagnostic-rendered-ansi,artifacts,future-incompat --crate-type lib --emit=dep-info,metadata,link -C embed-bitcode=no -C debuginfo=2 --check-cfg cfg(docsrs,test) --check-cfg cfg(feature, values("rustc_randomized_layouts")) -C metadata=9773084bec7b0583 -C extra-filename=-245c3150683558be --out-dir /mnt/data1/nix/vendor/rust/cargo2nix/submodules/rust-build/compiler/zombie_driver2/target/debug/deps -C incremental=/mnt/data1/nix/vendor/rust/cargo2nix/submodules/rust-build/compiler/zombie_driver2/target/debug/incremental -L dependency=/mnt/data1/nix/vendor/rust/cargo2nix/submodules/rust-build/compiler/zombie_driver2/target/debug/deps --extern bitflags=/mnt/data1/nix/vendor/rust/cargo2nix/submodules/rust-build/compiler/zombie_driver2/target/debug/deps/libbitflags-56146a5f1712337b.rmeta --extern either=/mnt/data1/nix/vendor/rust/cargo2nix/submodules/rust-build/compiler/zombie_driver2/target/debug/deps/libeither-80e22dfc3e1c5c46.rmeta --extern gsgdt=/mnt/data1/nix/vendor/rust/cargo2nix/submodules/rust-build/compiler/zombie_driver2/target/debug/deps/libgsgdt-63ec5d5c35bd6297.rmeta --extern polonius_engine=/mnt/data1/nix/vendor/rust/cargo2nix/submodules/rust-build/compiler/zombie_driver2/target/debug/deps/libpolonius_engine-23686739cdbb0d06.rmeta --extern rustc_abi=/mnt/data1/nix/vendor/rust/cargo2nix/submodules/rust-build/compiler/zombie_driver2/target/debug/deps/librustc_abi-adecc4c15d63dbde.rmeta --extern rustc_apfloat=/mnt/data1/nix/vendor/rust/cargo2nix/submodules/rust-build/compiler/zombie_driver2/target/debug/deps/librustc_apfloat-e645c5b6d05ce1df.rmeta --extern rustc_arena=/mnt/data1/nix/vendor/rust/cargo2nix/submodules/rust-build/compiler/zombie_driver2/target/debug/deps/librustc_arena-fbfbfc9e2ae2c81f.rmeta --extern rustc_ast=/mnt/data1/nix/vendor/rust/cargo2nix/submodules/rust-build/compiler/zombie_driver2/target/debug/deps/librustc_ast-892745d5973bca50.rmeta --extern rustc_ast_ir=/mnt/data1/nix/vendor/rust/cargo2nix/submodules/rust-build/compiler/zombie_driver2/target/debug/deps/librustc_ast_ir-ac51d7a200660cd6.rmeta --extern rustc_data_structures=/mnt/data1/nix/vendor/rust/cargo2nix/submodules/rust-build/compiler/zombie_driver2/target/debug/deps/librustc_data_structures-7a05c3f43ea74b8d.rmeta --extern rustc_error_messages=/mnt/data1/nix/vendor/rust/cargo2nix/submodules/rust-build/compiler/zombie_driver2/target/debug/deps/librustc_error_messages-945c54728d891d4f.rmeta --extern rustc_errors=/mnt/data1/nix/vendor/rust/cargo2nix/submodules/rust-build/compiler/zombie_driver2/target/debug/deps/librustc_errors-042ea83da72fde12.rmeta --extern rustc_feature=/mnt/data1/nix/vendor/rust/cargo2nix/submodules/rust-build/compiler/zombie_driver2/target/debug/deps/librustc_feature-8b7a1e168a753038.rmeta --extern rustc_fluent_macro=/mnt/data1/nix/vendor/rust/cargo2nix/submodules/rust-build/compiler/zombie_driver2/target/debug/deps/librustc_fluent_macro-d795261342a5a863.so --extern rustc_graphviz=/mnt/data1/nix/vendor/rust/cargo2nix/submodules/rust-build/compiler/zombie_driver2/target/debug/deps/librustc_graphviz-c7812eafe07feea7.rmeta --extern rustc_hashes=/mnt/data1/nix/vendor/rust/cargo2nix/submodules/rust-build/compiler/zombie_driver2/target/debug/deps/librustc_hashes-90e81dae7d173bd5.rmeta --extern rustc_hir=/mnt/data1/nix/vendor/rust/cargo2nix/submodules/rust-build/compiler/zombie_driver2/target/debug/deps/librustc_hir-60bf32f61521f542.rmeta --extern rustc_hir_pretty=/mnt/data1/nix/vendor/rust/cargo2nix/submodules/rust-build/compiler/zombie_driver2/target/debug/deps/librustc_hir_pretty-ca9b67830c6fa0cd.rmeta --extern rustc_index=/mnt/data1/nix/vendor/rust/cargo2nix/submodules/rust-build/compiler/zombie_driver2/target/debug/deps/librustc_index-3aa7163ed688dde0.rmeta --extern rustc_lint_defs=/mnt/data1/nix/vendor/rust/cargo2nix/submodules/rust-build/compiler/zombie_driver2/target/debug/deps/librustc_lint_defs-ad79f75a403531aa.rmeta --extern rustc_macros=/mnt/data1/nix/vendor/rust/cargo2nix/submodules/rust-build/compiler/zombie_driver2/target/debug/deps/librustc_macros-533b3ebf51685542.so --extern rustc_query_system=/mnt/data1/nix/vendor/rust/cargo2nix/submodules/rust-build/compiler/zombie_driver2/target/debug/deps/librustc_query_system-fdb82a57abdd9f77.rmeta --extern rustc_serialize=/mnt/data1/nix/vendor/rust/cargo2nix/submodules/rust-build/compiler/zombie_driver2/target/debug/deps/librustc_serialize-865b9514c43ea76f.rmeta --extern rustc_session=/mnt/data1/nix/vendor/rust/cargo2nix/submodules/rust-build/compiler/zombie_driver2/target/debug/deps/librustc_session-ad93ec0078fafc82.rmeta --extern rustc_span=/mnt/data1/nix/vendor/rust/cargo2nix/submodules/rust-build/compiler/zombie_driver2/target/debug/deps/librustc_span-cca3b45fe3825eda.rmeta --extern rustc_target=/mnt/data1/nix/vendor/rust/cargo2nix/submodules/rust-build/compiler/zombie_driver2/target/debug/deps/librustc_target-5de06d076d06ccca.rmeta --extern rustc_thread_pool=/mnt/data1/nix/vendor/rust/cargo2nix/submodules/rust-build/compiler/zombie_driver2/target/debug/deps/librustc_thread_pool-83aef153b3813075.rmeta --extern rustc_type_ir=/mnt/data1/nix/vendor/rust/cargo2nix/submodules/rust-build/compiler/zombie_driver2/target/debug/deps/librustc_type_ir-17d6b60feb33a7ad.rmeta --extern smallvec=/mnt/data1/nix/vendor/rust/cargo2nix/submodules/rust-build/compiler/zombie_driver2/target/debug/deps/libsmallvec-3970d95f1529de22.rmeta --extern thin_vec=/mnt/data1/nix/vendor/rust/cargo2nix/submodules/rust-build/compiler/zombie_driver2/target/debug/deps/libthin_vec-c5a2b73fca668a41.rmeta --extern tracing=/mnt/data1/nix/vendor/rust/cargo2nix/submodules/rust-build/compiler/zombie_driver2/target/debug/deps/libtracing-82b3a1ccd9aeceb8.rmeta -L native=/mnt/data1/nix/vendor/rust/cargo2nix/submodules/rust-build/compiler/zombie_driver2/target/debug/build/psm-51115e95e3afce55/out -L native=/mnt/data1/nix/vendor/rust/cargo2nix/submodules/rust-build/compiler/zombie_driver2/target/debug/build/blake3-b449a45f526127c8/out -L native=/mnt/data1/nix/vendor/rust/cargo2nix/submodules/rust-build/compiler/zombie_driver2/target/debug/build/blake3-b449a45f526127c8/out
20:24:56 SKIPPED: rustc --crate-name rustc_middle --edition=2024 /mnt/data1/nix/vendor/rust/cargo2nix/submodules/rust-build/compiler/rustc_middle/src/lib.rs --error-format=json --json=diagnostic-rendered-ansi,artifacts,future-incompat --crate-type lib --emit=dep-info,metadata,link -C embed-bitcode=no -C debuginfo=2 --check-cfg cfg(docsrs,test) --check-cfg cfg(feature, values("rustc_randomized_layouts")) -C metadata=9773084bec7b0583 -C extra-filename=-245c3150683558be --out-dir /mnt/data1/nix/vendor/rust/cargo2nix/submodules/rust-build/compiler/zombie_driver2/target/debug/deps -C incremental=/mnt/data1/nix/vendor/rust/cargo2nix/submodules/rust-build/compiler/zombie_driver2/target/debug/incremental -L dependency=/mnt/data1/nix/vendor/rust/cargo2nix/submodules/rust-build/compiler/zombie_driver2/target/debug/deps --extern bitflags=/mnt/data1/nix/vendor/rust/cargo2nix/submodules/rust-build/compiler/zombie_driver2/target/debug/deps/libbitflags-56146a5f1712337b.rmeta --extern either=/mnt/data1/nix/vendor/rust/cargo2nix/submodules/rust-build/compiler/zombie_driver2/target/debug/deps/libeither-80e22dfc3e1c5c46.rmeta --extern gsgdt=/mnt/data1/nix/vendor/rust/cargo2nix/submodules/rust-build/compiler/zombie_driver2/target/debug/deps/libgsgdt-63ec5d5c35bd6297.rmeta --extern polonius_engine=/mnt/data1/nix/vendor/rust/cargo2nix/submodules/rust-build/compiler/zombie_driver2/target/debug/deps/libpolonius_engine-23686739cdbb0d06.rmeta --extern rustc_abi=/mnt/data1/nix/vendor/rust/cargo2nix/submodules/rust-build/compiler/zombie_driver2/target/debug/deps/librustc_abi-adecc4c15d63dbde.rmeta --extern rustc_apfloat=/mnt/data1/nix/vendor/rust/cargo2nix/submodules/rust-build/compiler/zombie_driver2/target/debug/deps/librustc_apfloat-e645c5b6d05ce1df.rmeta --extern rustc_arena=/mnt/data1/nix/vendor/rust/cargo2nix/submodules/rust-build/compiler/zombie_driver2/target/debug/deps/librustc_arena-fbfbfc9e2ae2c81f.rmeta --extern rustc_ast=/mnt/data1/nix/vendor/rust/cargo2nix/submodules/rust-build/compiler/zombie_driver2/target/debug/deps/librustc_ast-892745d5973bca50.rmeta --extern rustc_ast_ir=/mnt/data1/nix/vendor/rust/cargo2nix/submodules/rust-build/compiler/zombie_driver2/target/debug/deps/librustc_ast_ir-ac51d7a200660cd6.rmeta --extern rustc_data_structures=/mnt/data1/nix/vendor/rust/cargo2nix/submodules/rust-build/compiler/zombie_driver2/target/debug/deps/librustc_data_structures-7a05c3f43ea74b8d.rmeta --extern rustc_error_messages=/mnt/data1/nix/vendor/rust/cargo2nix/submodules/rust-build/compiler/zombie_driver2/target/debug/deps/librustc_error_messages-945c54728d891d4f.rmeta --extern rustc_errors=/mnt/data1/nix/vendor/rust/cargo2nix/submodules/rust-build/compiler/zombie_driver2/target/debug/deps/librustc_errors-042ea83da72fde12.rmeta --extern rustc_feature=/mnt/data1/nix/vendor/rust/cargo2nix/submodules/rust-build/compiler/zombie_driver2/target/debug/deps/librustc_feature-8b7a1e168a753038.rmeta --extern rustc_fluent_macro=/mnt/data1/nix/vendor/rust/cargo2nix/submodules/rust-build/compiler/zombie_driver2/target/debug/deps/librustc_fluent_macro-d795261342a5a863.so --extern rustc_graphviz=/mnt/data1/nix/vendor/rust/cargo2nix/submodules/rust-build/compiler/zombie_driver2/target/debug/deps/librustc_graphviz-c7812eafe07feea7.rmeta --extern rustc_hashes=/mnt/data1/nix/vendor/rust/cargo2nix/submodules/rust-build/compiler/zombie_driver2/target/debug/deps/librustc_hashes-90e81dae7d173bd5.rmeta --extern rustc_hir=/mnt/data1/nix/vendor/rust/cargo2nix/submodules/rust-build/compiler/zombie_driver2/target/debug/deps/librustc_hir-60bf32f61521f542.rmeta --extern rustc_hir_pretty=/mnt/data1/nix/vendor/rust/cargo2nix/submodules/rust-build/compiler/zombie_driver2/target/debug/deps/librustc_hir_pretty-ca9b67830c6fa0cd.rmeta --extern rustc_index=/mnt/data1/nix/vendor/rust/cargo2nix/submodules/rust-build/compiler/zombie_driver2/target/debug/deps/librustc_index-3aa7163ed688dde0.rmeta --extern rustc_lint_defs=/mnt/data1/nix/vendor/rust/cargo2nix/submodules/rust-build/compiler/zombie_driver2/target/debug/deps/librustc_lint_defs-ad79f75a403531aa.rmeta --extern rustc_macros=/mnt/data1/nix/vendor/rust/cargo2nix/submodules/rust-build/compiler/zombie_driver2/target/debug/deps/librustc_macros-533b3ebf51685542.so --extern rustc_query_system=/mnt/data1/nix/vendor/rust/cargo2nix/submodules/rust-build/compiler/zombie_driver2/target/debug/deps/librustc_query_system-fdb82a57abdd9f77.rmeta --extern rustc_serialize=/mnt/data1/nix/vendor/rust/cargo2nix/submodules/rust-build/compiler/zombie_driver2/target/debug/deps/librustc_serialize-865b9514c43ea76f.rmeta --extern rustc_session=/mnt/data1/nix/vendor/rust/cargo2nix/submodules/rust-build/compiler/zombie_driver2/target/debug/deps/librustc_session-ad93ec0078fafc82.rmeta --extern rustc_span=/mnt/data1/nix/vendor/rust/cargo2nix/submodules/rust-build/compiler/zombie_driver2/target/debug/deps/librustc_span-cca3b45fe3825eda.rmeta --extern rustc_target=/mnt/data1/nix/vendor/rust/cargo2nix/submodules/rust-build/compiler/zombie_driver2/target/debug/deps/librustc_target-5de06d076d06ccca.rmeta --extern rustc_thread_pool=/mnt/data1/nix/vendor/rust/cargo2nix/submodules/rust-build/compiler/zombie_driver2/target/debug/deps/librustc_thread_pool-83aef153b3813075.rmeta --extern rustc_type_ir=/mnt/data1/nix/vendor/rust/cargo2nix/submodules/rust-build/compiler/zombie_driver2/target/debug/deps/librustc_type_ir-17d6b60feb33a7ad.rmeta --extern smallvec=/mnt/data1/nix/vendor/rust/cargo2nix/submodules/rust-build/compiler/zombie_driver2/target/debug/deps/libsmallvec-3970d95f1529de22.rmeta --extern thin_vec=/mnt/data1/nix/vendor/rust/cargo2nix/submodules/rust-build/compiler/zombie_driver2/target/debug/deps/libthin_vec-c5a2b73fca668a41.rmeta --extern tracing=/mnt/data1/nix/vendor/rust/cargo2nix/submodules/rust-build/compiler/zombie_driver2/target/debug/deps/libtracing-82b3a1ccd9aeceb8.rmeta -L native=/mnt/data1/nix/vendor/rust/cargo2nix/submodules/rust-build/compiler/zombie_driver2/target/debug/build/psm-51115e95e3afce55/out -L native=/mnt/data1/nix/vendor/rust/cargo2nix/submodules/rust-build/compiler/zombie_driver2/target/debug/build/blake3-b449a45f526127c8/out -L native=/mnt/data1/nix/vendor/rust/cargo2nix/submodules/rust-build/compiler/zombie_driver2/target/debug/build/blake3-b449a45f526127c8/out
20:26:55 SKIPPED: rustc --crate-name rustc_middle --edition=2024 /mnt/data1/nix/vendor/rust/cargo2nix/submodules/rust-build/compiler/rustc_middle/src/lib.rs --error-format=json --json=diagnostic-rendered-ansi,artifacts,future-incompat --crate-type lib --emit=dep-info,metadata,link -C embed-bitcode=no -C debuginfo=2 --check-cfg cfg(docsrs,test) --check-cfg cfg(feature, values("rustc_randomized_layouts")) -C metadata=9773084bec7b0583 -C extra-filename=-245c3150683558be --out-dir /mnt/data1/nix/vendor/rust/cargo2nix/submodules/rust-build/compiler/zombie_driver2/target/debug/deps -C incremental=/mnt/data1/nix/vendor/rust/cargo2nix/submodules/rust-build/compiler/zombie_driver2/target/debug/incremental -L dependency=/mnt/data1/nix/vendor/rust/cargo2nix/submodules/rust-build/compiler/zombie_driver2/target/debug/deps --extern bitflags=/mnt/data1/nix/vendor/rust/cargo2nix/submodules/rust-build/compiler/zombie_driver2/target/debug/deps/libbitflags-56146a5f1712337b.rmeta --extern either=/mnt/data1/nix/vendor/rust/cargo2nix/submodules/rust-build/compiler/zombie_driver2/target/debug/deps/libeither-80e22dfc3e1c5c46.rmeta --extern gsgdt=/mnt/data1/nix/vendor/rust/cargo2nix/submodules/rust-build/compiler/zombie_driver2/target/debug/deps/libgsgdt-63ec5d5c35bd6297.rmeta --extern polonius_engine=/mnt/data1/nix/vendor/rust/cargo2nix/submodules/rust-build/compiler/zombie_driver2/target/debug/deps/libpolonius_engine-23686739cdbb0d06.rmeta --extern rustc_abi=/mnt/data1/nix/vendor/rust/cargo2nix/submodules/rust-build/compiler/zombie_driver2/target/debug/deps/librustc_abi-adecc4c15d63dbde.rmeta --extern rustc_apfloat=/mnt/data1/nix/vendor/rust/cargo2nix/submodules/rust-build/compiler/zombie_driver2/target/debug/deps/librustc_apfloat-e645c5b6d05ce1df.rmeta --extern rustc_arena=/mnt/data1/nix/vendor/rust/cargo2nix/submodules/rust-build/compiler/zombie_driver2/target/debug/deps/librustc_arena-fbfbfc9e2ae2c81f.rmeta --extern rustc_ast=/mnt/data1/nix/vendor/rust/cargo2nix/submodules/rust-build/compiler/zombie_driver2/target/debug/deps/librustc_ast-892745d5973bca50.rmeta --extern rustc_ast_ir=/mnt/data1/nix/vendor/rust/cargo2nix/submodules/rust-build/compiler/zombie_driver2/target/debug/deps/librustc_ast_ir-ac51d7a200660cd6.rmeta --extern rustc_data_structures=/mnt/data1/nix/vendor/rust/cargo2nix/submodules/rust-build/compiler/zombie_driver2/target/debug/deps/librustc_data_structures-7a05c3f43ea74b8d.rmeta --extern rustc_error_messages=/mnt/data1/nix/vendor/rust/cargo2nix/submodules/rust-build/compiler/zombie_driver2/target/debug/deps/librustc_error_messages-945c54728d891d4f.rmeta --extern rustc_errors=/mnt/data1/nix/vendor/rust/cargo2nix/submodules/rust-build/compiler/zombie_driver2/target/debug/deps/librustc_errors-042ea83da72fde12.rmeta --extern rustc_feature=/mnt/data1/nix/vendor/rust/cargo2nix/submodules/rust-build/compiler/zombie_driver2/target/debug/deps/librustc_feature-8b7a1e168a753038.rmeta --extern rustc_fluent_macro=/mnt/data1/nix/vendor/rust/cargo2nix/submodules/rust-build/compiler/zombie_driver2/target/debug/deps/librustc_fluent_macro-d795261342a5a863.so --extern rustc_graphviz=/mnt/data1/nix/vendor/rust/cargo2nix/submodules/rust-build/compiler/zombie_driver2/target/debug/deps/librustc_graphviz-c7812eafe07feea7.rmeta --extern rustc_hashes=/mnt/data1/nix/vendor/rust/cargo2nix/submodules/rust-build/compiler/zombie_driver2/target/debug/deps/librustc_hashes-90e81dae7d173bd5.rmeta --extern rustc_hir=/mnt/data1/nix/vendor/rust/cargo2nix/submodules/rust-build/compiler/zombie_driver2/target/debug/deps/librustc_hir-60bf32f61521f542.rmeta --extern rustc_hir_pretty=/mnt/data1/nix/vendor/rust/cargo2nix/submodules/rust-build/compiler/zombie_driver2/target/debug/deps/librustc_hir_pretty-ca9b67830c6fa0cd.rmeta --extern rustc_index=/mnt/data1/nix/vendor/rust/cargo2nix/submodules/rust-build/compiler/zombie_driver2/target/debug/deps/librustc_index-3aa7163ed688dde0.rmeta --extern rustc_lint_defs=/mnt/data1/nix/vendor/rust/cargo2nix/submodules/rust-build/compiler/zombie_driver2/target/debug/deps/librustc_lint_defs-ad79f75a403531aa.rmeta --extern rustc_macros=/mnt/data1/nix/vendor/rust/cargo2nix/submodules/rust-build/compiler/zombie_driver2/target/debug/deps/librustc_macros-533b3ebf51685542.so --extern rustc_query_system=/mnt/data1/nix/vendor/rust/cargo2nix/submodules/rust-build/compiler/zombie_driver2/target/debug/deps/librustc_query_system-fdb82a57abdd9f77.rmeta --extern rustc_serialize=/mnt/data1/nix/vendor/rust/cargo2nix/submodules/rust-build/compiler/zombie_driver2/target/debug/deps/librustc_serialize-865b9514c43ea76f.rmeta --extern rustc_session=/mnt/data1/nix/vendor/rust/cargo2nix/submodules/rust-build/compiler/zombie_driver2/target/debug/deps/librustc_session-ad93ec0078fafc82.rmeta --extern rustc_span=/mnt/data1/nix/vendor/rust/cargo2nix/submodules/rust-build/compiler/zombie_driver2/target/debug/deps/librustc_span-cca3b45fe3825eda.rmeta --extern rustc_target=/mnt/data1/nix/vendor/rust/cargo2nix/submodules/rust-build/compiler/zombie_driver2/target/debug/deps/librustc_target-5de06d076d06ccca.rmeta --extern rustc_thread_pool=/mnt/data1/nix/vendor/rust/cargo2nix/submodules/rust-build/compiler/zombie_driver2/target/debug/deps/librustc_thread_pool-83aef153b3813075.rmeta --extern rustc_type_ir=/mnt/data1/nix/vendor/rust/cargo2nix/submodules/rust-build/compiler/zombie_driver2/target/debug/deps/librustc_type_ir-17d6b60feb33a7ad.rmeta --extern smallvec=/mnt/data1/nix/vendor/rust/cargo2nix/submodules/rust-build/compiler/zombie_driver2/target/debug/deps/libsmallvec-3970d95f1529de22.rmeta --extern thin_vec=/mnt/data1/nix/vendor/rust/cargo2nix/submodules/rust-build/compiler/zombie_driver2/target/debug/deps/libthin_vec-c5a2b73fca668a41.rmeta --extern tracing=/mnt/data1/nix/vendor/rust/cargo2nix/submodules/rust-build/compiler/zombie_driver2/target/debug/deps/libtracing-82b3a1ccd9aeceb8.rmeta -L native=/mnt/data1/nix/vendor/rust/cargo2nix/submodules/rust-build/compiler/zombie_driver2/target/debug/build/psm-51115e95e3afce55/out -L native=/mnt/data1/nix/vendor/rust/cargo2nix/submodules/rust-build/compiler/zombie_driver2/target/debug/build/blake3-b449a45f526127c8/out -L native=/mnt/data1/nix/vendor/rust/cargo2nix/submodules/rust-build/compiler/zombie_driver2/target/debug/build/blake3-b449a45f526127c8/out
20:28:33 SKIPPED: rustc --crate-name rustc_middle --edition=2024 /mnt/data1/nix/vendor/rust/cargo2nix/submodules/rust-build/compiler/rustc_middle/src/lib.rs --error-format=json --json=diagnostic-rendered-ansi,artifacts,future-incompat --crate-type lib --emit=dep-info,metadata,link -C embed-bitcode=no -C debuginfo=2 --check-cfg cfg(docsrs,test) --check-cfg cfg(feature, values("rustc_randomized_layouts")) -C metadata=9773084bec7b0583 -C extra-filename=-245c3150683558be --out-dir /mnt/data1/nix/vendor/rust/cargo2nix/submodules/rust-build/compiler/zombie_driver2/target/debug/deps -C incremental=/mnt/data1/nix/vendor/rust/cargo2nix/submodules/rust-build/compiler/zombie_driver2/target/debug/incremental -L dependency=/mnt/data1/nix/vendor/rust/cargo2nix/submodules/rust-build/compiler/zombie_driver2/target/debug/deps --extern bitflags=/mnt/data1/nix/vendor/rust/cargo2nix/submodules/rust-build/compiler/zombie_driver2/target/debug/deps/libbitflags-56146a5f1712337b.rmeta --extern either=/mnt/data1/nix/vendor/rust/cargo2nix/submodules/rust-build/compiler/zombie_driver2/target/debug/deps/libeither-80e22dfc3e1c5c46.rmeta --extern gsgdt=/mnt/data1/nix/vendor/rust/cargo2nix/submodules/rust-build/compiler/zombie_driver2/target/debug/deps/libgsgdt-63ec5d5c35bd6297.rmeta --extern polonius_engine=/mnt/data1/nix/vendor/rust/cargo2nix/submodules/rust-build/compiler/zombie_driver2/target/debug/deps/libpolonius_engine-23686739cdbb0d06.rmeta --extern rustc_abi=/mnt/data1/nix/vendor/rust/cargo2nix/submodules/rust-build/compiler/zombie_driver2/target/debug/deps/librustc_abi-adecc4c15d63dbde.rmeta --extern rustc_apfloat=/mnt/data1/nix/vendor/rust/cargo2nix/submodules/rust-build/compiler/zombie_driver2/target/debug/deps/librustc_apfloat-e645c5b6d05ce1df.rmeta --extern rustc_arena=/mnt/data1/nix/vendor/rust/cargo2nix/submodules/rust-build/compiler/zombie_driver2/target/debug/deps/librustc_arena-fbfbfc9e2ae2c81f.rmeta --extern rustc_ast=/mnt/data1/nix/vendor/rust/cargo2nix/submodules/rust-build/compiler/zombie_driver2/target/debug/deps/librustc_ast-892745d5973bca50.rmeta --extern rustc_ast_ir=/mnt/data1/nix/vendor/rust/cargo2nix/submodules/rust-build/compiler/zombie_driver2/target/debug/deps/librustc_ast_ir-ac51d7a200660cd6.rmeta --extern rustc_data_structures=/mnt/data1/nix/vendor/rust/cargo2nix/submodules/rust-build/compiler/zombie_driver2/target/debug/deps/librustc_data_structures-7a05c3f43ea74b8d.rmeta --extern rustc_error_messages=/mnt/data1/nix/vendor/rust/cargo2nix/submodules/rust-build/compiler/zombie_driver2/target/debug/deps/librustc_error_messages-945c54728d891d4f.rmeta --extern rustc_errors=/mnt/data1/nix/vendor/rust/cargo2nix/submodules/rust-build/compiler/zombie_driver2/target/debug/deps/librustc_errors-042ea83da72fde12.rmeta --extern rustc_feature=/mnt/data1/nix/vendor/rust/cargo2nix/submodules/rust-build/compiler/zombie_driver2/target/debug/deps/librustc_feature-8b7a1e168a753038.rmeta --extern rustc_fluent_macro=/mnt/data1/nix/vendor/rust/cargo2nix/submodules/rust-build/compiler/zombie_driver2/target/debug/deps/librustc_fluent_macro-d795261342a5a863.so --extern rustc_graphviz=/mnt/data1/nix/vendor/rust/cargo2nix/submodules/rust-build/compiler/zombie_driver2/target/debug/deps/librustc_graphviz-c7812eafe07feea7.rmeta --extern rustc_hashes=/mnt/data1/nix/vendor/rust/cargo2nix/submodules/rust-build/compiler/zombie_driver2/target/debug/deps/librustc_hashes-90e81dae7d173bd5.rmeta --extern rustc_hir=/mnt/data1/nix/vendor/rust/cargo2nix/submodules/rust-build/compiler/zombie_driver2/target/debug/deps/librustc_hir-60bf32f61521f542.rmeta --extern rustc_hir_pretty=/mnt/data1/nix/vendor/rust/cargo2nix/submodules/rust-build/compiler/zombie_driver2/target/debug/deps/librustc_hir_pretty-ca9b67830c6fa0cd.rmeta --extern rustc_index=/mnt/data1/nix/vendor/rust/cargo2nix/submodules/rust-build/compiler/zombie_driver2/target/debug/deps/librustc_index-3aa7163ed688dde0.rmeta --extern rustc_lint_defs=/mnt/data1/nix/vendor/rust/cargo2nix/submodules/rust-build/compiler/zombie_driver2/target/debug/deps/librustc_lint_defs-ad79f75a403531aa.rmeta --extern rustc_macros=/mnt/data1/nix/vendor/rust/cargo2nix/submodules/rust-build/compiler/zombie_driver2/target/debug/deps/librustc_macros-533b3ebf51685542.so --extern rustc_query_system=/mnt/data1/nix/vendor/rust/cargo2nix/submodules/rust-build/compiler/zombie_driver2/target/debug/deps/librustc_query_system-fdb82a57abdd9f77.rmeta --extern rustc_serialize=/mnt/data1/nix/vendor/rust/cargo2nix/submodules/rust-build/compiler/zombie_driver2/target/debug/deps/librustc_serialize-865b9514c43ea76f.rmeta --extern rustc_session=/mnt/data1/nix/vendor/rust/cargo2nix/submodules/rust-build/compiler/zombie_driver2/target/debug/deps/librustc_session-ad93ec0078fafc82.rmeta --extern rustc_span=/mnt/data1/nix/vendor/rust/cargo2nix/submodules/rust-build/compiler/zombie_driver2/target/debug/deps/librustc_span-cca3b45fe3825eda.rmeta --extern rustc_target=/mnt/data1/nix/vendor/rust/cargo2nix/submodules/rust-build/compiler/zombie_driver2/target/debug/deps/librustc_target-5de06d076d06ccca.rmeta --extern rustc_thread_pool=/mnt/data1/nix/vendor/rust/cargo2nix/submodules/rust-build/compiler/zombie_driver2/target/debug/deps/librustc_thread_pool-83aef153b3813075.rmeta --extern rustc_type_ir=/mnt/data1/nix/vendor/rust/cargo2nix/submodules/rust-build/compiler/zombie_driver2/target/debug/deps/librustc_type_ir-17d6b60feb33a7ad.rmeta --extern smallvec=/mnt/data1/nix/vendor/rust/cargo2nix/submodules/rust-build/compiler/zombie_driver2/target/debug/deps/libsmallvec-3970d95f1529de22.rmeta --extern thin_vec=/mnt/data1/nix/vendor/rust/cargo2nix/submodules/rust-build/compiler/zombie_driver2/target/debug/deps/libthin_vec-c5a2b73fca668a41.rmeta --extern tracing=/mnt/data1/nix/vendor/rust/cargo2nix/submodules/rust-build/compiler/zombie_driver2/target/debug/deps/libtracing-82b3a1ccd9aeceb8.rmeta -L native=/mnt/data1/nix/vendor/rust/cargo2nix/submodules/rust-build/compiler/zombie_driver2/target/debug/build/psm-51115e95e3afce55/out -L native=/mnt/data1/nix/vendor/rust/cargo2nix/submodules/rust-build/compiler/zombie_driver2/target/debug/build/blake3-b449a45f526127c8/out -L native=/mnt/data1/nix/vendor/rust/cargo2nix/submodules/rust-build/compiler/zombie_driver2/target/debug/build/blake3-b449a45f526127c8/out
20:29:09 SKIPPED: rustc --crate-name rustc_middle --edition=2024 /mnt/data1/nix/vendor/rust/cargo2nix/submodules/rust-build/compiler/rustc_middle/src/lib.rs --error-format=json --json=diagnostic-rendered-ansi,artifacts,future-incompat --crate-type lib --emit=dep-info,metadata,link -C embed-bitcode=no -C debuginfo=2 --check-cfg cfg(docsrs,test) --check-cfg cfg(feature, values("rustc_randomized_layouts")) -C metadata=9773084bec7b0583 -C extra-filename=-245c3150683558be --out-dir /mnt/data1/nix/vendor/rust/cargo2nix/submodules/rust-build/compiler/zombie_driver2/target/debug/deps -C incremental=/mnt/data1/nix/vendor/rust/cargo2nix/submodules/rust-build/compiler/zombie_driver2/target/debug/incremental -L dependency=/mnt/data1/nix/vendor/rust/cargo2nix/submodules/rust-build/compiler/zombie_driver2/target/debug/deps --extern bitflags=/mnt/data1/nix/vendor/rust/cargo2nix/submodules/rust-build/compiler/zombie_driver2/target/debug/deps/libbitflags-56146a5f1712337b.rmeta --extern either=/mnt/data1/nix/vendor/rust/cargo2nix/submodules/rust-build/compiler/zombie_driver2/target/debug/deps/libeither-80e22dfc3e1c5c46.rmeta --extern gsgdt=/mnt/data1/nix/vendor/rust/cargo2nix/submodules/rust-build/compiler/zombie_driver2/target/debug/deps/libgsgdt-63ec5d5c35bd6297.rmeta --extern polonius_engine=/mnt/data1/nix/vendor/rust/cargo2nix/submodules/rust-build/compiler/zombie_driver2/target/debug/deps/libpolonius_engine-23686739cdbb0d06.rmeta --extern rustc_abi=/mnt/data1/nix/vendor/rust/cargo2nix/submodules/rust-build/compiler/zombie_driver2/target/debug/deps/librustc_abi-adecc4c15d63dbde.rmeta --extern rustc_apfloat=/mnt/data1/nix/vendor/rust/cargo2nix/submodules/rust-build/compiler/zombie_driver2/target/debug/deps/librustc_apfloat-e645c5b6d05ce1df.rmeta --extern rustc_arena=/mnt/data1/nix/vendor/rust/cargo2nix/submodules/rust-build/compiler/zombie_driver2/target/debug/deps/librustc_arena-fbfbfc9e2ae2c81f.rmeta --extern rustc_ast=/mnt/data1/nix/vendor/rust/cargo2nix/submodules/rust-build/compiler/zombie_driver2/target/debug/deps/librustc_ast-892745d5973bca50.rmeta --extern rustc_ast_ir=/mnt/data1/nix/vendor/rust/cargo2nix/submodules/rust-build/compiler/zombie_driver2/target/debug/deps/librustc_ast_ir-ac51d7a200660cd6.rmeta --extern rustc_data_structures=/mnt/data1/nix/vendor/rust/cargo2nix/submodules/rust-build/compiler/zombie_driver2/target/debug/deps/librustc_data_structures-7a05c3f43ea74b8d.rmeta --extern rustc_error_messages=/mnt/data1/nix/vendor/rust/cargo2nix/submodules/rust-build/compiler/zombie_driver2/target/debug/deps/librustc_error_messages-945c54728d891d4f.rmeta --extern rustc_errors=/mnt/data1/nix/vendor/rust/cargo2nix/submodules/rust-build/compiler/zombie_driver2/target/debug/deps/librustc_errors-042ea83da72fde12.rmeta --extern rustc_feature=/mnt/data1/nix/vendor/rust/cargo2nix/submodules/rust-build/compiler/zombie_driver2/target/debug/deps/librustc_feature-8b7a1e168a753038.rmeta --extern rustc_fluent_macro=/mnt/data1/nix/vendor/rust/cargo2nix/submodules/rust-build/compiler/zombie_driver2/target/debug/deps/librustc_fluent_macro-d795261342a5a863.so --extern rustc_graphviz=/mnt/data1/nix/vendor/rust/cargo2nix/submodules/rust-build/compiler/zombie_driver2/target/debug/deps/librustc_graphviz-c7812eafe07feea7.rmeta --extern rustc_hashes=/mnt/data1/nix/vendor/rust/cargo2nix/submodules/rust-build/compiler/zombie_driver2/target/debug/deps/librustc_hashes-90e81dae7d173bd5.rmeta --extern rustc_hir=/mnt/data1/nix/vendor/rust/cargo2nix/submodules/rust-build/compiler/zombie_driver2/target/debug/deps/librustc_hir-60bf32f61521f542.rmeta --extern rustc_hir_pretty=/mnt/data1/nix/vendor/rust/cargo2nix/submodules/rust-build/compiler/zombie_driver2/target/debug/deps/librustc_hir_pretty-ca9b67830c6fa0cd.rmeta --extern rustc_index=/mnt/data1/nix/vendor/rust/cargo2nix/submodules/rust-build/compiler/zombie_driver2/target/debug/deps/librustc_index-3aa7163ed688dde0.rmeta --extern rustc_lint_defs=/mnt/data1/nix/vendor/rust/cargo2nix/submodules/rust-build/compiler/zombie_driver2/target/debug/deps/librustc_lint_defs-ad79f75a403531aa.rmeta --extern rustc_macros=/mnt/data1/nix/vendor/rust/cargo2nix/submodules/rust-build/compiler/zombie_driver2/target/debug/deps/librustc_macros-533b3ebf51685542.so --extern rustc_query_system=/mnt/data1/nix/vendor/rust/cargo2nix/submodules/rust-build/compiler/zombie_driver2/target/debug/deps/librustc_query_system-fdb82a57abdd9f77.rmeta --extern rustc_serialize=/mnt/data1/nix/vendor/rust/cargo2nix/submodules/rust-build/compiler/zombie_driver2/target/debug/deps/librustc_serialize-865b9514c43ea76f.rmeta --extern rustc_session=/mnt/data1/nix/vendor/rust/cargo2nix/submodules/rust-build/compiler/zombie_driver2/target/debug/deps/librustc_session-ad93ec0078fafc82.rmeta --extern rustc_span=/mnt/data1/nix/vendor/rust/cargo2nix/submodules/rust-build/compiler/zombie_driver2/target/debug/deps/librustc_span-cca3b45fe3825eda.rmeta --extern rustc_target=/mnt/data1/nix/vendor/rust/cargo2nix/submodules/rust-build/compiler/zombie_driver2/target/debug/deps/librustc_target-5de06d076d06ccca.rmeta --extern rustc_thread_pool=/mnt/data1/nix/vendor/rust/cargo2nix/submodules/rust-build/compiler/zombie_driver2/target/debug/deps/librustc_thread_pool-83aef153b3813075.rmeta --extern rustc_type_ir=/mnt/data1/nix/vendor/rust/cargo2nix/submodules/rust-build/compiler/zombie_driver2/target/debug/deps/librustc_type_ir-17d6b60feb33a7ad.rmeta --extern smallvec=/mnt/data1/nix/vendor/rust/cargo2nix/submodules/rust-build/compiler/zombie_driver2/target/debug/deps/libsmallvec-3970d95f1529de22.rmeta --extern thin_vec=/mnt/data1/nix/vendor/rust/cargo2nix/submodules/rust-build/compiler/zombie_driver2/target/debug/deps/libthin_vec-c5a2b73fca668a41.rmeta --extern tracing=/mnt/data1/nix/vendor/rust/cargo2nix/submodules/rust-build/compiler/zombie_driver2/target/debug/deps/libtracing-82b3a1ccd9aeceb8.rmeta -L native=/mnt/data1/nix/vendor/rust/cargo2nix/submodules/rust-build/compiler/zombie_driver2/target/debug/build/psm-51115e95e3afce55/out -L native=/mnt/data1/nix/vendor/rust/cargo2nix/submodules/rust-build/compiler/zombie_driver2/target/debug/build/blake3-b449a45f526127c8/out -L native=/mnt/data1/nix/vendor/rust/cargo2nix/submodules/rust-build/compiler/zombie_driver2/target/debug/build/blake3-b449a45f526127c8/out
20:31:11 SKIPPED: rustc --crate-name rustc_middle --edition=2024 /mnt/data1/nix/vendor/rust/cargo2nix/submodules/rust-build/compiler/rustc_middle/src/lib.rs --error-format=json --json=diagnostic-rendered-ansi,artifacts,future-incompat --crate-type lib --emit=dep-info,metadata,link -C embed-bitcode=no -C debuginfo=2 --check-cfg cfg(docsrs,test) --check-cfg cfg(feature, values("rustc_randomized_layouts")) -C metadata=9773084bec7b0583 -C extra-filename=-245c3150683558be --out-dir /mnt/data1/nix/vendor/rust/cargo2nix/submodules/rust-build/compiler/zombie_driver2/target/debug/deps -C incremental=/mnt/data1/nix/vendor/rust/cargo2nix/submodules/rust-build/compiler/zombie_driver2/target/debug/incremental -L dependency=/mnt/data1/nix/vendor/rust/cargo2nix/submodules/rust-build/compiler/zombie_driver2/target/debug/deps --extern bitflags=/mnt/data1/nix/vendor/rust/cargo2nix/submodules/rust-build/compiler/zombie_driver2/target/debug/deps/libbitflags-56146a5f1712337b.rmeta --extern either=/mnt/data1/nix/vendor/rust/cargo2nix/submodules/rust-build/compiler/zombie_driver2/target/debug/deps/libeither-80e22dfc3e1c5c46.rmeta --extern gsgdt=/mnt/data1/nix/vendor/rust/cargo2nix/submodules/rust-build/compiler/zombie_driver2/target/debug/deps/libgsgdt-63ec5d5c35bd6297.rmeta --extern polonius_engine=/mnt/data1/nix/vendor/rust/cargo2nix/submodules/rust-build/compiler/zombie_driver2/target/debug/deps/libpolonius_engine-23686739cdbb0d06.rmeta --extern rustc_abi=/mnt/data1/nix/vendor/rust/cargo2nix/submodules/rust-build/compiler/zombie_driver2/target/debug/deps/librustc_abi-adecc4c15d63dbde.rmeta --extern rustc_apfloat=/mnt/data1/nix/vendor/rust/cargo2nix/submodules/rust-build/compiler/zombie_driver2/target/debug/deps/librustc_apfloat-e645c5b6d05ce1df.rmeta --extern rustc_arena=/mnt/data1/nix/vendor/rust/cargo2nix/submodules/rust-build/compiler/zombie_driver2/target/debug/deps/librustc_arena-fbfbfc9e2ae2c81f.rmeta --extern rustc_ast=/mnt/data1/nix/vendor/rust/cargo2nix/submodules/rust-build/compiler/zombie_driver2/target/debug/deps/librustc_ast-892745d5973bca50.rmeta --extern rustc_ast_ir=/mnt/data1/nix/vendor/rust/cargo2nix/submodules/rust-build/compiler/zombie_driver2/target/debug/deps/librustc_ast_ir-ac51d7a200660cd6.rmeta --extern rustc_data_structures=/mnt/data1/nix/vendor/rust/cargo2nix/submodules/rust-build/compiler/zombie_driver2/target/debug/deps/librustc_data_structures-7a05c3f43ea74b8d.rmeta --extern rustc_error_messages=/mnt/data1/nix/vendor/rust/cargo2nix/submodules/rust-build/compiler/zombie_driver2/target/debug/deps/librustc_error_messages-945c54728d891d4f.rmeta --extern rustc_errors=/mnt/data1/nix/vendor/rust/cargo2nix/submodules/rust-build/compiler/zombie_driver2/target/debug/deps/librustc_errors-042ea83da72fde12.rmeta --extern rustc_feature=/mnt/data1/nix/vendor/rust/cargo2nix/submodules/rust-build/compiler/zombie_driver2/target/debug/deps/librustc_feature-8b7a1e168a753038.rmeta --extern rustc_fluent_macro=/mnt/data1/nix/vendor/rust/cargo2nix/submodules/rust-build/compiler/zombie_driver2/target/debug/deps/librustc_fluent_macro-d795261342a5a863.so --extern rustc_graphviz=/mnt/data1/nix/vendor/rust/cargo2nix/submodules/rust-build/compiler/zombie_driver2/target/debug/deps/librustc_graphviz-c7812eafe07feea7.rmeta --extern rustc_hashes=/mnt/data1/nix/vendor/rust/cargo2nix/submodules/rust-build/compiler/zombie_driver2/target/debug/deps/librustc_hashes-90e81dae7d173bd5.rmeta --extern rustc_hir=/mnt/data1/nix/vendor/rust/cargo2nix/submodules/rust-build/compiler/zombie_driver2/target/debug/deps/librustc_hir-60bf32f61521f542.rmeta --extern rustc_hir_pretty=/mnt/data1/nix/vendor/rust/cargo2nix/submodules/rust-build/compiler/zombie_driver2/target/debug/deps/librustc_hir_pretty-ca9b67830c6fa0cd.rmeta --extern rustc_index=/mnt/data1/nix/vendor/rust/cargo2nix/submodules/rust-build/compiler/zombie_driver2/target/debug/deps/librustc_index-3aa7163ed688dde0.rmeta --extern rustc_lint_defs=/mnt/data1/nix/vendor/rust/cargo2nix/submodules/rust-build/compiler/zombie_driver2/target/debug/deps/librustc_lint_defs-ad79f75a403531aa.rmeta --extern rustc_macros=/mnt/data1/nix/vendor/rust/cargo2nix/submodules/rust-build/compiler/zombie_driver2/target/debug/deps/librustc_macros-533b3ebf51685542.so --extern rustc_query_system=/mnt/data1/nix/vendor/rust/cargo2nix/submodules/rust-build/compiler/zombie_driver2/target/debug/deps/librustc_query_system-fdb82a57abdd9f77.rmeta --extern rustc_serialize=/mnt/data1/nix/vendor/rust/cargo2nix/submodules/rust-build/compiler/zombie_driver2/target/debug/deps/librustc_serialize-865b9514c43ea76f.rmeta --extern rustc_session=/mnt/data1/nix/vendor/rust/cargo2nix/submodules/rust-build/compiler/zombie_driver2/target/debug/deps/librustc_session-ad93ec0078fafc82.rmeta --extern rustc_span=/mnt/data1/nix/vendor/rust/cargo2nix/submodules/rust-build/compiler/zombie_driver2/target/debug/deps/librustc_span-cca3b45fe3825eda.rmeta --extern rustc_target=/mnt/data1/nix/vendor/rust/cargo2nix/submodules/rust-build/compiler/zombie_driver2/target/debug/deps/librustc_target-5de06d076d06ccca.rmeta --extern rustc_thread_pool=/mnt/data1/nix/vendor/rust/cargo2nix/submodules/rust-build/compiler/zombie_driver2/target/debug/deps/librustc_thread_pool-83aef153b3813075.rmeta --extern rustc_type_ir=/mnt/data1/nix/vendor/rust/cargo2nix/submodules/rust-build/compiler/zombie_driver2/target/debug/deps/librustc_type_ir-17d6b60feb33a7ad.rmeta --extern smallvec=/mnt/data1/nix/vendor/rust/cargo2nix/submodules/rust-build/compiler/zombie_driver2/target/debug/deps/libsmallvec-3970d95f1529de22.rmeta --extern thin_vec=/mnt/data1/nix/vendor/rust/cargo2nix/submodules/rust-build/compiler/zombie_driver2/target/debug/deps/libthin_vec-c5a2b73fca668a41.rmeta --extern tracing=/mnt/data1/nix/vendor/rust/cargo2nix/submodules/rust-build/compiler/zombie_driver2/target/debug/deps/libtracing-82b3a1ccd9aeceb8.rmeta -L native=/mnt/data1/nix/vendor/rust/cargo2nix/submodules/rust-build/compiler/zombie_driver2/target/debug/build/psm-51115e95e3afce55/out -L native=/mnt/data1/nix/vendor/rust/cargo2nix/submodules/rust-build/compiler/zombie_driver2/target/debug/build/blake3-b449a45f526127c8/out -L native=/mnt/data1/nix/vendor/rust/cargo2nix/submodules/rust-build/compiler/zombie_driver2/target/debug/build/blake3-b449a45f526127c8/out
20:31:55 SKIPPED: rustc --crate-name rustc_middle --edition=2024 /mnt/data1/nix/vendor/rust/cargo2nix/submodules/rust-build/compiler/rustc_middle/src/lib.rs --error-format=json --json=diagnostic-rendered-ansi,artifacts,future-incompat --crate-type lib --emit=dep-info,metadata,link -C embed-bitcode=no -C debuginfo=2 --check-cfg cfg(docsrs,test) --check-cfg cfg(feature, values("rustc_randomized_layouts")) -C metadata=9773084bec7b0583 -C extra-filename=-245c3150683558be --out-dir /mnt/data1/nix/vendor/rust/cargo2nix/submodules/rust-build/compiler/zombie_driver2/target/debug/deps -C incremental=/mnt/data1/nix/vendor/rust/cargo2nix/submodules/rust-build/compiler/zombie_driver2/target/debug/incremental -L dependency=/mnt/data1/nix/vendor/rust/cargo2nix/submodules/rust-build/compiler/zombie_driver2/target/debug/deps --extern bitflags=/mnt/data1/nix/vendor/rust/cargo2nix/submodules/rust-build/compiler/zombie_driver2/target/debug/deps/libbitflags-56146a5f1712337b.rmeta --extern either=/mnt/data1/nix/vendor/rust/cargo2nix/submodules/rust-build/compiler/zombie_driver2/target/debug/deps/libeither-80e22dfc3e1c5c46.rmeta --extern gsgdt=/mnt/data1/nix/vendor/rust/cargo2nix/submodules/rust-build/compiler/zombie_driver2/target/debug/deps/libgsgdt-63ec5d5c35bd6297.rmeta --extern polonius_engine=/mnt/data1/nix/vendor/rust/cargo2nix/submodules/rust-build/compiler/zombie_driver2/target/debug/deps/libpolonius_engine-23686739cdbb0d06.rmeta --extern rustc_abi=/mnt/data1/nix/vendor/rust/cargo2nix/submodules/rust-build/compiler/zombie_driver2/target/debug/deps/librustc_abi-adecc4c15d63dbde.rmeta --extern rustc_apfloat=/mnt/data1/nix/vendor/rust/cargo2nix/submodules/rust-build/compiler/zombie_driver2/target/debug/deps/librustc_apfloat-e645c5b6d05ce1df.rmeta --extern rustc_arena=/mnt/data1/nix/vendor/rust/cargo2nix/submodules/rust-build/compiler/zombie_driver2/target/debug/deps/librustc_arena-fbfbfc9e2ae2c81f.rmeta --extern rustc_ast=/mnt/data1/nix/vendor/rust/cargo2nix/submodules/rust-build/compiler/zombie_driver2/target/debug/deps/librustc_ast-892745d5973bca50.rmeta --extern rustc_ast_ir=/mnt/data1/nix/vendor/rust/cargo2nix/submodules/rust-build/compiler/zombie_driver2/target/debug/deps/librustc_ast_ir-ac51d7a200660cd6.rmeta --extern rustc_data_structures=/mnt/data1/nix/vendor/rust/cargo2nix/submodules/rust-build/compiler/zombie_driver2/target/debug/deps/librustc_data_structures-7a05c3f43ea74b8d.rmeta --extern rustc_error_messages=/mnt/data1/nix/vendor/rust/cargo2nix/submodules/rust-build/compiler/zombie_driver2/target/debug/deps/librustc_error_messages-945c54728d891d4f.rmeta --extern rustc_errors=/mnt/data1/nix/vendor/rust/cargo2nix/submodules/rust-build/compiler/zombie_driver2/target/debug/deps/librustc_errors-042ea83da72fde12.rmeta --extern rustc_feature=/mnt/data1/nix/vendor/rust/cargo2nix/submodules/rust-build/compiler/zombie_driver2/target/debug/deps/librustc_feature-8b7a1e168a753038.rmeta --extern rustc_fluent_macro=/mnt/data1/nix/vendor/rust/cargo2nix/submodules/rust-build/compiler/zombie_driver2/target/debug/deps/librustc_fluent_macro-d795261342a5a863.so --extern rustc_graphviz=/mnt/data1/nix/vendor/rust/cargo2nix/submodules/rust-build/compiler/zombie_driver2/target/debug/deps/librustc_graphviz-c7812eafe07feea7.rmeta --extern rustc_hashes=/mnt/data1/nix/vendor/rust/cargo2nix/submodules/rust-build/compiler/zombie_driver2/target/debug/deps/librustc_hashes-90e81dae7d173bd5.rmeta --extern rustc_hir=/mnt/data1/nix/vendor/rust/cargo2nix/submodules/rust-build/compiler/zombie_driver2/target/debug/deps/librustc_hir-60bf32f61521f542.rmeta --extern rustc_hir_pretty=/mnt/data1/nix/vendor/rust/cargo2nix/submodules/rust-build/compiler/zombie_driver2/target/debug/deps/librustc_hir_pretty-ca9b67830c6fa0cd.rmeta --extern rustc_index=/mnt/data1/nix/vendor/rust/cargo2nix/submodules/rust-build/compiler/zombie_driver2/target/debug/deps/librustc_index-3aa7163ed688dde0.rmeta --extern rustc_lint_defs=/mnt/data1/nix/vendor/rust/cargo2nix/submodules/rust-build/compiler/zombie_driver2/target/debug/deps/librustc_lint_defs-ad79f75a403531aa.rmeta --extern rustc_macros=/mnt/data1/nix/vendor/rust/cargo2nix/submodules/rust-build/compiler/zombie_driver2/target/debug/deps/librustc_macros-533b3ebf51685542.so --extern rustc_query_system=/mnt/data1/nix/vendor/rust/cargo2nix/submodules/rust-build/compiler/zombie_driver2/target/debug/deps/librustc_query_system-fdb82a57abdd9f77.rmeta --extern rustc_serialize=/mnt/data1/nix/vendor/rust/cargo2nix/submodules/rust-build/compiler/zombie_driver2/target/debug/deps/librustc_serialize-865b9514c43ea76f.rmeta --extern rustc_session=/mnt/data1/nix/vendor/rust/cargo2nix/submodules/rust-build/compiler/zombie_driver2/target/debug/deps/librustc_session-ad93ec0078fafc82.rmeta --extern rustc_span=/mnt/data1/nix/vendor/rust/cargo2nix/submodules/rust-build/compiler/zombie_driver2/target/debug/deps/librustc_span-cca3b45fe3825eda.rmeta --extern rustc_target=/mnt/data1/nix/vendor/rust/cargo2nix/submodules/rust-build/compiler/zombie_driver2/target/debug/deps/librustc_target-5de06d076d06ccca.rmeta --extern rustc_thread_pool=/mnt/data1/nix/vendor/rust/cargo2nix/submodules/rust-build/compiler/zombie_driver2/target/debug/deps/librustc_thread_pool-83aef153b3813075.rmeta --extern rustc_type_ir=/mnt/data1/nix/vendor/rust/cargo2nix/submodules/rust-build/compiler/zombie_driver2/target/debug/deps/librustc_type_ir-17d6b60feb33a7ad.rmeta --extern smallvec=/mnt/data1/nix/vendor/rust/cargo2nix/submodules/rust-build/compiler/zombie_driver2/target/debug/deps/libsmallvec-3970d95f1529de22.rmeta --extern thin_vec=/mnt/data1/nix/vendor/rust/cargo2nix/submodules/rust-build/compiler/zombie_driver2/target/debug/deps/libthin_vec-c5a2b73fca668a41.rmeta --extern tracing=/mnt/data1/nix/vendor/rust/cargo2nix/submodules/rust-build/compiler/zombie_driver2/target/debug/deps/libtracing-82b3a1ccd9aeceb8.rmeta -L native=/mnt/data1/nix/vendor/rust/cargo2nix/submodules/rust-build/compiler/zombie_driver2/target/debug/build/psm-51115e95e3afce55/out -L native=/mnt/data1/nix/vendor/rust/cargo2nix/submodules/rust-build/compiler/zombie_driver2/target/debug/build/blake3-b449a45f526127c8/out -L native=/mnt/data1/nix/vendor/rust/cargo2nix/submodules/rust-build/compiler/zombie_driver2/target/debug/build/blake3-b449a45f526127c8/out
20:34:40 SKIPPED: rustc --crate-name rustc_middle --edition=2024 /mnt/data1/nix/vendor/rust/cargo2nix/submodules/rust-build/compiler/rustc_middle/src/lib.rs --error-format=json --json=diagnostic-rendered-ansi,artifacts,future-incompat --crate-type lib --emit=dep-info,metadata,link -C embed-bitcode=no -C debuginfo=2 --check-cfg cfg(docsrs,test) --check-cfg cfg(feature, values("rustc_randomized_layouts")) -C metadata=9773084bec7b0583 -C extra-filename=-245c3150683558be --out-dir /mnt/data1/nix/vendor/rust/cargo2nix/submodules/rust-build/compiler/zombie_driver2/target/debug/deps -C incremental=/mnt/data1/nix/vendor/rust/cargo2nix/submodules/rust-build/compiler/zombie_driver2/target/debug/incremental -L dependency=/mnt/data1/nix/vendor/rust/cargo2nix/submodules/rust-build/compiler/zombie_driver2/target/debug/deps --extern bitflags=/mnt/data1/nix/vendor/rust/cargo2nix/submodules/rust-build/compiler/zombie_driver2/target/debug/deps/libbitflags-56146a5f1712337b.rmeta --extern either=/mnt/data1/nix/vendor/rust/cargo2nix/submodules/rust-build/compiler/zombie_driver2/target/debug/deps/libeither-80e22dfc3e1c5c46.rmeta --extern gsgdt=/mnt/data1/nix/vendor/rust/cargo2nix/submodules/rust-build/compiler/zombie_driver2/target/debug/deps/libgsgdt-63ec5d5c35bd6297.rmeta --extern polonius_engine=/mnt/data1/nix/vendor/rust/cargo2nix/submodules/rust-build/compiler/zombie_driver2/target/debug/deps/libpolonius_engine-23686739cdbb0d06.rmeta --extern rustc_abi=/mnt/data1/nix/vendor/rust/cargo2nix/submodules/rust-build/compiler/zombie_driver2/target/debug/deps/librustc_abi-adecc4c15d63dbde.rmeta --extern rustc_apfloat=/mnt/data1/nix/vendor/rust/cargo2nix/submodules/rust-build/compiler/zombie_driver2/target/debug/deps/librustc_apfloat-e645c5b6d05ce1df.rmeta --extern rustc_arena=/mnt/data1/nix/vendor/rust/cargo2nix/submodules/rust-build/compiler/zombie_driver2/target/debug/deps/librustc_arena-fbfbfc9e2ae2c81f.rmeta --extern rustc_ast=/mnt/data1/nix/vendor/rust/cargo2nix/submodules/rust-build/compiler/zombie_driver2/target/debug/deps/librustc_ast-892745d5973bca50.rmeta --extern rustc_ast_ir=/mnt/data1/nix/vendor/rust/cargo2nix/submodules/rust-build/compiler/zombie_driver2/target/debug/deps/librustc_ast_ir-ac51d7a200660cd6.rmeta --extern rustc_data_structures=/mnt/data1/nix/vendor/rust/cargo2nix/submodules/rust-build/compiler/zombie_driver2/target/debug/deps/librustc_data_structures-7a05c3f43ea74b8d.rmeta --extern rustc_error_messages=/mnt/data1/nix/vendor/rust/cargo2nix/submodules/rust-build/compiler/zombie_driver2/target/debug/deps/librustc_error_messages-945c54728d891d4f.rmeta --extern rustc_errors=/mnt/data1/nix/vendor/rust/cargo2nix/submodules/rust-build/compiler/zombie_driver2/target/debug/deps/librustc_errors-042ea83da72fde12.rmeta --extern rustc_feature=/mnt/data1/nix/vendor/rust/cargo2nix/submodules/rust-build/compiler/zombie_driver2/target/debug/deps/librustc_feature-8b7a1e168a753038.rmeta --extern rustc_fluent_macro=/mnt/data1/nix/vendor/rust/cargo2nix/submodules/rust-build/compiler/zombie_driver2/target/debug/deps/librustc_fluent_macro-d795261342a5a863.so --extern rustc_graphviz=/mnt/data1/nix/vendor/rust/cargo2nix/submodules/rust-build/compiler/zombie_driver2/target/debug/deps/librustc_graphviz-c7812eafe07feea7.rmeta --extern rustc_hashes=/mnt/data1/nix/vendor/rust/cargo2nix/submodules/rust-build/compiler/zombie_driver2/target/debug/deps/librustc_hashes-90e81dae7d173bd5.rmeta --extern rustc_hir=/mnt/data1/nix/vendor/rust/cargo2nix/submodules/rust-build/compiler/zombie_driver2/target/debug/deps/librustc_hir-60bf32f61521f542.rmeta --extern rustc_hir_pretty=/mnt/data1/nix/vendor/rust/cargo2nix/submodules/rust-build/compiler/zombie_driver2/target/debug/deps/librustc_hir_pretty-ca9b67830c6fa0cd.rmeta --extern rustc_index=/mnt/data1/nix/vendor/rust/cargo2nix/submodules/rust-build/compiler/zombie_driver2/target/debug/deps/librustc_index-3aa7163ed688dde0.rmeta --extern rustc_lint_defs=/mnt/data1/nix/vendor/rust/cargo2nix/submodules/rust-build/compiler/zombie_driver2/target/debug/deps/librustc_lint_defs-ad79f75a403531aa.rmeta --extern rustc_macros=/mnt/data1/nix/vendor/rust/cargo2nix/submodules/rust-build/compiler/zombie_driver2/target/debug/deps/librustc_macros-533b3ebf51685542.so --extern rustc_query_system=/mnt/data1/nix/vendor/rust/cargo2nix/submodules/rust-build/compiler/zombie_driver2/target/debug/deps/librustc_query_system-fdb82a57abdd9f77.rmeta --extern rustc_serialize=/mnt/data1/nix/vendor/rust/cargo2nix/submodules/rust-build/compiler/zombie_driver2/target/debug/deps/librustc_serialize-865b9514c43ea76f.rmeta --extern rustc_session=/mnt/data1/nix/vendor/rust/cargo2nix/submodules/rust-build/compiler/zombie_driver2/target/debug/deps/librustc_session-ad93ec0078fafc82.rmeta --extern rustc_span=/mnt/data1/nix/vendor/rust/cargo2nix/submodules/rust-build/compiler/zombie_driver2/target/debug/deps/librustc_span-cca3b45fe3825eda.rmeta --extern rustc_target=/mnt/data1/nix/vendor/rust/cargo2nix/submodules/rust-build/compiler/zombie_driver2/target/debug/deps/librustc_target-5de06d076d06ccca.rmeta --extern rustc_thread_pool=/mnt/data1/nix/vendor/rust/cargo2nix/submodules/rust-build/compiler/zombie_driver2/target/debug/deps/librustc_thread_pool-83aef153b3813075.rmeta --extern rustc_type_ir=/mnt/data1/nix/vendor/rust/cargo2nix/submodules/rust-build/compiler/zombie_driver2/target/debug/deps/librustc_type_ir-17d6b60feb33a7ad.rmeta --extern smallvec=/mnt/data1/nix/vendor/rust/cargo2nix/submodules/rust-build/compiler/zombie_driver2/target/debug/deps/libsmallvec-3970d95f1529de22.rmeta --extern thin_vec=/mnt/data1/nix/vendor/rust/cargo2nix/submodules/rust-build/compiler/zombie_driver2/target/debug/deps/libthin_vec-c5a2b73fca668a41.rmeta --extern tracing=/mnt/data1/nix/vendor/rust/cargo2nix/submodules/rust-build/compiler/zombie_driver2/target/debug/deps/libtracing-82b3a1ccd9aeceb8.rmeta -L native=/mnt/data1/nix/vendor/rust/cargo2nix/submodules/rust-build/compiler/zombie_driver2/target/debug/build/psm-51115e95e3afce55/out -L native=/mnt/data1/nix/vendor/rust/cargo2nix/submodules/rust-build/compiler/zombie_driver2/target/debug/build/blake3-b449a45f526127c8/out -L native=/mnt/data1/nix/vendor/rust/cargo2nix/submodules/rust-build/compiler/zombie_driver2/target/debug/build/blake3-b449a45f526127c8/out
20:34:59 SKIPPED: rustc --crate-name rustc_middle --edition=2024 /mnt/data1/nix/vendor/rust/cargo2nix/submodules/rust-build/compiler/rustc_middle/src/lib.rs --error-format=json --json=diagnostic-rendered-ansi,artifacts,future-incompat --crate-type lib --emit=dep-info,metadata,link -C embed-bitcode=no -C debuginfo=2 --check-cfg cfg(docsrs,test) --check-cfg cfg(feature, values("rustc_randomized_layouts")) -C metadata=9773084bec7b0583 -C extra-filename=-245c3150683558be --out-dir /mnt/data1/nix/vendor/rust/cargo2nix/submodules/rust-build/compiler/zombie_driver2/target/debug/deps -C incremental=/mnt/data1/nix/vendor/rust/cargo2nix/submodules/rust-build/compiler/zombie_driver2/target/debug/incremental -L dependency=/mnt/data1/nix/vendor/rust/cargo2nix/submodules/rust-build/compiler/zombie_driver2/target/debug/deps --extern bitflags=/mnt/data1/nix/vendor/rust/cargo2nix/submodules/rust-build/compiler/zombie_driver2/target/debug/deps/libbitflags-56146a5f1712337b.rmeta --extern either=/mnt/data1/nix/vendor/rust/cargo2nix/submodules/rust-build/compiler/zombie_driver2/target/debug/deps/libeither-80e22dfc3e1c5c46.rmeta --extern gsgdt=/mnt/data1/nix/vendor/rust/cargo2nix/submodules/rust-build/compiler/zombie_driver2/target/debug/deps/libgsgdt-63ec5d5c35bd6297.rmeta --extern polonius_engine=/mnt/data1/nix/vendor/rust/cargo2nix/submodules/rust-build/compiler/zombie_driver2/target/debug/deps/libpolonius_engine-23686739cdbb0d06.rmeta --extern rustc_abi=/mnt/data1/nix/vendor/rust/cargo2nix/submodules/rust-build/compiler/zombie_driver2/target/debug/deps/librustc_abi-adecc4c15d63dbde.rmeta --extern rustc_apfloat=/mnt/data1/nix/vendor/rust/cargo2nix/submodules/rust-build/compiler/zombie_driver2/target/debug/deps/librustc_apfloat-e645c5b6d05ce1df.rmeta --extern rustc_arena=/mnt/data1/nix/vendor/rust/cargo2nix/submodules/rust-build/compiler/zombie_driver2/target/debug/deps/librustc_arena-fbfbfc9e2ae2c81f.rmeta --extern rustc_ast=/mnt/data1/nix/vendor/rust/cargo2nix/submodules/rust-build/compiler/zombie_driver2/target/debug/deps/librustc_ast-892745d5973bca50.rmeta --extern rustc_ast_ir=/mnt/data1/nix/vendor/rust/cargo2nix/submodules/rust-build/compiler/zombie_driver2/target/debug/deps/librustc_ast_ir-ac51d7a200660cd6.rmeta --extern rustc_data_structures=/mnt/data1/nix/vendor/rust/cargo2nix/submodules/rust-build/compiler/zombie_driver2/target/debug/deps/librustc_data_structures-7a05c3f43ea74b8d.rmeta --extern rustc_error_messages=/mnt/data1/nix/vendor/rust/cargo2nix/submodules/rust-build/compiler/zombie_driver2/target/debug/deps/librustc_error_messages-945c54728d891d4f.rmeta --extern rustc_errors=/mnt/data1/nix/vendor/rust/cargo2nix/submodules/rust-build/compiler/zombie_driver2/target/debug/deps/librustc_errors-042ea83da72fde12.rmeta --extern rustc_feature=/mnt/data1/nix/vendor/rust/cargo2nix/submodules/rust-build/compiler/zombie_driver2/target/debug/deps/librustc_feature-8b7a1e168a753038.rmeta --extern rustc_fluent_macro=/mnt/data1/nix/vendor/rust/cargo2nix/submodules/rust-build/compiler/zombie_driver2/target/debug/deps/librustc_fluent_macro-d795261342a5a863.so --extern rustc_graphviz=/mnt/data1/nix/vendor/rust/cargo2nix/submodules/rust-build/compiler/zombie_driver2/target/debug/deps/librustc_graphviz-c7812eafe07feea7.rmeta --extern rustc_hashes=/mnt/data1/nix/vendor/rust/cargo2nix/submodules/rust-build/compiler/zombie_driver2/target/debug/deps/librustc_hashes-90e81dae7d173bd5.rmeta --extern rustc_hir=/mnt/data1/nix/vendor/rust/cargo2nix/submodules/rust-build/compiler/zombie_driver2/target/debug/deps/librustc_hir-60bf32f61521f542.rmeta --extern rustc_hir_pretty=/mnt/data1/nix/vendor/rust/cargo2nix/submodules/rust-build/compiler/zombie_driver2/target/debug/deps/librustc_hir_pretty-ca9b67830c6fa0cd.rmeta --extern rustc_index=/mnt/data1/nix/vendor/rust/cargo2nix/submodules/rust-build/compiler/zombie_driver2/target/debug/deps/librustc_index-3aa7163ed688dde0.rmeta --extern rustc_lint_defs=/mnt/data1/nix/vendor/rust/cargo2nix/submodules/rust-build/compiler/zombie_driver2/target/debug/deps/librustc_lint_defs-ad79f75a403531aa.rmeta --extern rustc_macros=/mnt/data1/nix/vendor/rust/cargo2nix/submodules/rust-build/compiler/zombie_driver2/target/debug/deps/librustc_macros-533b3ebf51685542.so --extern rustc_query_system=/mnt/data1/nix/vendor/rust/cargo2nix/submodules/rust-build/compiler/zombie_driver2/target/debug/deps/librustc_query_system-fdb82a57abdd9f77.rmeta --extern rustc_serialize=/mnt/data1/nix/vendor/rust/cargo2nix/submodules/rust-build/compiler/zombie_driver2/target/debug/deps/librustc_serialize-865b9514c43ea76f.rmeta --extern rustc_session=/mnt/data1/nix/vendor/rust/cargo2nix/submodules/rust-build/compiler/zombie_driver2/target/debug/deps/librustc_session-ad93ec0078fafc82.rmeta --extern rustc_span=/mnt/data1/nix/vendor/rust/cargo2nix/submodules/rust-build/compiler/zombie_driver2/target/debug/deps/librustc_span-cca3b45fe3825eda.rmeta --extern rustc_target=/mnt/data1/nix/vendor/rust/cargo2nix/submodules/rust-build/compiler/zombie_driver2/target/debug/deps/librustc_target-5de06d076d06ccca.rmeta --extern rustc_thread_pool=/mnt/data1/nix/vendor/rust/cargo2nix/submodules/rust-build/compiler/zombie_driver2/target/debug/deps/librustc_thread_pool-83aef153b3813075.rmeta --extern rustc_type_ir=/mnt/data1/nix/vendor/rust/cargo2nix/submodules/rust-build/compiler/zombie_driver2/target/debug/deps/librustc_type_ir-17d6b60feb33a7ad.rmeta --extern smallvec=/mnt/data1/nix/vendor/rust/cargo2nix/submodules/rust-build/compiler/zombie_driver2/target/debug/deps/libsmallvec-3970d95f1529de22.rmeta --extern thin_vec=/mnt/data1/nix/vendor/rust/cargo2nix/submodules/rust-build/compiler/zombie_driver2/target/debug/deps/libthin_vec-c5a2b73fca668a41.rmeta --extern tracing=/mnt/data1/nix/vendor/rust/cargo2nix/submodules/rust-build/compiler/zombie_driver2/target/debug/deps/libtracing-82b3a1ccd9aeceb8.rmeta -L native=/mnt/data1/nix/vendor/rust/cargo2nix/submodules/rust-build/compiler/zombie_driver2/target/debug/build/psm-51115e95e3afce55/out -L native=/mnt/data1/nix/vendor/rust/cargo2nix/submodules/rust-build/compiler/zombie_driver2/target/debug/build/blake3-b449a45f526127c8/out -L native=/mnt/data1/nix/vendor/rust/cargo2nix/submodules/rust-build/compiler/zombie_driver2/target/debug/build/blake3-b449a45f526127c8/out
20:35:46 SKIPPED: rustc --crate-name rustc_middle --edition=2024 /mnt/data1/nix/vendor/rust/cargo2nix/submodules/rust-build/compiler/rustc_middle/src/lib.rs --error-format=json --json=diagnostic-rendered-ansi,artifacts,future-incompat --crate-type lib --emit=dep-info,metadata,link -C embed-bitcode=no -C debuginfo=2 --check-cfg cfg(docsrs,test) --check-cfg cfg(feature, values("rustc_randomized_layouts")) -C metadata=9773084bec7b0583 -C extra-filename=-245c3150683558be --out-dir /mnt/data1/nix/vendor/rust/cargo2nix/submodules/rust-build/compiler/zombie_driver2/target/debug/deps -C incremental=/mnt/data1/nix/vendor/rust/cargo2nix/submodules/rust-build/compiler/zombie_driver2/target/debug/incremental -L dependency=/mnt/data1/nix/vendor/rust/cargo2nix/submodules/rust-build/compiler/zombie_driver2/target/debug/deps --extern bitflags=/mnt/data1/nix/vendor/rust/cargo2nix/submodules/rust-build/compiler/zombie_driver2/target/debug/deps/libbitflags-56146a5f1712337b.rmeta --extern either=/mnt/data1/nix/vendor/rust/cargo2nix/submodules/rust-build/compiler/zombie_driver2/target/debug/deps/libeither-80e22dfc3e1c5c46.rmeta --extern gsgdt=/mnt/data1/nix/vendor/rust/cargo2nix/submodules/rust-build/compiler/zombie_driver2/target/debug/deps/libgsgdt-63ec5d5c35bd6297.rmeta --extern polonius_engine=/mnt/data1/nix/vendor/rust/cargo2nix/submodules/rust-build/compiler/zombie_driver2/target/debug/deps/libpolonius_engine-23686739cdbb0d06.rmeta --extern rustc_abi=/mnt/data1/nix/vendor/rust/cargo2nix/submodules/rust-build/compiler/zombie_driver2/target/debug/deps/librustc_abi-adecc4c15d63dbde.rmeta --extern rustc_apfloat=/mnt/data1/nix/vendor/rust/cargo2nix/submodules/rust-build/compiler/zombie_driver2/target/debug/deps/librustc_apfloat-e645c5b6d05ce1df.rmeta --extern rustc_arena=/mnt/data1/nix/vendor/rust/cargo2nix/submodules/rust-build/compiler/zombie_driver2/target/debug/deps/librustc_arena-fbfbfc9e2ae2c81f.rmeta --extern rustc_ast=/mnt/data1/nix/vendor/rust/cargo2nix/submodules/rust-build/compiler/zombie_driver2/target/debug/deps/librustc_ast-892745d5973bca50.rmeta --extern rustc_ast_ir=/mnt/data1/nix/vendor/rust/cargo2nix/submodules/rust-build/compiler/zombie_driver2/target/debug/deps/librustc_ast_ir-ac51d7a200660cd6.rmeta --extern rustc_data_structures=/mnt/data1/nix/vendor/rust/cargo2nix/submodules/rust-build/compiler/zombie_driver2/target/debug/deps/librustc_data_structures-7a05c3f43ea74b8d.rmeta --extern rustc_error_messages=/mnt/data1/nix/vendor/rust/cargo2nix/submodules/rust-build/compiler/zombie_driver2/target/debug/deps/librustc_error_messages-945c54728d891d4f.rmeta --extern rustc_errors=/mnt/data1/nix/vendor/rust/cargo2nix/submodules/rust-build/compiler/zombie_driver2/target/debug/deps/librustc_errors-042ea83da72fde12.rmeta --extern rustc_feature=/mnt/data1/nix/vendor/rust/cargo2nix/submodules/rust-build/compiler/zombie_driver2/target/debug/deps/librustc_feature-8b7a1e168a753038.rmeta --extern rustc_fluent_macro=/mnt/data1/nix/vendor/rust/cargo2nix/submodules/rust-build/compiler/zombie_driver2/target/debug/deps/librustc_fluent_macro-d795261342a5a863.so --extern rustc_graphviz=/mnt/data1/nix/vendor/rust/cargo2nix/submodules/rust-build/compiler/zombie_driver2/target/debug/deps/librustc_graphviz-c7812eafe07feea7.rmeta --extern rustc_hashes=/mnt/data1/nix/vendor/rust/cargo2nix/submodules/rust-build/compiler/zombie_driver2/target/debug/deps/librustc_hashes-90e81dae7d173bd5.rmeta --extern rustc_hir=/mnt/data1/nix/vendor/rust/cargo2nix/submodules/rust-build/compiler/zombie_driver2/target/debug/deps/librustc_hir-60bf32f61521f542.rmeta --extern rustc_hir_pretty=/mnt/data1/nix/vendor/rust/cargo2nix/submodules/rust-build/compiler/zombie_driver2/target/debug/deps/librustc_hir_pretty-ca9b67830c6fa0cd.rmeta --extern rustc_index=/mnt/data1/nix/vendor/rust/cargo2nix/submodules/rust-build/compiler/zombie_driver2/target/debug/deps/librustc_index-3aa7163ed688dde0.rmeta --extern rustc_lint_defs=/mnt/data1/nix/vendor/rust/cargo2nix/submodules/rust-build/compiler/zombie_driver2/target/debug/deps/librustc_lint_defs-ad79f75a403531aa.rmeta --extern rustc_macros=/mnt/data1/nix/vendor/rust/cargo2nix/submodules/rust-build/compiler/zombie_driver2/target/debug/deps/librustc_macros-533b3ebf51685542.so --extern rustc_query_system=/mnt/data1/nix/vendor/rust/cargo2nix/submodules/rust-build/compiler/zombie_driver2/target/debug/deps/librustc_query_system-fdb82a57abdd9f77.rmeta --extern rustc_serialize=/mnt/data1/nix/vendor/rust/cargo2nix/submodules/rust-build/compiler/zombie_driver2/target/debug/deps/librustc_serialize-865b9514c43ea76f.rmeta --extern rustc_session=/mnt/data1/nix/vendor/rust/cargo2nix/submodules/rust-build/compiler/zombie_driver2/target/debug/deps/librustc_session-ad93ec0078fafc82.rmeta --extern rustc_span=/mnt/data1/nix/vendor/rust/cargo2nix/submodules/rust-build/compiler/zombie_driver2/target/debug/deps/librustc_span-cca3b45fe3825eda.rmeta --extern rustc_target=/mnt/data1/nix/vendor/rust/cargo2nix/submodules/rust-build/compiler/zombie_driver2/target/debug/deps/librustc_target-5de06d076d06ccca.rmeta --extern rustc_thread_pool=/mnt/data1/nix/vendor/rust/cargo2nix/submodules/rust-build/compiler/zombie_driver2/target/debug/deps/librustc_thread_pool-83aef153b3813075.rmeta --extern rustc_type_ir=/mnt/data1/nix/vendor/rust/cargo2nix/submodules/rust-build/compiler/zombie_driver2/target/debug/deps/librustc_type_ir-17d6b60feb33a7ad.rmeta --extern smallvec=/mnt/data1/nix/vendor/rust/cargo2nix/submodules/rust-build/compiler/zombie_driver2/target/debug/deps/libsmallvec-3970d95f1529de22.rmeta --extern thin_vec=/mnt/data1/nix/vendor/rust/cargo2nix/submodules/rust-build/compiler/zombie_driver2/target/debug/deps/libthin_vec-c5a2b73fca668a41.rmeta --extern tracing=/mnt/data1/nix/vendor/rust/cargo2nix/submodules/rust-build/compiler/zombie_driver2/target/debug/deps/libtracing-82b3a1ccd9aeceb8.rmeta -L native=/mnt/data1/nix/vendor/rust/cargo2nix/submodules/rust-build/compiler/zombie_driver2/target/debug/build/psm-51115e95e3afce55/out -L native=/mnt/data1/nix/vendor/rust/cargo2nix/submodules/rust-build/compiler/zombie_driver2/target/debug/build/blake3-b449a45f526127c8/out -L native=/mnt/data1/nix/vendor/rust/cargo2nix/submodules/rust-build/compiler/zombie_driver2/target/debug/build/blake3-b449a45f526127c8/out
20:36:03 SKIPPED: rustc --crate-name rustc_middle --edition=2024 /mnt/data1/nix/vendor/rust/cargo2nix/submodules/rust-build/compiler/rustc_middle/src/lib.rs --error-format=json --json=diagnostic-rendered-ansi,artifacts,future-incompat --crate-type lib --emit=dep-info,metadata,link -C embed-bitcode=no -C debuginfo=2 --check-cfg cfg(docsrs,test) --check-cfg cfg(feature, values("rustc_randomized_layouts")) -C metadata=9773084bec7b0583 -C extra-filename=-245c3150683558be --out-dir /mnt/data1/nix/vendor/rust/cargo2nix/submodules/rust-build/compiler/zombie_driver2/target/debug/deps -C incremental=/mnt/data1/nix/vendor/rust/cargo2nix/submodules/rust-build/compiler/zombie_driver2/target/debug/incremental -L dependency=/mnt/data1/nix/vendor/rust/cargo2nix/submodules/rust-build/compiler/zombie_driver2/target/debug/deps --extern bitflags=/mnt/data1/nix/vendor/rust/cargo2nix/submodules/rust-build/compiler/zombie_driver2/target/debug/deps/libbitflags-56146a5f1712337b.rmeta --extern either=/mnt/data1/nix/vendor/rust/cargo2nix/submodules/rust-build/compiler/zombie_driver2/target/debug/deps/libeither-80e22dfc3e1c5c46.rmeta --extern gsgdt=/mnt/data1/nix/vendor/rust/cargo2nix/submodules/rust-build/compiler/zombie_driver2/target/debug/deps/libgsgdt-63ec5d5c35bd6297.rmeta --extern polonius_engine=/mnt/data1/nix/vendor/rust/cargo2nix/submodules/rust-build/compiler/zombie_driver2/target/debug/deps/libpolonius_engine-23686739cdbb0d06.rmeta --extern rustc_abi=/mnt/data1/nix/vendor/rust/cargo2nix/submodules/rust-build/compiler/zombie_driver2/target/debug/deps/librustc_abi-adecc4c15d63dbde.rmeta --extern rustc_apfloat=/mnt/data1/nix/vendor/rust/cargo2nix/submodules/rust-build/compiler/zombie_driver2/target/debug/deps/librustc_apfloat-e645c5b6d05ce1df.rmeta --extern rustc_arena=/mnt/data1/nix/vendor/rust/cargo2nix/submodules/rust-build/compiler/zombie_driver2/target/debug/deps/librustc_arena-fbfbfc9e2ae2c81f.rmeta --extern rustc_ast=/mnt/data1/nix/vendor/rust/cargo2nix/submodules/rust-build/compiler/zombie_driver2/target/debug/deps/librustc_ast-892745d5973bca50.rmeta --extern rustc_ast_ir=/mnt/data1/nix/vendor/rust/cargo2nix/submodules/rust-build/compiler/zombie_driver2/target/debug/deps/librustc_ast_ir-ac51d7a200660cd6.rmeta --extern rustc_data_structures=/mnt/data1/nix/vendor/rust/cargo2nix/submodules/rust-build/compiler/zombie_driver2/target/debug/deps/librustc_data_structures-7a05c3f43ea74b8d.rmeta --extern rustc_error_messages=/mnt/data1/nix/vendor/rust/cargo2nix/submodules/rust-build/compiler/zombie_driver2/target/debug/deps/librustc_error_messages-945c54728d891d4f.rmeta --extern rustc_errors=/mnt/data1/nix/vendor/rust/cargo2nix/submodules/rust-build/compiler/zombie_driver2/target/debug/deps/librustc_errors-042ea83da72fde12.rmeta --extern rustc_feature=/mnt/data1/nix/vendor/rust/cargo2nix/submodules/rust-build/compiler/zombie_driver2/target/debug/deps/librustc_feature-8b7a1e168a753038.rmeta --extern rustc_fluent_macro=/mnt/data1/nix/vendor/rust/cargo2nix/submodules/rust-build/compiler/zombie_driver2/target/debug/deps/librustc_fluent_macro-d795261342a5a863.so --extern rustc_graphviz=/mnt/data1/nix/vendor/rust/cargo2nix/submodules/rust-build/compiler/zombie_driver2/target/debug/deps/librustc_graphviz-c7812eafe07feea7.rmeta --extern rustc_hashes=/mnt/data1/nix/vendor/rust/cargo2nix/submodules/rust-build/compiler/zombie_driver2/target/debug/deps/librustc_hashes-90e81dae7d173bd5.rmeta --extern rustc_hir=/mnt/data1/nix/vendor/rust/cargo2nix/submodules/rust-build/compiler/zombie_driver2/target/debug/deps/librustc_hir-60bf32f61521f542.rmeta --extern rustc_hir_pretty=/mnt/data1/nix/vendor/rust/cargo2nix/submodules/rust-build/compiler/zombie_driver2/target/debug/deps/librustc_hir_pretty-ca9b67830c6fa0cd.rmeta --extern rustc_index=/mnt/data1/nix/vendor/rust/cargo2nix/submodules/rust-build/compiler/zombie_driver2/target/debug/deps/librustc_index-3aa7163ed688dde0.rmeta --extern rustc_lint_defs=/mnt/data1/nix/vendor/rust/cargo2nix/submodules/rust-build/compiler/zombie_driver2/target/debug/deps/librustc_lint_defs-ad79f75a403531aa.rmeta --extern rustc_macros=/mnt/data1/nix/vendor/rust/cargo2nix/submodules/rust-build/compiler/zombie_driver2/target/debug/deps/librustc_macros-533b3ebf51685542.so --extern rustc_query_system=/mnt/data1/nix/vendor/rust/cargo2nix/submodules/rust-build/compiler/zombie_driver2/target/debug/deps/librustc_query_system-fdb82a57abdd9f77.rmeta --extern rustc_serialize=/mnt/data1/nix/vendor/rust/cargo2nix/submodules/rust-build/compiler/zombie_driver2/target/debug/deps/librustc_serialize-865b9514c43ea76f.rmeta --extern rustc_session=/mnt/data1/nix/vendor/rust/cargo2nix/submodules/rust-build/compiler/zombie_driver2/target/debug/deps/librustc_session-ad93ec0078fafc82.rmeta --extern rustc_span=/mnt/data1/nix/vendor/rust/cargo2nix/submodules/rust-build/compiler/zombie_driver2/target/debug/deps/librustc_span-cca3b45fe3825eda.rmeta --extern rustc_target=/mnt/data1/nix/vendor/rust/cargo2nix/submodules/rust-build/compiler/zombie_driver2/target/debug/deps/librustc_target-5de06d076d06ccca.rmeta --extern rustc_thread_pool=/mnt/data1/nix/vendor/rust/cargo2nix/submodules/rust-build/compiler/zombie_driver2/target/debug/deps/librustc_thread_pool-83aef153b3813075.rmeta --extern rustc_type_ir=/mnt/data1/nix/vendor/rust/cargo2nix/submodules/rust-build/compiler/zombie_driver2/target/debug/deps/librustc_type_ir-17d6b60feb33a7ad.rmeta --extern smallvec=/mnt/data1/nix/vendor/rust/cargo2nix/submodules/rust-build/compiler/zombie_driver2/target/debug/deps/libsmallvec-3970d95f1529de22.rmeta --extern thin_vec=/mnt/data1/nix/vendor/rust/cargo2nix/submodules/rust-build/compiler/zombie_driver2/target/debug/deps/libthin_vec-c5a2b73fca668a41.rmeta --extern tracing=/mnt/data1/nix/vendor/rust/cargo2nix/submodules/rust-build/compiler/zombie_driver2/target/debug/deps/libtracing-82b3a1ccd9aeceb8.rmeta -L native=/mnt/data1/nix/vendor/rust/cargo2nix/submodules/rust-build/compiler/zombie_driver2/target/debug/build/psm-51115e95e3afce55/out -L native=/mnt/data1/nix/vendor/rust/cargo2nix/submodules/rust-build/compiler/zombie_driver2/target/debug/build/blake3-b449a45f526127c8/out -L native=/mnt/data1/nix/vendor/rust/cargo2nix/submodules/rust-build/compiler/zombie_driver2/target/debug/build/blake3-b449a45f526127c8/out
20:36:30 SKIPPED: rustc --crate-name rustc_middle --edition=2024 /mnt/data1/nix/vendor/rust/cargo2nix/submodules/rust-build/compiler/rustc_middle/src/lib.rs --error-format=json --json=diagnostic-rendered-ansi,artifacts,future-incompat --crate-type lib --emit=dep-info,metadata,link -C embed-bitcode=no -C debuginfo=2 --check-cfg cfg(docsrs,test) --check-cfg cfg(feature, values("rustc_randomized_layouts")) -C metadata=9773084bec7b0583 -C extra-filename=-245c3150683558be --out-dir /mnt/data1/nix/vendor/rust/cargo2nix/submodules/rust-build/compiler/zombie_driver2/target/debug/deps -C incremental=/mnt/data1/nix/vendor/rust/cargo2nix/submodules/rust-build/compiler/zombie_driver2/target/debug/incremental -L dependency=/mnt/data1/nix/vendor/rust/cargo2nix/submodules/rust-build/compiler/zombie_driver2/target/debug/deps --extern bitflags=/mnt/data1/nix/vendor/rust/cargo2nix/submodules/rust-build/compiler/zombie_driver2/target/debug/deps/libbitflags-56146a5f1712337b.rmeta --extern either=/mnt/data1/nix/vendor/rust/cargo2nix/submodules/rust-build/compiler/zombie_driver2/target/debug/deps/libeither-80e22dfc3e1c5c46.rmeta --extern gsgdt=/mnt/data1/nix/vendor/rust/cargo2nix/submodules/rust-build/compiler/zombie_driver2/target/debug/deps/libgsgdt-63ec5d5c35bd6297.rmeta --extern polonius_engine=/mnt/data1/nix/vendor/rust/cargo2nix/submodules/rust-build/compiler/zombie_driver2/target/debug/deps/libpolonius_engine-23686739cdbb0d06.rmeta --extern rustc_abi=/mnt/data1/nix/vendor/rust/cargo2nix/submodules/rust-build/compiler/zombie_driver2/target/debug/deps/librustc_abi-adecc4c15d63dbde.rmeta --extern rustc_apfloat=/mnt/data1/nix/vendor/rust/cargo2nix/submodules/rust-build/compiler/zombie_driver2/target/debug/deps/librustc_apfloat-e645c5b6d05ce1df.rmeta --extern rustc_arena=/mnt/data1/nix/vendor/rust/cargo2nix/submodules/rust-build/compiler/zombie_driver2/target/debug/deps/librustc_arena-fbfbfc9e2ae2c81f.rmeta --extern rustc_ast=/mnt/data1/nix/vendor/rust/cargo2nix/submodules/rust-build/compiler/zombie_driver2/target/debug/deps/librustc_ast-892745d5973bca50.rmeta --extern rustc_ast_ir=/mnt/data1/nix/vendor/rust/cargo2nix/submodules/rust-build/compiler/zombie_driver2/target/debug/deps/librustc_ast_ir-ac51d7a200660cd6.rmeta --extern rustc_data_structures=/mnt/data1/nix/vendor/rust/cargo2nix/submodules/rust-build/compiler/zombie_driver2/target/debug/deps/librustc_data_structures-7a05c3f43ea74b8d.rmeta --extern rustc_error_messages=/mnt/data1/nix/vendor/rust/cargo2nix/submodules/rust-build/compiler/zombie_driver2/target/debug/deps/librustc_error_messages-945c54728d891d4f.rmeta --extern rustc_errors=/mnt/data1/nix/vendor/rust/cargo2nix/submodules/rust-build/compiler/zombie_driver2/target/debug/deps/librustc_errors-042ea83da72fde12.rmeta --extern rustc_feature=/mnt/data1/nix/vendor/rust/cargo2nix/submodules/rust-build/compiler/zombie_driver2/target/debug/deps/librustc_feature-8b7a1e168a753038.rmeta --extern rustc_fluent_macro=/mnt/data1/nix/vendor/rust/cargo2nix/submodules/rust-build/compiler/zombie_driver2/target/debug/deps/librustc_fluent_macro-d795261342a5a863.so --extern rustc_graphviz=/mnt/data1/nix/vendor/rust/cargo2nix/submodules/rust-build/compiler/zombie_driver2/target/debug/deps/librustc_graphviz-c7812eafe07feea7.rmeta --extern rustc_hashes=/mnt/data1/nix/vendor/rust/cargo2nix/submodules/rust-build/compiler/zombie_driver2/target/debug/deps/librustc_hashes-90e81dae7d173bd5.rmeta --extern rustc_hir=/mnt/data1/nix/vendor/rust/cargo2nix/submodules/rust-build/compiler/zombie_driver2/target/debug/deps/librustc_hir-60bf32f61521f542.rmeta --extern rustc_hir_pretty=/mnt/data1/nix/vendor/rust/cargo2nix/submodules/rust-build/compiler/zombie_driver2/target/debug/deps/librustc_hir_pretty-ca9b67830c6fa0cd.rmeta --extern rustc_index=/mnt/data1/nix/vendor/rust/cargo2nix/submodules/rust-build/compiler/zombie_driver2/target/debug/deps/librustc_index-3aa7163ed688dde0.rmeta --extern rustc_lint_defs=/mnt/data1/nix/vendor/rust/cargo2nix/submodules/rust-build/compiler/zombie_driver2/target/debug/deps/librustc_lint_defs-ad79f75a403531aa.rmeta --extern rustc_macros=/mnt/data1/nix/vendor/rust/cargo2nix/submodules/rust-build/compiler/zombie_driver2/target/debug/deps/librustc_macros-533b3ebf51685542.so --extern rustc_query_system=/mnt/data1/nix/vendor/rust/cargo2nix/submodules/rust-build/compiler/zombie_driver2/target/debug/deps/librustc_query_system-fdb82a57abdd9f77.rmeta --extern rustc_serialize=/mnt/data1/nix/vendor/rust/cargo2nix/submodules/rust-build/compiler/zombie_driver2/target/debug/deps/librustc_serialize-865b9514c43ea76f.rmeta --extern rustc_session=/mnt/data1/nix/vendor/rust/cargo2nix/submodules/rust-build/compiler/zombie_driver2/target/debug/deps/librustc_session-ad93ec0078fafc82.rmeta --extern rustc_span=/mnt/data1/nix/vendor/rust/cargo2nix/submodules/rust-build/compiler/zombie_driver2/target/debug/deps/librustc_span-cca3b45fe3825eda.rmeta --extern rustc_target=/mnt/data1/nix/vendor/rust/cargo2nix/submodules/rust-build/compiler/zombie_driver2/target/debug/deps/librustc_target-5de06d076d06ccca.rmeta --extern rustc_thread_pool=/mnt/data1/nix/vendor/rust/cargo2nix/submodules/rust-build/compiler/zombie_driver2/target/debug/deps/librustc_thread_pool-83aef153b3813075.rmeta --extern rustc_type_ir=/mnt/data1/nix/vendor/rust/cargo2nix/submodules/rust-build/compiler/zombie_driver2/target/debug/deps/librustc_type_ir-17d6b60feb33a7ad.rmeta --extern smallvec=/mnt/data1/nix/vendor/rust/cargo2nix/submodules/rust-build/compiler/zombie_driver2/target/debug/deps/libsmallvec-3970d95f1529de22.rmeta --extern thin_vec=/mnt/data1/nix/vendor/rust/cargo2nix/submodules/rust-build/compiler/zombie_driver2/target/debug/deps/libthin_vec-c5a2b73fca668a41.rmeta --extern tracing=/mnt/data1/nix/vendor/rust/cargo2nix/submodules/rust-build/compiler/zombie_driver2/target/debug/deps/libtracing-82b3a1ccd9aeceb8.rmeta -L native=/mnt/data1/nix/vendor/rust/cargo2nix/submodules/rust-build/compiler/zombie_driver2/target/debug/build/psm-51115e95e3afce55/out -L native=/mnt/data1/nix/vendor/rust/cargo2nix/submodules/rust-build/compiler/zombie_driver2/target/debug/build/blake3-b449a45f526127c8/out -L native=/mnt/data1/nix/vendor/rust/cargo2nix/submodules/rust-build/compiler/zombie_driver2/target/debug/build/blake3-b449a45f526127c8/out
