1981512 openat(AT_FDCWD, "/nix/store/xx7cm72qy2c0643cm1ipngd87aqwkcdp-glibc-2.40-66/lib/glibc-hwcaps/x86-64-v3/libdl.so.2", O_RDONLY|O_CLOEXEC) = -1 ENOENT (No such file or directory)
1981512 openat(AT_FDCWD, "/nix/store/xx7cm72qy2c0643cm1ipngd87aqwkcdp-glibc-2.40-66/lib/glibc-hwcaps/x86-64-v2/libdl.so.2", O_RDONLY|O_CLOEXEC) = -1 ENOENT (No such file or directory)
1981512 openat(AT_FDCWD, "/nix/store/xx7cm72qy2c0643cm1ipngd87aqwkcdp-glibc-2.40-66/lib/libdl.so.2", O_RDONLY|O_CLOEXEC) = 3
1981512 openat(AT_FDCWD, "/nix/store/xx7cm72qy2c0643cm1ipngd87aqwkcdp-glibc-2.40-66/lib/libc.so.6", O_RDONLY|O_CLOEXEC) = 3
1981512 openat(AT_FDCWD, "/dev/tty", O_RDWR|O_NONBLOCK) = 3
1981512 openat(AT_FDCWD, "/run/current-system/sw/lib/locale/locale-archive", O_RDONLY|O_CLOEXEC) = -1 ENOENT (No such file or directory)
1981512 openat(AT_FDCWD, "/usr/lib/locale/locale-archive", O_RDONLY|O_CLOEXEC) = 3
1981512 openat(AT_FDCWD, "/nix/store/xx7cm72qy2c0643cm1ipngd87aqwkcdp-glibc-2.40-66/lib/gconv/gconv-modules.cache", O_RDONLY|O_CLOEXEC) = -1 ENOENT (No such file or directory)
1981512 openat(AT_FDCWD, "/nix/store/xx7cm72qy2c0643cm1ipngd87aqwkcdp-glibc-2.40-66/lib/gconv/gconv-modules", O_RDONLY|O_CLOEXEC) = 3
1981512 openat(AT_FDCWD, "/nix/store/xx7cm72qy2c0643cm1ipngd87aqwkcdp-glibc-2.40-66/lib/gconv/gconv-modules.d", O_RDONLY|O_NONBLOCK|O_CLOEXEC|O_DIRECTORY) = 3
1981512 openat(AT_FDCWD, "/nix/store/xx7cm72qy2c0643cm1ipngd87aqwkcdp-glibc-2.40-66/lib/gconv/gconv-modules.d/gconv-modules-extra.conf", O_RDONLY|O_CLOEXEC) = 4
1981512 openat(AT_FDCWD, "/nix/store/xx7cm72qy2c0643cm1ipngd87aqwkcdp-glibc-2.40-66/share/locale/locale.alias", O_RDONLY|O_CLOEXEC) = 3
1981512 openat(AT_FDCWD, "/nix/store/rlq03x4cwf8zn73hxaxnx0zn5q9kifls-bash-5.3p3/share/locale/en_US.UTF-8/LC_MESSAGES/bash.mo", O_RDONLY) = -1 ENOENT (No such file or directory)
1981512 openat(AT_FDCWD, "/nix/store/rlq03x4cwf8zn73hxaxnx0zn5q9kifls-bash-5.3p3/share/locale/en_US.utf8/LC_MESSAGES/bash.mo", O_RDONLY) = -1 ENOENT (No such file or directory)
1981512 openat(AT_FDCWD, "/nix/store/rlq03x4cwf8zn73hxaxnx0zn5q9kifls-bash-5.3p3/share/locale/en_US/LC_MESSAGES/bash.mo", O_RDONLY) = -1 ENOENT (No such file or directory)
1981512 openat(AT_FDCWD, "/nix/store/rlq03x4cwf8zn73hxaxnx0zn5q9kifls-bash-5.3p3/share/locale/en.UTF-8/LC_MESSAGES/bash.mo", O_RDONLY) = -1 ENOENT (No such file or directory)
1981512 openat(AT_FDCWD, "/nix/store/rlq03x4cwf8zn73hxaxnx0zn5q9kifls-bash-5.3p3/share/locale/en.utf8/LC_MESSAGES/bash.mo", O_RDONLY) = -1 ENOENT (No such file or directory)
1981512 openat(AT_FDCWD, "/nix/store/rlq03x4cwf8zn73hxaxnx0zn5q9kifls-bash-5.3p3/share/locale/en/LC_MESSAGES/bash.mo", O_RDONLY) = -1 ENOENT (No such file or directory)
1981512 openat(AT_FDCWD, "/nix/store/4sj19dch0zhnhhdsbrz9pxz55bc2xhb9-rustc-wrapper-1.91.1/bin/rustc", O_RDONLY) = 3
1981512 openat(AT_FDCWD, "/nix/store/i6xakg19vy8vc2g211yr9d5nmb0wk7v0-rustc-1.91.1/bin/../lib/glibc-hwcaps/x86-64-v3/librustc_driver-379b3e9d757fb052.so", O_RDONLY|O_CLOEXEC) = -1 ENOENT (No such file or directory)
1981512 openat(AT_FDCWD, "/nix/store/i6xakg19vy8vc2g211yr9d5nmb0wk7v0-rustc-1.91.1/bin/../lib/glibc-hwcaps/x86-64-v2/librustc_driver-379b3e9d757fb052.so", O_RDONLY|O_CLOEXEC) = -1 ENOENT (No such file or directory)
1981512 openat(AT_FDCWD, "/nix/store/i6xakg19vy8vc2g211yr9d5nmb0wk7v0-rustc-1.91.1/bin/../lib/librustc_driver-379b3e9d757fb052.so", O_RDONLY|O_CLOEXEC) = 3
1981512 openat(AT_FDCWD, "/nix/store/i6xakg19vy8vc2g211yr9d5nmb0wk7v0-rustc-1.91.1/bin/../lib/libc.so.6", O_RDONLY|O_CLOEXEC) = -1 ENOENT (No such file or directory)
1981512 openat(AT_FDCWD, "/nix/store/i6xakg19vy8vc2g211yr9d5nmb0wk7v0-rustc-1.91.1/lib/glibc-hwcaps/x86-64-v3/libc.so.6", O_RDONLY|O_CLOEXEC) = -1 ENOENT (No such file or directory)
1981512 openat(AT_FDCWD, "/nix/store/i6xakg19vy8vc2g211yr9d5nmb0wk7v0-rustc-1.91.1/lib/glibc-hwcaps/x86-64-v2/libc.so.6", O_RDONLY|O_CLOEXEC) = -1 ENOENT (No such file or directory)
1981512 openat(AT_FDCWD, "/nix/store/i6xakg19vy8vc2g211yr9d5nmb0wk7v0-rustc-1.91.1/lib/libc.so.6", O_RDONLY|O_CLOEXEC) = -1 ENOENT (No such file or directory)
1981512 openat(AT_FDCWD, "/nix/store/xx7cm72qy2c0643cm1ipngd87aqwkcdp-glibc-2.40-66/lib/glibc-hwcaps/x86-64-v3/libc.so.6", O_RDONLY|O_CLOEXEC) = -1 ENOENT (No such file or directory)
1981512 openat(AT_FDCWD, "/nix/store/xx7cm72qy2c0643cm1ipngd87aqwkcdp-glibc-2.40-66/lib/glibc-hwcaps/x86-64-v2/libc.so.6", O_RDONLY|O_CLOEXEC) = -1 ENOENT (No such file or directory)
1981512 openat(AT_FDCWD, "/nix/store/xx7cm72qy2c0643cm1ipngd87aqwkcdp-glibc-2.40-66/lib/libc.so.6", O_RDONLY|O_CLOEXEC) = 3
1981512 openat(AT_FDCWD, "/nix/store/i6xakg19vy8vc2g211yr9d5nmb0wk7v0-rustc-1.91.1/bin/../lib/../lib/glibc-hwcaps/x86-64-v3/libLLVM.so.21.1", O_RDONLY|O_CLOEXEC) = -1 ENOENT (No such file or directory)
1981512 openat(AT_FDCWD, "/nix/store/i6xakg19vy8vc2g211yr9d5nmb0wk7v0-rustc-1.91.1/bin/../lib/../lib/glibc-hwcaps/x86-64-v2/libLLVM.so.21.1", O_RDONLY|O_CLOEXEC) = -1 ENOENT (No such file or directory)
1981512 openat(AT_FDCWD, "/nix/store/i6xakg19vy8vc2g211yr9d5nmb0wk7v0-rustc-1.91.1/bin/../lib/../lib/libLLVM.so.21.1", O_RDONLY|O_CLOEXEC) = -1 ENOENT (No such file or directory)
1981512 openat(AT_FDCWD, "/nix/store/swch85kls1srlrji1i0g28wpa4y607hk-llvm-21.1.2-lib/lib/glibc-hwcaps/x86-64-v3/libLLVM.so.21.1", O_RDONLY|O_CLOEXEC) = -1 ENOENT (No such file or directory)
1981512 openat(AT_FDCWD, "/nix/store/swch85kls1srlrji1i0g28wpa4y607hk-llvm-21.1.2-lib/lib/glibc-hwcaps/x86-64-v2/libLLVM.so.21.1", O_RDONLY|O_CLOEXEC) = -1 ENOENT (No such file or directory)
1981512 openat(AT_FDCWD, "/nix/store/swch85kls1srlrji1i0g28wpa4y607hk-llvm-21.1.2-lib/lib/libLLVM.so.21.1", O_RDONLY|O_CLOEXEC) = 3
1981512 openat(AT_FDCWD, "/nix/store/i6xakg19vy8vc2g211yr9d5nmb0wk7v0-rustc-1.91.1/bin/../lib/../lib/libstdc++.so.6", O_RDONLY|O_CLOEXEC) = -1 ENOENT (No such file or directory)
1981512 openat(AT_FDCWD, "/nix/store/swch85kls1srlrji1i0g28wpa4y607hk-llvm-21.1.2-lib/lib/libstdc++.so.6", O_RDONLY|O_CLOEXEC) = -1 ENOENT (No such file or directory)
1981512 openat(AT_FDCWD, "/nix/store/xx7cm72qy2c0643cm1ipngd87aqwkcdp-glibc-2.40-66/lib/libstdc++.so.6", O_RDONLY|O_CLOEXEC) = -1 ENOENT (No such file or directory)
1981512 openat(AT_FDCWD, "/nix/store/xm08aqdd7pxcdhm0ak6aqb1v7hw5q6ri-gcc-14.3.0-lib/lib/glibc-hwcaps/x86-64-v3/libstdc++.so.6", O_RDONLY|O_CLOEXEC) = -1 ENOENT (No such file or directory)
1981512 openat(AT_FDCWD, "/nix/store/xm08aqdd7pxcdhm0ak6aqb1v7hw5q6ri-gcc-14.3.0-lib/lib/glibc-hwcaps/x86-64-v2/libstdc++.so.6", O_RDONLY|O_CLOEXEC) = -1 ENOENT (No such file or directory)
1981512 openat(AT_FDCWD, "/nix/store/xm08aqdd7pxcdhm0ak6aqb1v7hw5q6ri-gcc-14.3.0-lib/lib/libstdc++.so.6", O_RDONLY|O_CLOEXEC) = 3
1981512 openat(AT_FDCWD, "/nix/store/i6xakg19vy8vc2g211yr9d5nmb0wk7v0-rustc-1.91.1/bin/../lib/../lib/libgcc_s.so.1", O_RDONLY|O_CLOEXEC) = -1 ENOENT (No such file or directory)
1981512 openat(AT_FDCWD, "/nix/store/swch85kls1srlrji1i0g28wpa4y607hk-llvm-21.1.2-lib/lib/libgcc_s.so.1", O_RDONLY|O_CLOEXEC) = -1 ENOENT (No such file or directory)
1981512 openat(AT_FDCWD, "/nix/store/xx7cm72qy2c0643cm1ipngd87aqwkcdp-glibc-2.40-66/lib/libgcc_s.so.1", O_RDONLY|O_CLOEXEC) = -1 ENOENT (No such file or directory)
1981512 openat(AT_FDCWD, "/nix/store/xm08aqdd7pxcdhm0ak6aqb1v7hw5q6ri-gcc-14.3.0-lib/lib/libgcc_s.so.1", O_RDONLY|O_CLOEXEC) = 3
1981512 openat(AT_FDCWD, "/nix/store/i6xakg19vy8vc2g211yr9d5nmb0wk7v0-rustc-1.91.1/bin/../lib/../lib/libm.so.6", O_RDONLY|O_CLOEXEC) = -1 ENOENT (No such file or directory)
1981512 openat(AT_FDCWD, "/nix/store/swch85kls1srlrji1i0g28wpa4y607hk-llvm-21.1.2-lib/lib/libm.so.6", O_RDONLY|O_CLOEXEC) = -1 ENOENT (No such file or directory)
1981512 openat(AT_FDCWD, "/nix/store/xx7cm72qy2c0643cm1ipngd87aqwkcdp-glibc-2.40-66/lib/libm.so.6", O_RDONLY|O_CLOEXEC) = 3
1981512 openat(AT_FDCWD, "/nix/store/jcr97i4l3gqxyy6x3rb5yjwwxhi4454l-libxml2-2.15.1/lib/glibc-hwcaps/x86-64-v3/libffi.so.8", O_RDONLY|O_CLOEXEC) = -1 ENOENT (No such file or directory)
1981512 openat(AT_FDCWD, "/nix/store/jcr97i4l3gqxyy6x3rb5yjwwxhi4454l-libxml2-2.15.1/lib/glibc-hwcaps/x86-64-v2/libffi.so.8", O_RDONLY|O_CLOEXEC) = -1 ENOENT (No such file or directory)
1981512 openat(AT_FDCWD, "/nix/store/jcr97i4l3gqxyy6x3rb5yjwwxhi4454l-libxml2-2.15.1/lib/libffi.so.8", O_RDONLY|O_CLOEXEC) = -1 ENOENT (No such file or directory)
1981512 openat(AT_FDCWD, "/nix/store/b9p0zpa93hwvh4d0r1rmgc2500yx2ldn-libffi-3.5.2/lib/glibc-hwcaps/x86-64-v3/libffi.so.8", O_RDONLY|O_CLOEXEC) = -1 ENOENT (No such file or directory)
1981512 openat(AT_FDCWD, "/nix/store/b9p0zpa93hwvh4d0r1rmgc2500yx2ldn-libffi-3.5.2/lib/glibc-hwcaps/x86-64-v2/libffi.so.8", O_RDONLY|O_CLOEXEC) = -1 ENOENT (No such file or directory)
1981512 openat(AT_FDCWD, "/nix/store/b9p0zpa93hwvh4d0r1rmgc2500yx2ldn-libffi-3.5.2/lib/libffi.so.8", O_RDONLY|O_CLOEXEC) = 3
1981512 openat(AT_FDCWD, "/nix/store/jcr97i4l3gqxyy6x3rb5yjwwxhi4454l-libxml2-2.15.1/lib/librt.so.1", O_RDONLY|O_CLOEXEC) = -1 ENOENT (No such file or directory)
1981512 openat(AT_FDCWD, "/nix/store/b9p0zpa93hwvh4d0r1rmgc2500yx2ldn-libffi-3.5.2/lib/librt.so.1", O_RDONLY|O_CLOEXEC) = -1 ENOENT (No such file or directory)
1981512 openat(AT_FDCWD, "/nix/store/l7xwm1f6f3zj2x8jwdbi8gdyfbx07sh7-zlib-1.3.1/lib/glibc-hwcaps/x86-64-v3/librt.so.1", O_RDONLY|O_CLOEXEC) = -1 ENOENT (No such file or directory)
1981512 openat(AT_FDCWD, "/nix/store/l7xwm1f6f3zj2x8jwdbi8gdyfbx07sh7-zlib-1.3.1/lib/glibc-hwcaps/x86-64-v2/librt.so.1", O_RDONLY|O_CLOEXEC) = -1 ENOENT (No such file or directory)
1981512 openat(AT_FDCWD, "/nix/store/l7xwm1f6f3zj2x8jwdbi8gdyfbx07sh7-zlib-1.3.1/lib/librt.so.1", O_RDONLY|O_CLOEXEC) = -1 ENOENT (No such file or directory)
1981512 openat(AT_FDCWD, "/nix/store/xx7cm72qy2c0643cm1ipngd87aqwkcdp-glibc-2.40-66/lib/librt.so.1", O_RDONLY|O_CLOEXEC) = 3
1981512 openat(AT_FDCWD, "/nix/store/jcr97i4l3gqxyy6x3rb5yjwwxhi4454l-libxml2-2.15.1/lib/libdl.so.2", O_RDONLY|O_CLOEXEC) = -1 ENOENT (No such file or directory)
1981512 openat(AT_FDCWD, "/nix/store/b9p0zpa93hwvh4d0r1rmgc2500yx2ldn-libffi-3.5.2/lib/libdl.so.2", O_RDONLY|O_CLOEXEC) = -1 ENOENT (No such file or directory)
1981512 openat(AT_FDCWD, "/nix/store/l7xwm1f6f3zj2x8jwdbi8gdyfbx07sh7-zlib-1.3.1/lib/libdl.so.2", O_RDONLY|O_CLOEXEC) = -1 ENOENT (No such file or directory)
1981512 openat(AT_FDCWD, "/nix/store/xx7cm72qy2c0643cm1ipngd87aqwkcdp-glibc-2.40-66/lib/libdl.so.2", O_RDONLY|O_CLOEXEC) = 3
1981512 openat(AT_FDCWD, "/nix/store/jcr97i4l3gqxyy6x3rb5yjwwxhi4454l-libxml2-2.15.1/lib/libz.so.1", O_RDONLY|O_CLOEXEC) = -1 ENOENT (No such file or directory)
1981512 openat(AT_FDCWD, "/nix/store/b9p0zpa93hwvh4d0r1rmgc2500yx2ldn-libffi-3.5.2/lib/libz.so.1", O_RDONLY|O_CLOEXEC) = -1 ENOENT (No such file or directory)
1981512 openat(AT_FDCWD, "/nix/store/l7xwm1f6f3zj2x8jwdbi8gdyfbx07sh7-zlib-1.3.1/lib/libz.so.1", O_RDONLY|O_CLOEXEC) = 3
1981512 openat(AT_FDCWD, "/nix/store/jcr97i4l3gqxyy6x3rb5yjwwxhi4454l-libxml2-2.15.1/lib/libxml2.so.16", O_RDONLY|O_CLOEXEC) = 3
1981512 openat(AT_FDCWD, "/proc/self/maps", O_RDONLY|O_CLOEXEC) = 3
1981512 openat(AT_FDCWD, "/proc/self/statm", O_RDONLY|O_CLOEXEC) = 3
1981514 openat(AT_FDCWD, "/nix/store/i6xakg19vy8vc2g211yr9d5nmb0wk7v0-rustc-1.91.1/lib/rustlib/x86_64-unknown-linux-gnu/lib", O_RDONLY|O_NONBLOCK|O_CLOEXEC|O_DIRECTORY) = 9
1981514 openat(AT_FDCWD, "hello_zombie.rs", O_RDONLY|O_CLOEXEC) = 9
1981514 openat(AT_FDCWD, "/nix/store/i6xakg19vy8vc2g211yr9d5nmb0wk7v0-rustc-1.91.1/lib/rustlib/x86_64-unknown-linux-gnu/lib/libstd-55e31a9915372a07.rlib", O_RDONLY|O_CLOEXEC) = 9
1981514 openat(AT_FDCWD, "/nix/store/i6xakg19vy8vc2g211yr9d5nmb0wk7v0-rustc-1.91.1/lib/rustlib/x86_64-unknown-linux-gnu/lib/libstd-55e31a9915372a07.so", O_RDONLY|O_CLOEXEC) = 9
1981514 openat(AT_FDCWD, "/nix/store/i6xakg19vy8vc2g211yr9d5nmb0wk7v0-rustc-1.91.1/lib/rustlib/x86_64-unknown-linux-gnu/lib/libstd_detect-dbc8b03876b537aa.rlib", O_RDONLY|O_CLOEXEC) = 9
1981514 openat(AT_FDCWD, "/nix/store/i6xakg19vy8vc2g211yr9d5nmb0wk7v0-rustc-1.91.1/lib/rustlib/x86_64-unknown-linux-gnu/lib/libcore-a69d23c13c4a8aff.rlib", O_RDONLY|O_CLOEXEC) = 9
1981514 openat(AT_FDCWD, "/nix/store/i6xakg19vy8vc2g211yr9d5nmb0wk7v0-rustc-1.91.1/lib/rustlib/x86_64-unknown-linux-gnu/lib/liballoc-3112c1f643a98baf.rlib", O_RDONLY|O_CLOEXEC) = 9
1981514 openat(AT_FDCWD, "/nix/store/i6xakg19vy8vc2g211yr9d5nmb0wk7v0-rustc-1.91.1/lib/rustlib/x86_64-unknown-linux-gnu/lib/libcompiler_builtins-7ef514e0dd5b565d.rlib", O_RDONLY|O_CLOEXEC) = 9
1981514 openat(AT_FDCWD, "/nix/store/i6xakg19vy8vc2g211yr9d5nmb0wk7v0-rustc-1.91.1/lib/rustlib/x86_64-unknown-linux-gnu/lib/liblibc-73989fe268fc13fc.rlib", O_RDONLY|O_CLOEXEC) = 9
1981514 openat(AT_FDCWD, "/nix/store/i6xakg19vy8vc2g211yr9d5nmb0wk7v0-rustc-1.91.1/lib/rustlib/x86_64-unknown-linux-gnu/lib/librustc_std_workspace_core-fb2e2b91a2ead91f.rlib", O_RDONLY|O_CLOEXEC) = 9
1981514 openat(AT_FDCWD, "/nix/store/i6xakg19vy8vc2g211yr9d5nmb0wk7v0-rustc-1.91.1/lib/rustlib/x86_64-unknown-linux-gnu/lib/libunwind-f91d8425496260d5.rlib", O_RDONLY|O_CLOEXEC) = 9
1981514 openat(AT_FDCWD, "/nix/store/i6xakg19vy8vc2g211yr9d5nmb0wk7v0-rustc-1.91.1/lib/rustlib/x86_64-unknown-linux-gnu/lib/libminiz_oxide-ff35e344ac64ac1d.rlib", O_RDONLY|O_CLOEXEC) = 9
1981514 openat(AT_FDCWD, "/nix/store/i6xakg19vy8vc2g211yr9d5nmb0wk7v0-rustc-1.91.1/lib/rustlib/x86_64-unknown-linux-gnu/lib/libadler2-3513c75f7d941957.rlib", O_RDONLY|O_CLOEXEC) = 9
1981514 openat(AT_FDCWD, "/nix/store/i6xakg19vy8vc2g211yr9d5nmb0wk7v0-rustc-1.91.1/lib/rustlib/x86_64-unknown-linux-gnu/lib/libhashbrown-423dbd81b02c61f9.rlib", O_RDONLY|O_CLOEXEC) = 9
1981514 openat(AT_FDCWD, "/nix/store/i6xakg19vy8vc2g211yr9d5nmb0wk7v0-rustc-1.91.1/lib/rustlib/x86_64-unknown-linux-gnu/lib/librustc_std_workspace_alloc-c792fc3618383e56.rlib", O_RDONLY|O_CLOEXEC) = 9
1981514 openat(AT_FDCWD, "/nix/store/i6xakg19vy8vc2g211yr9d5nmb0wk7v0-rustc-1.91.1/lib/rustlib/x86_64-unknown-linux-gnu/lib/libstd_detect-dbc8b03876b537aa.rlib", O_RDONLY|O_CLOEXEC) = 9
1981514 openat(AT_FDCWD, "/nix/store/i6xakg19vy8vc2g211yr9d5nmb0wk7v0-rustc-1.91.1/lib/rustlib/x86_64-unknown-linux-gnu/lib/librustc_demangle-eb3e83d554e6689e.rlib", O_RDONLY|O_CLOEXEC) = 9
1981514 openat(AT_FDCWD, "/nix/store/i6xakg19vy8vc2g211yr9d5nmb0wk7v0-rustc-1.91.1/lib/rustlib/x86_64-unknown-linux-gnu/lib/libcfg_if-a16d30497a8cd1ef.rlib", O_RDONLY|O_CLOEXEC) = 9
1981514 openat(AT_FDCWD, "/nix/store/i6xakg19vy8vc2g211yr9d5nmb0wk7v0-rustc-1.91.1/lib/rustlib/x86_64-unknown-linux-gnu/lib/libaddr2line-19cae89fc955a826.rlib", O_RDONLY|O_CLOEXEC) = 9
1981514 openat(AT_FDCWD, "/nix/store/i6xakg19vy8vc2g211yr9d5nmb0wk7v0-rustc-1.91.1/lib/rustlib/x86_64-unknown-linux-gnu/lib/libgimli-16b0a9250ac2bc02.rlib", O_RDONLY|O_CLOEXEC) = 9
1981514 openat(AT_FDCWD, "/nix/store/i6xakg19vy8vc2g211yr9d5nmb0wk7v0-rustc-1.91.1/lib/rustlib/x86_64-unknown-linux-gnu/lib/libobject-8fd8e38d60cd41b4.rlib", O_RDONLY|O_CLOEXEC) = 9
1981514 openat(AT_FDCWD, "/nix/store/i6xakg19vy8vc2g211yr9d5nmb0wk7v0-rustc-1.91.1/lib/rustlib/x86_64-unknown-linux-gnu/lib/libmemchr-3953df57643f66a8.rlib", O_RDONLY|O_CLOEXEC) = 9
1981514 openat(AT_FDCWD, "/nix/store/i6xakg19vy8vc2g211yr9d5nmb0wk7v0-rustc-1.91.1/lib/rustlib/x86_64-unknown-linux-gnu/lib/libpanic_unwind-435174cab4b6440d.rlib", O_RDONLY|O_CLOEXEC) = 9
1981514 openat(AT_FDCWD, "/mnt/data1/nix/vendor/rust/cargo2nix/submodules/rust/compiler/zombie_driver/rmeta3NhV1v/full.rmeta", O_WRONLY|O_CREAT|O_TRUNC|O_CLOEXEC, 0666) = 9
1981514 openat(AT_FDCWD, "/mnt/data1/nix/vendor/rust/cargo2nix/submodules/rust/compiler/zombie_driver/rmeta3NhV1v/full.rmeta", O_RDONLY|O_CLOEXEC) = 9
1981514 openat(AT_FDCWD, "/mnt/data1/nix/vendor/rust/cargo2nix/submodules/rust/compiler/zombie_driver/rmeta3NhV1v", O_RDONLY|O_NOFOLLOW|O_CLOEXEC|O_DIRECTORY) = 9
1981517 openat(AT_FDCWD, "hello_zombie_host.7mrj1gdu3or1h6hrkimaja9j0.rcgu.o", O_WRONLY|O_CREAT|O_TRUNC|O_CLOEXEC, 0666) = 9
1981518 openat(AT_FDCWD, "hello_zombie_host.hello_zombie.3c32b3e119ba2f7-cgu.0.rcgu.o", O_WRONLY|O_CREAT|O_TRUNC|O_CLOEXEC, 0666) = 9
1981516 --- SIGUSR1 {si_signo=SIGUSR1, si_code=SI_TKILL, si_pid=1981512, si_uid=1000} ---
1981518 +++ exited with 0 +++
1981516 +++ exited with 0 +++
1981517 +++ exited with 0 +++
1981514 openat(AT_FDCWD, "/tmp/nix-shell.kXbcdK/nix-shell.rpTZRq/nix-shell.tQ7Akt/rustchZsiwT/symbols.o", O_WRONLY|O_CREAT|O_TRUNC|O_CLOEXEC, 0666) = 9
1981519 openat(AT_FDCWD, "/nix/store/xx7cm72qy2c0643cm1ipngd87aqwkcdp-glibc-2.40-66/lib/glibc-hwcaps/x86-64-v3/libdl.so.2", O_RDONLY|O_CLOEXEC) = -1 ENOENT (No such file or directory)
1981519 openat(AT_FDCWD, "/nix/store/xx7cm72qy2c0643cm1ipngd87aqwkcdp-glibc-2.40-66/lib/glibc-hwcaps/x86-64-v2/libdl.so.2", O_RDONLY|O_CLOEXEC) = -1 ENOENT (No such file or directory)
1981519 openat(AT_FDCWD, "/nix/store/xx7cm72qy2c0643cm1ipngd87aqwkcdp-glibc-2.40-66/lib/libdl.so.2", O_RDONLY|O_CLOEXEC) = 3
1981519 openat(AT_FDCWD, "/nix/store/xx7cm72qy2c0643cm1ipngd87aqwkcdp-glibc-2.40-66/lib/libc.so.6", O_RDONLY|O_CLOEXEC) = 3
1981519 openat(AT_FDCWD, "/dev/tty", O_RDWR|O_NONBLOCK) = 3
1981519 openat(AT_FDCWD, "/nix/store/vr15iyyykg9zai6fpgvhcgyw7gckl78w-gcc-wrapper-14.3.0/bin/cc", O_RDONLY) = 3
1981519 openat(AT_FDCWD, "/nix/store/vr15iyyykg9zai6fpgvhcgyw7gckl78w-gcc-wrapper-14.3.0/nix-support/utils.bash", O_RDONLY) = 3
1981519 openat(AT_FDCWD, "/nix/store/vr15iyyykg9zai6fpgvhcgyw7gckl78w-gcc-wrapper-14.3.0/nix-support/darwin-sdk-setup.bash", O_RDONLY) = 3
1981519 openat(AT_FDCWD, "/nix/store/xwydcyvlsa3cvssk0y5llgdhlhjvmqdm-binutils-wrapper-2.44/nix-support/add-flags.sh", O_RDONLY) = 3
1981519 openat(AT_FDCWD, "/nix/store/xwydcyvlsa3cvssk0y5llgdhlhjvmqdm-binutils-wrapper-2.44/nix-support/libc-ldflags", O_RDONLY) = 3
1981519 openat(AT_FDCWD, "/nix/store/xwydcyvlsa3cvssk0y5llgdhlhjvmqdm-binutils-wrapper-2.44/nix-support/dynamic-linker", O_RDONLY) = 3
1981519 openat(AT_FDCWD, "/nix/store/vr15iyyykg9zai6fpgvhcgyw7gckl78w-gcc-wrapper-14.3.0/nix-support/add-flags.sh", O_RDONLY) = 3
1981519 openat(AT_FDCWD, "/nix/store/vr15iyyykg9zai6fpgvhcgyw7gckl78w-gcc-wrapper-14.3.0/nix-support/cc-cflags", O_RDONLY) = 3
1981519 openat(AT_FDCWD, "/nix/store/vr15iyyykg9zai6fpgvhcgyw7gckl78w-gcc-wrapper-14.3.0/nix-support/libc-cflags", O_RDONLY) = 3
1981519 openat(AT_FDCWD, "/nix/store/vr15iyyykg9zai6fpgvhcgyw7gckl78w-gcc-wrapper-14.3.0/nix-support/libc-crt1-cflags", O_RDONLY) = 3
1981519 openat(AT_FDCWD, "/nix/store/vr15iyyykg9zai6fpgvhcgyw7gckl78w-gcc-wrapper-14.3.0/nix-support/libcxx-cxxflags", O_RDONLY) = 3
1981519 openat(AT_FDCWD, "/nix/store/vr15iyyykg9zai6fpgvhcgyw7gckl78w-gcc-wrapper-14.3.0/nix-support/libcxx-ldflags", O_RDONLY) = 3
1981519 openat(AT_FDCWD, "/nix/store/vr15iyyykg9zai6fpgvhcgyw7gckl78w-gcc-wrapper-14.3.0/nix-support/cc-ldflags", O_RDONLY) = 3
1981519 openat(AT_FDCWD, "/nix/store/vr15iyyykg9zai6fpgvhcgyw7gckl78w-gcc-wrapper-14.3.0/nix-support/cc-cflags-before", O_RDONLY) = 3
1981519 openat(AT_FDCWD, "/nix/store/vr15iyyykg9zai6fpgvhcgyw7gckl78w-gcc-wrapper-14.3.0/nix-support/add-hardening.sh", O_RDONLY) = 3
1981520 +++ exited with 0 +++
1981519 --- SIGCHLD {si_signo=SIGCHLD, si_code=CLD_EXITED, si_pid=1981520, si_uid=1000, si_status=0, si_utime=0, si_stime=0} ---
1981521 +++ exited with 0 +++
1981519 --- SIGCHLD {si_signo=SIGCHLD, si_code=CLD_EXITED, si_pid=1981521, si_uid=1000, si_status=0, si_utime=0, si_stime=0} ---
1981522 +++ exited with 0 +++
1981519 --- SIGCHLD {si_signo=SIGCHLD, si_code=CLD_EXITED, si_pid=1981522, si_uid=1000, si_status=0, si_utime=0, si_stime=0} ---
1981523 +++ exited with 0 +++
1981519 --- SIGCHLD {si_signo=SIGCHLD, si_code=CLD_EXITED, si_pid=1981523, si_uid=1000, si_status=0, si_utime=0, si_stime=0} ---
1981519 openat(AT_FDCWD, "/nix/store/xx7cm72qy2c0643cm1ipngd87aqwkcdp-glibc-2.40-66/lib/glibc-hwcaps/x86-64-v3/libm.so.6", O_RDONLY|O_CLOEXEC) = -1 ENOENT (No such file or directory)
1981519 openat(AT_FDCWD, "/nix/store/xx7cm72qy2c0643cm1ipngd87aqwkcdp-glibc-2.40-66/lib/glibc-hwcaps/x86-64-v2/libm.so.6", O_RDONLY|O_CLOEXEC) = -1 ENOENT (No such file or directory)
1981519 openat(AT_FDCWD, "/nix/store/xx7cm72qy2c0643cm1ipngd87aqwkcdp-glibc-2.40-66/lib/libm.so.6", O_RDONLY|O_CLOEXEC) = 3
1981519 openat(AT_FDCWD, "/nix/store/xx7cm72qy2c0643cm1ipngd87aqwkcdp-glibc-2.40-66/lib/libc.so.6", O_RDONLY|O_CLOEXEC) = 3
1981519 openat(AT_FDCWD, "/tmp/nix-shell.kXbcdK/nix-shell.rpTZRq/nix-shell.tQ7Akt/ccExMQav.res", O_RDWR|O_CREAT|O_EXCL, 0600) = 3
1981524 openat(AT_FDCWD, "/nix/store/xx7cm72qy2c0643cm1ipngd87aqwkcdp-glibc-2.40-66/lib/glibc-hwcaps/x86-64-v3/libm.so.6", O_RDONLY|O_CLOEXEC) = -1 ENOENT (No such file or directory)
1981524 openat(AT_FDCWD, "/nix/store/xx7cm72qy2c0643cm1ipngd87aqwkcdp-glibc-2.40-66/lib/glibc-hwcaps/x86-64-v2/libm.so.6", O_RDONLY|O_CLOEXEC) = -1 ENOENT (No such file or directory)
1981524 openat(AT_FDCWD, "/nix/store/xx7cm72qy2c0643cm1ipngd87aqwkcdp-glibc-2.40-66/lib/libm.so.6", O_RDONLY|O_CLOEXEC) = 3
1981524 openat(AT_FDCWD, "/nix/store/xx7cm72qy2c0643cm1ipngd87aqwkcdp-glibc-2.40-66/lib/libc.so.6", O_RDONLY|O_CLOEXEC) = 3
1981524 openat(AT_FDCWD, "/tmp/nix-shell.kXbcdK/nix-shell.rpTZRq/nix-shell.tQ7Akt/cc8gd8TR.cdtor.c", O_RDWR|O_CREAT|O_EXCL, 0600) = 3
1981524 openat(AT_FDCWD, "/tmp/nix-shell.kXbcdK/nix-shell.rpTZRq/nix-shell.tQ7Akt/cc0or3Xj.cdtor.o", O_RDWR|O_CREAT|O_EXCL, 0600) = 3
1981525 openat(AT_FDCWD, "/nix/store/xx7cm72qy2c0643cm1ipngd87aqwkcdp-glibc-2.40-66/lib/glibc-hwcaps/x86-64-v3/libdl.so.2", O_RDONLY|O_CLOEXEC) = -1 ENOENT (No such file or directory)
1981525 openat(AT_FDCWD, "/nix/store/xx7cm72qy2c0643cm1ipngd87aqwkcdp-glibc-2.40-66/lib/glibc-hwcaps/x86-64-v2/libdl.so.2", O_RDONLY|O_CLOEXEC) = -1 ENOENT (No such file or directory)
1981525 openat(AT_FDCWD, "/nix/store/xx7cm72qy2c0643cm1ipngd87aqwkcdp-glibc-2.40-66/lib/libdl.so.2", O_RDONLY|O_CLOEXEC) = 3
1981525 openat(AT_FDCWD, "/nix/store/xx7cm72qy2c0643cm1ipngd87aqwkcdp-glibc-2.40-66/lib/libc.so.6", O_RDONLY|O_CLOEXEC) = 3
1981525 openat(AT_FDCWD, "/dev/tty", O_RDWR|O_NONBLOCK) = 3
1981525 openat(AT_FDCWD, "/nix/store/xwydcyvlsa3cvssk0y5llgdhlhjvmqdm-binutils-wrapper-2.44/bin/ld", O_RDONLY) = 3
1981525 openat(AT_FDCWD, "/nix/store/xwydcyvlsa3cvssk0y5llgdhlhjvmqdm-binutils-wrapper-2.44/nix-support/utils.bash", O_RDONLY) = 3
1981525 openat(AT_FDCWD, "/nix/store/xwydcyvlsa3cvssk0y5llgdhlhjvmqdm-binutils-wrapper-2.44/nix-support/darwin-sdk-setup.bash", O_RDONLY) = 3
1981525 openat(AT_FDCWD, "/nix/store/xwydcyvlsa3cvssk0y5llgdhlhjvmqdm-binutils-wrapper-2.44/nix-support/add-hardening.sh", O_RDONLY) = 3
1981526 +++ exited with 0 +++
1981525 --- SIGCHLD {si_signo=SIGCHLD, si_code=CLD_EXITED, si_pid=1981526, si_uid=1000, si_status=0, si_utime=0, si_stime=0} ---
1981525 openat(AT_FDCWD, "/nix/store/i6xakg19vy8vc2g211yr9d5nmb0wk7v0-rustc-1.91.1/lib/rustlib/x86_64-unknown-linux-gnu/lib/", O_RDONLY|O_NONBLOCK|O_CLOEXEC|O_DIRECTORY) = 3
1981525 openat(AT_FDCWD, "/nix/store/x5la0prz2lwhh06qhz9bmh49cypspn8v-libgit2-1.9.1-lib/lib/", O_RDONLY|O_NONBLOCK|O_CLOEXEC|O_DIRECTORY) = 3
1981525 openat(AT_FDCWD, "/nix/store/v8czfabwiry1aik0j3b4mqkqvn7vnxfi-brotli-1.1.0-lib/lib/", O_RDONLY|O_NONBLOCK|O_CLOEXEC|O_DIRECTORY) = 3
1981525 openat(AT_FDCWD, "/nix/store/27r2vkndmz7q6gni64l84j46igsz7km4-c-ares-1.34.5/lib/", O_RDONLY|O_NONBLOCK|O_CLOEXEC|O_DIRECTORY) = 3
1981525 openat(AT_FDCWD, "/nix/store/9z2jg63df52gd4nmbggjcw41cdi4m14p-krb5-1.22.1-lib/lib/", O_RDONLY|O_NONBLOCK|O_CLOEXEC|O_DIRECTORY) = 3
1981525 openat(AT_FDCWD, "/nix/store/cn8ppsx5dns0n4naa4k5sc0siymg41vw-nghttp2-1.67.1-lib/lib/", O_RDONLY|O_NONBLOCK|O_CLOEXEC|O_DIRECTORY) = 3
1981525 openat(AT_FDCWD, "/nix/store/ggxfzhsmd3m54fac5xph7kva38k44mc2-nghttp3-1.12.0/lib/", O_RDONLY|O_NONBLOCK|O_CLOEXEC|O_DIRECTORY) = 3
1981525 openat(AT_FDCWD, "/nix/store/50b381c1c7h4ll8a40wqh3fcknwpnnck-ngtcp2-1.17.0/lib/", O_RDONLY|O_NONBLOCK|O_CLOEXEC|O_DIRECTORY) = 3
1981525 openat(AT_FDCWD, "/nix/store/hxcmad417fd8ql9ylx96xpak7da06yiv-libidn2-2.3.8/lib/", O_RDONLY|O_NONBLOCK|O_CLOEXEC|O_DIRECTORY) = 3
1981525 openat(AT_FDCWD, "/nix/store/61i74yjkj9p1qphfl7018ja4sdwkipx0-openssl-3.6.0/lib/", O_RDONLY|O_NONBLOCK|O_CLOEXEC|O_DIRECTORY) = 3
1981525 openat(AT_FDCWD, "/nix/store/d3fj7k3aya8slkgm72gn5izyvnlkgx73-libpsl-0.21.5/lib/", O_RDONLY|O_NONBLOCK|O_CLOEXEC|O_DIRECTORY) = 3
1981525 openat(AT_FDCWD, "/nix/store/jrczm01vajmmh23wrzbgk51plwn7lfsi-libssh2-1.11.1/lib/", O_RDONLY|O_NONBLOCK|O_CLOEXEC|O_DIRECTORY) = 3
1981525 openat(AT_FDCWD, "/nix/store/l7xwm1f6f3zj2x8jwdbi8gdyfbx07sh7-zlib-1.3.1/lib/", O_RDONLY|O_NONBLOCK|O_CLOEXEC|O_DIRECTORY) = 3
1981525 openat(AT_FDCWD, "/nix/store/s7vmxmhkq439cjb7ag9w198p6dk7kl0w-zstd-1.5.7/lib/", O_RDONLY|O_NONBLOCK|O_CLOEXEC|O_DIRECTORY) = 3
1981525 openat(AT_FDCWD, "/nix/store/8idis3j5l13c3x74jl8xly0k4qyk9mx6-curl-8.17.0/lib/", O_RDONLY|O_NONBLOCK|O_CLOEXEC|O_DIRECTORY) = 3
1981525 openat(AT_FDCWD, "/nix/store/yijhn548p2589pkybgvbhll09bqsxy0q-ncurses-6.5/lib/", O_RDONLY|O_NONBLOCK|O_CLOEXEC|O_DIRECTORY) = 3
1981525 openat(AT_FDCWD, "/nix/store/swch85kls1srlrji1i0g28wpa4y607hk-llvm-21.1.2-lib/lib/", O_RDONLY|O_NONBLOCK|O_CLOEXEC|O_DIRECTORY) = 3
1981525 openat(AT_FDCWD, "/nix/store/kl4w4f8bb77faahsdv40gjmfzg2d081d-clang-21.1.2-lib/lib/", O_RDONLY|O_NONBLOCK|O_CLOEXEC|O_DIRECTORY) = 3
1981525 openat(AT_FDCWD, "/nix/store/xx7cm72qy2c0643cm1ipngd87aqwkcdp-glibc-2.40-66/lib/", O_RDONLY|O_NONBLOCK|O_CLOEXEC|O_DIRECTORY) = 3
1981525 openat(AT_FDCWD, "/nix/store/bdcajksxmj24w3drf5zr3dvxhqidrn16-snappy-1.2.2/lib/", O_RDONLY|O_NONBLOCK|O_CLOEXEC|O_DIRECTORY) = 3
1981525 openat(AT_FDCWD, "/nix/store/9awv9f5xrvfb85jxk4wlh9n138hpnlpx-lz4-1.10.0-lib/lib/", O_RDONLY|O_NONBLOCK|O_CLOEXEC|O_DIRECTORY) = 3
1981525 openat(AT_FDCWD, "/nix/store/xgavznqg1ay2hycpp7yy9ia1n751jcla-bzip2-1.0.8/lib/", O_RDONLY|O_NONBLOCK|O_CLOEXEC|O_DIRECTORY) = 3
1981525 openat(AT_FDCWD, "/nix/store/9nlgc607nfp6i9vnn7ccp28kmc1mhkkd-liburing-2.12/lib/", O_RDONLY|O_NONBLOCK|O_CLOEXEC|O_DIRECTORY) = 3
1981525 openat(AT_FDCWD, "/nix/store/mr5l9d6bvv80n2s8l8dyms4l90gpjkkd-util-linux-2.41.2-lib/lib/", O_RDONLY|O_NONBLOCK|O_CLOEXEC|O_DIRECTORY) = 3
1981525 openat(AT_FDCWD, "/nix/store/x5la0prz2lwhh06qhz9bmh49cypspn8v-libgit2-1.9.1-lib/lib/", O_RDONLY|O_NONBLOCK|O_CLOEXEC|O_DIRECTORY) = 3
1981525 openat(AT_FDCWD, "/nix/store/v8czfabwiry1aik0j3b4mqkqvn7vnxfi-brotli-1.1.0-lib/lib/", O_RDONLY|O_NONBLOCK|O_CLOEXEC|O_DIRECTORY) = 3
1981525 openat(AT_FDCWD, "/nix/store/27r2vkndmz7q6gni64l84j46igsz7km4-c-ares-1.34.5/lib/", O_RDONLY|O_NONBLOCK|O_CLOEXEC|O_DIRECTORY) = 3
1981525 openat(AT_FDCWD, "/nix/store/9z2jg63df52gd4nmbggjcw41cdi4m14p-krb5-1.22.1-lib/lib/", O_RDONLY|O_NONBLOCK|O_CLOEXEC|O_DIRECTORY) = 3
1981525 openat(AT_FDCWD, "/nix/store/cn8ppsx5dns0n4naa4k5sc0siymg41vw-nghttp2-1.67.1-lib/lib/", O_RDONLY|O_NONBLOCK|O_CLOEXEC|O_DIRECTORY) = 3
1981525 openat(AT_FDCWD, "/nix/store/ggxfzhsmd3m54fac5xph7kva38k44mc2-nghttp3-1.12.0/lib/", O_RDONLY|O_NONBLOCK|O_CLOEXEC|O_DIRECTORY) = 3
1981525 openat(AT_FDCWD, "/nix/store/50b381c1c7h4ll8a40wqh3fcknwpnnck-ngtcp2-1.17.0/lib/", O_RDONLY|O_NONBLOCK|O_CLOEXEC|O_DIRECTORY) = 3
1981525 openat(AT_FDCWD, "/nix/store/hxcmad417fd8ql9ylx96xpak7da06yiv-libidn2-2.3.8/lib/", O_RDONLY|O_NONBLOCK|O_CLOEXEC|O_DIRECTORY) = 3
1981525 openat(AT_FDCWD, "/nix/store/61i74yjkj9p1qphfl7018ja4sdwkipx0-openssl-3.6.0/lib/", O_RDONLY|O_NONBLOCK|O_CLOEXEC|O_DIRECTORY) = 3
1981525 openat(AT_FDCWD, "/nix/store/d3fj7k3aya8slkgm72gn5izyvnlkgx73-libpsl-0.21.5/lib/", O_RDONLY|O_NONBLOCK|O_CLOEXEC|O_DIRECTORY) = 3
1981525 openat(AT_FDCWD, "/nix/store/jrczm01vajmmh23wrzbgk51plwn7lfsi-libssh2-1.11.1/lib/", O_RDONLY|O_NONBLOCK|O_CLOEXEC|O_DIRECTORY) = 3
1981525 openat(AT_FDCWD, "/nix/store/l7xwm1f6f3zj2x8jwdbi8gdyfbx07sh7-zlib-1.3.1/lib/", O_RDONLY|O_NONBLOCK|O_CLOEXEC|O_DIRECTORY) = 3
1981525 openat(AT_FDCWD, "/nix/store/s7vmxmhkq439cjb7ag9w198p6dk7kl0w-zstd-1.5.7/lib/", O_RDONLY|O_NONBLOCK|O_CLOEXEC|O_DIRECTORY) = 3
1981525 openat(AT_FDCWD, "/nix/store/8idis3j5l13c3x74jl8xly0k4qyk9mx6-curl-8.17.0/lib/", O_RDONLY|O_NONBLOCK|O_CLOEXEC|O_DIRECTORY) = 3
1981525 openat(AT_FDCWD, "/nix/store/yijhn548p2589pkybgvbhll09bqsxy0q-ncurses-6.5/lib/", O_RDONLY|O_NONBLOCK|O_CLOEXEC|O_DIRECTORY) = 3
1981525 openat(AT_FDCWD, "/nix/store/swch85kls1srlrji1i0g28wpa4y607hk-llvm-21.1.2-lib/lib/", O_RDONLY|O_NONBLOCK|O_CLOEXEC|O_DIRECTORY) = 3
1981525 openat(AT_FDCWD, "/nix/store/kl4w4f8bb77faahsdv40gjmfzg2d081d-clang-21.1.2-lib/lib/", O_RDONLY|O_NONBLOCK|O_CLOEXEC|O_DIRECTORY) = 3
1981525 openat(AT_FDCWD, "/nix/store/bdcajksxmj24w3drf5zr3dvxhqidrn16-snappy-1.2.2/lib/", O_RDONLY|O_NONBLOCK|O_CLOEXEC|O_DIRECTORY) = 3
1981525 openat(AT_FDCWD, "/nix/store/9awv9f5xrvfb85jxk4wlh9n138hpnlpx-lz4-1.10.0-lib/lib/", O_RDONLY|O_NONBLOCK|O_CLOEXEC|O_DIRECTORY) = 3
1981525 openat(AT_FDCWD, "/nix/store/xgavznqg1ay2hycpp7yy9ia1n751jcla-bzip2-1.0.8/lib/", O_RDONLY|O_NONBLOCK|O_CLOEXEC|O_DIRECTORY) = 3
1981525 openat(AT_FDCWD, "/nix/store/9nlgc607nfp6i9vnn7ccp28kmc1mhkkd-liburing-2.12/lib/", O_RDONLY|O_NONBLOCK|O_CLOEXEC|O_DIRECTORY) = 3
1981525 openat(AT_FDCWD, "/nix/store/mr5l9d6bvv80n2s8l8dyms4l90gpjkkd-util-linux-2.41.2-lib/lib/", O_RDONLY|O_NONBLOCK|O_CLOEXEC|O_DIRECTORY) = 3
1981525 openat(AT_FDCWD, "/nix/store/kzq78n13l8w24jn8bx4djj79k5j717f1-gcc-14.3.0/lib/gcc/x86_64-unknown-linux-gnu/14.3.0/", O_RDONLY|O_NONBLOCK|O_CLOEXEC|O_DIRECTORY) = 3
1981525 openat(AT_FDCWD, "/nix/store/xm08aqdd7pxcdhm0ak6aqb1v7hw5q6ri-gcc-14.3.0-lib/lib/", O_RDONLY|O_NONBLOCK|O_CLOEXEC|O_DIRECTORY) = 3
1981525 openat(AT_FDCWD, "/nix/store/kzq78n13l8w24jn8bx4djj79k5j717f1-gcc-14.3.0/lib/gcc/x86_64-unknown-linux-gnu/14.3.0/", O_RDONLY|O_NONBLOCK|O_CLOEXEC|O_DIRECTORY) = 3
1981527 openat(AT_FDCWD, "/nix/store/fwfpzqrvzhpjp91rbnq64z07diyicbwh-acl-2.3.2/lib/glibc-hwcaps/x86-64-v3/libgmp.so.10", O_RDONLY|O_CLOEXEC) = -1 ENOENT (No such file or directory)
1981527 openat(AT_FDCWD, "/nix/store/fwfpzqrvzhpjp91rbnq64z07diyicbwh-acl-2.3.2/lib/glibc-hwcaps/x86-64-v2/libgmp.so.10", O_RDONLY|O_CLOEXEC) = -1 ENOENT (No such file or directory)
1981527 openat(AT_FDCWD, "/nix/store/fwfpzqrvzhpjp91rbnq64z07diyicbwh-acl-2.3.2/lib/libgmp.so.10", O_RDONLY|O_CLOEXEC) = -1 ENOENT (No such file or directory)
1981527 openat(AT_FDCWD, "/nix/store/12qcfbv6bgmxi1jd2dcddy25ijpcgj60-attr-2.5.2/lib/glibc-hwcaps/x86-64-v3/libgmp.so.10", O_RDONLY|O_CLOEXEC) = -1 ENOENT (No such file or directory)
1981527 openat(AT_FDCWD, "/nix/store/12qcfbv6bgmxi1jd2dcddy25ijpcgj60-attr-2.5.2/lib/glibc-hwcaps/x86-64-v2/libgmp.so.10", O_RDONLY|O_CLOEXEC) = -1 ENOENT (No such file or directory)
1981527 openat(AT_FDCWD, "/nix/store/12qcfbv6bgmxi1jd2dcddy25ijpcgj60-attr-2.5.2/lib/libgmp.so.10", O_RDONLY|O_CLOEXEC) = -1 ENOENT (No such file or directory)
1981527 openat(AT_FDCWD, "/nix/store/2f7yzmvcsydw38zr369l9xpk63v1ld5q-gmp-with-cxx-6.3.0/lib/glibc-hwcaps/x86-64-v3/libgmp.so.10", O_RDONLY|O_CLOEXEC) = -1 ENOENT (No such file or directory)
1981527 openat(AT_FDCWD, "/nix/store/2f7yzmvcsydw38zr369l9xpk63v1ld5q-gmp-with-cxx-6.3.0/lib/glibc-hwcaps/x86-64-v2/libgmp.so.10", O_RDONLY|O_CLOEXEC) = -1 ENOENT (No such file or directory)
1981527 openat(AT_FDCWD, "/nix/store/2f7yzmvcsydw38zr369l9xpk63v1ld5q-gmp-with-cxx-6.3.0/lib/libgmp.so.10", O_RDONLY|O_CLOEXEC) = 3
1981527 openat(AT_FDCWD, "/nix/store/fwfpzqrvzhpjp91rbnq64z07diyicbwh-acl-2.3.2/lib/libacl.so.1", O_RDONLY|O_CLOEXEC) = 3
1981527 openat(AT_FDCWD, "/nix/store/fwfpzqrvzhpjp91rbnq64z07diyicbwh-acl-2.3.2/lib/libattr.so.1", O_RDONLY|O_CLOEXEC) = -1 ENOENT (No such file or directory)
1981527 openat(AT_FDCWD, "/nix/store/12qcfbv6bgmxi1jd2dcddy25ijpcgj60-attr-2.5.2/lib/libattr.so.1", O_RDONLY|O_CLOEXEC) = 3
1981527 openat(AT_FDCWD, "/nix/store/fwfpzqrvzhpjp91rbnq64z07diyicbwh-acl-2.3.2/lib/libc.so.6", O_RDONLY|O_CLOEXEC) = -1 ENOENT (No such file or directory)
1981527 openat(AT_FDCWD, "/nix/store/12qcfbv6bgmxi1jd2dcddy25ijpcgj60-attr-2.5.2/lib/libc.so.6", O_RDONLY|O_CLOEXEC) = -1 ENOENT (No such file or directory)
1981527 openat(AT_FDCWD, "/nix/store/2f7yzmvcsydw38zr369l9xpk63v1ld5q-gmp-with-cxx-6.3.0/lib/libc.so.6", O_RDONLY|O_CLOEXEC) = -1 ENOENT (No such file or directory)
1981527 openat(AT_FDCWD, "/nix/store/xx7cm72qy2c0643cm1ipngd87aqwkcdp-glibc-2.40-66/lib/glibc-hwcaps/x86-64-v3/libc.so.6", O_RDONLY|O_CLOEXEC) = -1 ENOENT (No such file or directory)
1981527 openat(AT_FDCWD, "/nix/store/xx7cm72qy2c0643cm1ipngd87aqwkcdp-glibc-2.40-66/lib/glibc-hwcaps/x86-64-v2/libc.so.6", O_RDONLY|O_CLOEXEC) = -1 ENOENT (No such file or directory)
1981527 openat(AT_FDCWD, "/nix/store/xx7cm72qy2c0643cm1ipngd87aqwkcdp-glibc-2.40-66/lib/libc.so.6", O_RDONLY|O_CLOEXEC) = 3
1981527 +++ exited with 0 +++
1981525 --- SIGCHLD {si_signo=SIGCHLD, si_code=CLD_EXITED, si_pid=1981527, si_uid=1000, si_status=0, si_utime=0, si_stime=0} ---
1981525 openat(AT_FDCWD, "/nix/store/kzq78n13l8w24jn8bx4djj79k5j717f1-gcc-14.3.0/lib/", O_RDONLY|O_NONBLOCK|O_CLOEXEC|O_DIRECTORY) = 3
1981528 openat(AT_FDCWD, "/nix/store/rmv4h4x475k2p321ln3pd0ddng7vv8k6-binutils-2.44-lib/lib/glibc-hwcaps/x86-64-v3/libbfd-2.44.so", O_RDONLY|O_CLOEXEC) = -1 ENOENT (No such file or directory)
1981528 openat(AT_FDCWD, "/nix/store/rmv4h4x475k2p321ln3pd0ddng7vv8k6-binutils-2.44-lib/lib/glibc-hwcaps/x86-64-v2/libbfd-2.44.so", O_RDONLY|O_CLOEXEC) = -1 ENOENT (No such file or directory)
1981528 openat(AT_FDCWD, "/nix/store/rmv4h4x475k2p321ln3pd0ddng7vv8k6-binutils-2.44-lib/lib/libbfd-2.44.so", O_RDONLY|O_CLOEXEC) = 3
1981528 openat(AT_FDCWD, "/nix/store/rmv4h4x475k2p321ln3pd0ddng7vv8k6-binutils-2.44-lib/lib/libctf.so.0", O_RDONLY|O_CLOEXEC) = 3
1981528 openat(AT_FDCWD, "/nix/store/rmv4h4x475k2p321ln3pd0ddng7vv8k6-binutils-2.44-lib/lib/libsframe.so.1", O_RDONLY|O_CLOEXEC) = 3
1981528 openat(AT_FDCWD, "/nix/store/rmv4h4x475k2p321ln3pd0ddng7vv8k6-binutils-2.44-lib/lib/libz.so.1", O_RDONLY|O_CLOEXEC) = -1 ENOENT (No such file or directory)
1981528 openat(AT_FDCWD, "/nix/store/l7xwm1f6f3zj2x8jwdbi8gdyfbx07sh7-zlib-1.3.1/lib/glibc-hwcaps/x86-64-v3/libz.so.1", O_RDONLY|O_CLOEXEC) = -1 ENOENT (No such file or directory)
1981528 openat(AT_FDCWD, "/nix/store/l7xwm1f6f3zj2x8jwdbi8gdyfbx07sh7-zlib-1.3.1/lib/glibc-hwcaps/x86-64-v2/libz.so.1", O_RDONLY|O_CLOEXEC) = -1 ENOENT (No such file or directory)
1981528 openat(AT_FDCWD, "/nix/store/l7xwm1f6f3zj2x8jwdbi8gdyfbx07sh7-zlib-1.3.1/lib/libz.so.1", O_RDONLY|O_CLOEXEC) = 3
1981528 openat(AT_FDCWD, "/nix/store/rmv4h4x475k2p321ln3pd0ddng7vv8k6-binutils-2.44-lib/lib/libc.so.6", O_RDONLY|O_CLOEXEC) = -1 ENOENT (No such file or directory)
1981528 openat(AT_FDCWD, "/nix/store/l7xwm1f6f3zj2x8jwdbi8gdyfbx07sh7-zlib-1.3.1/lib/libc.so.6", O_RDONLY|O_CLOEXEC) = -1 ENOENT (No such file or directory)
1981528 openat(AT_FDCWD, "/nix/store/xx7cm72qy2c0643cm1ipngd87aqwkcdp-glibc-2.40-66/lib/glibc-hwcaps/x86-64-v3/libc.so.6", O_RDONLY|O_CLOEXEC) = -1 ENOENT (No such file or directory)
1981528 openat(AT_FDCWD, "/nix/store/xx7cm72qy2c0643cm1ipngd87aqwkcdp-glibc-2.40-66/lib/glibc-hwcaps/x86-64-v2/libc.so.6", O_RDONLY|O_CLOEXEC) = -1 ENOENT (No such file or directory)
1981528 openat(AT_FDCWD, "/nix/store/xx7cm72qy2c0643cm1ipngd87aqwkcdp-glibc-2.40-66/lib/libc.so.6", O_RDONLY|O_CLOEXEC) = 3
1981528 openat(AT_FDCWD, "/nix/store/kzq78n13l8w24jn8bx4djj79k5j717f1-gcc-14.3.0/libexec/gcc/x86_64-unknown-linux-gnu/14.3.0/liblto_plugin.so", O_RDONLY|O_CLOEXEC) = 3
1981528 openat(AT_FDCWD, "/nix/store/xx7cm72qy2c0643cm1ipngd87aqwkcdp-glibc-2.40-66/lib/libpthread.so.0", O_RDONLY|O_CLOEXEC) = 3
1981528 openat(AT_FDCWD, "hello_zombie_host", O_RDWR|O_CREAT|O_TRUNC, 0666) = 3
1981528 openat(AT_FDCWD, "/nix/store/xx7cm72qy2c0643cm1ipngd87aqwkcdp-glibc-2.40-66/lib/Scrt1.o", O_RDONLY) = 4
1981528 openat(AT_FDCWD, "/nix/store/xx7cm72qy2c0643cm1ipngd87aqwkcdp-glibc-2.40-66/lib/Scrt1.o", O_RDONLY) = 5
1981528 openat(AT_FDCWD, "/nix/store/xx7cm72qy2c0643cm1ipngd87aqwkcdp-glibc-2.40-66/lib/crti.o", O_RDONLY) = 5
1981528 openat(AT_FDCWD, "/nix/store/xx7cm72qy2c0643cm1ipngd87aqwkcdp-glibc-2.40-66/lib/crti.o", O_RDONLY) = 8
1981528 openat(AT_FDCWD, "/nix/store/kzq78n13l8w24jn8bx4djj79k5j717f1-gcc-14.3.0/lib/gcc/x86_64-unknown-linux-gnu/14.3.0/crtbeginS.o", O_RDONLY) = 8
1981528 openat(AT_FDCWD, "/nix/store/kzq78n13l8w24jn8bx4djj79k5j717f1-gcc-14.3.0/lib/gcc/x86_64-unknown-linux-gnu/14.3.0/crtbeginS.o", O_RDONLY) = 9
1981528 openat(AT_FDCWD, "/tmp/nix-shell.kXbcdK/nix-shell.rpTZRq/nix-shell.tQ7Akt/rustchZsiwT/symbols.o", O_RDONLY) = 9
1981528 openat(AT_FDCWD, "/tmp/nix-shell.kXbcdK/nix-shell.rpTZRq/nix-shell.tQ7Akt/rustchZsiwT/symbols.o", O_RDONLY) = 12
1981528 openat(AT_FDCWD, "hello_zombie_host.hello_zombie.3c32b3e119ba2f7-cgu.0.rcgu.o", O_RDONLY) = 12
1981528 openat(AT_FDCWD, "hello_zombie_host.hello_zombie.3c32b3e119ba2f7-cgu.0.rcgu.o", O_RDONLY) = 13
1981528 openat(AT_FDCWD, "hello_zombie_host.7mrj1gdu3or1h6hrkimaja9j0.rcgu.o", O_RDONLY) = 13
1981528 openat(AT_FDCWD, "hello_zombie_host.7mrj1gdu3or1h6hrkimaja9j0.rcgu.o", O_RDONLY) = 14
1981528 openat(AT_FDCWD, "/nix/store/i6xakg19vy8vc2g211yr9d5nmb0wk7v0-rustc-1.91.1/lib/rustlib/x86_64-unknown-linux-gnu/lib/libstd-55e31a9915372a07.rlib", O_RDONLY) = 14
1981528 openat(AT_FDCWD, "/nix/store/i6xakg19vy8vc2g211yr9d5nmb0wk7v0-rustc-1.91.1/lib/rustlib/x86_64-unknown-linux-gnu/lib/libstd-55e31a9915372a07.rlib", O_RDONLY) = 15
1981528 openat(AT_FDCWD, "/nix/store/i6xakg19vy8vc2g211yr9d5nmb0wk7v0-rustc-1.91.1/lib/rustlib/x86_64-unknown-linux-gnu/lib/libpanic_unwind-435174cab4b6440d.rlib", O_RDONLY) = 16
1981528 openat(AT_FDCWD, "/nix/store/i6xakg19vy8vc2g211yr9d5nmb0wk7v0-rustc-1.91.1/lib/rustlib/x86_64-unknown-linux-gnu/lib/libpanic_unwind-435174cab4b6440d.rlib", O_RDONLY) = 17
1981528 openat(AT_FDCWD, "/nix/store/i6xakg19vy8vc2g211yr9d5nmb0wk7v0-rustc-1.91.1/lib/rustlib/x86_64-unknown-linux-gnu/lib/libobject-8fd8e38d60cd41b4.rlib", O_RDONLY) = 18
1981528 openat(AT_FDCWD, "/nix/store/i6xakg19vy8vc2g211yr9d5nmb0wk7v0-rustc-1.91.1/lib/rustlib/x86_64-unknown-linux-gnu/lib/libobject-8fd8e38d60cd41b4.rlib", O_RDONLY) = 19
1981528 openat(AT_FDCWD, "/nix/store/i6xakg19vy8vc2g211yr9d5nmb0wk7v0-rustc-1.91.1/lib/rustlib/x86_64-unknown-linux-gnu/lib/libmemchr-3953df57643f66a8.rlib", O_RDONLY) = 19
1981528 openat(AT_FDCWD, "/nix/store/i6xakg19vy8vc2g211yr9d5nmb0wk7v0-rustc-1.91.1/lib/rustlib/x86_64-unknown-linux-gnu/lib/libmemchr-3953df57643f66a8.rlib", O_RDONLY) = 21
1981528 openat(AT_FDCWD, "/nix/store/i6xakg19vy8vc2g211yr9d5nmb0wk7v0-rustc-1.91.1/lib/rustlib/x86_64-unknown-linux-gnu/lib/libaddr2line-19cae89fc955a826.rlib", O_RDONLY) = 21
1981528 openat(AT_FDCWD, "/nix/store/i6xakg19vy8vc2g211yr9d5nmb0wk7v0-rustc-1.91.1/lib/rustlib/x86_64-unknown-linux-gnu/lib/libaddr2line-19cae89fc955a826.rlib", O_RDONLY) = 23
1981528 openat(AT_FDCWD, "/nix/store/i6xakg19vy8vc2g211yr9d5nmb0wk7v0-rustc-1.91.1/lib/rustlib/x86_64-unknown-linux-gnu/lib/libgimli-16b0a9250ac2bc02.rlib", O_RDONLY) = 23
1981528 openat(AT_FDCWD, "/nix/store/i6xakg19vy8vc2g211yr9d5nmb0wk7v0-rustc-1.91.1/lib/rustlib/x86_64-unknown-linux-gnu/lib/libgimli-16b0a9250ac2bc02.rlib", O_RDONLY) = 25
1981528 openat(AT_FDCWD, "/nix/store/i6xakg19vy8vc2g211yr9d5nmb0wk7v0-rustc-1.91.1/lib/rustlib/x86_64-unknown-linux-gnu/lib/libcfg_if-a16d30497a8cd1ef.rlib", O_RDONLY) = 25
1981528 openat(AT_FDCWD, "/nix/store/i6xakg19vy8vc2g211yr9d5nmb0wk7v0-rustc-1.91.1/lib/rustlib/x86_64-unknown-linux-gnu/lib/librustc_demangle-eb3e83d554e6689e.rlib", O_RDONLY) = 27
1981528 openat(AT_FDCWD, "/nix/store/i6xakg19vy8vc2g211yr9d5nmb0wk7v0-rustc-1.91.1/lib/rustlib/x86_64-unknown-linux-gnu/lib/librustc_demangle-eb3e83d554e6689e.rlib", O_RDONLY) = 28
1981528 openat(AT_FDCWD, "/nix/store/i6xakg19vy8vc2g211yr9d5nmb0wk7v0-rustc-1.91.1/lib/rustlib/x86_64-unknown-linux-gnu/lib/libstd_detect-dbc8b03876b537aa.rlib", O_RDONLY) = 29
1981528 openat(AT_FDCWD, "/nix/store/i6xakg19vy8vc2g211yr9d5nmb0wk7v0-rustc-1.91.1/lib/rustlib/x86_64-unknown-linux-gnu/lib/libhashbrown-423dbd81b02c61f9.rlib", O_RDONLY) = 30
1981528 openat(AT_FDCWD, "/nix/store/i6xakg19vy8vc2g211yr9d5nmb0wk7v0-rustc-1.91.1/lib/rustlib/x86_64-unknown-linux-gnu/lib/librustc_std_workspace_alloc-c792fc3618383e56.rlib", O_RDONLY) = 31
1981528 openat(AT_FDCWD, "/nix/store/i6xakg19vy8vc2g211yr9d5nmb0wk7v0-rustc-1.91.1/lib/rustlib/x86_64-unknown-linux-gnu/lib/libminiz_oxide-ff35e344ac64ac1d.rlib", O_RDONLY) = 32
1981528 openat(AT_FDCWD, "/nix/store/i6xakg19vy8vc2g211yr9d5nmb0wk7v0-rustc-1.91.1/lib/rustlib/x86_64-unknown-linux-gnu/lib/libminiz_oxide-ff35e344ac64ac1d.rlib", O_RDONLY) = 33
1981528 openat(AT_FDCWD, "/nix/store/i6xakg19vy8vc2g211yr9d5nmb0wk7v0-rustc-1.91.1/lib/rustlib/x86_64-unknown-linux-gnu/lib/libadler2-3513c75f7d941957.rlib", O_RDONLY) = 33
1981528 openat(AT_FDCWD, "/nix/store/i6xakg19vy8vc2g211yr9d5nmb0wk7v0-rustc-1.91.1/lib/rustlib/x86_64-unknown-linux-gnu/lib/libadler2-3513c75f7d941957.rlib", O_RDONLY) = 35
1981528 openat(AT_FDCWD, "/nix/store/i6xakg19vy8vc2g211yr9d5nmb0wk7v0-rustc-1.91.1/lib/rustlib/x86_64-unknown-linux-gnu/lib/libunwind-f91d8425496260d5.rlib", O_RDONLY) = 35
1981528 openat(AT_FDCWD, "/nix/store/i6xakg19vy8vc2g211yr9d5nmb0wk7v0-rustc-1.91.1/lib/rustlib/x86_64-unknown-linux-gnu/lib/liblibc-73989fe268fc13fc.rlib", O_RDONLY) = 37
1981528 openat(AT_FDCWD, "/nix/store/i6xakg19vy8vc2g211yr9d5nmb0wk7v0-rustc-1.91.1/lib/rustlib/x86_64-unknown-linux-gnu/lib/librustc_std_workspace_core-fb2e2b91a2ead91f.rlib", O_RDONLY) = 38
1981528 openat(AT_FDCWD, "/nix/store/i6xakg19vy8vc2g211yr9d5nmb0wk7v0-rustc-1.91.1/lib/rustlib/x86_64-unknown-linux-gnu/lib/liballoc-3112c1f643a98baf.rlib", O_RDONLY) = 39
1981528 openat(AT_FDCWD, "/nix/store/i6xakg19vy8vc2g211yr9d5nmb0wk7v0-rustc-1.91.1/lib/rustlib/x86_64-unknown-linux-gnu/lib/liballoc-3112c1f643a98baf.rlib", O_RDONLY) = 40
1981528 openat(AT_FDCWD, "/nix/store/i6xakg19vy8vc2g211yr9d5nmb0wk7v0-rustc-1.91.1/lib/rustlib/x86_64-unknown-linux-gnu/lib/libcore-a69d23c13c4a8aff.rlib", O_RDONLY) = 40
1981528 openat(AT_FDCWD, "/nix/store/i6xakg19vy8vc2g211yr9d5nmb0wk7v0-rustc-1.91.1/lib/rustlib/x86_64-unknown-linux-gnu/lib/libcore-a69d23c13c4a8aff.rlib", O_RDONLY) = 42
1981528 openat(AT_FDCWD, "/nix/store/i6xakg19vy8vc2g211yr9d5nmb0wk7v0-rustc-1.91.1/lib/rustlib/x86_64-unknown-linux-gnu/lib/libcompiler_builtins-7ef514e0dd5b565d.rlib", O_RDONLY) = 43
1981528 openat(AT_FDCWD, "/nix/store/i6xakg19vy8vc2g211yr9d5nmb0wk7v0-rustc-1.91.1/lib/rustlib/x86_64-unknown-linux-gnu/lib/libcompiler_builtins-7ef514e0dd5b565d.rlib", O_RDONLY) = 44
1981528 openat(AT_FDCWD, "/tmp/nix-shell.kXbcdK/nix-shell.rpTZRq/nix-shell.tQ7Akt/rustchZsiwT/raw-dylibs/libgcc_s.so", O_RDONLY) = -1 ENOENT (No such file or directory)
1981528 openat(AT_FDCWD, "/tmp/nix-shell.kXbcdK/nix-shell.rpTZRq/nix-shell.tQ7Akt/rustchZsiwT/raw-dylibs/libgcc_s.a", O_RDONLY) = -1 ENOENT (No such file or directory)
1981528 openat(AT_FDCWD, "/nix/store/i6xakg19vy8vc2g211yr9d5nmb0wk7v0-rustc-1.91.1/lib/rustlib/x86_64-unknown-linux-gnu/lib/libgcc_s.so", O_RDONLY) = -1 ENOENT (No such file or directory)
1981528 openat(AT_FDCWD, "/nix/store/i6xakg19vy8vc2g211yr9d5nmb0wk7v0-rustc-1.91.1/lib/rustlib/x86_64-unknown-linux-gnu/lib/libgcc_s.a", O_RDONLY) = -1 ENOENT (No such file or directory)
1981528 openat(AT_FDCWD, "/nix/store/x5la0prz2lwhh06qhz9bmh49cypspn8v-libgit2-1.9.1-lib/lib/libgcc_s.so", O_RDONLY) = -1 ENOENT (No such file or directory)
1981528 openat(AT_FDCWD, "/nix/store/x5la0prz2lwhh06qhz9bmh49cypspn8v-libgit2-1.9.1-lib/lib/libgcc_s.a", O_RDONLY) = -1 ENOENT (No such file or directory)
1981528 openat(AT_FDCWD, "/nix/store/v8czfabwiry1aik0j3b4mqkqvn7vnxfi-brotli-1.1.0-lib/lib/libgcc_s.so", O_RDONLY) = -1 ENOENT (No such file or directory)
1981528 openat(AT_FDCWD, "/nix/store/v8czfabwiry1aik0j3b4mqkqvn7vnxfi-brotli-1.1.0-lib/lib/libgcc_s.a", O_RDONLY) = -1 ENOENT (No such file or directory)
1981528 openat(AT_FDCWD, "/nix/store/27r2vkndmz7q6gni64l84j46igsz7km4-c-ares-1.34.5/lib/libgcc_s.so", O_RDONLY) = -1 ENOENT (No such file or directory)
1981528 openat(AT_FDCWD, "/nix/store/27r2vkndmz7q6gni64l84j46igsz7km4-c-ares-1.34.5/lib/libgcc_s.a", O_RDONLY) = -1 ENOENT (No such file or directory)
1981528 openat(AT_FDCWD, "/nix/store/9z2jg63df52gd4nmbggjcw41cdi4m14p-krb5-1.22.1-lib/lib/libgcc_s.so", O_RDONLY) = -1 ENOENT (No such file or directory)
1981528 openat(AT_FDCWD, "/nix/store/9z2jg63df52gd4nmbggjcw41cdi4m14p-krb5-1.22.1-lib/lib/libgcc_s.a", O_RDONLY) = -1 ENOENT (No such file or directory)
1981528 openat(AT_FDCWD, "/nix/store/cn8ppsx5dns0n4naa4k5sc0siymg41vw-nghttp2-1.67.1-lib/lib/libgcc_s.so", O_RDONLY) = -1 ENOENT (No such file or directory)
1981528 openat(AT_FDCWD, "/nix/store/cn8ppsx5dns0n4naa4k5sc0siymg41vw-nghttp2-1.67.1-lib/lib/libgcc_s.a", O_RDONLY) = -1 ENOENT (No such file or directory)
1981528 openat(AT_FDCWD, "/nix/store/ggxfzhsmd3m54fac5xph7kva38k44mc2-nghttp3-1.12.0/lib/libgcc_s.so", O_RDONLY) = -1 ENOENT (No such file or directory)
1981528 openat(AT_FDCWD, "/nix/store/ggxfzhsmd3m54fac5xph7kva38k44mc2-nghttp3-1.12.0/lib/libgcc_s.a", O_RDONLY) = -1 ENOENT (No such file or directory)
1981528 openat(AT_FDCWD, "/nix/store/50b381c1c7h4ll8a40wqh3fcknwpnnck-ngtcp2-1.17.0/lib/libgcc_s.so", O_RDONLY) = -1 ENOENT (No such file or directory)
1981528 openat(AT_FDCWD, "/nix/store/50b381c1c7h4ll8a40wqh3fcknwpnnck-ngtcp2-1.17.0/lib/libgcc_s.a", O_RDONLY) = -1 ENOENT (No such file or directory)
1981528 openat(AT_FDCWD, "/nix/store/hxcmad417fd8ql9ylx96xpak7da06yiv-libidn2-2.3.8/lib/libgcc_s.so", O_RDONLY) = -1 ENOENT (No such file or directory)
1981528 openat(AT_FDCWD, "/nix/store/hxcmad417fd8ql9ylx96xpak7da06yiv-libidn2-2.3.8/lib/libgcc_s.a", O_RDONLY) = -1 ENOENT (No such file or directory)
1981528 openat(AT_FDCWD, "/nix/store/61i74yjkj9p1qphfl7018ja4sdwkipx0-openssl-3.6.0/lib/libgcc_s.so", O_RDONLY) = -1 ENOENT (No such file or directory)
1981528 openat(AT_FDCWD, "/nix/store/61i74yjkj9p1qphfl7018ja4sdwkipx0-openssl-3.6.0/lib/libgcc_s.a", O_RDONLY) = -1 ENOENT (No such file or directory)
1981528 openat(AT_FDCWD, "/nix/store/d3fj7k3aya8slkgm72gn5izyvnlkgx73-libpsl-0.21.5/lib/libgcc_s.so", O_RDONLY) = -1 ENOENT (No such file or directory)
1981528 openat(AT_FDCWD, "/nix/store/d3fj7k3aya8slkgm72gn5izyvnlkgx73-libpsl-0.21.5/lib/libgcc_s.a", O_RDONLY) = -1 ENOENT (No such file or directory)
1981528 openat(AT_FDCWD, "/nix/store/jrczm01vajmmh23wrzbgk51plwn7lfsi-libssh2-1.11.1/lib/libgcc_s.so", O_RDONLY) = -1 ENOENT (No such file or directory)
1981528 openat(AT_FDCWD, "/nix/store/jrczm01vajmmh23wrzbgk51plwn7lfsi-libssh2-1.11.1/lib/libgcc_s.a", O_RDONLY) = -1 ENOENT (No such file or directory)
1981528 openat(AT_FDCWD, "/nix/store/l7xwm1f6f3zj2x8jwdbi8gdyfbx07sh7-zlib-1.3.1/lib/libgcc_s.so", O_RDONLY) = -1 ENOENT (No such file or directory)
1981528 openat(AT_FDCWD, "/nix/store/l7xwm1f6f3zj2x8jwdbi8gdyfbx07sh7-zlib-1.3.1/lib/libgcc_s.a", O_RDONLY) = -1 ENOENT (No such file or directory)
1981528 openat(AT_FDCWD, "/nix/store/s7vmxmhkq439cjb7ag9w198p6dk7kl0w-zstd-1.5.7/lib/libgcc_s.so", O_RDONLY) = -1 ENOENT (No such file or directory)
1981528 openat(AT_FDCWD, "/nix/store/s7vmxmhkq439cjb7ag9w198p6dk7kl0w-zstd-1.5.7/lib/libgcc_s.a", O_RDONLY) = -1 ENOENT (No such file or directory)
1981528 openat(AT_FDCWD, "/nix/store/8idis3j5l13c3x74jl8xly0k4qyk9mx6-curl-8.17.0/lib/libgcc_s.so", O_RDONLY) = -1 ENOENT (No such file or directory)
1981528 openat(AT_FDCWD, "/nix/store/8idis3j5l13c3x74jl8xly0k4qyk9mx6-curl-8.17.0/lib/libgcc_s.a", O_RDONLY) = -1 ENOENT (No such file or directory)
1981528 openat(AT_FDCWD, "/nix/store/yijhn548p2589pkybgvbhll09bqsxy0q-ncurses-6.5/lib/libgcc_s.so", O_RDONLY) = -1 ENOENT (No such file or directory)
1981528 openat(AT_FDCWD, "/nix/store/yijhn548p2589pkybgvbhll09bqsxy0q-ncurses-6.5/lib/libgcc_s.a", O_RDONLY) = -1 ENOENT (No such file or directory)
1981528 openat(AT_FDCWD, "/nix/store/swch85kls1srlrji1i0g28wpa4y607hk-llvm-21.1.2-lib/lib/libgcc_s.so", O_RDONLY) = -1 ENOENT (No such file or directory)
1981528 openat(AT_FDCWD, "/nix/store/swch85kls1srlrji1i0g28wpa4y607hk-llvm-21.1.2-lib/lib/libgcc_s.a", O_RDONLY) = -1 ENOENT (No such file or directory)
1981528 openat(AT_FDCWD, "/nix/store/kl4w4f8bb77faahsdv40gjmfzg2d081d-clang-21.1.2-lib/lib/libgcc_s.so", O_RDONLY) = -1 ENOENT (No such file or directory)
1981528 openat(AT_FDCWD, "/nix/store/kl4w4f8bb77faahsdv40gjmfzg2d081d-clang-21.1.2-lib/lib/libgcc_s.a", O_RDONLY) = -1 ENOENT (No such file or directory)
1981528 openat(AT_FDCWD, "/nix/store/xx7cm72qy2c0643cm1ipngd87aqwkcdp-glibc-2.40-66/lib/libgcc_s.so", O_RDONLY) = -1 ENOENT (No such file or directory)
1981528 openat(AT_FDCWD, "/nix/store/xx7cm72qy2c0643cm1ipngd87aqwkcdp-glibc-2.40-66/lib/libgcc_s.a", O_RDONLY) = -1 ENOENT (No such file or directory)
1981528 openat(AT_FDCWD, "/nix/store/bdcajksxmj24w3drf5zr3dvxhqidrn16-snappy-1.2.2/lib/libgcc_s.so", O_RDONLY) = -1 ENOENT (No such file or directory)
1981528 openat(AT_FDCWD, "/nix/store/bdcajksxmj24w3drf5zr3dvxhqidrn16-snappy-1.2.2/lib/libgcc_s.a", O_RDONLY) = -1 ENOENT (No such file or directory)
1981528 openat(AT_FDCWD, "/nix/store/9awv9f5xrvfb85jxk4wlh9n138hpnlpx-lz4-1.10.0-lib/lib/libgcc_s.so", O_RDONLY) = -1 ENOENT (No such file or directory)
1981528 openat(AT_FDCWD, "/nix/store/9awv9f5xrvfb85jxk4wlh9n138hpnlpx-lz4-1.10.0-lib/lib/libgcc_s.a", O_RDONLY) = -1 ENOENT (No such file or directory)
1981528 openat(AT_FDCWD, "/nix/store/xgavznqg1ay2hycpp7yy9ia1n751jcla-bzip2-1.0.8/lib/libgcc_s.so", O_RDONLY) = -1 ENOENT (No such file or directory)
1981528 openat(AT_FDCWD, "/nix/store/xgavznqg1ay2hycpp7yy9ia1n751jcla-bzip2-1.0.8/lib/libgcc_s.a", O_RDONLY) = -1 ENOENT (No such file or directory)
1981528 openat(AT_FDCWD, "/nix/store/9nlgc607nfp6i9vnn7ccp28kmc1mhkkd-liburing-2.12/lib/libgcc_s.so", O_RDONLY) = -1 ENOENT (No such file or directory)
1981528 openat(AT_FDCWD, "/nix/store/9nlgc607nfp6i9vnn7ccp28kmc1mhkkd-liburing-2.12/lib/libgcc_s.a", O_RDONLY) = -1 ENOENT (No such file or directory)
1981528 openat(AT_FDCWD, "/nix/store/mr5l9d6bvv80n2s8l8dyms4l90gpjkkd-util-linux-2.41.2-lib/lib/libgcc_s.so", O_RDONLY) = -1 ENOENT (No such file or directory)
1981528 openat(AT_FDCWD, "/nix/store/mr5l9d6bvv80n2s8l8dyms4l90gpjkkd-util-linux-2.41.2-lib/lib/libgcc_s.a", O_RDONLY) = -1 ENOENT (No such file or directory)
1981528 openat(AT_FDCWD, "/nix/store/x5la0prz2lwhh06qhz9bmh49cypspn8v-libgit2-1.9.1-lib/lib/libgcc_s.so", O_RDONLY) = -1 ENOENT (No such file or directory)
1981528 openat(AT_FDCWD, "/nix/store/x5la0prz2lwhh06qhz9bmh49cypspn8v-libgit2-1.9.1-lib/lib/libgcc_s.a", O_RDONLY) = -1 ENOENT (No such file or directory)
1981528 openat(AT_FDCWD, "/nix/store/v8czfabwiry1aik0j3b4mqkqvn7vnxfi-brotli-1.1.0-lib/lib/libgcc_s.so", O_RDONLY) = -1 ENOENT (No such file or directory)
1981528 openat(AT_FDCWD, "/nix/store/v8czfabwiry1aik0j3b4mqkqvn7vnxfi-brotli-1.1.0-lib/lib/libgcc_s.a", O_RDONLY) = -1 ENOENT (No such file or directory)
1981528 openat(AT_FDCWD, "/nix/store/27r2vkndmz7q6gni64l84j46igsz7km4-c-ares-1.34.5/lib/libgcc_s.so", O_RDONLY) = -1 ENOENT (No such file or directory)
1981528 openat(AT_FDCWD, "/nix/store/27r2vkndmz7q6gni64l84j46igsz7km4-c-ares-1.34.5/lib/libgcc_s.a", O_RDONLY) = -1 ENOENT (No such file or directory)
1981528 openat(AT_FDCWD, "/nix/store/9z2jg63df52gd4nmbggjcw41cdi4m14p-krb5-1.22.1-lib/lib/libgcc_s.so", O_RDONLY) = -1 ENOENT (No such file or directory)
1981528 openat(AT_FDCWD, "/nix/store/9z2jg63df52gd4nmbggjcw41cdi4m14p-krb5-1.22.1-lib/lib/libgcc_s.a", O_RDONLY) = -1 ENOENT (No such file or directory)
1981528 openat(AT_FDCWD, "/nix/store/cn8ppsx5dns0n4naa4k5sc0siymg41vw-nghttp2-1.67.1-lib/lib/libgcc_s.so", O_RDONLY) = -1 ENOENT (No such file or directory)
1981528 openat(AT_FDCWD, "/nix/store/cn8ppsx5dns0n4naa4k5sc0siymg41vw-nghttp2-1.67.1-lib/lib/libgcc_s.a", O_RDONLY) = -1 ENOENT (No such file or directory)
1981528 openat(AT_FDCWD, "/nix/store/ggxfzhsmd3m54fac5xph7kva38k44mc2-nghttp3-1.12.0/lib/libgcc_s.so", O_RDONLY) = -1 ENOENT (No such file or directory)
1981528 openat(AT_FDCWD, "/nix/store/ggxfzhsmd3m54fac5xph7kva38k44mc2-nghttp3-1.12.0/lib/libgcc_s.a", O_RDONLY) = -1 ENOENT (No such file or directory)
1981528 openat(AT_FDCWD, "/nix/store/50b381c1c7h4ll8a40wqh3fcknwpnnck-ngtcp2-1.17.0/lib/libgcc_s.so", O_RDONLY) = -1 ENOENT (No such file or directory)
1981528 openat(AT_FDCWD, "/nix/store/50b381c1c7h4ll8a40wqh3fcknwpnnck-ngtcp2-1.17.0/lib/libgcc_s.a", O_RDONLY) = -1 ENOENT (No such file or directory)
1981528 openat(AT_FDCWD, "/nix/store/hxcmad417fd8ql9ylx96xpak7da06yiv-libidn2-2.3.8/lib/libgcc_s.so", O_RDONLY) = -1 ENOENT (No such file or directory)
1981528 openat(AT_FDCWD, "/nix/store/hxcmad417fd8ql9ylx96xpak7da06yiv-libidn2-2.3.8/lib/libgcc_s.a", O_RDONLY) = -1 ENOENT (No such file or directory)
1981528 openat(AT_FDCWD, "/nix/store/61i74yjkj9p1qphfl7018ja4sdwkipx0-openssl-3.6.0/lib/libgcc_s.so", O_RDONLY) = -1 ENOENT (No such file or directory)
1981528 openat(AT_FDCWD, "/nix/store/61i74yjkj9p1qphfl7018ja4sdwkipx0-openssl-3.6.0/lib/libgcc_s.a", O_RDONLY) = -1 ENOENT (No such file or directory)
1981528 openat(AT_FDCWD, "/nix/store/d3fj7k3aya8slkgm72gn5izyvnlkgx73-libpsl-0.21.5/lib/libgcc_s.so", O_RDONLY) = -1 ENOENT (No such file or directory)
1981528 openat(AT_FDCWD, "/nix/store/d3fj7k3aya8slkgm72gn5izyvnlkgx73-libpsl-0.21.5/lib/libgcc_s.a", O_RDONLY) = -1 ENOENT (No such file or directory)
1981528 openat(AT_FDCWD, "/nix/store/jrczm01vajmmh23wrzbgk51plwn7lfsi-libssh2-1.11.1/lib/libgcc_s.so", O_RDONLY) = -1 ENOENT (No such file or directory)
1981528 openat(AT_FDCWD, "/nix/store/jrczm01vajmmh23wrzbgk51plwn7lfsi-libssh2-1.11.1/lib/libgcc_s.a", O_RDONLY) = -1 ENOENT (No such file or directory)
1981528 openat(AT_FDCWD, "/nix/store/l7xwm1f6f3zj2x8jwdbi8gdyfbx07sh7-zlib-1.3.1/lib/libgcc_s.so", O_RDONLY) = -1 ENOENT (No such file or directory)
1981528 openat(AT_FDCWD, "/nix/store/l7xwm1f6f3zj2x8jwdbi8gdyfbx07sh7-zlib-1.3.1/lib/libgcc_s.a", O_RDONLY) = -1 ENOENT (No such file or directory)
1981528 openat(AT_FDCWD, "/nix/store/s7vmxmhkq439cjb7ag9w198p6dk7kl0w-zstd-1.5.7/lib/libgcc_s.so", O_RDONLY) = -1 ENOENT (No such file or directory)
1981528 openat(AT_FDCWD, "/nix/store/s7vmxmhkq439cjb7ag9w198p6dk7kl0w-zstd-1.5.7/lib/libgcc_s.a", O_RDONLY) = -1 ENOENT (No such file or directory)
1981528 openat(AT_FDCWD, "/nix/store/8idis3j5l13c3x74jl8xly0k4qyk9mx6-curl-8.17.0/lib/libgcc_s.so", O_RDONLY) = -1 ENOENT (No such file or directory)
1981528 openat(AT_FDCWD, "/nix/store/8idis3j5l13c3x74jl8xly0k4qyk9mx6-curl-8.17.0/lib/libgcc_s.a", O_RDONLY) = -1 ENOENT (No such file or directory)
1981528 openat(AT_FDCWD, "/nix/store/yijhn548p2589pkybgvbhll09bqsxy0q-ncurses-6.5/lib/libgcc_s.so", O_RDONLY) = -1 ENOENT (No such file or directory)
1981528 openat(AT_FDCWD, "/nix/store/yijhn548p2589pkybgvbhll09bqsxy0q-ncurses-6.5/lib/libgcc_s.a", O_RDONLY) = -1 ENOENT (No such file or directory)
1981528 openat(AT_FDCWD, "/nix/store/swch85kls1srlrji1i0g28wpa4y607hk-llvm-21.1.2-lib/lib/libgcc_s.so", O_RDONLY) = -1 ENOENT (No such file or directory)
1981528 openat(AT_FDCWD, "/nix/store/swch85kls1srlrji1i0g28wpa4y607hk-llvm-21.1.2-lib/lib/libgcc_s.a", O_RDONLY) = -1 ENOENT (No such file or directory)
1981528 openat(AT_FDCWD, "/nix/store/kl4w4f8bb77faahsdv40gjmfzg2d081d-clang-21.1.2-lib/lib/libgcc_s.so", O_RDONLY) = -1 ENOENT (No such file or directory)
1981528 openat(AT_FDCWD, "/nix/store/kl4w4f8bb77faahsdv40gjmfzg2d081d-clang-21.1.2-lib/lib/libgcc_s.a", O_RDONLY) = -1 ENOENT (No such file or directory)
1981528 openat(AT_FDCWD, "/nix/store/xx7cm72qy2c0643cm1ipngd87aqwkcdp-glibc-2.40-66/lib/libgcc_s.so", O_RDONLY) = -1 ENOENT (No such file or directory)
1981528 openat(AT_FDCWD, "/nix/store/xx7cm72qy2c0643cm1ipngd87aqwkcdp-glibc-2.40-66/lib/libgcc_s.a", O_RDONLY) = -1 ENOENT (No such file or directory)
1981528 openat(AT_FDCWD, "/nix/store/bdcajksxmj24w3drf5zr3dvxhqidrn16-snappy-1.2.2/lib/libgcc_s.so", O_RDONLY) = -1 ENOENT (No such file or directory)
1981528 openat(AT_FDCWD, "/nix/store/bdcajksxmj24w3drf5zr3dvxhqidrn16-snappy-1.2.2/lib/libgcc_s.a", O_RDONLY) = -1 ENOENT (No such file or directory)
1981528 openat(AT_FDCWD, "/nix/store/9awv9f5xrvfb85jxk4wlh9n138hpnlpx-lz4-1.10.0-lib/lib/libgcc_s.so", O_RDONLY) = -1 ENOENT (No such file or directory)
1981528 openat(AT_FDCWD, "/nix/store/9awv9f5xrvfb85jxk4wlh9n138hpnlpx-lz4-1.10.0-lib/lib/libgcc_s.a", O_RDONLY) = -1 ENOENT (No such file or directory)
1981528 openat(AT_FDCWD, "/nix/store/xgavznqg1ay2hycpp7yy9ia1n751jcla-bzip2-1.0.8/lib/libgcc_s.so", O_RDONLY) = -1 ENOENT (No such file or directory)
1981528 openat(AT_FDCWD, "/nix/store/xgavznqg1ay2hycpp7yy9ia1n751jcla-bzip2-1.0.8/lib/libgcc_s.a", O_RDONLY) = -1 ENOENT (No such file or directory)
1981528 openat(AT_FDCWD, "/nix/store/9nlgc607nfp6i9vnn7ccp28kmc1mhkkd-liburing-2.12/lib/libgcc_s.so", O_RDONLY) = -1 ENOENT (No such file or directory)
1981528 openat(AT_FDCWD, "/nix/store/9nlgc607nfp6i9vnn7ccp28kmc1mhkkd-liburing-2.12/lib/libgcc_s.a", O_RDONLY) = -1 ENOENT (No such file or directory)
1981528 openat(AT_FDCWD, "/nix/store/mr5l9d6bvv80n2s8l8dyms4l90gpjkkd-util-linux-2.41.2-lib/lib/libgcc_s.so", O_RDONLY) = -1 ENOENT (No such file or directory)
1981528 openat(AT_FDCWD, "/nix/store/mr5l9d6bvv80n2s8l8dyms4l90gpjkkd-util-linux-2.41.2-lib/lib/libgcc_s.a", O_RDONLY) = -1 ENOENT (No such file or directory)
1981528 openat(AT_FDCWD, "/nix/store/xx7cm72qy2c0643cm1ipngd87aqwkcdp-glibc-2.40-66/lib/libgcc_s.so", O_RDONLY) = -1 ENOENT (No such file or directory)
1981528 openat(AT_FDCWD, "/nix/store/xx7cm72qy2c0643cm1ipngd87aqwkcdp-glibc-2.40-66/lib/libgcc_s.a", O_RDONLY) = -1 ENOENT (No such file or directory)
1981528 openat(AT_FDCWD, "/nix/store/kzq78n13l8w24jn8bx4djj79k5j717f1-gcc-14.3.0/lib/gcc/x86_64-unknown-linux-gnu/14.3.0/libgcc_s.so", O_RDONLY) = -1 ENOENT (No such file or directory)
1981528 openat(AT_FDCWD, "/nix/store/kzq78n13l8w24jn8bx4djj79k5j717f1-gcc-14.3.0/lib/gcc/x86_64-unknown-linux-gnu/14.3.0/libgcc_s.a", O_RDONLY) = -1 ENOENT (No such file or directory)
1981528 openat(AT_FDCWD, "/nix/store/xm08aqdd7pxcdhm0ak6aqb1v7hw5q6ri-gcc-14.3.0-lib/lib/libgcc_s.so", O_RDONLY) = 44
1981528 openat(AT_FDCWD, "/nix/store/xm08aqdd7pxcdhm0ak6aqb1v7hw5q6ri-gcc-14.3.0-lib/lib/libgcc_s.so", O_RDONLY) = 46
1981528 openat(AT_FDCWD, "/nix/store/xm08aqdd7pxcdhm0ak6aqb1v7hw5q6ri-gcc-14.3.0-lib/lib/libgcc_s.so", O_RDONLY) = 46
1981528 openat(AT_FDCWD, "/nix/store/xm08aqdd7pxcdhm0ak6aqb1v7hw5q6ri-gcc-14.3.0-lib/lib/libgcc_s.so", O_RDONLY) = 44
1981528 openat(AT_FDCWD, "/nix/store/xm08aqdd7pxcdhm0ak6aqb1v7hw5q6ri-gcc-14.3.0-lib/lib/libgcc_s.so.1", O_RDONLY) = 44
1981528 openat(AT_FDCWD, "/nix/store/xm08aqdd7pxcdhm0ak6aqb1v7hw5q6ri-gcc-14.3.0-lib/lib/libgcc_s.so.1", O_RDONLY) = 46
1981528 openat(AT_FDCWD, "/tmp/nix-shell.kXbcdK/nix-shell.rpTZRq/nix-shell.tQ7Akt/rustchZsiwT/raw-dylibs/libgcc.so", O_RDONLY) = -1 ENOENT (No such file or directory)
1981528 openat(AT_FDCWD, "/tmp/nix-shell.kXbcdK/nix-shell.rpTZRq/nix-shell.tQ7Akt/rustchZsiwT/raw-dylibs/libgcc.a", O_RDONLY) = -1 ENOENT (No such file or directory)
1981528 openat(AT_FDCWD, "/nix/store/i6xakg19vy8vc2g211yr9d5nmb0wk7v0-rustc-1.91.1/lib/rustlib/x86_64-unknown-linux-gnu/lib/libgcc.so", O_RDONLY) = -1 ENOENT (No such file or directory)
1981528 openat(AT_FDCWD, "/nix/store/i6xakg19vy8vc2g211yr9d5nmb0wk7v0-rustc-1.91.1/lib/rustlib/x86_64-unknown-linux-gnu/lib/libgcc.a", O_RDONLY) = -1 ENOENT (No such file or directory)
1981528 openat(AT_FDCWD, "/nix/store/x5la0prz2lwhh06qhz9bmh49cypspn8v-libgit2-1.9.1-lib/lib/libgcc.so", O_RDONLY) = -1 ENOENT (No such file or directory)
1981528 openat(AT_FDCWD, "/nix/store/x5la0prz2lwhh06qhz9bmh49cypspn8v-libgit2-1.9.1-lib/lib/libgcc.a", O_RDONLY) = -1 ENOENT (No such file or directory)
1981528 openat(AT_FDCWD, "/nix/store/v8czfabwiry1aik0j3b4mqkqvn7vnxfi-brotli-1.1.0-lib/lib/libgcc.so", O_RDONLY) = -1 ENOENT (No such file or directory)
1981528 openat(AT_FDCWD, "/nix/store/v8czfabwiry1aik0j3b4mqkqvn7vnxfi-brotli-1.1.0-lib/lib/libgcc.a", O_RDONLY) = -1 ENOENT (No such file or directory)
1981528 openat(AT_FDCWD, "/nix/store/27r2vkndmz7q6gni64l84j46igsz7km4-c-ares-1.34.5/lib/libgcc.so", O_RDONLY) = -1 ENOENT (No such file or directory)
1981528 openat(AT_FDCWD, "/nix/store/27r2vkndmz7q6gni64l84j46igsz7km4-c-ares-1.34.5/lib/libgcc.a", O_RDONLY) = -1 ENOENT (No such file or directory)
1981528 openat(AT_FDCWD, "/nix/store/9z2jg63df52gd4nmbggjcw41cdi4m14p-krb5-1.22.1-lib/lib/libgcc.so", O_RDONLY) = -1 ENOENT (No such file or directory)
1981528 openat(AT_FDCWD, "/nix/store/9z2jg63df52gd4nmbggjcw41cdi4m14p-krb5-1.22.1-lib/lib/libgcc.a", O_RDONLY) = -1 ENOENT (No such file or directory)
1981528 openat(AT_FDCWD, "/nix/store/cn8ppsx5dns0n4naa4k5sc0siymg41vw-nghttp2-1.67.1-lib/lib/libgcc.so", O_RDONLY) = -1 ENOENT (No such file or directory)
1981528 openat(AT_FDCWD, "/nix/store/cn8ppsx5dns0n4naa4k5sc0siymg41vw-nghttp2-1.67.1-lib/lib/libgcc.a", O_RDONLY) = -1 ENOENT (No such file or directory)
1981528 openat(AT_FDCWD, "/nix/store/ggxfzhsmd3m54fac5xph7kva38k44mc2-nghttp3-1.12.0/lib/libgcc.so", O_RDONLY) = -1 ENOENT (No such file or directory)
1981528 openat(AT_FDCWD, "/nix/store/ggxfzhsmd3m54fac5xph7kva38k44mc2-nghttp3-1.12.0/lib/libgcc.a", O_RDONLY) = -1 ENOENT (No such file or directory)
1981528 openat(AT_FDCWD, "/nix/store/50b381c1c7h4ll8a40wqh3fcknwpnnck-ngtcp2-1.17.0/lib/libgcc.so", O_RDONLY) = -1 ENOENT (No such file or directory)
1981528 openat(AT_FDCWD, "/nix/store/50b381c1c7h4ll8a40wqh3fcknwpnnck-ngtcp2-1.17.0/lib/libgcc.a", O_RDONLY) = -1 ENOENT (No such file or directory)
1981528 openat(AT_FDCWD, "/nix/store/hxcmad417fd8ql9ylx96xpak7da06yiv-libidn2-2.3.8/lib/libgcc.so", O_RDONLY) = -1 ENOENT (No such file or directory)
1981528 openat(AT_FDCWD, "/nix/store/hxcmad417fd8ql9ylx96xpak7da06yiv-libidn2-2.3.8/lib/libgcc.a", O_RDONLY) = -1 ENOENT (No such file or directory)
1981528 openat(AT_FDCWD, "/nix/store/61i74yjkj9p1qphfl7018ja4sdwkipx0-openssl-3.6.0/lib/libgcc.so", O_RDONLY) = -1 ENOENT (No such file or directory)
1981528 openat(AT_FDCWD, "/nix/store/61i74yjkj9p1qphfl7018ja4sdwkipx0-openssl-3.6.0/lib/libgcc.a", O_RDONLY) = -1 ENOENT (No such file or directory)
1981528 openat(AT_FDCWD, "/nix/store/d3fj7k3aya8slkgm72gn5izyvnlkgx73-libpsl-0.21.5/lib/libgcc.so", O_RDONLY) = -1 ENOENT (No such file or directory)
1981528 openat(AT_FDCWD, "/nix/store/d3fj7k3aya8slkgm72gn5izyvnlkgx73-libpsl-0.21.5/lib/libgcc.a", O_RDONLY) = -1 ENOENT (No such file or directory)
1981528 openat(AT_FDCWD, "/nix/store/jrczm01vajmmh23wrzbgk51plwn7lfsi-libssh2-1.11.1/lib/libgcc.so", O_RDONLY) = -1 ENOENT (No such file or directory)
1981528 openat(AT_FDCWD, "/nix/store/jrczm01vajmmh23wrzbgk51plwn7lfsi-libssh2-1.11.1/lib/libgcc.a", O_RDONLY) = -1 ENOENT (No such file or directory)
1981528 openat(AT_FDCWD, "/nix/store/l7xwm1f6f3zj2x8jwdbi8gdyfbx07sh7-zlib-1.3.1/lib/libgcc.so", O_RDONLY) = -1 ENOENT (No such file or directory)
1981528 openat(AT_FDCWD, "/nix/store/l7xwm1f6f3zj2x8jwdbi8gdyfbx07sh7-zlib-1.3.1/lib/libgcc.a", O_RDONLY) = -1 ENOENT (No such file or directory)
1981528 openat(AT_FDCWD, "/nix/store/s7vmxmhkq439cjb7ag9w198p6dk7kl0w-zstd-1.5.7/lib/libgcc.so", O_RDONLY) = -1 ENOENT (No such file or directory)
1981528 openat(AT_FDCWD, "/nix/store/s7vmxmhkq439cjb7ag9w198p6dk7kl0w-zstd-1.5.7/lib/libgcc.a", O_RDONLY) = -1 ENOENT (No such file or directory)
1981528 openat(AT_FDCWD, "/nix/store/8idis3j5l13c3x74jl8xly0k4qyk9mx6-curl-8.17.0/lib/libgcc.so", O_RDONLY) = -1 ENOENT (No such file or directory)
1981528 openat(AT_FDCWD, "/nix/store/8idis3j5l13c3x74jl8xly0k4qyk9mx6-curl-8.17.0/lib/libgcc.a", O_RDONLY) = -1 ENOENT (No such file or directory)
1981528 openat(AT_FDCWD, "/nix/store/yijhn548p2589pkybgvbhll09bqsxy0q-ncurses-6.5/lib/libgcc.so", O_RDONLY) = -1 ENOENT (No such file or directory)
1981528 openat(AT_FDCWD, "/nix/store/yijhn548p2589pkybgvbhll09bqsxy0q-ncurses-6.5/lib/libgcc.a", O_RDONLY) = -1 ENOENT (No such file or directory)
1981528 openat(AT_FDCWD, "/nix/store/swch85kls1srlrji1i0g28wpa4y607hk-llvm-21.1.2-lib/lib/libgcc.so", O_RDONLY) = -1 ENOENT (No such file or directory)
1981528 openat(AT_FDCWD, "/nix/store/swch85kls1srlrji1i0g28wpa4y607hk-llvm-21.1.2-lib/lib/libgcc.a", O_RDONLY) = -1 ENOENT (No such file or directory)
1981528 openat(AT_FDCWD, "/nix/store/kl4w4f8bb77faahsdv40gjmfzg2d081d-clang-21.1.2-lib/lib/libgcc.so", O_RDONLY) = -1 ENOENT (No such file or directory)
1981528 openat(AT_FDCWD, "/nix/store/kl4w4f8bb77faahsdv40gjmfzg2d081d-clang-21.1.2-lib/lib/libgcc.a", O_RDONLY) = -1 ENOENT (No such file or directory)
1981528 openat(AT_FDCWD, "/nix/store/xx7cm72qy2c0643cm1ipngd87aqwkcdp-glibc-2.40-66/lib/libgcc.so", O_RDONLY) = -1 ENOENT (No such file or directory)
1981528 openat(AT_FDCWD, "/nix/store/xx7cm72qy2c0643cm1ipngd87aqwkcdp-glibc-2.40-66/lib/libgcc.a", O_RDONLY) = -1 ENOENT (No such file or directory)
1981528 openat(AT_FDCWD, "/nix/store/bdcajksxmj24w3drf5zr3dvxhqidrn16-snappy-1.2.2/lib/libgcc.so", O_RDONLY) = -1 ENOENT (No such file or directory)
1981528 openat(AT_FDCWD, "/nix/store/bdcajksxmj24w3drf5zr3dvxhqidrn16-snappy-1.2.2/lib/libgcc.a", O_RDONLY) = -1 ENOENT (No such file or directory)
1981528 openat(AT_FDCWD, "/nix/store/9awv9f5xrvfb85jxk4wlh9n138hpnlpx-lz4-1.10.0-lib/lib/libgcc.so", O_RDONLY) = -1 ENOENT (No such file or directory)
1981528 openat(AT_FDCWD, "/nix/store/9awv9f5xrvfb85jxk4wlh9n138hpnlpx-lz4-1.10.0-lib/lib/libgcc.a", O_RDONLY) = -1 ENOENT (No such file or directory)
1981528 openat(AT_FDCWD, "/nix/store/xgavznqg1ay2hycpp7yy9ia1n751jcla-bzip2-1.0.8/lib/libgcc.so", O_RDONLY) = -1 ENOENT (No such file or directory)
1981528 openat(AT_FDCWD, "/nix/store/xgavznqg1ay2hycpp7yy9ia1n751jcla-bzip2-1.0.8/lib/libgcc.a", O_RDONLY) = -1 ENOENT (No such file or directory)
1981528 openat(AT_FDCWD, "/nix/store/9nlgc607nfp6i9vnn7ccp28kmc1mhkkd-liburing-2.12/lib/libgcc.so", O_RDONLY) = -1 ENOENT (No such file or directory)
1981528 openat(AT_FDCWD, "/nix/store/9nlgc607nfp6i9vnn7ccp28kmc1mhkkd-liburing-2.12/lib/libgcc.a", O_RDONLY) = -1 ENOENT (No such file or directory)
1981528 openat(AT_FDCWD, "/nix/store/mr5l9d6bvv80n2s8l8dyms4l90gpjkkd-util-linux-2.41.2-lib/lib/libgcc.so", O_RDONLY) = -1 ENOENT (No such file or directory)
1981528 openat(AT_FDCWD, "/nix/store/mr5l9d6bvv80n2s8l8dyms4l90gpjkkd-util-linux-2.41.2-lib/lib/libgcc.a", O_RDONLY) = -1 ENOENT (No such file or directory)
1981528 openat(AT_FDCWD, "/nix/store/x5la0prz2lwhh06qhz9bmh49cypspn8v-libgit2-1.9.1-lib/lib/libgcc.so", O_RDONLY) = -1 ENOENT (No such file or directory)
1981528 openat(AT_FDCWD, "/nix/store/x5la0prz2lwhh06qhz9bmh49cypspn8v-libgit2-1.9.1-lib/lib/libgcc.a", O_RDONLY) = -1 ENOENT (No such file or directory)
1981528 openat(AT_FDCWD, "/nix/store/v8czfabwiry1aik0j3b4mqkqvn7vnxfi-brotli-1.1.0-lib/lib/libgcc.so", O_RDONLY) = -1 ENOENT (No such file or directory)
1981528 openat(AT_FDCWD, "/nix/store/v8czfabwiry1aik0j3b4mqkqvn7vnxfi-brotli-1.1.0-lib/lib/libgcc.a", O_RDONLY) = -1 ENOENT (No such file or directory)
1981528 openat(AT_FDCWD, "/nix/store/27r2vkndmz7q6gni64l84j46igsz7km4-c-ares-1.34.5/lib/libgcc.so", O_RDONLY) = -1 ENOENT (No such file or directory)
1981528 openat(AT_FDCWD, "/nix/store/27r2vkndmz7q6gni64l84j46igsz7km4-c-ares-1.34.5/lib/libgcc.a", O_RDONLY) = -1 ENOENT (No such file or directory)
1981528 openat(AT_FDCWD, "/nix/store/9z2jg63df52gd4nmbggjcw41cdi4m14p-krb5-1.22.1-lib/lib/libgcc.so", O_RDONLY) = -1 ENOENT (No such file or directory)
1981528 openat(AT_FDCWD, "/nix/store/9z2jg63df52gd4nmbggjcw41cdi4m14p-krb5-1.22.1-lib/lib/libgcc.a", O_RDONLY) = -1 ENOENT (No such file or directory)
1981528 openat(AT_FDCWD, "/nix/store/cn8ppsx5dns0n4naa4k5sc0siymg41vw-nghttp2-1.67.1-lib/lib/libgcc.so", O_RDONLY) = -1 ENOENT (No such file or directory)
1981528 openat(AT_FDCWD, "/nix/store/cn8ppsx5dns0n4naa4k5sc0siymg41vw-nghttp2-1.67.1-lib/lib/libgcc.a", O_RDONLY) = -1 ENOENT (No such file or directory)
1981528 openat(AT_FDCWD, "/nix/store/ggxfzhsmd3m54fac5xph7kva38k44mc2-nghttp3-1.12.0/lib/libgcc.so", O_RDONLY) = -1 ENOENT (No such file or directory)
1981528 openat(AT_FDCWD, "/nix/store/ggxfzhsmd3m54fac5xph7kva38k44mc2-nghttp3-1.12.0/lib/libgcc.a", O_RDONLY) = -1 ENOENT (No such file or directory)
1981528 openat(AT_FDCWD, "/nix/store/50b381c1c7h4ll8a40wqh3fcknwpnnck-ngtcp2-1.17.0/lib/libgcc.so", O_RDONLY) = -1 ENOENT (No such file or directory)
1981528 openat(AT_FDCWD, "/nix/store/50b381c1c7h4ll8a40wqh3fcknwpnnck-ngtcp2-1.17.0/lib/libgcc.a", O_RDONLY) = -1 ENOENT (No such file or directory)
1981528 openat(AT_FDCWD, "/nix/store/hxcmad417fd8ql9ylx96xpak7da06yiv-libidn2-2.3.8/lib/libgcc.so", O_RDONLY) = -1 ENOENT (No such file or directory)
1981528 openat(AT_FDCWD, "/nix/store/hxcmad417fd8ql9ylx96xpak7da06yiv-libidn2-2.3.8/lib/libgcc.a", O_RDONLY) = -1 ENOENT (No such file or directory)
1981528 openat(AT_FDCWD, "/nix/store/61i74yjkj9p1qphfl7018ja4sdwkipx0-openssl-3.6.0/lib/libgcc.so", O_RDONLY) = -1 ENOENT (No such file or directory)
1981528 openat(AT_FDCWD, "/nix/store/61i74yjkj9p1qphfl7018ja4sdwkipx0-openssl-3.6.0/lib/libgcc.a", O_RDONLY) = -1 ENOENT (No such file or directory)
1981528 openat(AT_FDCWD, "/nix/store/d3fj7k3aya8slkgm72gn5izyvnlkgx73-libpsl-0.21.5/lib/libgcc.so", O_RDONLY) = -1 ENOENT (No such file or directory)
1981528 openat(AT_FDCWD, "/nix/store/d3fj7k3aya8slkgm72gn5izyvnlkgx73-libpsl-0.21.5/lib/libgcc.a", O_RDONLY) = -1 ENOENT (No such file or directory)
1981528 openat(AT_FDCWD, "/nix/store/jrczm01vajmmh23wrzbgk51plwn7lfsi-libssh2-1.11.1/lib/libgcc.so", O_RDONLY) = -1 ENOENT (No such file or directory)
1981528 openat(AT_FDCWD, "/nix/store/jrczm01vajmmh23wrzbgk51plwn7lfsi-libssh2-1.11.1/lib/libgcc.a", O_RDONLY) = -1 ENOENT (No such file or directory)
1981528 openat(AT_FDCWD, "/nix/store/l7xwm1f6f3zj2x8jwdbi8gdyfbx07sh7-zlib-1.3.1/lib/libgcc.so", O_RDONLY) = -1 ENOENT (No such file or directory)
1981528 openat(AT_FDCWD, "/nix/store/l7xwm1f6f3zj2x8jwdbi8gdyfbx07sh7-zlib-1.3.1/lib/libgcc.a", O_RDONLY) = -1 ENOENT (No such file or directory)
1981528 openat(AT_FDCWD, "/nix/store/s7vmxmhkq439cjb7ag9w198p6dk7kl0w-zstd-1.5.7/lib/libgcc.so", O_RDONLY) = -1 ENOENT (No such file or directory)
1981528 openat(AT_FDCWD, "/nix/store/s7vmxmhkq439cjb7ag9w198p6dk7kl0w-zstd-1.5.7/lib/libgcc.a", O_RDONLY) = -1 ENOENT (No such file or directory)
1981528 openat(AT_FDCWD, "/nix/store/8idis3j5l13c3x74jl8xly0k4qyk9mx6-curl-8.17.0/lib/libgcc.so", O_RDONLY) = -1 ENOENT (No such file or directory)
1981528 openat(AT_FDCWD, "/nix/store/8idis3j5l13c3x74jl8xly0k4qyk9mx6-curl-8.17.0/lib/libgcc.a", O_RDONLY) = -1 ENOENT (No such file or directory)
1981528 openat(AT_FDCWD, "/nix/store/yijhn548p2589pkybgvbhll09bqsxy0q-ncurses-6.5/lib/libgcc.so", O_RDONLY) = -1 ENOENT (No such file or directory)
1981528 openat(AT_FDCWD, "/nix/store/yijhn548p2589pkybgvbhll09bqsxy0q-ncurses-6.5/lib/libgcc.a", O_RDONLY) = -1 ENOENT (No such file or directory)
1981528 openat(AT_FDCWD, "/nix/store/swch85kls1srlrji1i0g28wpa4y607hk-llvm-21.1.2-lib/lib/libgcc.so", O_RDONLY) = -1 ENOENT (No such file or directory)
1981528 openat(AT_FDCWD, "/nix/store/swch85kls1srlrji1i0g28wpa4y607hk-llvm-21.1.2-lib/lib/libgcc.a", O_RDONLY) = -1 ENOENT (No such file or directory)
1981528 openat(AT_FDCWD, "/nix/store/kl4w4f8bb77faahsdv40gjmfzg2d081d-clang-21.1.2-lib/lib/libgcc.so", O_RDONLY) = -1 ENOENT (No such file or directory)
1981528 openat(AT_FDCWD, "/nix/store/kl4w4f8bb77faahsdv40gjmfzg2d081d-clang-21.1.2-lib/lib/libgcc.a", O_RDONLY) = -1 ENOENT (No such file or directory)
1981528 openat(AT_FDCWD, "/nix/store/xx7cm72qy2c0643cm1ipngd87aqwkcdp-glibc-2.40-66/lib/libgcc.so", O_RDONLY) = -1 ENOENT (No such file or directory)
1981528 openat(AT_FDCWD, "/nix/store/xx7cm72qy2c0643cm1ipngd87aqwkcdp-glibc-2.40-66/lib/libgcc.a", O_RDONLY) = -1 ENOENT (No such file or directory)
1981528 openat(AT_FDCWD, "/nix/store/bdcajksxmj24w3drf5zr3dvxhqidrn16-snappy-1.2.2/lib/libgcc.so", O_RDONLY) = -1 ENOENT (No such file or directory)
1981528 openat(AT_FDCWD, "/nix/store/bdcajksxmj24w3drf5zr3dvxhqidrn16-snappy-1.2.2/lib/libgcc.a", O_RDONLY) = -1 ENOENT (No such file or directory)
1981528 openat(AT_FDCWD, "/nix/store/9awv9f5xrvfb85jxk4wlh9n138hpnlpx-lz4-1.10.0-lib/lib/libgcc.so", O_RDONLY) = -1 ENOENT (No such file or directory)
1981528 openat(AT_FDCWD, "/nix/store/9awv9f5xrvfb85jxk4wlh9n138hpnlpx-lz4-1.10.0-lib/lib/libgcc.a", O_RDONLY) = -1 ENOENT (No such file or directory)
1981528 openat(AT_FDCWD, "/nix/store/xgavznqg1ay2hycpp7yy9ia1n751jcla-bzip2-1.0.8/lib/libgcc.so", O_RDONLY) = -1 ENOENT (No such file or directory)
1981528 openat(AT_FDCWD, "/nix/store/xgavznqg1ay2hycpp7yy9ia1n751jcla-bzip2-1.0.8/lib/libgcc.a", O_RDONLY) = -1 ENOENT (No such file or directory)
1981528 openat(AT_FDCWD, "/nix/store/9nlgc607nfp6i9vnn7ccp28kmc1mhkkd-liburing-2.12/lib/libgcc.so", O_RDONLY) = -1 ENOENT (No such file or directory)
1981528 openat(AT_FDCWD, "/nix/store/9nlgc607nfp6i9vnn7ccp28kmc1mhkkd-liburing-2.12/lib/libgcc.a", O_RDONLY) = -1 ENOENT (No such file or directory)
1981528 openat(AT_FDCWD, "/nix/store/mr5l9d6bvv80n2s8l8dyms4l90gpjkkd-util-linux-2.41.2-lib/lib/libgcc.so", O_RDONLY) = -1 ENOENT (No such file or directory)
1981528 openat(AT_FDCWD, "/nix/store/mr5l9d6bvv80n2s8l8dyms4l90gpjkkd-util-linux-2.41.2-lib/lib/libgcc.a", O_RDONLY) = -1 ENOENT (No such file or directory)
1981528 openat(AT_FDCWD, "/nix/store/xx7cm72qy2c0643cm1ipngd87aqwkcdp-glibc-2.40-66/lib/libgcc.so", O_RDONLY) = -1 ENOENT (No such file or directory)
1981528 openat(AT_FDCWD, "/nix/store/xx7cm72qy2c0643cm1ipngd87aqwkcdp-glibc-2.40-66/lib/libgcc.a", O_RDONLY) = -1 ENOENT (No such file or directory)
1981528 openat(AT_FDCWD, "/nix/store/kzq78n13l8w24jn8bx4djj79k5j717f1-gcc-14.3.0/lib/gcc/x86_64-unknown-linux-gnu/14.3.0/libgcc.so", O_RDONLY) = -1 ENOENT (No such file or directory)
1981528 openat(AT_FDCWD, "/nix/store/kzq78n13l8w24jn8bx4djj79k5j717f1-gcc-14.3.0/lib/gcc/x86_64-unknown-linux-gnu/14.3.0/libgcc.a", O_RDONLY) = 46
1981528 openat(AT_FDCWD, "/tmp/nix-shell.kXbcdK/nix-shell.rpTZRq/nix-shell.tQ7Akt/rustchZsiwT/raw-dylibs/libutil.so", O_RDONLY) = -1 ENOENT (No such file or directory)
1981528 openat(AT_FDCWD, "/tmp/nix-shell.kXbcdK/nix-shell.rpTZRq/nix-shell.tQ7Akt/rustchZsiwT/raw-dylibs/libutil.a", O_RDONLY) = -1 ENOENT (No such file or directory)
1981528 openat(AT_FDCWD, "/nix/store/i6xakg19vy8vc2g211yr9d5nmb0wk7v0-rustc-1.91.1/lib/rustlib/x86_64-unknown-linux-gnu/lib/libutil.so", O_RDONLY) = -1 ENOENT (No such file or directory)
1981528 openat(AT_FDCWD, "/nix/store/i6xakg19vy8vc2g211yr9d5nmb0wk7v0-rustc-1.91.1/lib/rustlib/x86_64-unknown-linux-gnu/lib/libutil.a", O_RDONLY) = -1 ENOENT (No such file or directory)
1981528 openat(AT_FDCWD, "/nix/store/x5la0prz2lwhh06qhz9bmh49cypspn8v-libgit2-1.9.1-lib/lib/libutil.so", O_RDONLY) = -1 ENOENT (No such file or directory)
1981528 openat(AT_FDCWD, "/nix/store/x5la0prz2lwhh06qhz9bmh49cypspn8v-libgit2-1.9.1-lib/lib/libutil.a", O_RDONLY) = -1 ENOENT (No such file or directory)
1981528 openat(AT_FDCWD, "/nix/store/v8czfabwiry1aik0j3b4mqkqvn7vnxfi-brotli-1.1.0-lib/lib/libutil.so", O_RDONLY) = -1 ENOENT (No such file or directory)
1981528 openat(AT_FDCWD, "/nix/store/v8czfabwiry1aik0j3b4mqkqvn7vnxfi-brotli-1.1.0-lib/lib/libutil.a", O_RDONLY) = -1 ENOENT (No such file or directory)
1981528 openat(AT_FDCWD, "/nix/store/27r2vkndmz7q6gni64l84j46igsz7km4-c-ares-1.34.5/lib/libutil.so", O_RDONLY) = -1 ENOENT (No such file or directory)
1981528 openat(AT_FDCWD, "/nix/store/27r2vkndmz7q6gni64l84j46igsz7km4-c-ares-1.34.5/lib/libutil.a", O_RDONLY) = -1 ENOENT (No such file or directory)
1981528 openat(AT_FDCWD, "/nix/store/9z2jg63df52gd4nmbggjcw41cdi4m14p-krb5-1.22.1-lib/lib/libutil.so", O_RDONLY) = -1 ENOENT (No such file or directory)
1981528 openat(AT_FDCWD, "/nix/store/9z2jg63df52gd4nmbggjcw41cdi4m14p-krb5-1.22.1-lib/lib/libutil.a", O_RDONLY) = -1 ENOENT (No such file or directory)
1981528 openat(AT_FDCWD, "/nix/store/cn8ppsx5dns0n4naa4k5sc0siymg41vw-nghttp2-1.67.1-lib/lib/libutil.so", O_RDONLY) = -1 ENOENT (No such file or directory)
1981528 openat(AT_FDCWD, "/nix/store/cn8ppsx5dns0n4naa4k5sc0siymg41vw-nghttp2-1.67.1-lib/lib/libutil.a", O_RDONLY) = -1 ENOENT (No such file or directory)
1981528 openat(AT_FDCWD, "/nix/store/ggxfzhsmd3m54fac5xph7kva38k44mc2-nghttp3-1.12.0/lib/libutil.so", O_RDONLY) = -1 ENOENT (No such file or directory)
1981528 openat(AT_FDCWD, "/nix/store/ggxfzhsmd3m54fac5xph7kva38k44mc2-nghttp3-1.12.0/lib/libutil.a", O_RDONLY) = -1 ENOENT (No such file or directory)
1981528 openat(AT_FDCWD, "/nix/store/50b381c1c7h4ll8a40wqh3fcknwpnnck-ngtcp2-1.17.0/lib/libutil.so", O_RDONLY) = -1 ENOENT (No such file or directory)
1981528 openat(AT_FDCWD, "/nix/store/50b381c1c7h4ll8a40wqh3fcknwpnnck-ngtcp2-1.17.0/lib/libutil.a", O_RDONLY) = -1 ENOENT (No such file or directory)
1981528 openat(AT_FDCWD, "/nix/store/hxcmad417fd8ql9ylx96xpak7da06yiv-libidn2-2.3.8/lib/libutil.so", O_RDONLY) = -1 ENOENT (No such file or directory)
1981528 openat(AT_FDCWD, "/nix/store/hxcmad417fd8ql9ylx96xpak7da06yiv-libidn2-2.3.8/lib/libutil.a", O_RDONLY) = -1 ENOENT (No such file or directory)
1981528 openat(AT_FDCWD, "/nix/store/61i74yjkj9p1qphfl7018ja4sdwkipx0-openssl-3.6.0/lib/libutil.so", O_RDONLY) = -1 ENOENT (No such file or directory)
1981528 openat(AT_FDCWD, "/nix/store/61i74yjkj9p1qphfl7018ja4sdwkipx0-openssl-3.6.0/lib/libutil.a", O_RDONLY) = -1 ENOENT (No such file or directory)
1981528 openat(AT_FDCWD, "/nix/store/d3fj7k3aya8slkgm72gn5izyvnlkgx73-libpsl-0.21.5/lib/libutil.so", O_RDONLY) = -1 ENOENT (No such file or directory)
1981528 openat(AT_FDCWD, "/nix/store/d3fj7k3aya8slkgm72gn5izyvnlkgx73-libpsl-0.21.5/lib/libutil.a", O_RDONLY) = -1 ENOENT (No such file or directory)
1981528 openat(AT_FDCWD, "/nix/store/jrczm01vajmmh23wrzbgk51plwn7lfsi-libssh2-1.11.1/lib/libutil.so", O_RDONLY) = -1 ENOENT (No such file or directory)
1981528 openat(AT_FDCWD, "/nix/store/jrczm01vajmmh23wrzbgk51plwn7lfsi-libssh2-1.11.1/lib/libutil.a", O_RDONLY) = -1 ENOENT (No such file or directory)
1981528 openat(AT_FDCWD, "/nix/store/l7xwm1f6f3zj2x8jwdbi8gdyfbx07sh7-zlib-1.3.1/lib/libutil.so", O_RDONLY) = -1 ENOENT (No such file or directory)
1981528 openat(AT_FDCWD, "/nix/store/l7xwm1f6f3zj2x8jwdbi8gdyfbx07sh7-zlib-1.3.1/lib/libutil.a", O_RDONLY) = -1 ENOENT (No such file or directory)
1981528 openat(AT_FDCWD, "/nix/store/s7vmxmhkq439cjb7ag9w198p6dk7kl0w-zstd-1.5.7/lib/libutil.so", O_RDONLY) = -1 ENOENT (No such file or directory)
1981528 openat(AT_FDCWD, "/nix/store/s7vmxmhkq439cjb7ag9w198p6dk7kl0w-zstd-1.5.7/lib/libutil.a", O_RDONLY) = -1 ENOENT (No such file or directory)
1981528 openat(AT_FDCWD, "/nix/store/8idis3j5l13c3x74jl8xly0k4qyk9mx6-curl-8.17.0/lib/libutil.so", O_RDONLY) = -1 ENOENT (No such file or directory)
1981528 openat(AT_FDCWD, "/nix/store/8idis3j5l13c3x74jl8xly0k4qyk9mx6-curl-8.17.0/lib/libutil.a", O_RDONLY) = -1 ENOENT (No such file or directory)
1981528 openat(AT_FDCWD, "/nix/store/yijhn548p2589pkybgvbhll09bqsxy0q-ncurses-6.5/lib/libutil.so", O_RDONLY) = -1 ENOENT (No such file or directory)
1981528 openat(AT_FDCWD, "/nix/store/yijhn548p2589pkybgvbhll09bqsxy0q-ncurses-6.5/lib/libutil.a", O_RDONLY) = -1 ENOENT (No such file or directory)
1981528 openat(AT_FDCWD, "/nix/store/swch85kls1srlrji1i0g28wpa4y607hk-llvm-21.1.2-lib/lib/libutil.so", O_RDONLY) = -1 ENOENT (No such file or directory)
1981528 openat(AT_FDCWD, "/nix/store/swch85kls1srlrji1i0g28wpa4y607hk-llvm-21.1.2-lib/lib/libutil.a", O_RDONLY) = -1 ENOENT (No such file or directory)
1981528 openat(AT_FDCWD, "/nix/store/kl4w4f8bb77faahsdv40gjmfzg2d081d-clang-21.1.2-lib/lib/libutil.so", O_RDONLY) = -1 ENOENT (No such file or directory)
1981528 openat(AT_FDCWD, "/nix/store/kl4w4f8bb77faahsdv40gjmfzg2d081d-clang-21.1.2-lib/lib/libutil.a", O_RDONLY) = -1 ENOENT (No such file or directory)
1981528 openat(AT_FDCWD, "/nix/store/xx7cm72qy2c0643cm1ipngd87aqwkcdp-glibc-2.40-66/lib/libutil.so", O_RDONLY) = 47
1981528 openat(AT_FDCWD, "/nix/store/xx7cm72qy2c0643cm1ipngd87aqwkcdp-glibc-2.40-66/lib/libutil.so", O_RDONLY) = 48
1981528 openat(AT_FDCWD, "/tmp/nix-shell.kXbcdK/nix-shell.rpTZRq/nix-shell.tQ7Akt/rustchZsiwT/raw-dylibs/librt.so", O_RDONLY) = -1 ENOENT (No such file or directory)
1981528 openat(AT_FDCWD, "/tmp/nix-shell.kXbcdK/nix-shell.rpTZRq/nix-shell.tQ7Akt/rustchZsiwT/raw-dylibs/librt.a", O_RDONLY) = -1 ENOENT (No such file or directory)
1981528 openat(AT_FDCWD, "/nix/store/i6xakg19vy8vc2g211yr9d5nmb0wk7v0-rustc-1.91.1/lib/rustlib/x86_64-unknown-linux-gnu/lib/librt.so", O_RDONLY) = -1 ENOENT (No such file or directory)
1981528 openat(AT_FDCWD, "/nix/store/i6xakg19vy8vc2g211yr9d5nmb0wk7v0-rustc-1.91.1/lib/rustlib/x86_64-unknown-linux-gnu/lib/librt.a", O_RDONLY) = -1 ENOENT (No such file or directory)
1981528 openat(AT_FDCWD, "/nix/store/x5la0prz2lwhh06qhz9bmh49cypspn8v-libgit2-1.9.1-lib/lib/librt.so", O_RDONLY) = -1 ENOENT (No such file or directory)
1981528 openat(AT_FDCWD, "/nix/store/x5la0prz2lwhh06qhz9bmh49cypspn8v-libgit2-1.9.1-lib/lib/librt.a", O_RDONLY) = -1 ENOENT (No such file or directory)
1981528 openat(AT_FDCWD, "/nix/store/v8czfabwiry1aik0j3b4mqkqvn7vnxfi-brotli-1.1.0-lib/lib/librt.so", O_RDONLY) = -1 ENOENT (No such file or directory)
1981528 openat(AT_FDCWD, "/nix/store/v8czfabwiry1aik0j3b4mqkqvn7vnxfi-brotli-1.1.0-lib/lib/librt.a", O_RDONLY) = -1 ENOENT (No such file or directory)
1981528 openat(AT_FDCWD, "/nix/store/27r2vkndmz7q6gni64l84j46igsz7km4-c-ares-1.34.5/lib/librt.so", O_RDONLY) = -1 ENOENT (No such file or directory)
1981528 openat(AT_FDCWD, "/nix/store/27r2vkndmz7q6gni64l84j46igsz7km4-c-ares-1.34.5/lib/librt.a", O_RDONLY) = -1 ENOENT (No such file or directory)
1981528 openat(AT_FDCWD, "/nix/store/9z2jg63df52gd4nmbggjcw41cdi4m14p-krb5-1.22.1-lib/lib/librt.so", O_RDONLY) = -1 ENOENT (No such file or directory)
1981528 openat(AT_FDCWD, "/nix/store/9z2jg63df52gd4nmbggjcw41cdi4m14p-krb5-1.22.1-lib/lib/librt.a", O_RDONLY) = -1 ENOENT (No such file or directory)
1981528 openat(AT_FDCWD, "/nix/store/cn8ppsx5dns0n4naa4k5sc0siymg41vw-nghttp2-1.67.1-lib/lib/librt.so", O_RDONLY) = -1 ENOENT (No such file or directory)
1981528 openat(AT_FDCWD, "/nix/store/cn8ppsx5dns0n4naa4k5sc0siymg41vw-nghttp2-1.67.1-lib/lib/librt.a", O_RDONLY) = -1 ENOENT (No such file or directory)
1981528 openat(AT_FDCWD, "/nix/store/ggxfzhsmd3m54fac5xph7kva38k44mc2-nghttp3-1.12.0/lib/librt.so", O_RDONLY) = -1 ENOENT (No such file or directory)
1981528 openat(AT_FDCWD, "/nix/store/ggxfzhsmd3m54fac5xph7kva38k44mc2-nghttp3-1.12.0/lib/librt.a", O_RDONLY) = -1 ENOENT (No such file or directory)
1981528 openat(AT_FDCWD, "/nix/store/50b381c1c7h4ll8a40wqh3fcknwpnnck-ngtcp2-1.17.0/lib/librt.so", O_RDONLY) = -1 ENOENT (No such file or directory)
1981528 openat(AT_FDCWD, "/nix/store/50b381c1c7h4ll8a40wqh3fcknwpnnck-ngtcp2-1.17.0/lib/librt.a", O_RDONLY) = -1 ENOENT (No such file or directory)
1981528 openat(AT_FDCWD, "/nix/store/hxcmad417fd8ql9ylx96xpak7da06yiv-libidn2-2.3.8/lib/librt.so", O_RDONLY) = -1 ENOENT (No such file or directory)
1981528 openat(AT_FDCWD, "/nix/store/hxcmad417fd8ql9ylx96xpak7da06yiv-libidn2-2.3.8/lib/librt.a", O_RDONLY) = -1 ENOENT (No such file or directory)
1981528 openat(AT_FDCWD, "/nix/store/61i74yjkj9p1qphfl7018ja4sdwkipx0-openssl-3.6.0/lib/librt.so", O_RDONLY) = -1 ENOENT (No such file or directory)
1981528 openat(AT_FDCWD, "/nix/store/61i74yjkj9p1qphfl7018ja4sdwkipx0-openssl-3.6.0/lib/librt.a", O_RDONLY) = -1 ENOENT (No such file or directory)
1981528 openat(AT_FDCWD, "/nix/store/d3fj7k3aya8slkgm72gn5izyvnlkgx73-libpsl-0.21.5/lib/librt.so", O_RDONLY) = -1 ENOENT (No such file or directory)
1981528 openat(AT_FDCWD, "/nix/store/d3fj7k3aya8slkgm72gn5izyvnlkgx73-libpsl-0.21.5/lib/librt.a", O_RDONLY) = -1 ENOENT (No such file or directory)
1981528 openat(AT_FDCWD, "/nix/store/jrczm01vajmmh23wrzbgk51plwn7lfsi-libssh2-1.11.1/lib/librt.so", O_RDONLY) = -1 ENOENT (No such file or directory)
1981528 openat(AT_FDCWD, "/nix/store/jrczm01vajmmh23wrzbgk51plwn7lfsi-libssh2-1.11.1/lib/librt.a", O_RDONLY) = -1 ENOENT (No such file or directory)
1981528 openat(AT_FDCWD, "/nix/store/l7xwm1f6f3zj2x8jwdbi8gdyfbx07sh7-zlib-1.3.1/lib/librt.so", O_RDONLY) = -1 ENOENT (No such file or directory)
1981528 openat(AT_FDCWD, "/nix/store/l7xwm1f6f3zj2x8jwdbi8gdyfbx07sh7-zlib-1.3.1/lib/librt.a", O_RDONLY) = -1 ENOENT (No such file or directory)
1981528 openat(AT_FDCWD, "/nix/store/s7vmxmhkq439cjb7ag9w198p6dk7kl0w-zstd-1.5.7/lib/librt.so", O_RDONLY) = -1 ENOENT (No such file or directory)
1981528 openat(AT_FDCWD, "/nix/store/s7vmxmhkq439cjb7ag9w198p6dk7kl0w-zstd-1.5.7/lib/librt.a", O_RDONLY) = -1 ENOENT (No such file or directory)
1981528 openat(AT_FDCWD, "/nix/store/8idis3j5l13c3x74jl8xly0k4qyk9mx6-curl-8.17.0/lib/librt.so", O_RDONLY) = -1 ENOENT (No such file or directory)
1981528 openat(AT_FDCWD, "/nix/store/8idis3j5l13c3x74jl8xly0k4qyk9mx6-curl-8.17.0/lib/librt.a", O_RDONLY) = -1 ENOENT (No such file or directory)
1981528 openat(AT_FDCWD, "/nix/store/yijhn548p2589pkybgvbhll09bqsxy0q-ncurses-6.5/lib/librt.so", O_RDONLY) = -1 ENOENT (No such file or directory)
1981528 openat(AT_FDCWD, "/nix/store/yijhn548p2589pkybgvbhll09bqsxy0q-ncurses-6.5/lib/librt.a", O_RDONLY) = -1 ENOENT (No such file or directory)
1981528 openat(AT_FDCWD, "/nix/store/swch85kls1srlrji1i0g28wpa4y607hk-llvm-21.1.2-lib/lib/librt.so", O_RDONLY) = -1 ENOENT (No such file or directory)
1981528 openat(AT_FDCWD, "/nix/store/swch85kls1srlrji1i0g28wpa4y607hk-llvm-21.1.2-lib/lib/librt.a", O_RDONLY) = -1 ENOENT (No such file or directory)
1981528 openat(AT_FDCWD, "/nix/store/kl4w4f8bb77faahsdv40gjmfzg2d081d-clang-21.1.2-lib/lib/librt.so", O_RDONLY) = -1 ENOENT (No such file or directory)
1981528 openat(AT_FDCWD, "/nix/store/kl4w4f8bb77faahsdv40gjmfzg2d081d-clang-21.1.2-lib/lib/librt.a", O_RDONLY) = -1 ENOENT (No such file or directory)
1981528 openat(AT_FDCWD, "/nix/store/xx7cm72qy2c0643cm1ipngd87aqwkcdp-glibc-2.40-66/lib/librt.so", O_RDONLY) = 48
1981528 openat(AT_FDCWD, "/nix/store/xx7cm72qy2c0643cm1ipngd87aqwkcdp-glibc-2.40-66/lib/librt.so", O_RDONLY) = 49
1981528 openat(AT_FDCWD, "/tmp/nix-shell.kXbcdK/nix-shell.rpTZRq/nix-shell.tQ7Akt/rustchZsiwT/raw-dylibs/libpthread.so", O_RDONLY) = -1 ENOENT (No such file or directory)
1981528 openat(AT_FDCWD, "/tmp/nix-shell.kXbcdK/nix-shell.rpTZRq/nix-shell.tQ7Akt/rustchZsiwT/raw-dylibs/libpthread.a", O_RDONLY) = -1 ENOENT (No such file or directory)
1981528 openat(AT_FDCWD, "/nix/store/i6xakg19vy8vc2g211yr9d5nmb0wk7v0-rustc-1.91.1/lib/rustlib/x86_64-unknown-linux-gnu/lib/libpthread.so", O_RDONLY) = -1 ENOENT (No such file or directory)
1981528 openat(AT_FDCWD, "/nix/store/i6xakg19vy8vc2g211yr9d5nmb0wk7v0-rustc-1.91.1/lib/rustlib/x86_64-unknown-linux-gnu/lib/libpthread.a", O_RDONLY) = -1 ENOENT (No such file or directory)
1981528 openat(AT_FDCWD, "/nix/store/x5la0prz2lwhh06qhz9bmh49cypspn8v-libgit2-1.9.1-lib/lib/libpthread.so", O_RDONLY) = -1 ENOENT (No such file or directory)
1981528 openat(AT_FDCWD, "/nix/store/x5la0prz2lwhh06qhz9bmh49cypspn8v-libgit2-1.9.1-lib/lib/libpthread.a", O_RDONLY) = -1 ENOENT (No such file or directory)
1981528 openat(AT_FDCWD, "/nix/store/v8czfabwiry1aik0j3b4mqkqvn7vnxfi-brotli-1.1.0-lib/lib/libpthread.so", O_RDONLY) = -1 ENOENT (No such file or directory)
1981528 openat(AT_FDCWD, "/nix/store/v8czfabwiry1aik0j3b4mqkqvn7vnxfi-brotli-1.1.0-lib/lib/libpthread.a", O_RDONLY) = -1 ENOENT (No such file or directory)
1981528 openat(AT_FDCWD, "/nix/store/27r2vkndmz7q6gni64l84j46igsz7km4-c-ares-1.34.5/lib/libpthread.so", O_RDONLY) = -1 ENOENT (No such file or directory)
1981528 openat(AT_FDCWD, "/nix/store/27r2vkndmz7q6gni64l84j46igsz7km4-c-ares-1.34.5/lib/libpthread.a", O_RDONLY) = -1 ENOENT (No such file or directory)
1981528 openat(AT_FDCWD, "/nix/store/9z2jg63df52gd4nmbggjcw41cdi4m14p-krb5-1.22.1-lib/lib/libpthread.so", O_RDONLY) = -1 ENOENT (No such file or directory)
1981528 openat(AT_FDCWD, "/nix/store/9z2jg63df52gd4nmbggjcw41cdi4m14p-krb5-1.22.1-lib/lib/libpthread.a", O_RDONLY) = -1 ENOENT (No such file or directory)
1981528 openat(AT_FDCWD, "/nix/store/cn8ppsx5dns0n4naa4k5sc0siymg41vw-nghttp2-1.67.1-lib/lib/libpthread.so", O_RDONLY) = -1 ENOENT (No such file or directory)
1981528 openat(AT_FDCWD, "/nix/store/cn8ppsx5dns0n4naa4k5sc0siymg41vw-nghttp2-1.67.1-lib/lib/libpthread.a", O_RDONLY) = -1 ENOENT (No such file or directory)
1981528 openat(AT_FDCWD, "/nix/store/ggxfzhsmd3m54fac5xph7kva38k44mc2-nghttp3-1.12.0/lib/libpthread.so", O_RDONLY) = -1 ENOENT (No such file or directory)
1981528 openat(AT_FDCWD, "/nix/store/ggxfzhsmd3m54fac5xph7kva38k44mc2-nghttp3-1.12.0/lib/libpthread.a", O_RDONLY) = -1 ENOENT (No such file or directory)
1981528 openat(AT_FDCWD, "/nix/store/50b381c1c7h4ll8a40wqh3fcknwpnnck-ngtcp2-1.17.0/lib/libpthread.so", O_RDONLY) = -1 ENOENT (No such file or directory)
1981528 openat(AT_FDCWD, "/nix/store/50b381c1c7h4ll8a40wqh3fcknwpnnck-ngtcp2-1.17.0/lib/libpthread.a", O_RDONLY) = -1 ENOENT (No such file or directory)
1981528 openat(AT_FDCWD, "/nix/store/hxcmad417fd8ql9ylx96xpak7da06yiv-libidn2-2.3.8/lib/libpthread.so", O_RDONLY) = -1 ENOENT (No such file or directory)
1981528 openat(AT_FDCWD, "/nix/store/hxcmad417fd8ql9ylx96xpak7da06yiv-libidn2-2.3.8/lib/libpthread.a", O_RDONLY) = -1 ENOENT (No such file or directory)
1981528 openat(AT_FDCWD, "/nix/store/61i74yjkj9p1qphfl7018ja4sdwkipx0-openssl-3.6.0/lib/libpthread.so", O_RDONLY) = -1 ENOENT (No such file or directory)
1981528 openat(AT_FDCWD, "/nix/store/61i74yjkj9p1qphfl7018ja4sdwkipx0-openssl-3.6.0/lib/libpthread.a", O_RDONLY) = -1 ENOENT (No such file or directory)
1981528 openat(AT_FDCWD, "/nix/store/d3fj7k3aya8slkgm72gn5izyvnlkgx73-libpsl-0.21.5/lib/libpthread.so", O_RDONLY) = -1 ENOENT (No such file or directory)
1981528 openat(AT_FDCWD, "/nix/store/d3fj7k3aya8slkgm72gn5izyvnlkgx73-libpsl-0.21.5/lib/libpthread.a", O_RDONLY) = -1 ENOENT (No such file or directory)
1981528 openat(AT_FDCWD, "/nix/store/jrczm01vajmmh23wrzbgk51plwn7lfsi-libssh2-1.11.1/lib/libpthread.so", O_RDONLY) = -1 ENOENT (No such file or directory)
1981528 openat(AT_FDCWD, "/nix/store/jrczm01vajmmh23wrzbgk51plwn7lfsi-libssh2-1.11.1/lib/libpthread.a", O_RDONLY) = -1 ENOENT (No such file or directory)
1981528 openat(AT_FDCWD, "/nix/store/l7xwm1f6f3zj2x8jwdbi8gdyfbx07sh7-zlib-1.3.1/lib/libpthread.so", O_RDONLY) = -1 ENOENT (No such file or directory)
1981528 openat(AT_FDCWD, "/nix/store/l7xwm1f6f3zj2x8jwdbi8gdyfbx07sh7-zlib-1.3.1/lib/libpthread.a", O_RDONLY) = -1 ENOENT (No such file or directory)
1981528 openat(AT_FDCWD, "/nix/store/s7vmxmhkq439cjb7ag9w198p6dk7kl0w-zstd-1.5.7/lib/libpthread.so", O_RDONLY) = -1 ENOENT (No such file or directory)
1981528 openat(AT_FDCWD, "/nix/store/s7vmxmhkq439cjb7ag9w198p6dk7kl0w-zstd-1.5.7/lib/libpthread.a", O_RDONLY) = -1 ENOENT (No such file or directory)
1981528 openat(AT_FDCWD, "/nix/store/8idis3j5l13c3x74jl8xly0k4qyk9mx6-curl-8.17.0/lib/libpthread.so", O_RDONLY) = -1 ENOENT (No such file or directory)
1981528 openat(AT_FDCWD, "/nix/store/8idis3j5l13c3x74jl8xly0k4qyk9mx6-curl-8.17.0/lib/libpthread.a", O_RDONLY) = -1 ENOENT (No such file or directory)
1981528 openat(AT_FDCWD, "/nix/store/yijhn548p2589pkybgvbhll09bqsxy0q-ncurses-6.5/lib/libpthread.so", O_RDONLY) = -1 ENOENT (No such file or directory)
1981528 openat(AT_FDCWD, "/nix/store/yijhn548p2589pkybgvbhll09bqsxy0q-ncurses-6.5/lib/libpthread.a", O_RDONLY) = -1 ENOENT (No such file or directory)
1981528 openat(AT_FDCWD, "/nix/store/swch85kls1srlrji1i0g28wpa4y607hk-llvm-21.1.2-lib/lib/libpthread.so", O_RDONLY) = -1 ENOENT (No such file or directory)
1981528 openat(AT_FDCWD, "/nix/store/swch85kls1srlrji1i0g28wpa4y607hk-llvm-21.1.2-lib/lib/libpthread.a", O_RDONLY) = -1 ENOENT (No such file or directory)
1981528 openat(AT_FDCWD, "/nix/store/kl4w4f8bb77faahsdv40gjmfzg2d081d-clang-21.1.2-lib/lib/libpthread.so", O_RDONLY) = -1 ENOENT (No such file or directory)
1981528 openat(AT_FDCWD, "/nix/store/kl4w4f8bb77faahsdv40gjmfzg2d081d-clang-21.1.2-lib/lib/libpthread.a", O_RDONLY) = -1 ENOENT (No such file or directory)
1981528 openat(AT_FDCWD, "/nix/store/xx7cm72qy2c0643cm1ipngd87aqwkcdp-glibc-2.40-66/lib/libpthread.so", O_RDONLY) = 49
1981528 openat(AT_FDCWD, "/nix/store/xx7cm72qy2c0643cm1ipngd87aqwkcdp-glibc-2.40-66/lib/libpthread.so", O_RDONLY) = 50
1981528 openat(AT_FDCWD, "/tmp/nix-shell.kXbcdK/nix-shell.rpTZRq/nix-shell.tQ7Akt/rustchZsiwT/raw-dylibs/libm.so", O_RDONLY) = -1 ENOENT (No such file or directory)
1981528 openat(AT_FDCWD, "/tmp/nix-shell.kXbcdK/nix-shell.rpTZRq/nix-shell.tQ7Akt/rustchZsiwT/raw-dylibs/libm.a", O_RDONLY) = -1 ENOENT (No such file or directory)
1981528 openat(AT_FDCWD, "/nix/store/i6xakg19vy8vc2g211yr9d5nmb0wk7v0-rustc-1.91.1/lib/rustlib/x86_64-unknown-linux-gnu/lib/libm.so", O_RDONLY) = -1 ENOENT (No such file or directory)
1981528 openat(AT_FDCWD, "/nix/store/i6xakg19vy8vc2g211yr9d5nmb0wk7v0-rustc-1.91.1/lib/rustlib/x86_64-unknown-linux-gnu/lib/libm.a", O_RDONLY) = -1 ENOENT (No such file or directory)
1981528 openat(AT_FDCWD, "/nix/store/x5la0prz2lwhh06qhz9bmh49cypspn8v-libgit2-1.9.1-lib/lib/libm.so", O_RDONLY) = -1 ENOENT (No such file or directory)
1981528 openat(AT_FDCWD, "/nix/store/x5la0prz2lwhh06qhz9bmh49cypspn8v-libgit2-1.9.1-lib/lib/libm.a", O_RDONLY) = -1 ENOENT (No such file or directory)
1981528 openat(AT_FDCWD, "/nix/store/v8czfabwiry1aik0j3b4mqkqvn7vnxfi-brotli-1.1.0-lib/lib/libm.so", O_RDONLY) = -1 ENOENT (No such file or directory)
1981528 openat(AT_FDCWD, "/nix/store/v8czfabwiry1aik0j3b4mqkqvn7vnxfi-brotli-1.1.0-lib/lib/libm.a", O_RDONLY) = -1 ENOENT (No such file or directory)
1981528 openat(AT_FDCWD, "/nix/store/27r2vkndmz7q6gni64l84j46igsz7km4-c-ares-1.34.5/lib/libm.so", O_RDONLY) = -1 ENOENT (No such file or directory)
1981528 openat(AT_FDCWD, "/nix/store/27r2vkndmz7q6gni64l84j46igsz7km4-c-ares-1.34.5/lib/libm.a", O_RDONLY) = -1 ENOENT (No such file or directory)
1981528 openat(AT_FDCWD, "/nix/store/9z2jg63df52gd4nmbggjcw41cdi4m14p-krb5-1.22.1-lib/lib/libm.so", O_RDONLY) = -1 ENOENT (No such file or directory)
1981528 openat(AT_FDCWD, "/nix/store/9z2jg63df52gd4nmbggjcw41cdi4m14p-krb5-1.22.1-lib/lib/libm.a", O_RDONLY) = -1 ENOENT (No such file or directory)
1981528 openat(AT_FDCWD, "/nix/store/cn8ppsx5dns0n4naa4k5sc0siymg41vw-nghttp2-1.67.1-lib/lib/libm.so", O_RDONLY) = -1 ENOENT (No such file or directory)
1981528 openat(AT_FDCWD, "/nix/store/cn8ppsx5dns0n4naa4k5sc0siymg41vw-nghttp2-1.67.1-lib/lib/libm.a", O_RDONLY) = -1 ENOENT (No such file or directory)
1981528 openat(AT_FDCWD, "/nix/store/ggxfzhsmd3m54fac5xph7kva38k44mc2-nghttp3-1.12.0/lib/libm.so", O_RDONLY) = -1 ENOENT (No such file or directory)
1981528 openat(AT_FDCWD, "/nix/store/ggxfzhsmd3m54fac5xph7kva38k44mc2-nghttp3-1.12.0/lib/libm.a", O_RDONLY) = -1 ENOENT (No such file or directory)
1981528 openat(AT_FDCWD, "/nix/store/50b381c1c7h4ll8a40wqh3fcknwpnnck-ngtcp2-1.17.0/lib/libm.so", O_RDONLY) = -1 ENOENT (No such file or directory)
1981528 openat(AT_FDCWD, "/nix/store/50b381c1c7h4ll8a40wqh3fcknwpnnck-ngtcp2-1.17.0/lib/libm.a", O_RDONLY) = -1 ENOENT (No such file or directory)
1981528 openat(AT_FDCWD, "/nix/store/hxcmad417fd8ql9ylx96xpak7da06yiv-libidn2-2.3.8/lib/libm.so", O_RDONLY) = -1 ENOENT (No such file or directory)
1981528 openat(AT_FDCWD, "/nix/store/hxcmad417fd8ql9ylx96xpak7da06yiv-libidn2-2.3.8/lib/libm.a", O_RDONLY) = -1 ENOENT (No such file or directory)
1981528 openat(AT_FDCWD, "/nix/store/61i74yjkj9p1qphfl7018ja4sdwkipx0-openssl-3.6.0/lib/libm.so", O_RDONLY) = -1 ENOENT (No such file or directory)
1981528 openat(AT_FDCWD, "/nix/store/61i74yjkj9p1qphfl7018ja4sdwkipx0-openssl-3.6.0/lib/libm.a", O_RDONLY) = -1 ENOENT (No such file or directory)
1981528 openat(AT_FDCWD, "/nix/store/d3fj7k3aya8slkgm72gn5izyvnlkgx73-libpsl-0.21.5/lib/libm.so", O_RDONLY) = -1 ENOENT (No such file or directory)
1981528 openat(AT_FDCWD, "/nix/store/d3fj7k3aya8slkgm72gn5izyvnlkgx73-libpsl-0.21.5/lib/libm.a", O_RDONLY) = -1 ENOENT (No such file or directory)
1981528 openat(AT_FDCWD, "/nix/store/jrczm01vajmmh23wrzbgk51plwn7lfsi-libssh2-1.11.1/lib/libm.so", O_RDONLY) = -1 ENOENT (No such file or directory)
1981528 openat(AT_FDCWD, "/nix/store/jrczm01vajmmh23wrzbgk51plwn7lfsi-libssh2-1.11.1/lib/libm.a", O_RDONLY) = -1 ENOENT (No such file or directory)
1981528 openat(AT_FDCWD, "/nix/store/l7xwm1f6f3zj2x8jwdbi8gdyfbx07sh7-zlib-1.3.1/lib/libm.so", O_RDONLY) = -1 ENOENT (No such file or directory)
1981528 openat(AT_FDCWD, "/nix/store/l7xwm1f6f3zj2x8jwdbi8gdyfbx07sh7-zlib-1.3.1/lib/libm.a", O_RDONLY) = -1 ENOENT (No such file or directory)
1981528 openat(AT_FDCWD, "/nix/store/s7vmxmhkq439cjb7ag9w198p6dk7kl0w-zstd-1.5.7/lib/libm.so", O_RDONLY) = -1 ENOENT (No such file or directory)
1981528 openat(AT_FDCWD, "/nix/store/s7vmxmhkq439cjb7ag9w198p6dk7kl0w-zstd-1.5.7/lib/libm.a", O_RDONLY) = -1 ENOENT (No such file or directory)
1981528 openat(AT_FDCWD, "/nix/store/8idis3j5l13c3x74jl8xly0k4qyk9mx6-curl-8.17.0/lib/libm.so", O_RDONLY) = -1 ENOENT (No such file or directory)
1981528 openat(AT_FDCWD, "/nix/store/8idis3j5l13c3x74jl8xly0k4qyk9mx6-curl-8.17.0/lib/libm.a", O_RDONLY) = -1 ENOENT (No such file or directory)
1981528 openat(AT_FDCWD, "/nix/store/yijhn548p2589pkybgvbhll09bqsxy0q-ncurses-6.5/lib/libm.so", O_RDONLY) = -1 ENOENT (No such file or directory)
1981528 openat(AT_FDCWD, "/nix/store/yijhn548p2589pkybgvbhll09bqsxy0q-ncurses-6.5/lib/libm.a", O_RDONLY) = -1 ENOENT (No such file or directory)
1981528 openat(AT_FDCWD, "/nix/store/swch85kls1srlrji1i0g28wpa4y607hk-llvm-21.1.2-lib/lib/libm.so", O_RDONLY) = -1 ENOENT (No such file or directory)
1981528 openat(AT_FDCWD, "/nix/store/swch85kls1srlrji1i0g28wpa4y607hk-llvm-21.1.2-lib/lib/libm.a", O_RDONLY) = -1 ENOENT (No such file or directory)
1981528 openat(AT_FDCWD, "/nix/store/kl4w4f8bb77faahsdv40gjmfzg2d081d-clang-21.1.2-lib/lib/libm.so", O_RDONLY) = -1 ENOENT (No such file or directory)
1981528 openat(AT_FDCWD, "/nix/store/kl4w4f8bb77faahsdv40gjmfzg2d081d-clang-21.1.2-lib/lib/libm.a", O_RDONLY) = -1 ENOENT (No such file or directory)
1981528 openat(AT_FDCWD, "/nix/store/xx7cm72qy2c0643cm1ipngd87aqwkcdp-glibc-2.40-66/lib/libm.so", O_RDONLY) = 50
1981528 openat(AT_FDCWD, "/nix/store/xx7cm72qy2c0643cm1ipngd87aqwkcdp-glibc-2.40-66/lib/libm.so", O_RDONLY) = 51
1981528 openat(AT_FDCWD, "/nix/store/xx7cm72qy2c0643cm1ipngd87aqwkcdp-glibc-2.40-66/lib/libm.so", O_RDONLY) = 51
1981528 openat(AT_FDCWD, "/nix/store/xx7cm72qy2c0643cm1ipngd87aqwkcdp-glibc-2.40-66/lib/libm.so", O_RDONLY) = 50
1981528 openat(AT_FDCWD, "/nix/store/xx7cm72qy2c0643cm1ipngd87aqwkcdp-glibc-2.40-66/lib/libm.so.6", O_RDONLY) = 50
1981528 openat(AT_FDCWD, "/nix/store/xx7cm72qy2c0643cm1ipngd87aqwkcdp-glibc-2.40-66/lib/libm.so.6", O_RDONLY) = 51
1981528 openat(AT_FDCWD, "/nix/store/xx7cm72qy2c0643cm1ipngd87aqwkcdp-glibc-2.40-66/lib/libmvec.so.1", O_RDONLY) = 51
1981528 openat(AT_FDCWD, "/nix/store/xx7cm72qy2c0643cm1ipngd87aqwkcdp-glibc-2.40-66/lib/libmvec.so.1", O_RDONLY) = 52
1981528 openat(AT_FDCWD, "/tmp/nix-shell.kXbcdK/nix-shell.rpTZRq/nix-shell.tQ7Akt/rustchZsiwT/raw-dylibs/libdl.so", O_RDONLY) = -1 ENOENT (No such file or directory)
1981528 openat(AT_FDCWD, "/tmp/nix-shell.kXbcdK/nix-shell.rpTZRq/nix-shell.tQ7Akt/rustchZsiwT/raw-dylibs/libdl.a", O_RDONLY) = -1 ENOENT (No such file or directory)
1981528 openat(AT_FDCWD, "/nix/store/i6xakg19vy8vc2g211yr9d5nmb0wk7v0-rustc-1.91.1/lib/rustlib/x86_64-unknown-linux-gnu/lib/libdl.so", O_RDONLY) = -1 ENOENT (No such file or directory)
1981528 openat(AT_FDCWD, "/nix/store/i6xakg19vy8vc2g211yr9d5nmb0wk7v0-rustc-1.91.1/lib/rustlib/x86_64-unknown-linux-gnu/lib/libdl.a", O_RDONLY) = -1 ENOENT (No such file or directory)
1981528 openat(AT_FDCWD, "/nix/store/x5la0prz2lwhh06qhz9bmh49cypspn8v-libgit2-1.9.1-lib/lib/libdl.so", O_RDONLY) = -1 ENOENT (No such file or directory)
1981528 openat(AT_FDCWD, "/nix/store/x5la0prz2lwhh06qhz9bmh49cypspn8v-libgit2-1.9.1-lib/lib/libdl.a", O_RDONLY) = -1 ENOENT (No such file or directory)
1981528 openat(AT_FDCWD, "/nix/store/v8czfabwiry1aik0j3b4mqkqvn7vnxfi-brotli-1.1.0-lib/lib/libdl.so", O_RDONLY) = -1 ENOENT (No such file or directory)
1981528 openat(AT_FDCWD, "/nix/store/v8czfabwiry1aik0j3b4mqkqvn7vnxfi-brotli-1.1.0-lib/lib/libdl.a", O_RDONLY) = -1 ENOENT (No such file or directory)
1981528 openat(AT_FDCWD, "/nix/store/27r2vkndmz7q6gni64l84j46igsz7km4-c-ares-1.34.5/lib/libdl.so", O_RDONLY) = -1 ENOENT (No such file or directory)
1981528 openat(AT_FDCWD, "/nix/store/27r2vkndmz7q6gni64l84j46igsz7km4-c-ares-1.34.5/lib/libdl.a", O_RDONLY) = -1 ENOENT (No such file or directory)
1981528 openat(AT_FDCWD, "/nix/store/9z2jg63df52gd4nmbggjcw41cdi4m14p-krb5-1.22.1-lib/lib/libdl.so", O_RDONLY) = -1 ENOENT (No such file or directory)
1981528 openat(AT_FDCWD, "/nix/store/9z2jg63df52gd4nmbggjcw41cdi4m14p-krb5-1.22.1-lib/lib/libdl.a", O_RDONLY) = -1 ENOENT (No such file or directory)
1981528 openat(AT_FDCWD, "/nix/store/cn8ppsx5dns0n4naa4k5sc0siymg41vw-nghttp2-1.67.1-lib/lib/libdl.so", O_RDONLY) = -1 ENOENT (No such file or directory)
1981528 openat(AT_FDCWD, "/nix/store/cn8ppsx5dns0n4naa4k5sc0siymg41vw-nghttp2-1.67.1-lib/lib/libdl.a", O_RDONLY) = -1 ENOENT (No such file or directory)
1981528 openat(AT_FDCWD, "/nix/store/ggxfzhsmd3m54fac5xph7kva38k44mc2-nghttp3-1.12.0/lib/libdl.so", O_RDONLY) = -1 ENOENT (No such file or directory)
1981528 openat(AT_FDCWD, "/nix/store/ggxfzhsmd3m54fac5xph7kva38k44mc2-nghttp3-1.12.0/lib/libdl.a", O_RDONLY) = -1 ENOENT (No such file or directory)
1981528 openat(AT_FDCWD, "/nix/store/50b381c1c7h4ll8a40wqh3fcknwpnnck-ngtcp2-1.17.0/lib/libdl.so", O_RDONLY) = -1 ENOENT (No such file or directory)
1981528 openat(AT_FDCWD, "/nix/store/50b381c1c7h4ll8a40wqh3fcknwpnnck-ngtcp2-1.17.0/lib/libdl.a", O_RDONLY) = -1 ENOENT (No such file or directory)
1981528 openat(AT_FDCWD, "/nix/store/hxcmad417fd8ql9ylx96xpak7da06yiv-libidn2-2.3.8/lib/libdl.so", O_RDONLY) = -1 ENOENT (No such file or directory)
1981528 openat(AT_FDCWD, "/nix/store/hxcmad417fd8ql9ylx96xpak7da06yiv-libidn2-2.3.8/lib/libdl.a", O_RDONLY) = -1 ENOENT (No such file or directory)
1981528 openat(AT_FDCWD, "/nix/store/61i74yjkj9p1qphfl7018ja4sdwkipx0-openssl-3.6.0/lib/libdl.so", O_RDONLY) = -1 ENOENT (No such file or directory)
1981528 openat(AT_FDCWD, "/nix/store/61i74yjkj9p1qphfl7018ja4sdwkipx0-openssl-3.6.0/lib/libdl.a", O_RDONLY) = -1 ENOENT (No such file or directory)
1981528 openat(AT_FDCWD, "/nix/store/d3fj7k3aya8slkgm72gn5izyvnlkgx73-libpsl-0.21.5/lib/libdl.so", O_RDONLY) = -1 ENOENT (No such file or directory)
1981528 openat(AT_FDCWD, "/nix/store/d3fj7k3aya8slkgm72gn5izyvnlkgx73-libpsl-0.21.5/lib/libdl.a", O_RDONLY) = -1 ENOENT (No such file or directory)
1981528 openat(AT_FDCWD, "/nix/store/jrczm01vajmmh23wrzbgk51plwn7lfsi-libssh2-1.11.1/lib/libdl.so", O_RDONLY) = -1 ENOENT (No such file or directory)
1981528 openat(AT_FDCWD, "/nix/store/jrczm01vajmmh23wrzbgk51plwn7lfsi-libssh2-1.11.1/lib/libdl.a", O_RDONLY) = -1 ENOENT (No such file or directory)
1981528 openat(AT_FDCWD, "/nix/store/l7xwm1f6f3zj2x8jwdbi8gdyfbx07sh7-zlib-1.3.1/lib/libdl.so", O_RDONLY) = -1 ENOENT (No such file or directory)
1981528 openat(AT_FDCWD, "/nix/store/l7xwm1f6f3zj2x8jwdbi8gdyfbx07sh7-zlib-1.3.1/lib/libdl.a", O_RDONLY) = -1 ENOENT (No such file or directory)
1981528 openat(AT_FDCWD, "/nix/store/s7vmxmhkq439cjb7ag9w198p6dk7kl0w-zstd-1.5.7/lib/libdl.so", O_RDONLY) = -1 ENOENT (No such file or directory)
1981528 openat(AT_FDCWD, "/nix/store/s7vmxmhkq439cjb7ag9w198p6dk7kl0w-zstd-1.5.7/lib/libdl.a", O_RDONLY) = -1 ENOENT (No such file or directory)
1981528 openat(AT_FDCWD, "/nix/store/8idis3j5l13c3x74jl8xly0k4qyk9mx6-curl-8.17.0/lib/libdl.so", O_RDONLY) = -1 ENOENT (No such file or directory)
1981528 openat(AT_FDCWD, "/nix/store/8idis3j5l13c3x74jl8xly0k4qyk9mx6-curl-8.17.0/lib/libdl.a", O_RDONLY) = -1 ENOENT (No such file or directory)
1981528 openat(AT_FDCWD, "/nix/store/yijhn548p2589pkybgvbhll09bqsxy0q-ncurses-6.5/lib/libdl.so", O_RDONLY) = -1 ENOENT (No such file or directory)
1981528 openat(AT_FDCWD, "/nix/store/yijhn548p2589pkybgvbhll09bqsxy0q-ncurses-6.5/lib/libdl.a", O_RDONLY) = -1 ENOENT (No such file or directory)
1981528 openat(AT_FDCWD, "/nix/store/swch85kls1srlrji1i0g28wpa4y607hk-llvm-21.1.2-lib/lib/libdl.so", O_RDONLY) = -1 ENOENT (No such file or directory)
1981528 openat(AT_FDCWD, "/nix/store/swch85kls1srlrji1i0g28wpa4y607hk-llvm-21.1.2-lib/lib/libdl.a", O_RDONLY) = -1 ENOENT (No such file or directory)
1981528 openat(AT_FDCWD, "/nix/store/kl4w4f8bb77faahsdv40gjmfzg2d081d-clang-21.1.2-lib/lib/libdl.so", O_RDONLY) = -1 ENOENT (No such file or directory)
1981528 openat(AT_FDCWD, "/nix/store/kl4w4f8bb77faahsdv40gjmfzg2d081d-clang-21.1.2-lib/lib/libdl.a", O_RDONLY) = -1 ENOENT (No such file or directory)
1981528 openat(AT_FDCWD, "/nix/store/xx7cm72qy2c0643cm1ipngd87aqwkcdp-glibc-2.40-66/lib/libdl.so", O_RDONLY) = 52
1981528 openat(AT_FDCWD, "/nix/store/xx7cm72qy2c0643cm1ipngd87aqwkcdp-glibc-2.40-66/lib/libdl.so", O_RDONLY) = 53
1981528 openat(AT_FDCWD, "/tmp/nix-shell.kXbcdK/nix-shell.rpTZRq/nix-shell.tQ7Akt/rustchZsiwT/raw-dylibs/libc.so", O_RDONLY) = -1 ENOENT (No such file or directory)
1981528 openat(AT_FDCWD, "/tmp/nix-shell.kXbcdK/nix-shell.rpTZRq/nix-shell.tQ7Akt/rustchZsiwT/raw-dylibs/libc.a", O_RDONLY) = -1 ENOENT (No such file or directory)
1981528 openat(AT_FDCWD, "/nix/store/i6xakg19vy8vc2g211yr9d5nmb0wk7v0-rustc-1.91.1/lib/rustlib/x86_64-unknown-linux-gnu/lib/libc.so", O_RDONLY) = -1 ENOENT (No such file or directory)
1981528 openat(AT_FDCWD, "/nix/store/i6xakg19vy8vc2g211yr9d5nmb0wk7v0-rustc-1.91.1/lib/rustlib/x86_64-unknown-linux-gnu/lib/libc.a", O_RDONLY) = -1 ENOENT (No such file or directory)
1981528 openat(AT_FDCWD, "/nix/store/x5la0prz2lwhh06qhz9bmh49cypspn8v-libgit2-1.9.1-lib/lib/libc.so", O_RDONLY) = -1 ENOENT (No such file or directory)
1981528 openat(AT_FDCWD, "/nix/store/x5la0prz2lwhh06qhz9bmh49cypspn8v-libgit2-1.9.1-lib/lib/libc.a", O_RDONLY) = -1 ENOENT (No such file or directory)
1981528 openat(AT_FDCWD, "/nix/store/v8czfabwiry1aik0j3b4mqkqvn7vnxfi-brotli-1.1.0-lib/lib/libc.so", O_RDONLY) = -1 ENOENT (No such file or directory)
1981528 openat(AT_FDCWD, "/nix/store/v8czfabwiry1aik0j3b4mqkqvn7vnxfi-brotli-1.1.0-lib/lib/libc.a", O_RDONLY) = -1 ENOENT (No such file or directory)
1981528 openat(AT_FDCWD, "/nix/store/27r2vkndmz7q6gni64l84j46igsz7km4-c-ares-1.34.5/lib/libc.so", O_RDONLY) = -1 ENOENT (No such file or directory)
1981528 openat(AT_FDCWD, "/nix/store/27r2vkndmz7q6gni64l84j46igsz7km4-c-ares-1.34.5/lib/libc.a", O_RDONLY) = -1 ENOENT (No such file or directory)
1981528 openat(AT_FDCWD, "/nix/store/9z2jg63df52gd4nmbggjcw41cdi4m14p-krb5-1.22.1-lib/lib/libc.so", O_RDONLY) = -1 ENOENT (No such file or directory)
1981528 openat(AT_FDCWD, "/nix/store/9z2jg63df52gd4nmbggjcw41cdi4m14p-krb5-1.22.1-lib/lib/libc.a", O_RDONLY) = -1 ENOENT (No such file or directory)
1981528 openat(AT_FDCWD, "/nix/store/cn8ppsx5dns0n4naa4k5sc0siymg41vw-nghttp2-1.67.1-lib/lib/libc.so", O_RDONLY) = -1 ENOENT (No such file or directory)
1981528 openat(AT_FDCWD, "/nix/store/cn8ppsx5dns0n4naa4k5sc0siymg41vw-nghttp2-1.67.1-lib/lib/libc.a", O_RDONLY) = -1 ENOENT (No such file or directory)
1981528 openat(AT_FDCWD, "/nix/store/ggxfzhsmd3m54fac5xph7kva38k44mc2-nghttp3-1.12.0/lib/libc.so", O_RDONLY) = -1 ENOENT (No such file or directory)
1981528 openat(AT_FDCWD, "/nix/store/ggxfzhsmd3m54fac5xph7kva38k44mc2-nghttp3-1.12.0/lib/libc.a", O_RDONLY) = -1 ENOENT (No such file or directory)
1981528 openat(AT_FDCWD, "/nix/store/50b381c1c7h4ll8a40wqh3fcknwpnnck-ngtcp2-1.17.0/lib/libc.so", O_RDONLY) = -1 ENOENT (No such file or directory)
1981528 openat(AT_FDCWD, "/nix/store/50b381c1c7h4ll8a40wqh3fcknwpnnck-ngtcp2-1.17.0/lib/libc.a", O_RDONLY) = -1 ENOENT (No such file or directory)
1981528 openat(AT_FDCWD, "/nix/store/hxcmad417fd8ql9ylx96xpak7da06yiv-libidn2-2.3.8/lib/libc.so", O_RDONLY) = -1 ENOENT (No such file or directory)
1981528 openat(AT_FDCWD, "/nix/store/hxcmad417fd8ql9ylx96xpak7da06yiv-libidn2-2.3.8/lib/libc.a", O_RDONLY) = -1 ENOENT (No such file or directory)
1981528 openat(AT_FDCWD, "/nix/store/61i74yjkj9p1qphfl7018ja4sdwkipx0-openssl-3.6.0/lib/libc.so", O_RDONLY) = -1 ENOENT (No such file or directory)
1981528 openat(AT_FDCWD, "/nix/store/61i74yjkj9p1qphfl7018ja4sdwkipx0-openssl-3.6.0/lib/libc.a", O_RDONLY) = -1 ENOENT (No such file or directory)
1981528 openat(AT_FDCWD, "/nix/store/d3fj7k3aya8slkgm72gn5izyvnlkgx73-libpsl-0.21.5/lib/libc.so", O_RDONLY) = -1 ENOENT (No such file or directory)
1981528 openat(AT_FDCWD, "/nix/store/d3fj7k3aya8slkgm72gn5izyvnlkgx73-libpsl-0.21.5/lib/libc.a", O_RDONLY) = -1 ENOENT (No such file or directory)
1981528 openat(AT_FDCWD, "/nix/store/jrczm01vajmmh23wrzbgk51plwn7lfsi-libssh2-1.11.1/lib/libc.so", O_RDONLY) = -1 ENOENT (No such file or directory)
1981528 openat(AT_FDCWD, "/nix/store/jrczm01vajmmh23wrzbgk51plwn7lfsi-libssh2-1.11.1/lib/libc.a", O_RDONLY) = -1 ENOENT (No such file or directory)
1981528 openat(AT_FDCWD, "/nix/store/l7xwm1f6f3zj2x8jwdbi8gdyfbx07sh7-zlib-1.3.1/lib/libc.so", O_RDONLY) = -1 ENOENT (No such file or directory)
1981528 openat(AT_FDCWD, "/nix/store/l7xwm1f6f3zj2x8jwdbi8gdyfbx07sh7-zlib-1.3.1/lib/libc.a", O_RDONLY) = -1 ENOENT (No such file or directory)
1981528 openat(AT_FDCWD, "/nix/store/s7vmxmhkq439cjb7ag9w198p6dk7kl0w-zstd-1.5.7/lib/libc.so", O_RDONLY) = -1 ENOENT (No such file or directory)
1981528 openat(AT_FDCWD, "/nix/store/s7vmxmhkq439cjb7ag9w198p6dk7kl0w-zstd-1.5.7/lib/libc.a", O_RDONLY) = -1 ENOENT (No such file or directory)
1981528 openat(AT_FDCWD, "/nix/store/8idis3j5l13c3x74jl8xly0k4qyk9mx6-curl-8.17.0/lib/libc.so", O_RDONLY) = -1 ENOENT (No such file or directory)
1981528 openat(AT_FDCWD, "/nix/store/8idis3j5l13c3x74jl8xly0k4qyk9mx6-curl-8.17.0/lib/libc.a", O_RDONLY) = -1 ENOENT (No such file or directory)
1981528 openat(AT_FDCWD, "/nix/store/yijhn548p2589pkybgvbhll09bqsxy0q-ncurses-6.5/lib/libc.so", O_RDONLY) = -1 ENOENT (No such file or directory)
1981528 openat(AT_FDCWD, "/nix/store/yijhn548p2589pkybgvbhll09bqsxy0q-ncurses-6.5/lib/libc.a", O_RDONLY) = -1 ENOENT (No such file or directory)
1981528 openat(AT_FDCWD, "/nix/store/swch85kls1srlrji1i0g28wpa4y607hk-llvm-21.1.2-lib/lib/libc.so", O_RDONLY) = -1 ENOENT (No such file or directory)
1981528 openat(AT_FDCWD, "/nix/store/swch85kls1srlrji1i0g28wpa4y607hk-llvm-21.1.2-lib/lib/libc.a", O_RDONLY) = -1 ENOENT (No such file or directory)
1981528 openat(AT_FDCWD, "/nix/store/kl4w4f8bb77faahsdv40gjmfzg2d081d-clang-21.1.2-lib/lib/libc.so", O_RDONLY) = -1 ENOENT (No such file or directory)
1981528 openat(AT_FDCWD, "/nix/store/kl4w4f8bb77faahsdv40gjmfzg2d081d-clang-21.1.2-lib/lib/libc.a", O_RDONLY) = -1 ENOENT (No such file or directory)
1981528 openat(AT_FDCWD, "/nix/store/xx7cm72qy2c0643cm1ipngd87aqwkcdp-glibc-2.40-66/lib/libc.so", O_RDONLY) = 53
1981528 openat(AT_FDCWD, "/nix/store/xx7cm72qy2c0643cm1ipngd87aqwkcdp-glibc-2.40-66/lib/libc.so", O_RDONLY) = 54
1981528 openat(AT_FDCWD, "/nix/store/xx7cm72qy2c0643cm1ipngd87aqwkcdp-glibc-2.40-66/lib/libc.so", O_RDONLY) = 54
1981528 openat(AT_FDCWD, "/nix/store/xx7cm72qy2c0643cm1ipngd87aqwkcdp-glibc-2.40-66/lib/libc.so", O_RDONLY) = 53
1981528 openat(AT_FDCWD, "/nix/store/xx7cm72qy2c0643cm1ipngd87aqwkcdp-glibc-2.40-66/lib/libc.so.6", O_RDONLY) = 53
1981528 openat(AT_FDCWD, "/nix/store/xx7cm72qy2c0643cm1ipngd87aqwkcdp-glibc-2.40-66/lib/libc.so.6", O_RDONLY) = 54
1981528 openat(AT_FDCWD, "/nix/store/xx7cm72qy2c0643cm1ipngd87aqwkcdp-glibc-2.40-66/lib/libc_nonshared.a", O_RDONLY) = 54
1981528 openat(AT_FDCWD, "/nix/store/xx7cm72qy2c0643cm1ipngd87aqwkcdp-glibc-2.40-66/lib/ld-linux-x86-64.so.2", O_RDONLY) = 55
1981528 openat(AT_FDCWD, "/nix/store/xx7cm72qy2c0643cm1ipngd87aqwkcdp-glibc-2.40-66/lib/ld-linux-x86-64.so.2", O_RDONLY) = 56
1981528 openat(AT_FDCWD, "/nix/store/kzq78n13l8w24jn8bx4djj79k5j717f1-gcc-14.3.0/lib/gcc/x86_64-unknown-linux-gnu/14.3.0/crtendS.o", O_RDONLY) = 56
1981528 openat(AT_FDCWD, "/nix/store/kzq78n13l8w24jn8bx4djj79k5j717f1-gcc-14.3.0/lib/gcc/x86_64-unknown-linux-gnu/14.3.0/crtendS.o", O_RDONLY) = 57
1981528 openat(AT_FDCWD, "/nix/store/xx7cm72qy2c0643cm1ipngd87aqwkcdp-glibc-2.40-66/lib/crtn.o", O_RDONLY) = 57
1981528 openat(AT_FDCWD, "/nix/store/xx7cm72qy2c0643cm1ipngd87aqwkcdp-glibc-2.40-66/lib/crtn.o", O_RDONLY) = 58
1981528 +++ exited with 0 +++
1981525 --- SIGCHLD {si_signo=SIGCHLD, si_code=CLD_EXITED, si_pid=1981528, si_uid=1000, si_status=0, si_utime=2, si_stime=5} ---
1981525 +++ exited with 0 +++
1981524 --- SIGCHLD {si_signo=SIGCHLD, si_code=CLD_EXITED, si_pid=1981525, si_uid=1000, si_status=0, si_utime=3, si_stime=0} ---
1981524 +++ exited with 0 +++
1981519 --- SIGCHLD {si_signo=SIGCHLD, si_code=CLD_EXITED, si_pid=1981524, si_uid=1000, si_status=0, si_utime=0, si_stime=0} ---
1981519 +++ exited with 0 +++
1981514 --- SIGCHLD {si_signo=SIGCHLD, si_code=CLD_EXITED, si_pid=1981519, si_uid=1000, si_status=0, si_utime=0, si_stime=0} ---
1981514 openat(AT_FDCWD, "hello_zombie_host", O_RDONLY|O_CLOEXEC) = 9
1981514 openat(AT_FDCWD, "/tmp/nix-shell.kXbcdK/nix-shell.rpTZRq/nix-shell.tQ7Akt/rustchZsiwT", O_RDONLY|O_NOFOLLOW|O_CLOEXEC|O_DIRECTORY) = 9
1981514 openat(9, "raw-dylibs", O_RDONLY|O_NOFOLLOW|O_CLOEXEC|O_DIRECTORY) = 12
1981514 +++ exited with 0 +++
1981515 +++ exited with 0 +++
1981513 +++ exited with 0 +++
1981512 +++ exited with 0 +++
