19:21:26 rustc -vV
19:21:26 STATS_CHANGE: Compile requests                     94
Compile requests executed            48
Cache hits                           40
Cache hits (Rust)                    40
Cache misses                          8
Cache misses (Rust)                   8
Cache hits rate                   83.33 %
Cache hits rate (Rust)            83.33 %
Cache timeouts                        0
Cache read errors                     0
Forced recaches                       0
Cache write errors                    0
Cache errors                          0
Compilations                          8
Compilation failures                  0
Non-cacheable compilations            0
Non-cacheable calls                  46
Non-compilation calls                 0
Unsupported compiler calls            0
Average cache write               0.000 s
Average compiler                  0.947 s
Average cache read hit            0.000 s
Failed distributed compilations       0

Non-cacheable reasons:
incremental                          35
crate-type                            5
missing input                         4
-                                     2

Cache location                  Local disk: "/home/mdupont/.cache/sccache"
Use direct/preprocessor mode?   yes
Version (client)                0.12.0
Cache size                            1 GiB
Max cache size                       10 GiB -> Compile requests                     95
Compile requests executed            48
Cache hits                           40
Cache hits (Rust)                    40
Cache misses                          8
Cache misses (Rust)                   8
Cache hits rate                   83.33 %
Cache hits rate (Rust)            83.33 %
Cache timeouts                        0
Cache read errors                     0
Forced recaches                       0
Cache write errors                    0
Cache errors                          0
Compilations                          8
Compilation failures                  0
Non-cacheable compilations            0
Non-cacheable calls                  47
Non-compilation calls                 0
Unsupported compiler calls            0
Average cache write               0.000 s
Average compiler                  0.947 s
Average cache read hit            0.000 s
Failed distributed compilations       0

Non-cacheable reasons:
incremental                          35
crate-type                            5
missing input                         5
-                                     2

Cache location                  Local disk: "/home/mdupont/.cache/sccache"
Use direct/preprocessor mode?   yes
Version (client)                0.12.0
Cache size                            1 GiB
Max cache size                       10 GiB
19:21:26 rustc - --crate-name ___ --print=file-names --crate-type bin --crate-type rlib --crate-type dylib --crate-type cdylib --crate-type staticlib --crate-type proc-macro --print=sysroot --print=split-debuginfo --print=crate-name --print=cfg -Wwarnings
19:21:26 STATS_CHANGE: Compile requests                     95
Compile requests executed            48
Cache hits                           40
Cache hits (Rust)                    40
Cache misses                          8
Cache misses (Rust)                   8
Cache hits rate                   83.33 %
Cache hits rate (Rust)            83.33 %
Cache timeouts                        0
Cache read errors                     0
Forced recaches                       0
Cache write errors                    0
Cache errors                          0
Compilations                          8
Compilation failures                  0
Non-cacheable compilations            0
Non-cacheable calls                  47
Non-compilation calls                 0
Unsupported compiler calls            0
Average cache write               0.000 s
Average compiler                  0.947 s
Average cache read hit            0.000 s
Failed distributed compilations       0

Non-cacheable reasons:
incremental                          35
crate-type                            5
missing input                         5
-                                     2

Cache location                  Local disk: "/home/mdupont/.cache/sccache"
Use direct/preprocessor mode?   yes
Version (client)                0.12.0
Cache size                            1 GiB
Max cache size                       10 GiB -> Compile requests                     96
Compile requests executed            48
Cache hits                           40
Cache hits (Rust)                    40
Cache misses                          8
Cache misses (Rust)                   8
Cache hits rate                   83.33 %
Cache hits rate (Rust)            83.33 %
Cache timeouts                        0
Cache read errors                     0
Forced recaches                       0
Cache write errors                    0
Cache errors                          0
Compilations                          8
Compilation failures                  0
Non-cacheable compilations            0
Non-cacheable calls                  48
Non-compilation calls                 0
Unsupported compiler calls            0
Average cache write               0.000 s
Average compiler                  0.947 s
Average cache read hit            0.000 s
Failed distributed compilations       0

Non-cacheable reasons:
incremental                          35
crate-type                            5
missing input                         5
-                                     3

Cache location                  Local disk: "/home/mdupont/.cache/sccache"
Use direct/preprocessor mode?   yes
Version (client)                0.12.0
Cache size                            1 GiB
Max cache size                       10 GiB
19:21:29 rustc -vV
19:21:29 STATS_CHANGE: Compile requests                     96
Compile requests executed            48
Cache hits                           40
Cache hits (Rust)                    40
Cache misses                          8
Cache misses (Rust)                   8
Cache hits rate                   83.33 %
Cache hits rate (Rust)            83.33 %
Cache timeouts                        0
Cache read errors                     0
Forced recaches                       0
Cache write errors                    0
Cache errors                          0
Compilations                          8
Compilation failures                  0
Non-cacheable compilations            0
Non-cacheable calls                  48
Non-compilation calls                 0
Unsupported compiler calls            0
Average cache write               0.000 s
Average compiler                  0.947 s
Average cache read hit            0.000 s
Failed distributed compilations       0

Non-cacheable reasons:
incremental                          35
crate-type                            5
missing input                         5
-                                     3

Cache location                  Local disk: "/home/mdupont/.cache/sccache"
Use direct/preprocessor mode?   yes
Version (client)                0.12.0
Cache size                            1 GiB
Max cache size                       10 GiB -> Compile requests                     97
Compile requests executed            48
Cache hits                           40
Cache hits (Rust)                    40
Cache misses                          8
Cache misses (Rust)                   8
Cache hits rate                   83.33 %
Cache hits rate (Rust)            83.33 %
Cache timeouts                        0
Cache read errors                     0
Forced recaches                       0
Cache write errors                    0
Cache errors                          0
Compilations                          8
Compilation failures                  0
Non-cacheable compilations            0
Non-cacheable calls                  49
Non-compilation calls                 0
Unsupported compiler calls            0
Average cache write               0.000 s
Average compiler                  0.947 s
Average cache read hit            0.000 s
Failed distributed compilations       0

Non-cacheable reasons:
incremental                          35
missing input                         6
crate-type                            5
-                                     3

Cache location                  Local disk: "/home/mdupont/.cache/sccache"
Use direct/preprocessor mode?   yes
Version (client)                0.12.0
Cache size                            1 GiB
Max cache size                       10 GiB
19:21:29 DUPLICATE #2: rustc -vV
19:36:39 rustc -vV
19:36:39 STATS_CHANGE: Compile requests                      0
Compile requests executed             0
Cache hits                            0
Cache misses                          0
Cache hits rate                       -
Cache timeouts                        0
Cache read errors                     0
Forced recaches                       0
Cache write errors                    0
Cache errors                          0
Compilations                          0
Compilation failures                  0
Non-cacheable compilations            0
Non-cacheable calls                   0
Non-compilation calls                 0
Unsupported compiler calls            0
Average cache write               0.000 s
Average compiler                  0.000 s
Average cache read hit            0.000 s
Failed distributed compilations       0
Cache location                  Local disk: "/home/mdupont/.cache/sccache"
Use direct/preprocessor mode?   yes
Version (client)                0.12.0
Max cache size                       10 GiB -> Compile requests                      1
Compile requests executed             0
Cache hits                            0
Cache misses                          0
Cache hits rate                       -
Cache timeouts                        0
Cache read errors                     0
Forced recaches                       0
Cache write errors                    0
Cache errors                          0
Compilations                          0
Compilation failures                  0
Non-cacheable compilations            0
Non-cacheable calls                   1
Non-compilation calls                 0
Unsupported compiler calls            0
Average cache write               0.000 s
Average compiler                  0.000 s
Average cache read hit            0.000 s
Failed distributed compilations       0

Non-cacheable reasons:
missing input                         1

Cache location                  Local disk: "/home/mdupont/.cache/sccache"
Use direct/preprocessor mode?   yes
Version (client)                0.12.0
Max cache size                       10 GiB
19:36:39 DUPLICATE #4: rustc -vV
19:36:39 rustc - --crate-name ___ --print=file-names --crate-type bin --crate-type rlib --crate-type dylib --crate-type cdylib --crate-type staticlib --crate-type proc-macro --print=sysroot --print=split-debuginfo --print=crate-name --print=cfg -Wwarnings
19:36:39 STATS_CHANGE: Compile requests                      1
Compile requests executed             0
Cache hits                            0
Cache misses                          0
Cache hits rate                       -
Cache timeouts                        0
Cache read errors                     0
Forced recaches                       0
Cache write errors                    0
Cache errors                          0
Compilations                          0
Compilation failures                  0
Non-cacheable compilations            0
Non-cacheable calls                   1
Non-compilation calls                 0
Unsupported compiler calls            0
Average cache write               0.000 s
Average compiler                  0.000 s
Average cache read hit            0.000 s
Failed distributed compilations       0

Non-cacheable reasons:
missing input                         1

Cache location                  Local disk: "/home/mdupont/.cache/sccache"
Use direct/preprocessor mode?   yes
Version (client)                0.12.0
Max cache size                       10 GiB -> Compile requests                      2
Compile requests executed             0
Cache hits                            0
Cache misses                          0
Cache hits rate                       -
Cache timeouts                        0
Cache read errors                     0
Forced recaches                       0
Cache write errors                    0
Cache errors                          0
Compilations                          0
Compilation failures                  0
Non-cacheable compilations            0
Non-cacheable calls                   2
Non-compilation calls                 0
Unsupported compiler calls            0
Average cache write               0.000 s
Average compiler                  0.000 s
Average cache read hit            0.000 s
Failed distributed compilations       0

Non-cacheable reasons:
-                                     1
missing input                         1

Cache location                  Local disk: "/home/mdupont/.cache/sccache"
Use direct/preprocessor mode?   yes
Version (client)                0.12.0
Max cache size                       10 GiB
19:36:39 DUPLICATE #2: rustc - --crate-name ___ --print=file-names --crate-type bin --crate-type rlib --crate-type dylib --crate-type cdylib --crate-type staticlib --crate-type proc-macro --print=sysroot --print=split-debuginfo --print=crate-name --print=cfg -Wwarnings
19:36:39 rustc -vV
19:36:39 STATS_CHANGE: Compile requests                      2
Compile requests executed             0
Cache hits                            0
Cache misses                          0
Cache hits rate                       -
Cache timeouts                        0
Cache read errors                     0
Forced recaches                       0
Cache write errors                    0
Cache errors                          0
Compilations                          0
Compilation failures                  0
Non-cacheable compilations            0
Non-cacheable calls                   2
Non-compilation calls                 0
Unsupported compiler calls            0
Average cache write               0.000 s
Average compiler                  0.000 s
Average cache read hit            0.000 s
Failed distributed compilations       0

Non-cacheable reasons:
-                                     1
missing input                         1

Cache location                  Local disk: "/home/mdupont/.cache/sccache"
Use direct/preprocessor mode?   yes
Version (client)                0.12.0
Max cache size                       10 GiB -> Compile requests                      3
Compile requests executed             0
Cache hits                            0
Cache misses                          0
Cache hits rate                       -
Cache timeouts                        0
Cache read errors                     0
Forced recaches                       0
Cache write errors                    0
Cache errors                          0
Compilations                          0
Compilation failures                  0
Non-cacheable compilations            0
Non-cacheable calls                   3
Non-compilation calls                 0
Unsupported compiler calls            0
Average cache write               0.000 s
Average compiler                  0.000 s
Average cache read hit            0.000 s
Failed distributed compilations       0

Non-cacheable reasons:
missing input                         2
-                                     1

Cache location                  Local disk: "/home/mdupont/.cache/sccache"
Use direct/preprocessor mode?   yes
Version (client)                0.12.0
Max cache size                       10 GiB
19:36:39 DUPLICATE #6: rustc -vV
19:46:10 rustc -vV
19:46:10 STATS_CHANGE: Compile requests                    444
Compile requests executed           297
Cache hits                          264
Cache hits (Rust)                   264
Cache misses                         29
Cache misses (Rust)                  29
Cache hits rate                   90.10 %
Cache hits rate (Rust)            90.10 %
Cache timeouts                        0
Cache read errors                     0
Forced recaches                       0
Cache write errors                    0
Cache errors                          0
Compilations                         29
Compilation failures                  4
Non-cacheable compilations            0
Non-cacheable calls                 146
Non-compilation calls                 1
Unsupported compiler calls            0
Average cache write               0.000 s
Average compiler                  0.538 s
Average cache read hit            0.003 s
Failed distributed compilations       0

Non-cacheable reasons:
crate-type                           72
incremental                          65
missing input                         5
-o                                    3
-                                     1

Cache location                  Local disk: "/home/mdupont/.cache/sccache"
Use direct/preprocessor mode?   yes
Version (client)                0.12.0
Cache size                            1 GiB
Max cache size                       10 GiB -> Compile requests                    445
Compile requests executed           297
Cache hits                          264
Cache hits (Rust)                   264
Cache misses                         29
Cache misses (Rust)                  29
Cache hits rate                   90.10 %
Cache hits rate (Rust)            90.10 %
Cache timeouts                        0
Cache read errors                     0
Forced recaches                       0
Cache write errors                    0
Cache errors                          0
Compilations                         29
Compilation failures                  4
Non-cacheable compilations            0
Non-cacheable calls                 147
Non-compilation calls                 1
Unsupported compiler calls            0
Average cache write               0.000 s
Average compiler                  0.538 s
Average cache read hit            0.003 s
Failed distributed compilations       0

Non-cacheable reasons:
crate-type                           72
incremental                          65
missing input                         6
-o                                    3
-                                     1

Cache location                  Local disk: "/home/mdupont/.cache/sccache"
Use direct/preprocessor mode?   yes
Version (client)                0.12.0
Cache size                            1 GiB
Max cache size                       10 GiB
19:46:10 DUPLICATE #8: rustc -vV
19:46:10 rustc - --crate-name ___ --print=file-names --crate-type bin --crate-type rlib --crate-type dylib --crate-type cdylib --crate-type staticlib --crate-type proc-macro --print=sysroot --print=split-debuginfo --print=crate-name --print=cfg -Wwarnings
19:46:10 STATS_CHANGE: Compile requests                    445
Compile requests executed           297
Cache hits                          264
Cache hits (Rust)                   264
Cache misses                         29
Cache misses (Rust)                  29
Cache hits rate                   90.10 %
Cache hits rate (Rust)            90.10 %
Cache timeouts                        0
Cache read errors                     0
Forced recaches                       0
Cache write errors                    0
Cache errors                          0
Compilations                         29
Compilation failures                  4
Non-cacheable compilations            0
Non-cacheable calls                 147
Non-compilation calls                 1
Unsupported compiler calls            0
Average cache write               0.000 s
Average compiler                  0.538 s
Average cache read hit            0.003 s
Failed distributed compilations       0

Non-cacheable reasons:
crate-type                           72
incremental                          65
missing input                         6
-o                                    3
-                                     1

Cache location                  Local disk: "/home/mdupont/.cache/sccache"
Use direct/preprocessor mode?   yes
Version (client)                0.12.0
Cache size                            1 GiB
Max cache size                       10 GiB -> Compile requests                    446
Compile requests executed           297
Cache hits                          264
Cache hits (Rust)                   264
Cache misses                         29
Cache misses (Rust)                  29
Cache hits rate                   90.10 %
Cache hits rate (Rust)            90.10 %
Cache timeouts                        0
Cache read errors                     0
Forced recaches                       0
Cache write errors                    0
Cache errors                          0
Compilations                         29
Compilation failures                  4
Non-cacheable compilations            0
Non-cacheable calls                 148
Non-compilation calls                 1
Unsupported compiler calls            0
Average cache write               0.000 s
Average compiler                  0.538 s
Average cache read hit            0.003 s
Failed distributed compilations       0

Non-cacheable reasons:
crate-type                           72
incremental                          65
missing input                         6
-o                                    3
-                                     2

Cache location                  Local disk: "/home/mdupont/.cache/sccache"
Use direct/preprocessor mode?   yes
Version (client)                0.12.0
Cache size                            1 GiB
Max cache size                       10 GiB
19:46:10 DUPLICATE #4: rustc - --crate-name ___ --print=file-names --crate-type bin --crate-type rlib --crate-type dylib --crate-type cdylib --crate-type staticlib --crate-type proc-macro --print=sysroot --print=split-debuginfo --print=crate-name --print=cfg -Wwarnings
19:46:12 rustc -vV
19:46:12 STATS_CHANGE: Compile requests                    446
Compile requests executed           297
Cache hits                          264
Cache hits (Rust)                   264
Cache misses                         29
Cache misses (Rust)                  29
Cache hits rate                   90.10 %
Cache hits rate (Rust)            90.10 %
Cache timeouts                        0
Cache read errors                     0
Forced recaches                       0
Cache write errors                    0
Cache errors                          0
Compilations                         29
Compilation failures                  4
Non-cacheable compilations            0
Non-cacheable calls                 148
Non-compilation calls                 1
Unsupported compiler calls            0
Average cache write               0.000 s
Average compiler                  0.538 s
Average cache read hit            0.003 s
Failed distributed compilations       0

Non-cacheable reasons:
crate-type                           72
incremental                          65
missing input                         6
-o                                    3
-                                     2

Cache location                  Local disk: "/home/mdupont/.cache/sccache"
Use direct/preprocessor mode?   yes
Version (client)                0.12.0
Cache size                            1 GiB
Max cache size                       10 GiB -> Compile requests                    447
Compile requests executed           297
Cache hits                          264
Cache hits (Rust)                   264
Cache misses                         29
Cache misses (Rust)                  29
Cache hits rate                   90.10 %
Cache hits rate (Rust)            90.10 %
Cache timeouts                        0
Cache read errors                     0
Forced recaches                       0
Cache write errors                    0
Cache errors                          0
Compilations                         29
Compilation failures                  4
Non-cacheable compilations            0
Non-cacheable calls                 149
Non-compilation calls                 1
Unsupported compiler calls            0
Average cache write               0.000 s
Average compiler                  0.538 s
Average cache read hit            0.003 s
Failed distributed compilations       0

Non-cacheable reasons:
crate-type                           72
incremental                          65
missing input                         7
-o                                    3
-                                     2

Cache location                  Local disk: "/home/mdupont/.cache/sccache"
Use direct/preprocessor mode?   yes
Version (client)                0.12.0
Cache size                            1 GiB
Max cache size                       10 GiB
19:46:12 DUPLICATE #10: rustc -vV
19:50:23 rustc - --crate-name ___ --print=file-names --crate-type bin --crate-type rlib --crate-type dylib --crate-type cdylib --crate-type staticlib --crate-type proc-macro --print=sysroot --print=split-debuginfo --print=crate-name --print=cfg -Wwarnings
19:50:23 STATS_CHANGE: Compile requests                    469
Compile requests executed           297
Cache hits                          264
Cache hits (Rust)                   264
Cache misses                         29
Cache misses (Rust)                  29
Cache hits rate                   90.10 %
Cache hits rate (Rust)            90.10 %
Cache timeouts                        0
Cache read errors                     0
Forced recaches                       0
Cache write errors                    0
Cache errors                          0
Compilations                         29
Compilation failures                  4
Non-cacheable compilations            0
Non-cacheable calls                 171
Non-compilation calls                 1
Unsupported compiler calls            0
Average cache write               0.000 s
Average compiler                  0.538 s
Average cache read hit            0.003 s
Failed distributed compilations       0

Non-cacheable reasons:
incremental                          87
crate-type                           72
missing input                         7
-o                                    3
-                                     2

Cache location                  Local disk: "/home/mdupont/.cache/sccache"
Use direct/preprocessor mode?   yes
Version (client)                0.12.0
Cache size                            1 GiB
Max cache size                       10 GiB -> Compile requests                    470
Compile requests executed           297
Cache hits                          264
Cache hits (Rust)                   264
Cache misses                         29
Cache misses (Rust)                  29
Cache hits rate                   90.10 %
Cache hits rate (Rust)            90.10 %
Cache timeouts                        0
Cache read errors                     0
Forced recaches                       0
Cache write errors                    0
Cache errors                          0
Compilations                         29
Compilation failures                  4
Non-cacheable compilations            0
Non-cacheable calls                 172
Non-compilation calls                 1
Unsupported compiler calls            0
Average cache write               0.000 s
Average compiler                  0.538 s
Average cache read hit            0.003 s
Failed distributed compilations       0

Non-cacheable reasons:
incremental                          87
crate-type                           72
missing input                         7
-                                     3
-o                                    3

Cache location                  Local disk: "/home/mdupont/.cache/sccache"
Use direct/preprocessor mode?   yes
Version (client)                0.12.0
Cache size                            1 GiB
Max cache size                       10 GiB
19:50:23 DUPLICATE #6: rustc - --crate-name ___ --print=file-names --crate-type bin --crate-type rlib --crate-type dylib --crate-type cdylib --crate-type staticlib --crate-type proc-macro --print=sysroot --print=split-debuginfo --print=crate-name --print=cfg -Wwarnings
20:03:04 rustc --crate-name zombie_rustc_driver --edition=2021 src/main.rs --error-format=json --json=diagnostic-rendered-ansi,artifacts,future-incompat --crate-type bin --emit=dep-info,link -C embed-bitcode=no -C debuginfo=2 --check-cfg cfg(docsrs,test) --check-cfg cfg(feature, values()) -C metadata=1b1baa17fd9e73aa -C extra-filename=-66b9baa9f37048c6 --out-dir /mnt/data1/nix/vendor/rust/cargo2nix/submodules/rust-build/compiler/zombie_driver2/target/debug/deps -C incremental=/mnt/data1/nix/vendor/rust/cargo2nix/submodules/rust-build/compiler/zombie_driver2/target/debug/incremental -L dependency=/mnt/data1/nix/vendor/rust/cargo2nix/submodules/rust-build/compiler/zombie_driver2/target/debug/deps --extern futures=/mnt/data1/nix/vendor/rust/cargo2nix/submodules/rust-build/compiler/zombie_driver2/target/debug/deps/libfutures-eb18a16bf44cf988.rlib --extern libp2p=/mnt/data1/nix/vendor/rust/cargo2nix/submodules/rust-build/compiler/zombie_driver2/target/debug/deps/liblibp2p-6e3d5bd79d2d5201.rlib --extern rustc_ast=/mnt/data1/nix/vendor/rust/cargo2nix/submodules/rust-build/compiler/zombie_driver2/target/debug/deps/librustc_ast-892745d5973bca50.rlib --extern rustc_driver=/mnt/data1/nix/vendor/rust/cargo2nix/submodules/rust-build/compiler/zombie_driver2/target/debug/deps/librustc_driver.so --extern rustc_errors=/mnt/data1/nix/vendor/rust/cargo2nix/submodules/rust-build/compiler/zombie_driver2/target/debug/deps/librustc_errors-042ea83da72fde12.rlib --extern rustc_hir=/mnt/data1/nix/vendor/rust/cargo2nix/submodules/rust-build/compiler/zombie_driver2/target/debug/deps/librustc_hir-60bf32f61521f542.rlib --extern rustc_interface=/mnt/data1/nix/vendor/rust/cargo2nix/submodules/rust-build/compiler/zombie_driver2/target/debug/deps/librustc_interface-0baff863143ebe73.rlib --extern rustc_middle=/mnt/data1/nix/vendor/rust/cargo2nix/submodules/rust-build/compiler/zombie_driver2/target/debug/deps/librustc_middle-245c3150683558be.rlib --extern rustc_session=/mnt/data1/nix/vendor/rust/cargo2nix/submodules/rust-build/compiler/zombie_driver2/target/debug/deps/librustc_session-ad93ec0078fafc82.rlib --extern rustc_span=/mnt/data1/nix/vendor/rust/cargo2nix/submodules/rust-build/compiler/zombie_driver2/target/debug/deps/librustc_span-cca3b45fe3825eda.rlib --extern serde=/mnt/data1/nix/vendor/rust/cargo2nix/submodules/rust-build/compiler/zombie_driver2/target/debug/deps/libserde-94d4350ba0c8722c.rlib --extern serde_json=/mnt/data1/nix/vendor/rust/cargo2nix/submodules/rust-build/compiler/zombie_driver2/target/debug/deps/libserde_json-64f958c5cb15c3e4.rlib --extern tokio=/mnt/data1/nix/vendor/rust/cargo2nix/submodules/rust-build/compiler/zombie_driver2/target/debug/deps/libtokio-8c3d3e55fe1d03f7.rlib -L native=/mnt/data1/nix/vendor/rust/cargo2nix/submodules/rust-build/compiler/zombie_driver2/target/debug/build/ring-8757f7c599096dcb/out -L native=/mnt/data1/nix/vendor/rust/cargo2nix/submodules/rust-build/compiler/zombie_driver2/target/debug/build/psm-51115e95e3afce55/out -L native=/mnt/data1/nix/vendor/rust/cargo2nix/submodules/rust-build/compiler/zombie_driver2/target/debug/build/blake3-b449a45f526127c8/out -L native=/mnt/data1/nix/vendor/rust/cargo2nix/submodules/rust-build/compiler/zombie_driver2/target/debug/build/blake3-b449a45f526127c8/out
20:03:22 STATS_CHANGE: Compile requests                    500
Compile requests executed           297
Cache hits                          264
Cache hits (Rust)                   264
Cache misses                         29
Cache misses (Rust)                  29
Cache hits rate                   90.10 %
Cache hits rate (Rust)            90.10 %
Cache timeouts                        0
Cache read errors                     0
Forced recaches                       0
Cache write errors                    0
Cache errors                          0
Compilations                         29
Compilation failures                  4
Non-cacheable compilations            0
Non-cacheable calls                 202
Non-compilation calls                 1
Unsupported compiler calls            0
Average cache write               0.000 s
Average compiler                  0.538 s
Average cache read hit            0.003 s
Failed distributed compilations       0

Non-cacheable reasons:
incremental                         116
crate-type                           73
missing input                         7
-                                     3
-o                                    3

Cache location                  Local disk: "/home/mdupont/.cache/sccache"
Use direct/preprocessor mode?   yes
Version (client)                0.12.0
Cache size                            1 GiB
Max cache size                       10 GiB -> Compile requests                    501
Compile requests executed           297
Cache hits                          264
Cache hits (Rust)                   264
Cache misses                         29
Cache misses (Rust)                  29
Cache hits rate                   90.10 %
Cache hits rate (Rust)            90.10 %
Cache timeouts                        0
Cache read errors                     0
Forced recaches                       0
Cache write errors                    0
Cache errors                          0
Compilations                         29
Compilation failures                  4
Non-cacheable compilations            0
Non-cacheable calls                 203
Non-compilation calls                 1
Unsupported compiler calls            0
Average cache write               0.000 s
Average compiler                  0.538 s
Average cache read hit            0.003 s
Failed distributed compilations       0

Non-cacheable reasons:
incremental                         116
crate-type                           74
missing input                         7
-                                     3
-o                                    3

Cache location                  Local disk: "/home/mdupont/.cache/sccache"
Use direct/preprocessor mode?   yes
Version (client)                0.12.0
Cache size                            1 GiB
Max cache size                       10 GiB
20:10:05 rustc -vV
20:10:05 rustc - --crate-name ___ --print=file-names --crate-type bin --crate-type rlib --crate-type dylib --crate-type cdylib --crate-type staticlib --crate-type proc-macro --print=sysroot --print=split-debuginfo --print=crate-name --print=cfg -Wwarnings
20:10:05 rustc -vV
20:10:06 rustc --crate-name zombie_rustc_driver --edition=2021 src/main.rs --error-format=json --json=diagnostic-rendered-ansi,artifacts,future-incompat --crate-type bin --emit=dep-info,link -C embed-bitcode=no -C debuginfo=2 --check-cfg cfg(docsrs,test) --check-cfg cfg(feature, values()) -C metadata=1b1baa17fd9e73aa -C extra-filename=-66b9baa9f37048c6 --out-dir /mnt/data1/nix/vendor/rust/cargo2nix/submodules/rust-build/compiler/zombie_driver2/target/debug/deps -C incremental=/mnt/data1/nix/vendor/rust/cargo2nix/submodules/rust-build/compiler/zombie_driver2/target/debug/incremental -L dependency=/mnt/data1/nix/vendor/rust/cargo2nix/submodules/rust-build/compiler/zombie_driver2/target/debug/deps --extern futures=/mnt/data1/nix/vendor/rust/cargo2nix/submodules/rust-build/compiler/zombie_driver2/target/debug/deps/libfutures-eb18a16bf44cf988.rlib --extern libp2p=/mnt/data1/nix/vendor/rust/cargo2nix/submodules/rust-build/compiler/zombie_driver2/target/debug/deps/liblibp2p-6e3d5bd79d2d5201.rlib --extern rustc_ast=/mnt/data1/nix/vendor/rust/cargo2nix/submodules/rust-build/compiler/zombie_driver2/target/debug/deps/librustc_ast-892745d5973bca50.rlib --extern rustc_driver=/mnt/data1/nix/vendor/rust/cargo2nix/submodules/rust-build/compiler/zombie_driver2/target/debug/deps/librustc_driver.so --extern rustc_errors=/mnt/data1/nix/vendor/rust/cargo2nix/submodules/rust-build/compiler/zombie_driver2/target/debug/deps/librustc_errors-042ea83da72fde12.rlib --extern rustc_hir=/mnt/data1/nix/vendor/rust/cargo2nix/submodules/rust-build/compiler/zombie_driver2/target/debug/deps/librustc_hir-60bf32f61521f542.rlib --extern rustc_interface=/mnt/data1/nix/vendor/rust/cargo2nix/submodules/rust-build/compiler/zombie_driver2/target/debug/deps/librustc_interface-0baff863143ebe73.rlib --extern rustc_middle=/mnt/data1/nix/vendor/rust/cargo2nix/submodules/rust-build/compiler/zombie_driver2/target/debug/deps/librustc_middle-245c3150683558be.rlib --extern rustc_session=/mnt/data1/nix/vendor/rust/cargo2nix/submodules/rust-build/compiler/zombie_driver2/target/debug/deps/librustc_session-ad93ec0078fafc82.rlib --extern rustc_span=/mnt/data1/nix/vendor/rust/cargo2nix/submodules/rust-build/compiler/zombie_driver2/target/debug/deps/librustc_span-cca3b45fe3825eda.rlib --extern serde=/mnt/data1/nix/vendor/rust/cargo2nix/submodules/rust-build/compiler/zombie_driver2/target/debug/deps/libserde-94d4350ba0c8722c.rlib --extern serde_json=/mnt/data1/nix/vendor/rust/cargo2nix/submodules/rust-build/compiler/zombie_driver2/target/debug/deps/libserde_json-64f958c5cb15c3e4.rlib --extern tokio=/mnt/data1/nix/vendor/rust/cargo2nix/submodules/rust-build/compiler/zombie_driver2/target/debug/deps/libtokio-8c3d3e55fe1d03f7.rlib -L native=/mnt/data1/nix/vendor/rust/cargo2nix/submodules/rust-build/compiler/zombie_driver2/target/debug/build/ring-8757f7c599096dcb/out -L native=/mnt/data1/nix/vendor/rust/cargo2nix/submodules/rust-build/compiler/zombie_driver2/target/debug/build/psm-51115e95e3afce55/out -L native=/mnt/data1/nix/vendor/rust/cargo2nix/submodules/rust-build/compiler/zombie_driver2/target/debug/build/blake3-b449a45f526127c8/out -L native=/mnt/data1/nix/vendor/rust/cargo2nix/submodules/rust-build/compiler/zombie_driver2/target/debug/build/blake3-b449a45f526127c8/out
20:10:42 rustc --crate-name zombie_rustc_driver --edition=2021 src/main.rs --error-format=json --json=diagnostic-rendered-ansi,artifacts,future-incompat --crate-type bin --emit=dep-info,link -C embed-bitcode=no -C debuginfo=2 --check-cfg cfg(docsrs,test) --check-cfg cfg(feature, values()) -C metadata=1b1baa17fd9e73aa -C extra-filename=-66b9baa9f37048c6 --out-dir /mnt/data1/nix/vendor/rust/cargo2nix/submodules/rust-build/compiler/zombie_driver2/target/debug/deps -C incremental=/mnt/data1/nix/vendor/rust/cargo2nix/submodules/rust-build/compiler/zombie_driver2/target/debug/incremental -L dependency=/mnt/data1/nix/vendor/rust/cargo2nix/submodules/rust-build/compiler/zombie_driver2/target/debug/deps --extern futures=/mnt/data1/nix/vendor/rust/cargo2nix/submodules/rust-build/compiler/zombie_driver2/target/debug/deps/libfutures-eb18a16bf44cf988.rlib --extern libp2p=/mnt/data1/nix/vendor/rust/cargo2nix/submodules/rust-build/compiler/zombie_driver2/target/debug/deps/liblibp2p-6e3d5bd79d2d5201.rlib --extern rustc_ast=/mnt/data1/nix/vendor/rust/cargo2nix/submodules/rust-build/compiler/zombie_driver2/target/debug/deps/librustc_ast-892745d5973bca50.rlib --extern rustc_driver=/mnt/data1/nix/vendor/rust/cargo2nix/submodules/rust-build/compiler/zombie_driver2/target/debug/deps/librustc_driver.so --extern rustc_errors=/mnt/data1/nix/vendor/rust/cargo2nix/submodules/rust-build/compiler/zombie_driver2/target/debug/deps/librustc_errors-042ea83da72fde12.rlib --extern rustc_hir=/mnt/data1/nix/vendor/rust/cargo2nix/submodules/rust-build/compiler/zombie_driver2/target/debug/deps/librustc_hir-60bf32f61521f542.rlib --extern rustc_interface=/mnt/data1/nix/vendor/rust/cargo2nix/submodules/rust-build/compiler/zombie_driver2/target/debug/deps/librustc_interface-0baff863143ebe73.rlib --extern rustc_middle=/mnt/data1/nix/vendor/rust/cargo2nix/submodules/rust-build/compiler/zombie_driver2/target/debug/deps/librustc_middle-245c3150683558be.rlib --extern rustc_session=/mnt/data1/nix/vendor/rust/cargo2nix/submodules/rust-build/compiler/zombie_driver2/target/debug/deps/librustc_session-ad93ec0078fafc82.rlib --extern rustc_span=/mnt/data1/nix/vendor/rust/cargo2nix/submodules/rust-build/compiler/zombie_driver2/target/debug/deps/librustc_span-cca3b45fe3825eda.rlib --extern serde=/mnt/data1/nix/vendor/rust/cargo2nix/submodules/rust-build/compiler/zombie_driver2/target/debug/deps/libserde-94d4350ba0c8722c.rlib --extern serde_json=/mnt/data1/nix/vendor/rust/cargo2nix/submodules/rust-build/compiler/zombie_driver2/target/debug/deps/libserde_json-64f958c5cb15c3e4.rlib --extern tokio=/mnt/data1/nix/vendor/rust/cargo2nix/submodules/rust-build/compiler/zombie_driver2/target/debug/deps/libtokio-8c3d3e55fe1d03f7.rlib -L native=/mnt/data1/nix/vendor/rust/cargo2nix/submodules/rust-build/compiler/zombie_driver2/target/debug/build/ring-8757f7c599096dcb/out -L native=/mnt/data1/nix/vendor/rust/cargo2nix/submodules/rust-build/compiler/zombie_driver2/target/debug/build/psm-51115e95e3afce55/out -L native=/mnt/data1/nix/vendor/rust/cargo2nix/submodules/rust-build/compiler/zombie_driver2/target/debug/build/blake3-b449a45f526127c8/out -L native=/mnt/data1/nix/vendor/rust/cargo2nix/submodules/rust-build/compiler/zombie_driver2/target/debug/build/blake3-b449a45f526127c8/out
20:13:26 rustc --crate-name zombie_rustc_driver --edition=2021 src/main.rs --error-format=json --json=diagnostic-rendered-ansi,artifacts,future-incompat --crate-type bin --emit=dep-info,link -C embed-bitcode=no -C debuginfo=2 --check-cfg cfg(docsrs,test) --check-cfg cfg(feature, values()) -C metadata=1b1baa17fd9e73aa -C extra-filename=-66b9baa9f37048c6 --out-dir /mnt/data1/nix/vendor/rust/cargo2nix/submodules/rust-build/compiler/zombie_driver2/target/debug/deps -C incremental=/mnt/data1/nix/vendor/rust/cargo2nix/submodules/rust-build/compiler/zombie_driver2/target/debug/incremental -L dependency=/mnt/data1/nix/vendor/rust/cargo2nix/submodules/rust-build/compiler/zombie_driver2/target/debug/deps --extern futures=/mnt/data1/nix/vendor/rust/cargo2nix/submodules/rust-build/compiler/zombie_driver2/target/debug/deps/libfutures-eb18a16bf44cf988.rlib --extern libp2p=/mnt/data1/nix/vendor/rust/cargo2nix/submodules/rust-build/compiler/zombie_driver2/target/debug/deps/liblibp2p-6e3d5bd79d2d5201.rlib --extern rustc_ast=/mnt/data1/nix/vendor/rust/cargo2nix/submodules/rust-build/compiler/zombie_driver2/target/debug/deps/librustc_ast-892745d5973bca50.rlib --extern rustc_driver=/mnt/data1/nix/vendor/rust/cargo2nix/submodules/rust-build/compiler/zombie_driver2/target/debug/deps/librustc_driver.so --extern rustc_errors=/mnt/data1/nix/vendor/rust/cargo2nix/submodules/rust-build/compiler/zombie_driver2/target/debug/deps/librustc_errors-042ea83da72fde12.rlib --extern rustc_hir=/mnt/data1/nix/vendor/rust/cargo2nix/submodules/rust-build/compiler/zombie_driver2/target/debug/deps/librustc_hir-60bf32f61521f542.rlib --extern rustc_interface=/mnt/data1/nix/vendor/rust/cargo2nix/submodules/rust-build/compiler/zombie_driver2/target/debug/deps/librustc_interface-0baff863143ebe73.rlib --extern rustc_middle=/mnt/data1/nix/vendor/rust/cargo2nix/submodules/rust-build/compiler/zombie_driver2/target/debug/deps/librustc_middle-245c3150683558be.rlib --extern rustc_session=/mnt/data1/nix/vendor/rust/cargo2nix/submodules/rust-build/compiler/zombie_driver2/target/debug/deps/librustc_session-ad93ec0078fafc82.rlib --extern rustc_span=/mnt/data1/nix/vendor/rust/cargo2nix/submodules/rust-build/compiler/zombie_driver2/target/debug/deps/librustc_span-cca3b45fe3825eda.rlib --extern serde=/mnt/data1/nix/vendor/rust/cargo2nix/submodules/rust-build/compiler/zombie_driver2/target/debug/deps/libserde-94d4350ba0c8722c.rlib --extern serde_json=/mnt/data1/nix/vendor/rust/cargo2nix/submodules/rust-build/compiler/zombie_driver2/target/debug/deps/libserde_json-64f958c5cb15c3e4.rlib --extern tokio=/mnt/data1/nix/vendor/rust/cargo2nix/submodules/rust-build/compiler/zombie_driver2/target/debug/deps/libtokio-8c3d3e55fe1d03f7.rlib -L native=/mnt/data1/nix/vendor/rust/cargo2nix/submodules/rust-build/compiler/zombie_driver2/target/debug/build/ring-8757f7c599096dcb/out -L native=/mnt/data1/nix/vendor/rust/cargo2nix/submodules/rust-build/compiler/zombie_driver2/target/debug/build/psm-51115e95e3afce55/out -L native=/mnt/data1/nix/vendor/rust/cargo2nix/submodules/rust-build/compiler/zombie_driver2/target/debug/build/blake3-b449a45f526127c8/out -L native=/mnt/data1/nix/vendor/rust/cargo2nix/submodules/rust-build/compiler/zombie_driver2/target/debug/build/blake3-b449a45f526127c8/out
20:15:55 rustc --crate-name zombie_rustc_driver --edition=2021 src/main.rs --error-format=json --json=diagnostic-rendered-ansi,artifacts,future-incompat --crate-type bin --emit=dep-info,link -C embed-bitcode=no -C debuginfo=2 --check-cfg cfg(docsrs,test) --check-cfg cfg(feature, values()) -C metadata=1b1baa17fd9e73aa -C extra-filename=-66b9baa9f37048c6 --out-dir /mnt/data1/nix/vendor/rust/cargo2nix/submodules/rust-build/compiler/zombie_driver2/target/debug/deps -C incremental=/mnt/data1/nix/vendor/rust/cargo2nix/submodules/rust-build/compiler/zombie_driver2/target/debug/incremental -L dependency=/mnt/data1/nix/vendor/rust/cargo2nix/submodules/rust-build/compiler/zombie_driver2/target/debug/deps --extern futures=/mnt/data1/nix/vendor/rust/cargo2nix/submodules/rust-build/compiler/zombie_driver2/target/debug/deps/libfutures-eb18a16bf44cf988.rlib --extern libp2p=/mnt/data1/nix/vendor/rust/cargo2nix/submodules/rust-build/compiler/zombie_driver2/target/debug/deps/liblibp2p-6e3d5bd79d2d5201.rlib --extern rustc_ast=/mnt/data1/nix/vendor/rust/cargo2nix/submodules/rust-build/compiler/zombie_driver2/target/debug/deps/librustc_ast-892745d5973bca50.rlib --extern rustc_driver=/mnt/data1/nix/vendor/rust/cargo2nix/submodules/rust-build/compiler/zombie_driver2/target/debug/deps/librustc_driver.so --extern rustc_errors=/mnt/data1/nix/vendor/rust/cargo2nix/submodules/rust-build/compiler/zombie_driver2/target/debug/deps/librustc_errors-042ea83da72fde12.rlib --extern rustc_hir=/mnt/data1/nix/vendor/rust/cargo2nix/submodules/rust-build/compiler/zombie_driver2/target/debug/deps/librustc_hir-60bf32f61521f542.rlib --extern rustc_interface=/mnt/data1/nix/vendor/rust/cargo2nix/submodules/rust-build/compiler/zombie_driver2/target/debug/deps/librustc_interface-0baff863143ebe73.rlib --extern rustc_middle=/mnt/data1/nix/vendor/rust/cargo2nix/submodules/rust-build/compiler/zombie_driver2/target/debug/deps/librustc_middle-245c3150683558be.rlib --extern rustc_session=/mnt/data1/nix/vendor/rust/cargo2nix/submodules/rust-build/compiler/zombie_driver2/target/debug/deps/librustc_session-ad93ec0078fafc82.rlib --extern rustc_span=/mnt/data1/nix/vendor/rust/cargo2nix/submodules/rust-build/compiler/zombie_driver2/target/debug/deps/librustc_span-cca3b45fe3825eda.rlib --extern serde=/mnt/data1/nix/vendor/rust/cargo2nix/submodules/rust-build/compiler/zombie_driver2/target/debug/deps/libserde-94d4350ba0c8722c.rlib --extern serde_json=/mnt/data1/nix/vendor/rust/cargo2nix/submodules/rust-build/compiler/zombie_driver2/target/debug/deps/libserde_json-64f958c5cb15c3e4.rlib --extern tokio=/mnt/data1/nix/vendor/rust/cargo2nix/submodules/rust-build/compiler/zombie_driver2/target/debug/deps/libtokio-8c3d3e55fe1d03f7.rlib -L native=/mnt/data1/nix/vendor/rust/cargo2nix/submodules/rust-build/compiler/zombie_driver2/target/debug/build/ring-8757f7c599096dcb/out -L native=/mnt/data1/nix/vendor/rust/cargo2nix/submodules/rust-build/compiler/zombie_driver2/target/debug/build/psm-51115e95e3afce55/out -L native=/mnt/data1/nix/vendor/rust/cargo2nix/submodules/rust-build/compiler/zombie_driver2/target/debug/build/blake3-b449a45f526127c8/out -L native=/mnt/data1/nix/vendor/rust/cargo2nix/submodules/rust-build/compiler/zombie_driver2/target/debug/build/blake3-b449a45f526127c8/out
20:16:59 rustc --crate-name zombie_rustc_driver --edition=2021 src/main.rs --error-format=json --json=diagnostic-rendered-ansi,artifacts,future-incompat --crate-type bin --emit=dep-info,link -C embed-bitcode=no -C debuginfo=2 --check-cfg cfg(docsrs,test) --check-cfg cfg(feature, values()) -C metadata=1b1baa17fd9e73aa -C extra-filename=-66b9baa9f37048c6 --out-dir /mnt/data1/nix/vendor/rust/cargo2nix/submodules/rust-build/compiler/zombie_driver2/target/debug/deps -C incremental=/mnt/data1/nix/vendor/rust/cargo2nix/submodules/rust-build/compiler/zombie_driver2/target/debug/incremental -L dependency=/mnt/data1/nix/vendor/rust/cargo2nix/submodules/rust-build/compiler/zombie_driver2/target/debug/deps --extern futures=/mnt/data1/nix/vendor/rust/cargo2nix/submodules/rust-build/compiler/zombie_driver2/target/debug/deps/libfutures-eb18a16bf44cf988.rlib --extern libp2p=/mnt/data1/nix/vendor/rust/cargo2nix/submodules/rust-build/compiler/zombie_driver2/target/debug/deps/liblibp2p-6e3d5bd79d2d5201.rlib --extern rustc_ast=/mnt/data1/nix/vendor/rust/cargo2nix/submodules/rust-build/compiler/zombie_driver2/target/debug/deps/librustc_ast-892745d5973bca50.rlib --extern rustc_driver=/mnt/data1/nix/vendor/rust/cargo2nix/submodules/rust-build/compiler/zombie_driver2/target/debug/deps/librustc_driver.so --extern rustc_errors=/mnt/data1/nix/vendor/rust/cargo2nix/submodules/rust-build/compiler/zombie_driver2/target/debug/deps/librustc_errors-042ea83da72fde12.rlib --extern rustc_hir=/mnt/data1/nix/vendor/rust/cargo2nix/submodules/rust-build/compiler/zombie_driver2/target/debug/deps/librustc_hir-60bf32f61521f542.rlib --extern rustc_interface=/mnt/data1/nix/vendor/rust/cargo2nix/submodules/rust-build/compiler/zombie_driver2/target/debug/deps/librustc_interface-0baff863143ebe73.rlib --extern rustc_middle=/mnt/data1/nix/vendor/rust/cargo2nix/submodules/rust-build/compiler/zombie_driver2/target/debug/deps/librustc_middle-245c3150683558be.rlib --extern rustc_session=/mnt/data1/nix/vendor/rust/cargo2nix/submodules/rust-build/compiler/zombie_driver2/target/debug/deps/librustc_session-ad93ec0078fafc82.rlib --extern rustc_span=/mnt/data1/nix/vendor/rust/cargo2nix/submodules/rust-build/compiler/zombie_driver2/target/debug/deps/librustc_span-cca3b45fe3825eda.rlib --extern serde=/mnt/data1/nix/vendor/rust/cargo2nix/submodules/rust-build/compiler/zombie_driver2/target/debug/deps/libserde-94d4350ba0c8722c.rlib --extern serde_json=/mnt/data1/nix/vendor/rust/cargo2nix/submodules/rust-build/compiler/zombie_driver2/target/debug/deps/libserde_json-64f958c5cb15c3e4.rlib --extern tokio=/mnt/data1/nix/vendor/rust/cargo2nix/submodules/rust-build/compiler/zombie_driver2/target/debug/deps/libtokio-8c3d3e55fe1d03f7.rlib -L native=/mnt/data1/nix/vendor/rust/cargo2nix/submodules/rust-build/compiler/zombie_driver2/target/debug/build/ring-8757f7c599096dcb/out -L native=/mnt/data1/nix/vendor/rust/cargo2nix/submodules/rust-build/compiler/zombie_driver2/target/debug/build/psm-51115e95e3afce55/out -L native=/mnt/data1/nix/vendor/rust/cargo2nix/submodules/rust-build/compiler/zombie_driver2/target/debug/build/blake3-b449a45f526127c8/out -L native=/mnt/data1/nix/vendor/rust/cargo2nix/submodules/rust-build/compiler/zombie_driver2/target/debug/build/blake3-b449a45f526127c8/out
20:19:03 rustc --crate-name zombie_rustc_driver --edition=2021 src/main.rs --error-format=json --json=diagnostic-rendered-ansi,artifacts,future-incompat --crate-type bin --emit=dep-info,link -C embed-bitcode=no -C debuginfo=2 --check-cfg cfg(docsrs,test) --check-cfg cfg(feature, values()) -C metadata=1b1baa17fd9e73aa -C extra-filename=-66b9baa9f37048c6 --out-dir /mnt/data1/nix/vendor/rust/cargo2nix/submodules/rust-build/compiler/zombie_driver2/target/debug/deps -C incremental=/mnt/data1/nix/vendor/rust/cargo2nix/submodules/rust-build/compiler/zombie_driver2/target/debug/incremental -L dependency=/mnt/data1/nix/vendor/rust/cargo2nix/submodules/rust-build/compiler/zombie_driver2/target/debug/deps --extern futures=/mnt/data1/nix/vendor/rust/cargo2nix/submodules/rust-build/compiler/zombie_driver2/target/debug/deps/libfutures-eb18a16bf44cf988.rlib --extern libp2p=/mnt/data1/nix/vendor/rust/cargo2nix/submodules/rust-build/compiler/zombie_driver2/target/debug/deps/liblibp2p-6e3d5bd79d2d5201.rlib --extern rustc_ast=/mnt/data1/nix/vendor/rust/cargo2nix/submodules/rust-build/compiler/zombie_driver2/target/debug/deps/librustc_ast-892745d5973bca50.rlib --extern rustc_driver=/mnt/data1/nix/vendor/rust/cargo2nix/submodules/rust-build/compiler/zombie_driver2/target/debug/deps/librustc_driver.so --extern rustc_errors=/mnt/data1/nix/vendor/rust/cargo2nix/submodules/rust-build/compiler/zombie_driver2/target/debug/deps/librustc_errors-042ea83da72fde12.rlib --extern rustc_hir=/mnt/data1/nix/vendor/rust/cargo2nix/submodules/rust-build/compiler/zombie_driver2/target/debug/deps/librustc_hir-60bf32f61521f542.rlib --extern rustc_interface=/mnt/data1/nix/vendor/rust/cargo2nix/submodules/rust-build/compiler/zombie_driver2/target/debug/deps/librustc_interface-0baff863143ebe73.rlib --extern rustc_middle=/mnt/data1/nix/vendor/rust/cargo2nix/submodules/rust-build/compiler/zombie_driver2/target/debug/deps/librustc_middle-245c3150683558be.rlib --extern rustc_session=/mnt/data1/nix/vendor/rust/cargo2nix/submodules/rust-build/compiler/zombie_driver2/target/debug/deps/librustc_session-ad93ec0078fafc82.rlib --extern rustc_span=/mnt/data1/nix/vendor/rust/cargo2nix/submodules/rust-build/compiler/zombie_driver2/target/debug/deps/librustc_span-cca3b45fe3825eda.rlib --extern serde=/mnt/data1/nix/vendor/rust/cargo2nix/submodules/rust-build/compiler/zombie_driver2/target/debug/deps/libserde-94d4350ba0c8722c.rlib --extern serde_json=/mnt/data1/nix/vendor/rust/cargo2nix/submodules/rust-build/compiler/zombie_driver2/target/debug/deps/libserde_json-64f958c5cb15c3e4.rlib --extern tokio=/mnt/data1/nix/vendor/rust/cargo2nix/submodules/rust-build/compiler/zombie_driver2/target/debug/deps/libtokio-8c3d3e55fe1d03f7.rlib -L native=/mnt/data1/nix/vendor/rust/cargo2nix/submodules/rust-build/compiler/zombie_driver2/target/debug/build/ring-8757f7c599096dcb/out -L native=/mnt/data1/nix/vendor/rust/cargo2nix/submodules/rust-build/compiler/zombie_driver2/target/debug/build/psm-51115e95e3afce55/out -L native=/mnt/data1/nix/vendor/rust/cargo2nix/submodules/rust-build/compiler/zombie_driver2/target/debug/build/blake3-b449a45f526127c8/out -L native=/mnt/data1/nix/vendor/rust/cargo2nix/submodules/rust-build/compiler/zombie_driver2/target/debug/build/blake3-b449a45f526127c8/out
20:19:35 rustc --crate-name zombie_rustc_driver --edition=2021 src/main.rs --error-format=json --json=diagnostic-rendered-ansi,artifacts,future-incompat --crate-type bin --emit=dep-info,link -C embed-bitcode=no -C debuginfo=2 --check-cfg cfg(docsrs,test) --check-cfg cfg(feature, values()) -C metadata=1b1baa17fd9e73aa -C extra-filename=-66b9baa9f37048c6 --out-dir /mnt/data1/nix/vendor/rust/cargo2nix/submodules/rust-build/compiler/zombie_driver2/target/debug/deps -C incremental=/mnt/data1/nix/vendor/rust/cargo2nix/submodules/rust-build/compiler/zombie_driver2/target/debug/incremental -L dependency=/mnt/data1/nix/vendor/rust/cargo2nix/submodules/rust-build/compiler/zombie_driver2/target/debug/deps --extern futures=/mnt/data1/nix/vendor/rust/cargo2nix/submodules/rust-build/compiler/zombie_driver2/target/debug/deps/libfutures-eb18a16bf44cf988.rlib --extern libp2p=/mnt/data1/nix/vendor/rust/cargo2nix/submodules/rust-build/compiler/zombie_driver2/target/debug/deps/liblibp2p-6e3d5bd79d2d5201.rlib --extern rustc_ast=/mnt/data1/nix/vendor/rust/cargo2nix/submodules/rust-build/compiler/zombie_driver2/target/debug/deps/librustc_ast-892745d5973bca50.rlib --extern rustc_driver=/mnt/data1/nix/vendor/rust/cargo2nix/submodules/rust-build/compiler/zombie_driver2/target/debug/deps/librustc_driver.so --extern rustc_errors=/mnt/data1/nix/vendor/rust/cargo2nix/submodules/rust-build/compiler/zombie_driver2/target/debug/deps/librustc_errors-042ea83da72fde12.rlib --extern rustc_hir=/mnt/data1/nix/vendor/rust/cargo2nix/submodules/rust-build/compiler/zombie_driver2/target/debug/deps/librustc_hir-60bf32f61521f542.rlib --extern rustc_interface=/mnt/data1/nix/vendor/rust/cargo2nix/submodules/rust-build/compiler/zombie_driver2/target/debug/deps/librustc_interface-0baff863143ebe73.rlib --extern rustc_middle=/mnt/data1/nix/vendor/rust/cargo2nix/submodules/rust-build/compiler/zombie_driver2/target/debug/deps/librustc_middle-245c3150683558be.rlib --extern rustc_session=/mnt/data1/nix/vendor/rust/cargo2nix/submodules/rust-build/compiler/zombie_driver2/target/debug/deps/librustc_session-ad93ec0078fafc82.rlib --extern rustc_span=/mnt/data1/nix/vendor/rust/cargo2nix/submodules/rust-build/compiler/zombie_driver2/target/debug/deps/librustc_span-cca3b45fe3825eda.rlib --extern serde=/mnt/data1/nix/vendor/rust/cargo2nix/submodules/rust-build/compiler/zombie_driver2/target/debug/deps/libserde-94d4350ba0c8722c.rlib --extern serde_json=/mnt/data1/nix/vendor/rust/cargo2nix/submodules/rust-build/compiler/zombie_driver2/target/debug/deps/libserde_json-64f958c5cb15c3e4.rlib --extern tokio=/mnt/data1/nix/vendor/rust/cargo2nix/submodules/rust-build/compiler/zombie_driver2/target/debug/deps/libtokio-8c3d3e55fe1d03f7.rlib -L native=/mnt/data1/nix/vendor/rust/cargo2nix/submodules/rust-build/compiler/zombie_driver2/target/debug/build/ring-8757f7c599096dcb/out -L native=/mnt/data1/nix/vendor/rust/cargo2nix/submodules/rust-build/compiler/zombie_driver2/target/debug/build/psm-51115e95e3afce55/out -L native=/mnt/data1/nix/vendor/rust/cargo2nix/submodules/rust-build/compiler/zombie_driver2/target/debug/build/blake3-b449a45f526127c8/out -L native=/mnt/data1/nix/vendor/rust/cargo2nix/submodules/rust-build/compiler/zombie_driver2/target/debug/build/blake3-b449a45f526127c8/out
20:23:49 rustc -vV
20:23:49 rustc - --crate-name ___ --print=file-names --crate-type bin --crate-type rlib --crate-type dylib --crate-type cdylib --crate-type staticlib --crate-type proc-macro --print=sysroot --print=split-debuginfo --print=crate-name --print=cfg -Wwarnings
20:23:50 rustc -vV
20:23:50 rustc --crate-name zombie_rustc_driver --edition=2021 src/main.rs --error-format=json --json=diagnostic-rendered-ansi,artifacts,future-incompat --crate-type bin --emit=dep-info,link -C embed-bitcode=no -C debuginfo=2 --check-cfg cfg(docsrs,test) --check-cfg cfg(feature, values()) -C metadata=1b1baa17fd9e73aa -C extra-filename=-66b9baa9f37048c6 --out-dir /mnt/data1/nix/vendor/rust/cargo2nix/submodules/rust-build/compiler/zombie_driver2/target/debug/deps -C incremental=/mnt/data1/nix/vendor/rust/cargo2nix/submodules/rust-build/compiler/zombie_driver2/target/debug/incremental -L dependency=/mnt/data1/nix/vendor/rust/cargo2nix/submodules/rust-build/compiler/zombie_driver2/target/debug/deps --extern futures=/mnt/data1/nix/vendor/rust/cargo2nix/submodules/rust-build/compiler/zombie_driver2/target/debug/deps/libfutures-eb18a16bf44cf988.rlib --extern libp2p=/mnt/data1/nix/vendor/rust/cargo2nix/submodules/rust-build/compiler/zombie_driver2/target/debug/deps/liblibp2p-6e3d5bd79d2d5201.rlib --extern rustc_ast=/mnt/data1/nix/vendor/rust/cargo2nix/submodules/rust-build/compiler/zombie_driver2/target/debug/deps/librustc_ast-892745d5973bca50.rlib --extern rustc_driver=/mnt/data1/nix/vendor/rust/cargo2nix/submodules/rust-build/compiler/zombie_driver2/target/debug/deps/librustc_driver.so --extern rustc_errors=/mnt/data1/nix/vendor/rust/cargo2nix/submodules/rust-build/compiler/zombie_driver2/target/debug/deps/librustc_errors-042ea83da72fde12.rlib --extern rustc_hir=/mnt/data1/nix/vendor/rust/cargo2nix/submodules/rust-build/compiler/zombie_driver2/target/debug/deps/librustc_hir-60bf32f61521f542.rlib --extern rustc_interface=/mnt/data1/nix/vendor/rust/cargo2nix/submodules/rust-build/compiler/zombie_driver2/target/debug/deps/librustc_interface-0baff863143ebe73.rlib --extern rustc_middle=/mnt/data1/nix/vendor/rust/cargo2nix/submodules/rust-build/compiler/zombie_driver2/target/debug/deps/librustc_middle-245c3150683558be.rlib --extern rustc_session=/mnt/data1/nix/vendor/rust/cargo2nix/submodules/rust-build/compiler/zombie_driver2/target/debug/deps/librustc_session-ad93ec0078fafc82.rlib --extern rustc_span=/mnt/data1/nix/vendor/rust/cargo2nix/submodules/rust-build/compiler/zombie_driver2/target/debug/deps/librustc_span-cca3b45fe3825eda.rlib --extern serde=/mnt/data1/nix/vendor/rust/cargo2nix/submodules/rust-build/compiler/zombie_driver2/target/debug/deps/libserde-94d4350ba0c8722c.rlib --extern serde_json=/mnt/data1/nix/vendor/rust/cargo2nix/submodules/rust-build/compiler/zombie_driver2/target/debug/deps/libserde_json-64f958c5cb15c3e4.rlib --extern tokio=/mnt/data1/nix/vendor/rust/cargo2nix/submodules/rust-build/compiler/zombie_driver2/target/debug/deps/libtokio-8c3d3e55fe1d03f7.rlib -L native=/mnt/data1/nix/vendor/rust/cargo2nix/submodules/rust-build/compiler/zombie_driver2/target/debug/build/ring-8757f7c599096dcb/out -L native=/mnt/data1/nix/vendor/rust/cargo2nix/submodules/rust-build/compiler/zombie_driver2/target/debug/build/psm-51115e95e3afce55/out -L native=/mnt/data1/nix/vendor/rust/cargo2nix/submodules/rust-build/compiler/zombie_driver2/target/debug/build/blake3-b449a45f526127c8/out -L native=/mnt/data1/nix/vendor/rust/cargo2nix/submodules/rust-build/compiler/zombie_driver2/target/debug/build/blake3-b449a45f526127c8/out
20:24:41 rustc --crate-name zombie_rustc_driver --edition=2021 src/main.rs --error-format=json --json=diagnostic-rendered-ansi,artifacts,future-incompat --crate-type bin --emit=dep-info,link -C embed-bitcode=no -C debuginfo=2 --check-cfg cfg(docsrs,test) --check-cfg cfg(feature, values()) -C metadata=1b1baa17fd9e73aa -C extra-filename=-66b9baa9f37048c6 --out-dir /mnt/data1/nix/vendor/rust/cargo2nix/submodules/rust-build/compiler/zombie_driver2/target/debug/deps -C incremental=/mnt/data1/nix/vendor/rust/cargo2nix/submodules/rust-build/compiler/zombie_driver2/target/debug/incremental -L dependency=/mnt/data1/nix/vendor/rust/cargo2nix/submodules/rust-build/compiler/zombie_driver2/target/debug/deps --extern futures=/mnt/data1/nix/vendor/rust/cargo2nix/submodules/rust-build/compiler/zombie_driver2/target/debug/deps/libfutures-eb18a16bf44cf988.rlib --extern libp2p=/mnt/data1/nix/vendor/rust/cargo2nix/submodules/rust-build/compiler/zombie_driver2/target/debug/deps/liblibp2p-6e3d5bd79d2d5201.rlib --extern rustc_ast=/mnt/data1/nix/vendor/rust/cargo2nix/submodules/rust-build/compiler/zombie_driver2/target/debug/deps/librustc_ast-892745d5973bca50.rlib --extern rustc_driver=/mnt/data1/nix/vendor/rust/cargo2nix/submodules/rust-build/compiler/zombie_driver2/target/debug/deps/librustc_driver.so --extern rustc_errors=/mnt/data1/nix/vendor/rust/cargo2nix/submodules/rust-build/compiler/zombie_driver2/target/debug/deps/librustc_errors-042ea83da72fde12.rlib --extern rustc_hir=/mnt/data1/nix/vendor/rust/cargo2nix/submodules/rust-build/compiler/zombie_driver2/target/debug/deps/librustc_hir-60bf32f61521f542.rlib --extern rustc_interface=/mnt/data1/nix/vendor/rust/cargo2nix/submodules/rust-build/compiler/zombie_driver2/target/debug/deps/librustc_interface-0baff863143ebe73.rlib --extern rustc_middle=/mnt/data1/nix/vendor/rust/cargo2nix/submodules/rust-build/compiler/zombie_driver2/target/debug/deps/librustc_middle-245c3150683558be.rlib --extern rustc_session=/mnt/data1/nix/vendor/rust/cargo2nix/submodules/rust-build/compiler/zombie_driver2/target/debug/deps/librustc_session-ad93ec0078fafc82.rlib --extern rustc_span=/mnt/data1/nix/vendor/rust/cargo2nix/submodules/rust-build/compiler/zombie_driver2/target/debug/deps/librustc_span-cca3b45fe3825eda.rlib --extern serde=/mnt/data1/nix/vendor/rust/cargo2nix/submodules/rust-build/compiler/zombie_driver2/target/debug/deps/libserde-94d4350ba0c8722c.rlib --extern serde_json=/mnt/data1/nix/vendor/rust/cargo2nix/submodules/rust-build/compiler/zombie_driver2/target/debug/deps/libserde_json-64f958c5cb15c3e4.rlib --extern tokio=/mnt/data1/nix/vendor/rust/cargo2nix/submodules/rust-build/compiler/zombie_driver2/target/debug/deps/libtokio-8c3d3e55fe1d03f7.rlib -L native=/mnt/data1/nix/vendor/rust/cargo2nix/submodules/rust-build/compiler/zombie_driver2/target/debug/build/ring-8757f7c599096dcb/out -L native=/mnt/data1/nix/vendor/rust/cargo2nix/submodules/rust-build/compiler/zombie_driver2/target/debug/build/psm-51115e95e3afce55/out -L native=/mnt/data1/nix/vendor/rust/cargo2nix/submodules/rust-build/compiler/zombie_driver2/target/debug/build/blake3-b449a45f526127c8/out -L native=/mnt/data1/nix/vendor/rust/cargo2nix/submodules/rust-build/compiler/zombie_driver2/target/debug/build/blake3-b449a45f526127c8/out
20:24:57 rustc --crate-name zombie_rustc_driver --edition=2021 src/main.rs --error-format=json --json=diagnostic-rendered-ansi,artifacts,future-incompat --crate-type bin --emit=dep-info,link -C embed-bitcode=no -C debuginfo=2 --check-cfg cfg(docsrs,test) --check-cfg cfg(feature, values()) -C metadata=1b1baa17fd9e73aa -C extra-filename=-66b9baa9f37048c6 --out-dir /mnt/data1/nix/vendor/rust/cargo2nix/submodules/rust-build/compiler/zombie_driver2/target/debug/deps -C incremental=/mnt/data1/nix/vendor/rust/cargo2nix/submodules/rust-build/compiler/zombie_driver2/target/debug/incremental -L dependency=/mnt/data1/nix/vendor/rust/cargo2nix/submodules/rust-build/compiler/zombie_driver2/target/debug/deps --extern futures=/mnt/data1/nix/vendor/rust/cargo2nix/submodules/rust-build/compiler/zombie_driver2/target/debug/deps/libfutures-eb18a16bf44cf988.rlib --extern libp2p=/mnt/data1/nix/vendor/rust/cargo2nix/submodules/rust-build/compiler/zombie_driver2/target/debug/deps/liblibp2p-6e3d5bd79d2d5201.rlib --extern rustc_ast=/mnt/data1/nix/vendor/rust/cargo2nix/submodules/rust-build/compiler/zombie_driver2/target/debug/deps/librustc_ast-892745d5973bca50.rlib --extern rustc_driver=/mnt/data1/nix/vendor/rust/cargo2nix/submodules/rust-build/compiler/zombie_driver2/target/debug/deps/librustc_driver.so --extern rustc_errors=/mnt/data1/nix/vendor/rust/cargo2nix/submodules/rust-build/compiler/zombie_driver2/target/debug/deps/librustc_errors-042ea83da72fde12.rlib --extern rustc_hir=/mnt/data1/nix/vendor/rust/cargo2nix/submodules/rust-build/compiler/zombie_driver2/target/debug/deps/librustc_hir-60bf32f61521f542.rlib --extern rustc_interface=/mnt/data1/nix/vendor/rust/cargo2nix/submodules/rust-build/compiler/zombie_driver2/target/debug/deps/librustc_interface-0baff863143ebe73.rlib --extern rustc_middle=/mnt/data1/nix/vendor/rust/cargo2nix/submodules/rust-build/compiler/zombie_driver2/target/debug/deps/librustc_middle-245c3150683558be.rlib --extern rustc_session=/mnt/data1/nix/vendor/rust/cargo2nix/submodules/rust-build/compiler/zombie_driver2/target/debug/deps/librustc_session-ad93ec0078fafc82.rlib --extern rustc_span=/mnt/data1/nix/vendor/rust/cargo2nix/submodules/rust-build/compiler/zombie_driver2/target/debug/deps/librustc_span-cca3b45fe3825eda.rlib --extern serde=/mnt/data1/nix/vendor/rust/cargo2nix/submodules/rust-build/compiler/zombie_driver2/target/debug/deps/libserde-94d4350ba0c8722c.rlib --extern serde_json=/mnt/data1/nix/vendor/rust/cargo2nix/submodules/rust-build/compiler/zombie_driver2/target/debug/deps/libserde_json-64f958c5cb15c3e4.rlib --extern tokio=/mnt/data1/nix/vendor/rust/cargo2nix/submodules/rust-build/compiler/zombie_driver2/target/debug/deps/libtokio-8c3d3e55fe1d03f7.rlib -L native=/mnt/data1/nix/vendor/rust/cargo2nix/submodules/rust-build/compiler/zombie_driver2/target/debug/build/ring-8757f7c599096dcb/out -L native=/mnt/data1/nix/vendor/rust/cargo2nix/submodules/rust-build/compiler/zombie_driver2/target/debug/build/psm-51115e95e3afce55/out -L native=/mnt/data1/nix/vendor/rust/cargo2nix/submodules/rust-build/compiler/zombie_driver2/target/debug/build/blake3-b449a45f526127c8/out -L native=/mnt/data1/nix/vendor/rust/cargo2nix/submodules/rust-build/compiler/zombie_driver2/target/debug/build/blake3-b449a45f526127c8/out
20:26:55 rustc -vV
20:26:55 rustc - --crate-name ___ --print=file-names --crate-type bin --crate-type rlib --crate-type dylib --crate-type cdylib --crate-type staticlib --crate-type proc-macro --print=sysroot --print=split-debuginfo --print=crate-name --print=cfg -Wwarnings
20:26:55 rustc -vV
20:26:58 rustc --crate-name zombie_rustc_driver --edition=2021 src/main.rs --error-format=json --json=diagnostic-rendered-ansi,artifacts,future-incompat --crate-type bin --emit=dep-info,link -C embed-bitcode=no -C debuginfo=2 --check-cfg cfg(docsrs,test) --check-cfg cfg(feature, values()) -C metadata=1b1baa17fd9e73aa -C extra-filename=-66b9baa9f37048c6 --out-dir /mnt/data1/nix/vendor/rust/cargo2nix/submodules/rust-build/compiler/zombie_driver2/target/debug/deps -C incremental=/mnt/data1/nix/vendor/rust/cargo2nix/submodules/rust-build/compiler/zombie_driver2/target/debug/incremental -L dependency=/mnt/data1/nix/vendor/rust/cargo2nix/submodules/rust-build/compiler/zombie_driver2/target/debug/deps --extern futures=/mnt/data1/nix/vendor/rust/cargo2nix/submodules/rust-build/compiler/zombie_driver2/target/debug/deps/libfutures-eb18a16bf44cf988.rlib --extern libp2p=/mnt/data1/nix/vendor/rust/cargo2nix/submodules/rust-build/compiler/zombie_driver2/target/debug/deps/liblibp2p-6e3d5bd79d2d5201.rlib --extern rustc_ast=/mnt/data1/nix/vendor/rust/cargo2nix/submodules/rust-build/compiler/zombie_driver2/target/debug/deps/librustc_ast-892745d5973bca50.rlib --extern rustc_driver=/mnt/data1/nix/vendor/rust/cargo2nix/submodules/rust-build/compiler/zombie_driver2/target/debug/deps/librustc_driver.so --extern rustc_errors=/mnt/data1/nix/vendor/rust/cargo2nix/submodules/rust-build/compiler/zombie_driver2/target/debug/deps/librustc_errors-042ea83da72fde12.rlib --extern rustc_hir=/mnt/data1/nix/vendor/rust/cargo2nix/submodules/rust-build/compiler/zombie_driver2/target/debug/deps/librustc_hir-60bf32f61521f542.rlib --extern rustc_interface=/mnt/data1/nix/vendor/rust/cargo2nix/submodules/rust-build/compiler/zombie_driver2/target/debug/deps/librustc_interface-0baff863143ebe73.rlib --extern rustc_middle=/mnt/data1/nix/vendor/rust/cargo2nix/submodules/rust-build/compiler/zombie_driver2/target/debug/deps/librustc_middle-245c3150683558be.rlib --extern rustc_session=/mnt/data1/nix/vendor/rust/cargo2nix/submodules/rust-build/compiler/zombie_driver2/target/debug/deps/librustc_session-ad93ec0078fafc82.rlib --extern rustc_span=/mnt/data1/nix/vendor/rust/cargo2nix/submodules/rust-build/compiler/zombie_driver2/target/debug/deps/librustc_span-cca3b45fe3825eda.rlib --extern serde=/mnt/data1/nix/vendor/rust/cargo2nix/submodules/rust-build/compiler/zombie_driver2/target/debug/deps/libserde-94d4350ba0c8722c.rlib --extern serde_json=/mnt/data1/nix/vendor/rust/cargo2nix/submodules/rust-build/compiler/zombie_driver2/target/debug/deps/libserde_json-64f958c5cb15c3e4.rlib --extern tokio=/mnt/data1/nix/vendor/rust/cargo2nix/submodules/rust-build/compiler/zombie_driver2/target/debug/deps/libtokio-8c3d3e55fe1d03f7.rlib -L native=/mnt/data1/nix/vendor/rust/cargo2nix/submodules/rust-build/compiler/zombie_driver2/target/debug/build/ring-8757f7c599096dcb/out -L native=/mnt/data1/nix/vendor/rust/cargo2nix/submodules/rust-build/compiler/zombie_driver2/target/debug/build/psm-51115e95e3afce55/out -L native=/mnt/data1/nix/vendor/rust/cargo2nix/submodules/rust-build/compiler/zombie_driver2/target/debug/build/blake3-b449a45f526127c8/out -L native=/mnt/data1/nix/vendor/rust/cargo2nix/submodules/rust-build/compiler/zombie_driver2/target/debug/build/blake3-b449a45f526127c8/out
20:28:33 rustc --crate-name zombie_rustc_driver --edition=2021 src/main.rs --error-format=json --json=diagnostic-rendered-ansi,artifacts,future-incompat --crate-type bin --emit=dep-info,link -C embed-bitcode=no -C debuginfo=2 --check-cfg cfg(docsrs,test) --check-cfg cfg(feature, values()) -C metadata=1b1baa17fd9e73aa -C extra-filename=-66b9baa9f37048c6 --out-dir /mnt/data1/nix/vendor/rust/cargo2nix/submodules/rust-build/compiler/zombie_driver2/target/debug/deps -C incremental=/mnt/data1/nix/vendor/rust/cargo2nix/submodules/rust-build/compiler/zombie_driver2/target/debug/incremental -L dependency=/mnt/data1/nix/vendor/rust/cargo2nix/submodules/rust-build/compiler/zombie_driver2/target/debug/deps --extern futures=/mnt/data1/nix/vendor/rust/cargo2nix/submodules/rust-build/compiler/zombie_driver2/target/debug/deps/libfutures-eb18a16bf44cf988.rlib --extern libp2p=/mnt/data1/nix/vendor/rust/cargo2nix/submodules/rust-build/compiler/zombie_driver2/target/debug/deps/liblibp2p-6e3d5bd79d2d5201.rlib --extern rustc_ast=/mnt/data1/nix/vendor/rust/cargo2nix/submodules/rust-build/compiler/zombie_driver2/target/debug/deps/librustc_ast-892745d5973bca50.rlib --extern rustc_driver=/mnt/data1/nix/vendor/rust/cargo2nix/submodules/rust-build/compiler/zombie_driver2/target/debug/deps/librustc_driver.so --extern rustc_errors=/mnt/data1/nix/vendor/rust/cargo2nix/submodules/rust-build/compiler/zombie_driver2/target/debug/deps/librustc_errors-042ea83da72fde12.rlib --extern rustc_hir=/mnt/data1/nix/vendor/rust/cargo2nix/submodules/rust-build/compiler/zombie_driver2/target/debug/deps/librustc_hir-60bf32f61521f542.rlib --extern rustc_interface=/mnt/data1/nix/vendor/rust/cargo2nix/submodules/rust-build/compiler/zombie_driver2/target/debug/deps/librustc_interface-0baff863143ebe73.rlib --extern rustc_middle=/mnt/data1/nix/vendor/rust/cargo2nix/submodules/rust-build/compiler/zombie_driver2/target/debug/deps/librustc_middle-245c3150683558be.rlib --extern rustc_session=/mnt/data1/nix/vendor/rust/cargo2nix/submodules/rust-build/compiler/zombie_driver2/target/debug/deps/librustc_session-ad93ec0078fafc82.rlib --extern rustc_span=/mnt/data1/nix/vendor/rust/cargo2nix/submodules/rust-build/compiler/zombie_driver2/target/debug/deps/librustc_span-cca3b45fe3825eda.rlib --extern serde=/mnt/data1/nix/vendor/rust/cargo2nix/submodules/rust-build/compiler/zombie_driver2/target/debug/deps/libserde-94d4350ba0c8722c.rlib --extern serde_json=/mnt/data1/nix/vendor/rust/cargo2nix/submodules/rust-build/compiler/zombie_driver2/target/debug/deps/libserde_json-64f958c5cb15c3e4.rlib --extern tokio=/mnt/data1/nix/vendor/rust/cargo2nix/submodules/rust-build/compiler/zombie_driver2/target/debug/deps/libtokio-8c3d3e55fe1d03f7.rlib -L native=/mnt/data1/nix/vendor/rust/cargo2nix/submodules/rust-build/compiler/zombie_driver2/target/debug/build/ring-8757f7c599096dcb/out -L native=/mnt/data1/nix/vendor/rust/cargo2nix/submodules/rust-build/compiler/zombie_driver2/target/debug/build/psm-51115e95e3afce55/out -L native=/mnt/data1/nix/vendor/rust/cargo2nix/submodules/rust-build/compiler/zombie_driver2/target/debug/build/blake3-b449a45f526127c8/out -L native=/mnt/data1/nix/vendor/rust/cargo2nix/submodules/rust-build/compiler/zombie_driver2/target/debug/build/blake3-b449a45f526127c8/out
20:29:09 rustc --crate-name zombie_rustc_driver --edition=2021 src/main.rs --error-format=json --json=diagnostic-rendered-ansi,artifacts,future-incompat --crate-type bin --emit=dep-info,link -C embed-bitcode=no -C debuginfo=2 --check-cfg cfg(docsrs,test) --check-cfg cfg(feature, values()) -C metadata=1b1baa17fd9e73aa -C extra-filename=-66b9baa9f37048c6 --out-dir /mnt/data1/nix/vendor/rust/cargo2nix/submodules/rust-build/compiler/zombie_driver2/target/debug/deps -C incremental=/mnt/data1/nix/vendor/rust/cargo2nix/submodules/rust-build/compiler/zombie_driver2/target/debug/incremental -L dependency=/mnt/data1/nix/vendor/rust/cargo2nix/submodules/rust-build/compiler/zombie_driver2/target/debug/deps --extern futures=/mnt/data1/nix/vendor/rust/cargo2nix/submodules/rust-build/compiler/zombie_driver2/target/debug/deps/libfutures-eb18a16bf44cf988.rlib --extern libp2p=/mnt/data1/nix/vendor/rust/cargo2nix/submodules/rust-build/compiler/zombie_driver2/target/debug/deps/liblibp2p-6e3d5bd79d2d5201.rlib --extern rustc_ast=/mnt/data1/nix/vendor/rust/cargo2nix/submodules/rust-build/compiler/zombie_driver2/target/debug/deps/librustc_ast-892745d5973bca50.rlib --extern rustc_driver=/mnt/data1/nix/vendor/rust/cargo2nix/submodules/rust-build/compiler/zombie_driver2/target/debug/deps/librustc_driver.so --extern rustc_errors=/mnt/data1/nix/vendor/rust/cargo2nix/submodules/rust-build/compiler/zombie_driver2/target/debug/deps/librustc_errors-042ea83da72fde12.rlib --extern rustc_hir=/mnt/data1/nix/vendor/rust/cargo2nix/submodules/rust-build/compiler/zombie_driver2/target/debug/deps/librustc_hir-60bf32f61521f542.rlib --extern rustc_interface=/mnt/data1/nix/vendor/rust/cargo2nix/submodules/rust-build/compiler/zombie_driver2/target/debug/deps/librustc_interface-0baff863143ebe73.rlib --extern rustc_middle=/mnt/data1/nix/vendor/rust/cargo2nix/submodules/rust-build/compiler/zombie_driver2/target/debug/deps/librustc_middle-245c3150683558be.rlib --extern rustc_session=/mnt/data1/nix/vendor/rust/cargo2nix/submodules/rust-build/compiler/zombie_driver2/target/debug/deps/librustc_session-ad93ec0078fafc82.rlib --extern rustc_span=/mnt/data1/nix/vendor/rust/cargo2nix/submodules/rust-build/compiler/zombie_driver2/target/debug/deps/librustc_span-cca3b45fe3825eda.rlib --extern serde=/mnt/data1/nix/vendor/rust/cargo2nix/submodules/rust-build/compiler/zombie_driver2/target/debug/deps/libserde-94d4350ba0c8722c.rlib --extern serde_json=/mnt/data1/nix/vendor/rust/cargo2nix/submodules/rust-build/compiler/zombie_driver2/target/debug/deps/libserde_json-64f958c5cb15c3e4.rlib --extern tokio=/mnt/data1/nix/vendor/rust/cargo2nix/submodules/rust-build/compiler/zombie_driver2/target/debug/deps/libtokio-8c3d3e55fe1d03f7.rlib -L native=/mnt/data1/nix/vendor/rust/cargo2nix/submodules/rust-build/compiler/zombie_driver2/target/debug/build/ring-8757f7c599096dcb/out -L native=/mnt/data1/nix/vendor/rust/cargo2nix/submodules/rust-build/compiler/zombie_driver2/target/debug/build/psm-51115e95e3afce55/out -L native=/mnt/data1/nix/vendor/rust/cargo2nix/submodules/rust-build/compiler/zombie_driver2/target/debug/build/blake3-b449a45f526127c8/out -L native=/mnt/data1/nix/vendor/rust/cargo2nix/submodules/rust-build/compiler/zombie_driver2/target/debug/build/blake3-b449a45f526127c8/out
20:31:11 rustc -vV
20:31:11 rustc - --crate-name ___ --print=file-names --crate-type bin --crate-type rlib --crate-type dylib --crate-type cdylib --crate-type staticlib --crate-type proc-macro --print=sysroot --print=split-debuginfo --print=crate-name --print=cfg -Wwarnings
20:31:11 rustc -vV
20:31:11 rustc --crate-name zombie_rustc_driver --edition=2021 src/main.rs --error-format=json --json=diagnostic-rendered-ansi,artifacts,future-incompat --crate-type bin --emit=dep-info,link -C embed-bitcode=no -C debuginfo=2 --check-cfg cfg(docsrs,test) --check-cfg cfg(feature, values()) -C metadata=1b1baa17fd9e73aa -C extra-filename=-66b9baa9f37048c6 --out-dir /mnt/data1/nix/vendor/rust/cargo2nix/submodules/rust-build/compiler/zombie_driver2/target/debug/deps -C incremental=/mnt/data1/nix/vendor/rust/cargo2nix/submodules/rust-build/compiler/zombie_driver2/target/debug/incremental -L dependency=/mnt/data1/nix/vendor/rust/cargo2nix/submodules/rust-build/compiler/zombie_driver2/target/debug/deps --extern futures=/mnt/data1/nix/vendor/rust/cargo2nix/submodules/rust-build/compiler/zombie_driver2/target/debug/deps/libfutures-eb18a16bf44cf988.rlib --extern libp2p=/mnt/data1/nix/vendor/rust/cargo2nix/submodules/rust-build/compiler/zombie_driver2/target/debug/deps/liblibp2p-6e3d5bd79d2d5201.rlib --extern rustc_ast=/mnt/data1/nix/vendor/rust/cargo2nix/submodules/rust-build/compiler/zombie_driver2/target/debug/deps/librustc_ast-892745d5973bca50.rlib --extern rustc_driver=/mnt/data1/nix/vendor/rust/cargo2nix/submodules/rust-build/compiler/zombie_driver2/target/debug/deps/librustc_driver.so --extern rustc_errors=/mnt/data1/nix/vendor/rust/cargo2nix/submodules/rust-build/compiler/zombie_driver2/target/debug/deps/librustc_errors-042ea83da72fde12.rlib --extern rustc_hir=/mnt/data1/nix/vendor/rust/cargo2nix/submodules/rust-build/compiler/zombie_driver2/target/debug/deps/librustc_hir-60bf32f61521f542.rlib --extern rustc_interface=/mnt/data1/nix/vendor/rust/cargo2nix/submodules/rust-build/compiler/zombie_driver2/target/debug/deps/librustc_interface-0baff863143ebe73.rlib --extern rustc_middle=/mnt/data1/nix/vendor/rust/cargo2nix/submodules/rust-build/compiler/zombie_driver2/target/debug/deps/librustc_middle-245c3150683558be.rlib --extern rustc_session=/mnt/data1/nix/vendor/rust/cargo2nix/submodules/rust-build/compiler/zombie_driver2/target/debug/deps/librustc_session-ad93ec0078fafc82.rlib --extern rustc_span=/mnt/data1/nix/vendor/rust/cargo2nix/submodules/rust-build/compiler/zombie_driver2/target/debug/deps/librustc_span-cca3b45fe3825eda.rlib --extern serde=/mnt/data1/nix/vendor/rust/cargo2nix/submodules/rust-build/compiler/zombie_driver2/target/debug/deps/libserde-94d4350ba0c8722c.rlib --extern serde_json=/mnt/data1/nix/vendor/rust/cargo2nix/submodules/rust-build/compiler/zombie_driver2/target/debug/deps/libserde_json-64f958c5cb15c3e4.rlib --extern tokio=/mnt/data1/nix/vendor/rust/cargo2nix/submodules/rust-build/compiler/zombie_driver2/target/debug/deps/libtokio-8c3d3e55fe1d03f7.rlib -L native=/mnt/data1/nix/vendor/rust/cargo2nix/submodules/rust-build/compiler/zombie_driver2/target/debug/build/ring-8757f7c599096dcb/out -L native=/mnt/data1/nix/vendor/rust/cargo2nix/submodules/rust-build/compiler/zombie_driver2/target/debug/build/psm-51115e95e3afce55/out -L native=/mnt/data1/nix/vendor/rust/cargo2nix/submodules/rust-build/compiler/zombie_driver2/target/debug/build/blake3-b449a45f526127c8/out -L native=/mnt/data1/nix/vendor/rust/cargo2nix/submodules/rust-build/compiler/zombie_driver2/target/debug/build/blake3-b449a45f526127c8/out
20:31:55 rustc --crate-name zombie_rustc_driver --edition=2021 src/main.rs --error-format=json --json=diagnostic-rendered-ansi,artifacts,future-incompat --crate-type bin --emit=dep-info,link -C embed-bitcode=no -C debuginfo=2 --check-cfg cfg(docsrs,test) --check-cfg cfg(feature, values()) -C metadata=1b1baa17fd9e73aa -C extra-filename=-66b9baa9f37048c6 --out-dir /mnt/data1/nix/vendor/rust/cargo2nix/submodules/rust-build/compiler/zombie_driver2/target/debug/deps -C incremental=/mnt/data1/nix/vendor/rust/cargo2nix/submodules/rust-build/compiler/zombie_driver2/target/debug/incremental -L dependency=/mnt/data1/nix/vendor/rust/cargo2nix/submodules/rust-build/compiler/zombie_driver2/target/debug/deps --extern futures=/mnt/data1/nix/vendor/rust/cargo2nix/submodules/rust-build/compiler/zombie_driver2/target/debug/deps/libfutures-eb18a16bf44cf988.rlib --extern libp2p=/mnt/data1/nix/vendor/rust/cargo2nix/submodules/rust-build/compiler/zombie_driver2/target/debug/deps/liblibp2p-6e3d5bd79d2d5201.rlib --extern rustc_ast=/mnt/data1/nix/vendor/rust/cargo2nix/submodules/rust-build/compiler/zombie_driver2/target/debug/deps/librustc_ast-892745d5973bca50.rlib --extern rustc_driver=/mnt/data1/nix/vendor/rust/cargo2nix/submodules/rust-build/compiler/zombie_driver2/target/debug/deps/librustc_driver.so --extern rustc_errors=/mnt/data1/nix/vendor/rust/cargo2nix/submodules/rust-build/compiler/zombie_driver2/target/debug/deps/librustc_errors-042ea83da72fde12.rlib --extern rustc_hir=/mnt/data1/nix/vendor/rust/cargo2nix/submodules/rust-build/compiler/zombie_driver2/target/debug/deps/librustc_hir-60bf32f61521f542.rlib --extern rustc_interface=/mnt/data1/nix/vendor/rust/cargo2nix/submodules/rust-build/compiler/zombie_driver2/target/debug/deps/librustc_interface-0baff863143ebe73.rlib --extern rustc_middle=/mnt/data1/nix/vendor/rust/cargo2nix/submodules/rust-build/compiler/zombie_driver2/target/debug/deps/librustc_middle-245c3150683558be.rlib --extern rustc_session=/mnt/data1/nix/vendor/rust/cargo2nix/submodules/rust-build/compiler/zombie_driver2/target/debug/deps/librustc_session-ad93ec0078fafc82.rlib --extern rustc_span=/mnt/data1/nix/vendor/rust/cargo2nix/submodules/rust-build/compiler/zombie_driver2/target/debug/deps/librustc_span-cca3b45fe3825eda.rlib --extern serde=/mnt/data1/nix/vendor/rust/cargo2nix/submodules/rust-build/compiler/zombie_driver2/target/debug/deps/libserde-94d4350ba0c8722c.rlib --extern serde_json=/mnt/data1/nix/vendor/rust/cargo2nix/submodules/rust-build/compiler/zombie_driver2/target/debug/deps/libserde_json-64f958c5cb15c3e4.rlib --extern tokio=/mnt/data1/nix/vendor/rust/cargo2nix/submodules/rust-build/compiler/zombie_driver2/target/debug/deps/libtokio-8c3d3e55fe1d03f7.rlib -L native=/mnt/data1/nix/vendor/rust/cargo2nix/submodules/rust-build/compiler/zombie_driver2/target/debug/build/ring-8757f7c599096dcb/out -L native=/mnt/data1/nix/vendor/rust/cargo2nix/submodules/rust-build/compiler/zombie_driver2/target/debug/build/psm-51115e95e3afce55/out -L native=/mnt/data1/nix/vendor/rust/cargo2nix/submodules/rust-build/compiler/zombie_driver2/target/debug/build/blake3-b449a45f526127c8/out -L native=/mnt/data1/nix/vendor/rust/cargo2nix/submodules/rust-build/compiler/zombie_driver2/target/debug/build/blake3-b449a45f526127c8/out
20:34:40 rustc -vV
20:34:40 rustc - --crate-name ___ --print=file-names --crate-type bin --crate-type rlib --crate-type dylib --crate-type cdylib --crate-type staticlib --crate-type proc-macro --print=sysroot --print=split-debuginfo --print=crate-name --print=cfg -Wwarnings
20:34:40 rustc -vV
20:34:40 rustc --crate-name zombie_rustc_driver --edition=2021 src/main.rs --error-format=json --json=diagnostic-rendered-ansi,artifacts,future-incompat --crate-type bin --emit=dep-info,link -C embed-bitcode=no -C debuginfo=2 --check-cfg cfg(docsrs,test) --check-cfg cfg(feature, values()) -C metadata=1b1baa17fd9e73aa -C extra-filename=-66b9baa9f37048c6 --out-dir /mnt/data1/nix/vendor/rust/cargo2nix/submodules/rust-build/compiler/zombie_driver2/target/debug/deps -C incremental=/mnt/data1/nix/vendor/rust/cargo2nix/submodules/rust-build/compiler/zombie_driver2/target/debug/incremental -L dependency=/mnt/data1/nix/vendor/rust/cargo2nix/submodules/rust-build/compiler/zombie_driver2/target/debug/deps --extern futures=/mnt/data1/nix/vendor/rust/cargo2nix/submodules/rust-build/compiler/zombie_driver2/target/debug/deps/libfutures-eb18a16bf44cf988.rlib --extern libp2p=/mnt/data1/nix/vendor/rust/cargo2nix/submodules/rust-build/compiler/zombie_driver2/target/debug/deps/liblibp2p-6e3d5bd79d2d5201.rlib --extern rustc_ast=/mnt/data1/nix/vendor/rust/cargo2nix/submodules/rust-build/compiler/zombie_driver2/target/debug/deps/librustc_ast-892745d5973bca50.rlib --extern rustc_driver=/mnt/data1/nix/vendor/rust/cargo2nix/submodules/rust-build/compiler/zombie_driver2/target/debug/deps/librustc_driver.so --extern rustc_errors=/mnt/data1/nix/vendor/rust/cargo2nix/submodules/rust-build/compiler/zombie_driver2/target/debug/deps/librustc_errors-042ea83da72fde12.rlib --extern rustc_hir=/mnt/data1/nix/vendor/rust/cargo2nix/submodules/rust-build/compiler/zombie_driver2/target/debug/deps/librustc_hir-60bf32f61521f542.rlib --extern rustc_interface=/mnt/data1/nix/vendor/rust/cargo2nix/submodules/rust-build/compiler/zombie_driver2/target/debug/deps/librustc_interface-0baff863143ebe73.rlib --extern rustc_middle=/mnt/data1/nix/vendor/rust/cargo2nix/submodules/rust-build/compiler/zombie_driver2/target/debug/deps/librustc_middle-245c3150683558be.rlib --extern rustc_session=/mnt/data1/nix/vendor/rust/cargo2nix/submodules/rust-build/compiler/zombie_driver2/target/debug/deps/librustc_session-ad93ec0078fafc82.rlib --extern rustc_span=/mnt/data1/nix/vendor/rust/cargo2nix/submodules/rust-build/compiler/zombie_driver2/target/debug/deps/librustc_span-cca3b45fe3825eda.rlib --extern serde=/mnt/data1/nix/vendor/rust/cargo2nix/submodules/rust-build/compiler/zombie_driver2/target/debug/deps/libserde-94d4350ba0c8722c.rlib --extern serde_json=/mnt/data1/nix/vendor/rust/cargo2nix/submodules/rust-build/compiler/zombie_driver2/target/debug/deps/libserde_json-64f958c5cb15c3e4.rlib --extern tokio=/mnt/data1/nix/vendor/rust/cargo2nix/submodules/rust-build/compiler/zombie_driver2/target/debug/deps/libtokio-8c3d3e55fe1d03f7.rlib -L native=/mnt/data1/nix/vendor/rust/cargo2nix/submodules/rust-build/compiler/zombie_driver2/target/debug/build/ring-8757f7c599096dcb/out -L native=/mnt/data1/nix/vendor/rust/cargo2nix/submodules/rust-build/compiler/zombie_driver2/target/debug/build/psm-51115e95e3afce55/out -L native=/mnt/data1/nix/vendor/rust/cargo2nix/submodules/rust-build/compiler/zombie_driver2/target/debug/build/blake3-b449a45f526127c8/out -L native=/mnt/data1/nix/vendor/rust/cargo2nix/submodules/rust-build/compiler/zombie_driver2/target/debug/build/blake3-b449a45f526127c8/out
20:35:00 rustc --crate-name zombie_rustc_driver --edition=2021 src/main.rs --error-format=json --json=diagnostic-rendered-ansi,artifacts,future-incompat --crate-type bin --emit=dep-info,link -C embed-bitcode=no -C debuginfo=2 --check-cfg cfg(docsrs,test) --check-cfg cfg(feature, values()) -C metadata=1b1baa17fd9e73aa -C extra-filename=-66b9baa9f37048c6 --out-dir /mnt/data1/nix/vendor/rust/cargo2nix/submodules/rust-build/compiler/zombie_driver2/target/debug/deps -C incremental=/mnt/data1/nix/vendor/rust/cargo2nix/submodules/rust-build/compiler/zombie_driver2/target/debug/incremental -L dependency=/mnt/data1/nix/vendor/rust/cargo2nix/submodules/rust-build/compiler/zombie_driver2/target/debug/deps --extern futures=/mnt/data1/nix/vendor/rust/cargo2nix/submodules/rust-build/compiler/zombie_driver2/target/debug/deps/libfutures-eb18a16bf44cf988.rlib --extern libp2p=/mnt/data1/nix/vendor/rust/cargo2nix/submodules/rust-build/compiler/zombie_driver2/target/debug/deps/liblibp2p-6e3d5bd79d2d5201.rlib --extern rustc_ast=/mnt/data1/nix/vendor/rust/cargo2nix/submodules/rust-build/compiler/zombie_driver2/target/debug/deps/librustc_ast-892745d5973bca50.rlib --extern rustc_driver=/mnt/data1/nix/vendor/rust/cargo2nix/submodules/rust-build/compiler/zombie_driver2/target/debug/deps/librustc_driver.so --extern rustc_errors=/mnt/data1/nix/vendor/rust/cargo2nix/submodules/rust-build/compiler/zombie_driver2/target/debug/deps/librustc_errors-042ea83da72fde12.rlib --extern rustc_hir=/mnt/data1/nix/vendor/rust/cargo2nix/submodules/rust-build/compiler/zombie_driver2/target/debug/deps/librustc_hir-60bf32f61521f542.rlib --extern rustc_interface=/mnt/data1/nix/vendor/rust/cargo2nix/submodules/rust-build/compiler/zombie_driver2/target/debug/deps/librustc_interface-0baff863143ebe73.rlib --extern rustc_middle=/mnt/data1/nix/vendor/rust/cargo2nix/submodules/rust-build/compiler/zombie_driver2/target/debug/deps/librustc_middle-245c3150683558be.rlib --extern rustc_session=/mnt/data1/nix/vendor/rust/cargo2nix/submodules/rust-build/compiler/zombie_driver2/target/debug/deps/librustc_session-ad93ec0078fafc82.rlib --extern rustc_span=/mnt/data1/nix/vendor/rust/cargo2nix/submodules/rust-build/compiler/zombie_driver2/target/debug/deps/librustc_span-cca3b45fe3825eda.rlib --extern serde=/mnt/data1/nix/vendor/rust/cargo2nix/submodules/rust-build/compiler/zombie_driver2/target/debug/deps/libserde-94d4350ba0c8722c.rlib --extern serde_json=/mnt/data1/nix/vendor/rust/cargo2nix/submodules/rust-build/compiler/zombie_driver2/target/debug/deps/libserde_json-64f958c5cb15c3e4.rlib --extern tokio=/mnt/data1/nix/vendor/rust/cargo2nix/submodules/rust-build/compiler/zombie_driver2/target/debug/deps/libtokio-8c3d3e55fe1d03f7.rlib -L native=/mnt/data1/nix/vendor/rust/cargo2nix/submodules/rust-build/compiler/zombie_driver2/target/debug/build/ring-8757f7c599096dcb/out -L native=/mnt/data1/nix/vendor/rust/cargo2nix/submodules/rust-build/compiler/zombie_driver2/target/debug/build/psm-51115e95e3afce55/out -L native=/mnt/data1/nix/vendor/rust/cargo2nix/submodules/rust-build/compiler/zombie_driver2/target/debug/build/blake3-b449a45f526127c8/out -L native=/mnt/data1/nix/vendor/rust/cargo2nix/submodules/rust-build/compiler/zombie_driver2/target/debug/build/blake3-b449a45f526127c8/out
20:35:46 rustc -vV
20:35:46 rustc - --crate-name ___ --print=file-names --crate-type bin --crate-type rlib --crate-type dylib --crate-type cdylib --crate-type staticlib --crate-type proc-macro --print=sysroot --print=split-debuginfo --print=crate-name --print=cfg -Wwarnings
20:35:46 rustc -vV
20:35:46 rustc --crate-name zombie_rustc_driver --edition=2021 src/main.rs --error-format=json --json=diagnostic-rendered-ansi,artifacts,future-incompat --crate-type bin --emit=dep-info,link -C embed-bitcode=no -C debuginfo=2 --check-cfg cfg(docsrs,test) --check-cfg cfg(feature, values()) -C metadata=1b1baa17fd9e73aa -C extra-filename=-66b9baa9f37048c6 --out-dir /mnt/data1/nix/vendor/rust/cargo2nix/submodules/rust-build/compiler/zombie_driver2/target/debug/deps -C incremental=/mnt/data1/nix/vendor/rust/cargo2nix/submodules/rust-build/compiler/zombie_driver2/target/debug/incremental -L dependency=/mnt/data1/nix/vendor/rust/cargo2nix/submodules/rust-build/compiler/zombie_driver2/target/debug/deps --extern futures=/mnt/data1/nix/vendor/rust/cargo2nix/submodules/rust-build/compiler/zombie_driver2/target/debug/deps/libfutures-eb18a16bf44cf988.rlib --extern libp2p=/mnt/data1/nix/vendor/rust/cargo2nix/submodules/rust-build/compiler/zombie_driver2/target/debug/deps/liblibp2p-6e3d5bd79d2d5201.rlib --extern rustc_ast=/mnt/data1/nix/vendor/rust/cargo2nix/submodules/rust-build/compiler/zombie_driver2/target/debug/deps/librustc_ast-892745d5973bca50.rlib --extern rustc_driver=/mnt/data1/nix/vendor/rust/cargo2nix/submodules/rust-build/compiler/zombie_driver2/target/debug/deps/librustc_driver.so --extern rustc_errors=/mnt/data1/nix/vendor/rust/cargo2nix/submodules/rust-build/compiler/zombie_driver2/target/debug/deps/librustc_errors-042ea83da72fde12.rlib --extern rustc_hir=/mnt/data1/nix/vendor/rust/cargo2nix/submodules/rust-build/compiler/zombie_driver2/target/debug/deps/librustc_hir-60bf32f61521f542.rlib --extern rustc_interface=/mnt/data1/nix/vendor/rust/cargo2nix/submodules/rust-build/compiler/zombie_driver2/target/debug/deps/librustc_interface-0baff863143ebe73.rlib --extern rustc_middle=/mnt/data1/nix/vendor/rust/cargo2nix/submodules/rust-build/compiler/zombie_driver2/target/debug/deps/librustc_middle-245c3150683558be.rlib --extern rustc_session=/mnt/data1/nix/vendor/rust/cargo2nix/submodules/rust-build/compiler/zombie_driver2/target/debug/deps/librustc_session-ad93ec0078fafc82.rlib --extern rustc_span=/mnt/data1/nix/vendor/rust/cargo2nix/submodules/rust-build/compiler/zombie_driver2/target/debug/deps/librustc_span-cca3b45fe3825eda.rlib --extern serde=/mnt/data1/nix/vendor/rust/cargo2nix/submodules/rust-build/compiler/zombie_driver2/target/debug/deps/libserde-94d4350ba0c8722c.rlib --extern serde_json=/mnt/data1/nix/vendor/rust/cargo2nix/submodules/rust-build/compiler/zombie_driver2/target/debug/deps/libserde_json-64f958c5cb15c3e4.rlib --extern tokio=/mnt/data1/nix/vendor/rust/cargo2nix/submodules/rust-build/compiler/zombie_driver2/target/debug/deps/libtokio-8c3d3e55fe1d03f7.rlib -L native=/mnt/data1/nix/vendor/rust/cargo2nix/submodules/rust-build/compiler/zombie_driver2/target/debug/build/ring-8757f7c599096dcb/out -L native=/mnt/data1/nix/vendor/rust/cargo2nix/submodules/rust-build/compiler/zombie_driver2/target/debug/build/psm-51115e95e3afce55/out -L native=/mnt/data1/nix/vendor/rust/cargo2nix/submodules/rust-build/compiler/zombie_driver2/target/debug/build/blake3-b449a45f526127c8/out -L native=/mnt/data1/nix/vendor/rust/cargo2nix/submodules/rust-build/compiler/zombie_driver2/target/debug/build/blake3-b449a45f526127c8/out
20:36:02 rustc -vV
20:36:02 rustc - --crate-name ___ --print=file-names --crate-type bin --crate-type rlib --crate-type dylib --crate-type cdylib --crate-type staticlib --crate-type proc-macro --print=sysroot --print=split-debuginfo --print=crate-name --print=cfg -Wwarnings
20:36:03 rustc -vV
20:36:03 rustc --crate-name zombie_rustc_driver --edition=2021 src/main.rs --error-format=json --json=diagnostic-rendered-ansi,artifacts,future-incompat --crate-type bin --emit=dep-info,link -C embed-bitcode=no -C debuginfo=2 --check-cfg cfg(docsrs,test) --check-cfg cfg(feature, values()) -C metadata=1b1baa17fd9e73aa -C extra-filename=-66b9baa9f37048c6 --out-dir /mnt/data1/nix/vendor/rust/cargo2nix/submodules/rust-build/compiler/zombie_driver2/target/debug/deps -C incremental=/mnt/data1/nix/vendor/rust/cargo2nix/submodules/rust-build/compiler/zombie_driver2/target/debug/incremental -L dependency=/mnt/data1/nix/vendor/rust/cargo2nix/submodules/rust-build/compiler/zombie_driver2/target/debug/deps --extern futures=/mnt/data1/nix/vendor/rust/cargo2nix/submodules/rust-build/compiler/zombie_driver2/target/debug/deps/libfutures-eb18a16bf44cf988.rlib --extern libp2p=/mnt/data1/nix/vendor/rust/cargo2nix/submodules/rust-build/compiler/zombie_driver2/target/debug/deps/liblibp2p-6e3d5bd79d2d5201.rlib --extern rustc_ast=/mnt/data1/nix/vendor/rust/cargo2nix/submodules/rust-build/compiler/zombie_driver2/target/debug/deps/librustc_ast-892745d5973bca50.rlib --extern rustc_driver=/mnt/data1/nix/vendor/rust/cargo2nix/submodules/rust-build/compiler/zombie_driver2/target/debug/deps/librustc_driver.so --extern rustc_errors=/mnt/data1/nix/vendor/rust/cargo2nix/submodules/rust-build/compiler/zombie_driver2/target/debug/deps/librustc_errors-042ea83da72fde12.rlib --extern rustc_hir=/mnt/data1/nix/vendor/rust/cargo2nix/submodules/rust-build/compiler/zombie_driver2/target/debug/deps/librustc_hir-60bf32f61521f542.rlib --extern rustc_interface=/mnt/data1/nix/vendor/rust/cargo2nix/submodules/rust-build/compiler/zombie_driver2/target/debug/deps/librustc_interface-0baff863143ebe73.rlib --extern rustc_middle=/mnt/data1/nix/vendor/rust/cargo2nix/submodules/rust-build/compiler/zombie_driver2/target/debug/deps/librustc_middle-245c3150683558be.rlib --extern rustc_session=/mnt/data1/nix/vendor/rust/cargo2nix/submodules/rust-build/compiler/zombie_driver2/target/debug/deps/librustc_session-ad93ec0078fafc82.rlib --extern rustc_span=/mnt/data1/nix/vendor/rust/cargo2nix/submodules/rust-build/compiler/zombie_driver2/target/debug/deps/librustc_span-cca3b45fe3825eda.rlib --extern serde=/mnt/data1/nix/vendor/rust/cargo2nix/submodules/rust-build/compiler/zombie_driver2/target/debug/deps/libserde-94d4350ba0c8722c.rlib --extern serde_json=/mnt/data1/nix/vendor/rust/cargo2nix/submodules/rust-build/compiler/zombie_driver2/target/debug/deps/libserde_json-64f958c5cb15c3e4.rlib --extern tokio=/mnt/data1/nix/vendor/rust/cargo2nix/submodules/rust-build/compiler/zombie_driver2/target/debug/deps/libtokio-8c3d3e55fe1d03f7.rlib -L native=/mnt/data1/nix/vendor/rust/cargo2nix/submodules/rust-build/compiler/zombie_driver2/target/debug/build/ring-8757f7c599096dcb/out -L native=/mnt/data1/nix/vendor/rust/cargo2nix/submodules/rust-build/compiler/zombie_driver2/target/debug/build/psm-51115e95e3afce55/out -L native=/mnt/data1/nix/vendor/rust/cargo2nix/submodules/rust-build/compiler/zombie_driver2/target/debug/build/blake3-b449a45f526127c8/out -L native=/mnt/data1/nix/vendor/rust/cargo2nix/submodules/rust-build/compiler/zombie_driver2/target/debug/build/blake3-b449a45f526127c8/out
20:36:30 rustc --crate-name zombie_rustc_driver --edition=2021 src/main.rs --error-format=json --json=diagnostic-rendered-ansi,artifacts,future-incompat --crate-type bin --emit=dep-info,link -C embed-bitcode=no -C debuginfo=2 --check-cfg cfg(docsrs,test) --check-cfg cfg(feature, values()) -C metadata=1b1baa17fd9e73aa -C extra-filename=-66b9baa9f37048c6 --out-dir /mnt/data1/nix/vendor/rust/cargo2nix/submodules/rust-build/compiler/zombie_driver2/target/debug/deps -C incremental=/mnt/data1/nix/vendor/rust/cargo2nix/submodules/rust-build/compiler/zombie_driver2/target/debug/incremental -L dependency=/mnt/data1/nix/vendor/rust/cargo2nix/submodules/rust-build/compiler/zombie_driver2/target/debug/deps --extern futures=/mnt/data1/nix/vendor/rust/cargo2nix/submodules/rust-build/compiler/zombie_driver2/target/debug/deps/libfutures-eb18a16bf44cf988.rlib --extern libp2p=/mnt/data1/nix/vendor/rust/cargo2nix/submodules/rust-build/compiler/zombie_driver2/target/debug/deps/liblibp2p-6e3d5bd79d2d5201.rlib --extern rustc_ast=/mnt/data1/nix/vendor/rust/cargo2nix/submodules/rust-build/compiler/zombie_driver2/target/debug/deps/librustc_ast-892745d5973bca50.rlib --extern rustc_driver=/mnt/data1/nix/vendor/rust/cargo2nix/submodules/rust-build/compiler/zombie_driver2/target/debug/deps/librustc_driver.so --extern rustc_errors=/mnt/data1/nix/vendor/rust/cargo2nix/submodules/rust-build/compiler/zombie_driver2/target/debug/deps/librustc_errors-042ea83da72fde12.rlib --extern rustc_hir=/mnt/data1/nix/vendor/rust/cargo2nix/submodules/rust-build/compiler/zombie_driver2/target/debug/deps/librustc_hir-60bf32f61521f542.rlib --extern rustc_interface=/mnt/data1/nix/vendor/rust/cargo2nix/submodules/rust-build/compiler/zombie_driver2/target/debug/deps/librustc_interface-0baff863143ebe73.rlib --extern rustc_middle=/mnt/data1/nix/vendor/rust/cargo2nix/submodules/rust-build/compiler/zombie_driver2/target/debug/deps/librustc_middle-245c3150683558be.rlib --extern rustc_session=/mnt/data1/nix/vendor/rust/cargo2nix/submodules/rust-build/compiler/zombie_driver2/target/debug/deps/librustc_session-ad93ec0078fafc82.rlib --extern rustc_span=/mnt/data1/nix/vendor/rust/cargo2nix/submodules/rust-build/compiler/zombie_driver2/target/debug/deps/librustc_span-cca3b45fe3825eda.rlib --extern serde=/mnt/data1/nix/vendor/rust/cargo2nix/submodules/rust-build/compiler/zombie_driver2/target/debug/deps/libserde-94d4350ba0c8722c.rlib --extern serde_json=/mnt/data1/nix/vendor/rust/cargo2nix/submodules/rust-build/compiler/zombie_driver2/target/debug/deps/libserde_json-64f958c5cb15c3e4.rlib --extern tokio=/mnt/data1/nix/vendor/rust/cargo2nix/submodules/rust-build/compiler/zombie_driver2/target/debug/deps/libtokio-8c3d3e55fe1d03f7.rlib -L native=/mnt/data1/nix/vendor/rust/cargo2nix/submodules/rust-build/compiler/zombie_driver2/target/debug/build/ring-8757f7c599096dcb/out -L native=/mnt/data1/nix/vendor/rust/cargo2nix/submodules/rust-build/compiler/zombie_driver2/target/debug/build/psm-51115e95e3afce55/out -L native=/mnt/data1/nix/vendor/rust/cargo2nix/submodules/rust-build/compiler/zombie_driver2/target/debug/build/blake3-b449a45f526127c8/out -L native=/mnt/data1/nix/vendor/rust/cargo2nix/submodules/rust-build/compiler/zombie_driver2/target/debug/build/blake3-b449a45f526127c8/out
20:37:15 rustc -vV
20:37:15 rustc - --crate-name ___ --print=file-names --crate-type bin --crate-type rlib --crate-type dylib --crate-type cdylib --crate-type staticlib --crate-type proc-macro --print=sysroot --print=split-debuginfo --print=crate-name --print=cfg -Wwarnings
20:37:16 rustc -vV
20:37:34 rustc -vV
20:37:34 rustc - --crate-name ___ --print=file-names --crate-type bin --crate-type rlib --crate-type dylib --crate-type cdylib --crate-type staticlib --crate-type proc-macro --print=sysroot --print=split-debuginfo --print=crate-name --print=cfg -Wwarnings
20:37:34 rustc -vV
20:37:34 rustc -vV
20:37:34 rustc - --crate-name ___ --print=file-names --crate-type bin --crate-type rlib --crate-type dylib --crate-type cdylib --crate-type staticlib --crate-type proc-macro --print=sysroot --print=split-debuginfo --print=crate-name --print=cfg -Wwarnings
20:37:35 rustc -vV
