   Compiling unicode-ident v1.0.18
   Compiling proc-macro2 v1.0.101
   Compiling libc v0.2.174
   Compiling autocfg v1.5.0
   Compiling smallvec v1.15.1
   Compiling cfg-if v1.0.1
   Compiling memchr v2.7.5
   Compiling serde v1.0.219
   Compiling stable_deref_trait v1.2.0
   Compiling itoa v1.0.15
   Compiling scopeguard v1.2.0
   Compiling futures-core v0.3.31
   Compiling pin-project-lite v0.2.16
   Compiling parking_lot_core v0.9.11
   Compiling log v0.4.27
   Compiling litemap v0.8.0
   Compiling writeable v0.6.1
   Compiling futures-sink v0.3.31
   Compiling bytes v1.11.0
   Compiling icu_normalizer_data v2.0.0
=== MANIFEST SAVED: ./test_usage_data/cfg_if_manifest.json ===
=== COLLECTING USAGE DATA FOR CRATE: cfg_if === (0 total usages)
=== MANIFEST SAVED: ./test_usage_data/stable_deref_trait_manifest.json ===
=== COLLECTING USAGE DATA FOR CRATE: stable_deref_trait === (0 total usages)
   Compiling icu_properties_data v2.0.1
=== SAVED 3 COMPLEXITY ITEMS FOR CRATE: scopeguard ===
=== MANIFEST SAVED: ./test_usage_data/scopeguard_manifest.json ===
=== COLLECTING USAGE DATA FOR CRATE: scopeguard === (3 total usages)
   Compiling ryu v1.0.20
=== SAVED 1 COMPLEXITY ITEMS FOR CRATE: build_script_build ===
=== MANIFEST SAVED: ./test_usage_data/build_script_build_manifest.json ===
=== COLLECTING USAGE DATA FOR CRATE: build_script_build === (5 total usages)
=== SAVED 4 COMPLEXITY ITEMS FOR CRATE: pin_project_lite ===
=== MANIFEST SAVED: ./test_usage_data/pin_project_lite_manifest.json ===
=== COLLECTING USAGE DATA FOR CRATE: pin_project_lite === (4 total usages)
   Compiling serde_json v1.0.142
=== SAVED 2 COMPLEXITY ITEMS FOR CRATE: build_script_build ===
=== SAVED 6 COMPLEXITY ITEMS FOR CRATE: build_script_build ===
=== MANIFEST SAVED: ./test_usage_data/build_script_build_manifest.json ===
=== COLLECTING USAGE DATA FOR CRATE: build_script_build === (119 total usages)
=== MANIFEST SAVED: ./test_usage_data/build_script_build_manifest.json ===
=== COLLECTING USAGE DATA FOR CRATE: build_script_build === (66 total usages)
=== SAVED 1 COMPLEXITY ITEMS FOR CRATE: build_script_build ===
=== MANIFEST SAVED: ./test_usage_data/build_script_build_manifest.json ===
=== COLLECTING USAGE DATA FOR CRATE: build_script_build === (4 total usages)
   Compiling rustc-hash v1.1.0
=== MANIFEST SAVED: ./test_usage_data/futures_sink_manifest.json ===
=== COLLECTING USAGE DATA FOR CRATE: futures_sink === (0 total usages)
=== SAVED 1 COMPLEXITY ITEMS FOR CRATE: build_script_build ===
=== MANIFEST SAVED: ./test_usage_data/build_script_build_manifest.json ===
=== COLLECTING USAGE DATA FOR CRATE: build_script_build === (4 total usages)
   Compiling zerocopy v0.8.26
=== SAVED 1 COMPLEXITY ITEMS FOR CRATE: futures_core ===
=== MANIFEST SAVED: ./test_usage_data/futures_core_manifest.json ===
=== COLLECTING USAGE DATA FOR CRATE: futures_core === (7 total usages)
=== SAVED 1 COMPLEXITY ITEMS FOR CRATE: build_script_build ===
=== MANIFEST SAVED: ./test_usage_data/build_script_build_manifest.json ===
=== COLLECTING USAGE DATA FOR CRATE: build_script_build === (13 total usages)
=== SAVED 6 COMPLEXITY ITEMS FOR CRATE: build_script_build ===
=== MANIFEST SAVED: ./test_usage_data/build_script_build_manifest.json ===
=== COLLECTING USAGE DATA FOR CRATE: build_script_build === (265 total usages)
=== SAVED 3 COMPLEXITY ITEMS FOR CRATE: itoa ===
=== MANIFEST SAVED: ./test_usage_data/itoa_manifest.json ===
=== COLLECTING USAGE DATA FOR CRATE: itoa === (3 total usages)
   Compiling pin-utils v0.1.0
=== SAVED 1 COMPLEXITY ITEMS FOR CRATE: rustc_hash ===
=== MANIFEST SAVED: ./test_usage_data/rustc_hash_manifest.json ===
=== COLLECTING USAGE DATA FOR CRATE: rustc_hash === (3 total usages)
   Compiling once_cell v1.21.3
   Compiling futures-io v0.3.31
=== SAVED 32 COMPLEXITY ITEMS FOR CRATE: ryu ===
=== MANIFEST SAVED: ./test_usage_data/ryu_manifest.json ===
=== COLLECTING USAGE DATA FOR CRATE: ryu === (1528 total usages)
=== MANIFEST SAVED: ./test_usage_data/pin_utils_manifest.json ===
=== COLLECTING USAGE DATA FOR CRATE: pin_utils === (0 total usages)
=== SAVED 5 COMPLEXITY ITEMS FOR CRATE: build_script_build ===
=== MANIFEST SAVED: ./test_usage_data/build_script_build_manifest.json ===
=== COLLECTING USAGE DATA FOR CRATE: build_script_build === (115 total usages)
=== SAVED 20 COMPLEXITY ITEMS FOR CRATE: autocfg ===
=== MANIFEST SAVED: ./test_usage_data/autocfg_manifest.json ===
=== COLLECTING USAGE DATA FOR CRATE: autocfg === (63 total usages)
=== SAVED 22 COMPLEXITY ITEMS FOR CRATE: log ===
=== MANIFEST SAVED: ./test_usage_data/log_manifest.json ===
=== COLLECTING USAGE DATA FOR CRATE: log === (87 total usages)
   Compiling futures-task v0.3.31
=== SAVED 16 COMPLEXITY ITEMS FOR CRATE: writeable ===
=== MANIFEST SAVED: ./test_usage_data/writeable_manifest.json ===
=== COLLECTING USAGE DATA FOR CRATE: writeable === (54 total usages)
=== SAVED 8 COMPLEXITY ITEMS FOR CRATE: litemap ===
=== MANIFEST SAVED: ./test_usage_data/litemap_manifest.json ===
=== COLLECTING USAGE DATA FOR CRATE: litemap === (16 total usages)
   Compiling httparse v1.10.1
=== MANIFEST SAVED: ./test_usage_data/futures_io_manifest.json ===
=== COLLECTING USAGE DATA FOR CRATE: futures_io === (0 total usages)
   Compiling build_common v0.1.0 (/mnt/data1/nix/vendor/rust/cargo2nix/submodules/rust/compiler/build_common)
=== SAVED 10 COMPLEXITY ITEMS FOR CRATE: smallvec ===
=== MANIFEST SAVED: ./test_usage_data/smallvec_manifest.json ===
=== COLLECTING USAGE DATA FOR CRATE: smallvec === (17 total usages)
   Compiling slab v0.4.11
=== SAVED 4 COMPLEXITY ITEMS FOR CRATE: unicode_ident ===
=== MANIFEST SAVED: ./test_usage_data/unicode_ident_manifest.json ===
=== COLLECTING USAGE DATA FOR CRATE: unicode_ident === (20226 total usages)
   Compiling percent-encoding v2.3.1
=== MANIFEST SAVED: ./test_usage_data/icu_normalizer_data_manifest.json ===
=== COLLECTING USAGE DATA FOR CRATE: icu_normalizer_data === (0 total usages)
   Compiling parking_lot_core v0.8.6
   Compiling instant v0.1.13
   Compiling hashbrown v0.15.5
   Compiling equivalent v1.0.2
   Compiling try-lock v0.2.5
=== MANIFEST SAVED: ./test_usage_data/icu_properties_data_manifest.json ===
=== COLLECTING USAGE DATA FOR CRATE: icu_properties_data === (0 total usages)
=== SAVED 20 COMPLEXITY ITEMS FOR CRATE: futures_task ===
=== MANIFEST SAVED: ./test_usage_data/futures_task_manifest.json ===
=== COLLECTING USAGE DATA FOR CRATE: futures_task === (37 total usages)
   Compiling tower-service v0.3.3
=== SAVED 1 COMPLEXITY ITEMS FOR CRATE: build_script_build ===
=== MANIFEST SAVED: ./test_usage_data/build_script_build_manifest.json ===
=== COLLECTING USAGE DATA FOR CRATE: build_script_build === (4 total usages)
   Compiling utf8parse v0.2.2
=== SAVED 1 COMPLEXITY ITEMS FOR CRATE: instant ===
=== MANIFEST SAVED: ./test_usage_data/instant_manifest.json ===
=== COLLECTING USAGE DATA FOR CRATE: instant === (5 total usages)
=== MANIFEST SAVED: ./test_usage_data/equivalent_manifest.json ===
=== COLLECTING USAGE DATA FOR CRATE: equivalent === (0 total usages)
=== SAVED 5 COMPLEXITY ITEMS FOR CRATE: build_script_build ===
=== MANIFEST SAVED: ./test_usage_data/build_script_build_manifest.json ===
=== COLLECTING USAGE DATA FOR CRATE: build_script_build === (38 total usages)
=== SAVED 3 COMPLEXITY ITEMS FOR CRATE: try_lock ===
=== MANIFEST SAVED: ./test_usage_data/try_lock_manifest.json ===
=== COLLECTING USAGE DATA FOR CRATE: try_lock === (3 total usages)
   Compiling futures-channel v0.3.31
   Compiling sync_wrapper v1.0.2
=== SAVED 11 COMPLEXITY ITEMS FOR CRATE: percent_encoding ===
=== MANIFEST SAVED: ./test_usage_data/percent_encoding_manifest.json ===
=== COLLECTING USAGE DATA FOR CRATE: percent_encoding === (159 total usages)
   Compiling want v0.3.1
=== MANIFEST SAVED: ./test_usage_data/tower_service_manifest.json ===
=== COLLECTING USAGE DATA FOR CRATE: tower_service === (0 total usages)
=== SAVED 16 COMPLEXITY ITEMS FOR CRATE: once_cell ===
=== MANIFEST SAVED: ./test_usage_data/once_cell_manifest.json ===
=== COLLECTING USAGE DATA FOR CRATE: once_cell === (45 total usages)
   Compiling form_urlencoded v1.2.1
=== SAVED 4 COMPLEXITY ITEMS FOR CRATE: build_common ===
=== MANIFEST SAVED: ./test_usage_data/build_common_manifest.json ===
=== COLLECTING USAGE DATA FOR CRATE: build_common === (25 total usages)
=== SAVED 3 COMPLEXITY ITEMS FOR CRATE: utf8parse ===
=== MANIFEST SAVED: ./test_usage_data/utf8parse_manifest.json ===
=== COLLECTING USAGE DATA FOR CRATE: utf8parse === (5 total usages)
   Compiling anstyle-parse v0.2.7
   Compiling tracing-core v0.1.34
   Compiling anstyle v1.0.11
=== SAVED 10 COMPLEXITY ITEMS FOR CRATE: slab ===
=== MANIFEST SAVED: ./test_usage_data/slab_manifest.json ===
=== COLLECTING USAGE DATA FOR CRATE: slab === (10 total usages)
=== SAVED 3 COMPLEXITY ITEMS FOR CRATE: sync_wrapper ===
=== MANIFEST SAVED: ./test_usage_data/sync_wrapper_manifest.json ===
=== COLLECTING USAGE DATA FOR CRATE: sync_wrapper === (3 total usages)
   Compiling regex-syntax v0.8.5
   Compiling getrandom v0.3.3
   Compiling atomic-waker v1.1.2
   Compiling is_terminal_polyfill v1.70.1
=== SAVED 8 COMPLEXITY ITEMS FOR CRATE: want ===
=== MANIFEST SAVED: ./test_usage_data/want_manifest.json ===
=== COLLECTING USAGE DATA FOR CRATE: want === (12 total usages)
=== SAVED 16 COMPLEXITY ITEMS FOR CRATE: form_urlencoded ===
=== MANIFEST SAVED: ./test_usage_data/form_urlencoded_manifest.json ===
=== COLLECTING USAGE DATA FOR CRATE: form_urlencoded === (30 total usages)
=== MANIFEST SAVED: ./test_usage_data/is_terminal_polyfill_manifest.json ===
=== COLLECTING USAGE DATA FOR CRATE: is_terminal_polyfill === (0 total usages)
=== SAVED 2 COMPLEXITY ITEMS FOR CRATE: build_script_build ===
=== MANIFEST SAVED: ./test_usage_data/build_script_build_manifest.json ===
=== COLLECTING USAGE DATA FOR CRATE: build_script_build === (47 total usages)
   Compiling tower-layer v0.3.3
   Compiling utf8_iter v1.0.4
=== SAVED 1 COMPLEXITY ITEMS FOR CRATE: atomic_waker ===
=== MANIFEST SAVED: ./test_usage_data/atomic_waker_manifest.json ===
=== COLLECTING USAGE DATA FOR CRATE: atomic_waker === (7 total usages)
=== SAVED 84 COMPLEXITY ITEMS FOR CRATE: memchr ===
=== MANIFEST SAVED: ./test_usage_data/memchr_manifest.json ===
=== COLLECTING USAGE DATA FOR CRATE: memchr === (521 total usages)
   Compiling lock_api v0.4.13
   Compiling num-traits v0.2.19
=== SAVED 11 COMPLEXITY ITEMS FOR CRATE: anstyle_parse ===
=== MANIFEST SAVED: ./test_usage_data/anstyle_parse_manifest.json ===
=== COLLECTING USAGE DATA FOR CRATE: anstyle_parse === (4113 total usages)
   Compiling anstyle-query v1.1.4
   Compiling version_check v0.9.5
=== SAVED 1 COMPLEXITY ITEMS FOR CRATE: build_script_build ===
=== MANIFEST SAVED: ./test_usage_data/build_script_build_manifest.json ===
=== COLLECTING USAGE DATA FOR CRATE: build_script_build === (4 total usages)
   Compiling futures-util v0.3.31
=== SAVED 71 COMPLEXITY ITEMS FOR CRATE: bytes ===
=== MANIFEST SAVED: ./test_usage_data/bytes_manifest.json ===
=== COLLECTING USAGE DATA FOR CRATE: bytes === (298 total usages)
=== SAVED 1 COMPLEXITY ITEMS FOR CRATE: build_script_build ===
=== MANIFEST SAVED: ./test_usage_data/build_script_build_manifest.json ===
=== COLLECTING USAGE DATA FOR CRATE: build_script_build === (1 total usages)
=== SAVED 6 COMPLEXITY ITEMS FOR CRATE: utf8_iter ===
=== MANIFEST SAVED: ./test_usage_data/utf8_iter_manifest.json ===
=== COLLECTING USAGE DATA FOR CRATE: utf8_iter === (391 total usages)
=== SAVED 9 COMPLEXITY ITEMS FOR CRATE: anstyle_query ===
=== MANIFEST SAVED: ./test_usage_data/anstyle_query_manifest.json ===
=== COLLECTING USAGE DATA FOR CRATE: anstyle_query === (15 total usages)
   Compiling aho-corasick v1.1.3
=== SAVED 26 COMPLEXITY ITEMS FOR CRATE: futures_channel ===
=== MANIFEST SAVED: ./test_usage_data/futures_channel_manifest.json ===
=== COLLECTING USAGE DATA FOR CRATE: futures_channel === (51 total usages)
   Compiling colorchoice v1.0.4
=== SAVED 6 COMPLEXITY ITEMS FOR CRATE: build_script_build ===
=== MANIFEST SAVED: ./test_usage_data/build_script_build_manifest.json ===
=== COLLECTING USAGE DATA FOR CRATE: build_script_build === (119 total usages)
=== SAVED 4 COMPLEXITY ITEMS FOR CRATE: tower_layer ===
=== MANIFEST SAVED: ./test_usage_data/tower_layer_manifest.json ===
=== COLLECTING USAGE DATA FOR CRATE: tower_layer === (3 total usages)
=== SAVED 14 COMPLEXITY ITEMS FOR CRATE: anstyle ===
=== MANIFEST SAVED: ./test_usage_data/anstyle_manifest.json ===
=== COLLECTING USAGE DATA FOR CRATE: anstyle === (43 total usages)
   Compiling http v1.4.0
   Compiling rustc_macros v0.0.0 (/mnt/data1/nix/vendor/rust/cargo2nix/submodules/rust/compiler/rustc_macros)
=== SAVED 2 COMPLEXITY ITEMS FOR CRATE: colorchoice ===
=== MANIFEST SAVED: ./test_usage_data/colorchoice_manifest.json ===
=== COLLECTING USAGE DATA FOR CRATE: colorchoice === (5 total usages)
=== SAVED 16 COMPLEXITY ITEMS FOR CRATE: version_check ===
=== MANIFEST SAVED: ./test_usage_data/version_check_manifest.json ===
=== COLLECTING USAGE DATA FOR CRATE: version_check === (96 total usages)
   Compiling anstream v0.6.20
   Compiling strsim v0.11.1
=== SAVED 1 COMPLEXITY ITEMS FOR CRATE: build_script_build ===
=== MANIFEST SAVED: ./test_usage_data/build_script_build_manifest.json ===
=== COLLECTING USAGE DATA FOR CRATE: build_script_build === (11 total usages)
=== SAVED 53 COMPLEXITY ITEMS FOR CRATE: tracing_core ===
=== MANIFEST SAVED: ./test_usage_data/tracing_core_manifest.json ===
=== COLLECTING USAGE DATA FOR CRATE: tracing_core === (175 total usages)
   Compiling ipnet v2.11.0
   Compiling tracing v0.1.41
=== SAVED 45 COMPLEXITY ITEMS FOR CRATE: httparse ===
=== MANIFEST SAVED: ./test_usage_data/httparse_manifest.json ===
=== COLLECTING USAGE DATA FOR CRATE: httparse === (242 total usages)
=== SAVED 23 COMPLEXITY ITEMS FOR CRATE: strsim ===
=== MANIFEST SAVED: ./test_usage_data/strsim_manifest.json ===
=== COLLECTING USAGE DATA FOR CRATE: strsim === (218 total usages)
   Compiling ahash v0.8.12
=== SAVED 34 COMPLEXITY ITEMS FOR CRATE: anstream ===
=== MANIFEST SAVED: ./test_usage_data/anstream_manifest.json ===
=== COLLECTING USAGE DATA FOR CRATE: anstream === (118 total usages)
   Compiling base64 v0.22.1
=== SAVED 1 COMPLEXITY ITEMS FOR CRATE: build_script_build ===
=== MANIFEST SAVED: ./test_usage_data/build_script_build_manifest.json ===
=== COLLECTING USAGE DATA FOR CRATE: build_script_build === (12 total usages)
=== SAVED 89 COMPLEXITY ITEMS FOR CRATE: proc_macro2 ===
=== MANIFEST SAVED: ./test_usage_data/proc_macro2_manifest.json ===
=== COLLECTING USAGE DATA FOR CRATE: proc_macro2 === (526 total usages)
=== SAVED 20 COMPLEXITY ITEMS FOR CRATE: tracing ===
=== SAVED 21 COMPLEXITY ITEMS FOR CRATE: ipnet ===
=== MANIFEST SAVED: ./test_usage_data/ipnet_manifest.json ===
=== MANIFEST SAVED: ./test_usage_data/tracing_manifest.json ===
=== COLLECTING USAGE DATA FOR CRATE: tracing === (40 total usages)
=== COLLECTING USAGE DATA FOR CRATE: ipnet === (74 total usages)
   Compiling powerfmt v0.2.0
   Compiling anyhow v1.0.99
   Compiling quote v1.0.40
=== SAVED 16 COMPLEXITY ITEMS FOR CRATE: lock_api ===
=== MANIFEST SAVED: ./test_usage_data/lock_api_manifest.json ===
=== COLLECTING USAGE DATA FOR CRATE: lock_api === (17 total usages)
   Compiling heck v0.5.0
   Compiling bitflags v2.9.3
=== SAVED 4 COMPLEXITY ITEMS FOR CRATE: build_script_build ===
=== MANIFEST SAVED: ./test_usage_data/build_script_build_manifest.json ===
=== COLLECTING USAGE DATA FOR CRATE: build_script_build === (101 total usages)
   Compiling rustc-stable-hash v0.1.2
   Compiling time-core v0.1.6
=== SAVED 83 COMPLEXITY ITEMS FOR CRATE: hashbrown ===
=== MANIFEST SAVED: ./test_usage_data/hashbrown_manifest.json ===
=== COLLECTING USAGE DATA FOR CRATE: hashbrown === (93 total usages)
   Compiling clap_lex v0.7.5
=== SAVED 13 COMPLEXITY ITEMS FOR CRATE: heck ===
=== MANIFEST SAVED: ./test_usage_data/heck_manifest.json ===
=== COLLECTING USAGE DATA FOR CRATE: heck === (111 total usages)
   Compiling indexmap v2.10.0
=== SAVED 8 COMPLEXITY ITEMS FOR CRATE: powerfmt ===
=== MANIFEST SAVED: ./test_usage_data/powerfmt_manifest.json ===
=== COLLECTING USAGE DATA FOR CRATE: powerfmt === (7 total usages)
=== SAVED 110 COMPLEXITY ITEMS FOR CRATE: quote ===
=== MANIFEST SAVED: ./test_usage_data/quote_manifest.json ===
=== COLLECTING USAGE DATA FOR CRATE: quote === (424 total usages)
=== SAVED 7 COMPLEXITY ITEMS FOR CRATE: rustc_stable_hash ===
=== MANIFEST SAVED: ./test_usage_data/rustc_stable_hash_manifest.json ===
=== COLLECTING USAGE DATA FOR CRATE: rustc_stable_hash === (29 total usages)
   Compiling bit-vec v0.6.3
=== SAVED 16 COMPLEXITY ITEMS FOR CRATE: time_core ===
=== MANIFEST SAVED: ./test_usage_data/time_core_manifest.json ===
=== COLLECTING USAGE DATA FOR CRATE: time_core === (9 total usages)
   Compiling syn v2.0.106
=== SAVED 11 COMPLEXITY ITEMS FOR CRATE: bitflags ===
=== MANIFEST SAVED: ./test_usage_data/bitflags_manifest.json ===
=== COLLECTING USAGE DATA FOR CRATE: bitflags === (113 total usages)
   Compiling num-conv v0.1.0
=== SAVED 8 COMPLEXITY ITEMS FOR CRATE: clap_lex ===
=== MANIFEST SAVED: ./test_usage_data/clap_lex_manifest.json ===
=== COLLECTING USAGE DATA FOR CRATE: clap_lex === (23 total usages)
   Compiling iri-string v0.7.10
   Compiling clap_builder v4.5.44
=== SAVED 39 COMPLEXITY ITEMS FOR CRATE: base64 ===
=== MANIFEST SAVED: ./test_usage_data/base64_manifest.json ===
=== COLLECTING USAGE DATA FOR CRATE: base64 === (342 total usages)
   Compiling rustc_hashes v0.0.0 (/mnt/data1/nix/vendor/rust/cargo2nix/submodules/rust/compiler/rustc_hashes)
   Compiling deranged v0.5.5
=== SAVED 89 COMPLEXITY ITEMS FOR CRATE: http ===
=== MANIFEST SAVED: ./test_usage_data/http_manifest.json ===
=== COLLECTING USAGE DATA FOR CRATE: http === (1708 total usages)
=== SAVED 8 COMPLEXITY ITEMS FOR CRATE: bit_vec ===
=== MANIFEST SAVED: ./test_usage_data/bit_vec_manifest.json ===
=== COLLECTING USAGE DATA FOR CRATE: bit_vec === (25 total usages)
   Compiling bit-set v0.5.3
   Compiling nom v8.0.0
=== MANIFEST SAVED: ./test_usage_data/num_conv_manifest.json ===
=== COLLECTING USAGE DATA FOR CRATE: num_conv === (1824 total usages)
   Compiling http-body v1.0.1
   Compiling time-macros v0.2.24
   Compiling rustc_index v0.0.0 (/mnt/data1/nix/vendor/rust/cargo2nix/submodules/rust/compiler/rustc_index)
=== SAVED 2 COMPLEXITY ITEMS FOR CRATE: rustc_hashes ===
=== SAVED 377 COMPLEXITY ITEMS FOR CRATE: libc ===
=== MANIFEST SAVED: ./test_usage_data/libc_manifest.json ===
=== COLLECTING USAGE DATA FOR CRATE: libc === (11514 total usages)
=== MANIFEST SAVED: ./test_usage_data/rustc_hashes_manifest.json ===
=== COLLECTING USAGE DATA FOR CRATE: rustc_hashes === (2 total usages)
   Compiling toml_write v0.1.2
   Compiling lazy_static v1.5.0
=== SAVED 1 COMPLEXITY ITEMS FOR CRATE: build_script_build ===
=== SAVED 14 COMPLEXITY ITEMS FOR CRATE: bit_set ===
=== MANIFEST SAVED: ./test_usage_data/bit_set_manifest.json ===
=== COLLECTING USAGE DATA FOR CRATE: bit_set === (48 total usages)
=== SAVED 19 COMPLEXITY ITEMS FOR CRATE: num_traits ===
=== MANIFEST SAVED: ./test_usage_data/num_traits_manifest.json ===
=== COLLECTING USAGE DATA FOR CRATE: num_traits === (200 total usages)
=== SAVED 3 COMPLEXITY ITEMS FOR CRATE: http_body ===
=== MANIFEST SAVED: ./test_usage_data/build_script_build_manifest.json ===
=== COLLECTING USAGE DATA FOR CRATE: build_script_build === (4 total usages)
=== MANIFEST SAVED: ./test_usage_data/http_body_manifest.json ===
=== COLLECTING USAGE DATA FOR CRATE: http_body === (3 total usages)
   Compiling mio v1.0.4
=== SAVED 2 COMPLEXITY ITEMS FOR CRATE: lazy_static ===
=== MANIFEST SAVED: ./test_usage_data/lazy_static_manifest.json ===
=== COLLECTING USAGE DATA FOR CRATE: lazy_static === (1 total usages)
   Compiling memmap2 v0.2.3
   Compiling socket2 v0.6.0
=== SAVED 9 COMPLEXITY ITEMS FOR CRATE: toml_write ===
=== MANIFEST SAVED: ./test_usage_data/toml_write_manifest.json ===
=== COLLECTING USAGE DATA FOR CRATE: toml_write === (157 total usages)
   Compiling num-integer v0.1.46
   Compiling perf-event-open-sys v3.0.0
=== SAVED 6 COMPLEXITY ITEMS FOR CRATE: memmap2 ===
=== MANIFEST SAVED: ./test_usage_data/memmap2_manifest.json ===
=== COLLECTING USAGE DATA FOR CRATE: memmap2 === (7 total usages)
=== SAVED 38 COMPLEXITY ITEMS FOR CRATE: parking_lot_core ===
=== MANIFEST SAVED: ./test_usage_data/parking_lot_core_manifest.json ===
=== COLLECTING USAGE DATA FOR CRATE: parking_lot_core === (294 total usages)
   Compiling parking_lot v0.12.4
   Compiling num-complex v0.4.6
=== SAVED 38 COMPLEXITY ITEMS FOR CRATE: parking_lot_core ===
=== MANIFEST SAVED: ./test_usage_data/parking_lot_core_manifest.json ===
=== COLLECTING USAGE DATA FOR CRATE: parking_lot_core === (294 total usages)
=== SAVED 27 COMPLEXITY ITEMS FOR CRATE: perf_event_open_sys ===
=== MANIFEST SAVED: ./test_usage_data/perf_event_open_sys_manifest.json ===
=== COLLECTING USAGE DATA FOR CRATE: perf_event_open_sys === (1425 total usages)
   Compiling parking_lot v0.11.2
=== SAVED 23 COMPLEXITY ITEMS FOR CRATE: num_integer ===
=== MANIFEST SAVED: ./test_usage_data/num_integer_manifest.json ===
=== COLLECTING USAGE DATA FOR CRATE: num_integer === (195 total usages)
   Compiling perf-event-open-sys v1.0.1
=== SAVED 73 COMPLEXITY ITEMS FOR CRATE: socket2 ===
=== MANIFEST SAVED: ./test_usage_data/socket2_manifest.json ===
=== COLLECTING USAGE DATA FOR CRATE: socket2 === (214 total usages)
=== SAVED 17 COMPLEXITY ITEMS FOR CRATE: parking_lot ===
=== MANIFEST SAVED: ./test_usage_data/parking_lot_manifest.json ===
=== COLLECTING USAGE DATA FOR CRATE: parking_lot === (64 total usages)
=== SAVED 89 COMPLEXITY ITEMS FOR CRATE: proc_macro2 ===
=== MANIFEST SAVED: ./test_usage_data/proc_macro2_manifest.json ===
=== COLLECTING USAGE DATA FOR CRATE: proc_macro2 === (526 total usages)
   Compiling num-bigint v0.4.6
=== SAVED 85 COMPLEXITY ITEMS FOR CRATE: time_macros ===
=== MANIFEST SAVED: ./test_usage_data/time_macros_manifest.json ===
=== COLLECTING USAGE DATA FOR CRATE: time_macros === (835 total usages)
=== SAVED 99 COMPLEXITY ITEMS FOR CRATE: aho_corasick ===
=== MANIFEST SAVED: ./test_usage_data/aho_corasick_manifest.json ===
=== COLLECTING USAGE DATA FOR CRATE: aho_corasick === (561 total usages)
=== SAVED 55 COMPLEXITY ITEMS FOR CRATE: mio ===
=== MANIFEST SAVED: ./test_usage_data/mio_manifest.json ===
=== COLLECTING USAGE DATA FOR CRATE: mio === (221 total usages)
   Compiling num-iter v0.1.45
=== SAVED 17 COMPLEXITY ITEMS FOR CRATE: parking_lot ===
=== MANIFEST SAVED: ./test_usage_data/parking_lot_manifest.json ===
=== COLLECTING USAGE DATA FOR CRATE: parking_lot === (64 total usages)
=== SAVED 13 COMPLEXITY ITEMS FOR CRATE: num_iter ===
=== SAVED 26 COMPLEXITY ITEMS FOR CRATE: perf_event_open_sys ===
=== MANIFEST SAVED: ./test_usage_data/num_iter_manifest.json ===
=== COLLECTING USAGE DATA FOR CRATE: num_iter === (14 total usages)
=== MANIFEST SAVED: ./test_usage_data/perf_event_open_sys_manifest.json ===
=== COLLECTING USAGE DATA FOR CRATE: perf_event_open_sys === (1342 total usages)
   Compiling tokio v1.49.0
   Compiling getrandom v0.2.16
=== SAVED 47 COMPLEXITY ITEMS FOR CRATE: indexmap ===
=== MANIFEST SAVED: ./test_usage_data/indexmap_manifest.json ===
=== COLLECTING USAGE DATA FOR CRATE: indexmap === (94 total usages)
   Compiling measureme v9.2.0 (https://github.com/rust-lang/measureme?tag=9.2.0#9f51cde2)
   Compiling measureme v11.0.1 (/mnt/data1/nix/vendor/rust/cargo2nix/submodules/measureme/measureme)
   Compiling measureme v10.1.2 (https://github.com/rust-lang/measureme?tag=10.1.2#f9f84d1a)
=== SAVED 8 COMPLEXITY ITEMS FOR CRATE: num_complex ===
=== MANIFEST SAVED: ./test_usage_data/num_complex_manifest.json ===
=== COLLECTING USAGE DATA FOR CRATE: num_complex === (436 total usages)
=== SAVED 25 COMPLEXITY ITEMS FOR CRATE: getrandom ===
=== MANIFEST SAVED: ./test_usage_data/getrandom_manifest.json ===
=== COLLECTING USAGE DATA FOR CRATE: getrandom === (105 total usages)
   Compiling http-body-util v0.1.3
   Compiling rand_core v0.6.4
   Compiling thin-vec v0.2.14
=== SAVED 31 COMPLEXITY ITEMS FOR CRATE: measureme ===
=== MANIFEST SAVED: ./test_usage_data/measureme_manifest.json ===
=== COLLECTING USAGE DATA FOR CRATE: measureme === (148 total usages)
=== SAVED 27 COMPLEXITY ITEMS FOR CRATE: deranged ===
=== MANIFEST SAVED: ./test_usage_data/deranged_manifest.json ===
=== COLLECTING USAGE DATA FOR CRATE: deranged === (27 total usages)
=== SAVED 37 COMPLEXITY ITEMS FOR CRATE: measureme ===
=== MANIFEST SAVED: ./test_usage_data/measureme_manifest.json ===
=== COLLECTING USAGE DATA FOR CRATE: measureme === (156 total usages)
=== SAVED 26 COMPLEXITY ITEMS FOR CRATE: getrandom ===
=== MANIFEST SAVED: ./test_usage_data/getrandom_manifest.json ===
=== COLLECTING USAGE DATA FOR CRATE: getrandom === (123 total usages)
=== SAVED 15 COMPLEXITY ITEMS FOR CRATE: rand_core ===
=== MANIFEST SAVED: ./test_usage_data/rand_core_manifest.json ===
=== COLLECTING USAGE DATA FOR CRATE: rand_core === (89 total usages)
   Compiling winnow v0.7.12
   Compiling byteorder v1.5.0
=== SAVED 24 COMPLEXITY ITEMS FOR CRATE: http_body_util ===
=== MANIFEST SAVED: ./test_usage_data/http_body_util_manifest.json ===
=== COLLECTING USAGE DATA FOR CRATE: http_body_util === (60 total usages)
=== SAVED 13 COMPLEXITY ITEMS FOR CRATE: thin_vec ===
=== MANIFEST SAVED: ./test_usage_data/thin_vec_manifest.json ===
=== COLLECTING USAGE DATA FOR CRATE: thin_vec === (42 total usages)
   Compiling rustc_serialize v0.0.0 (/mnt/data1/nix/vendor/rust/cargo2nix/submodules/rust/compiler/rustc_serialize)
   Compiling uuid v1.18.0
   Compiling introspector-collector v0.1.0 (/mnt/data1/nix/vendor/rust/cargo2nix/submodules/rust/compiler/introspector-collector)
=== SAVED 223 COMPLEXITY ITEMS FOR CRATE: iri_string ===
=== MANIFEST SAVED: ./test_usage_data/iri_string_manifest.json ===
=== COLLECTING USAGE DATA FOR CRATE: iri_string === (1199 total usages)
=== SAVED 37 COMPLEXITY ITEMS FOR CRATE: measureme ===
=== MANIFEST SAVED: ./test_usage_data/measureme_manifest.json ===
=== COLLECTING USAGE DATA FOR CRATE: measureme === (156 total usages)
   Compiling time v0.3.44
=== SAVED 3 COMPLEXITY ITEMS FOR CRATE: build_script_build ===
=== MANIFEST SAVED: ./test_usage_data/build_script_build_manifest.json ===
=== COLLECTING USAGE DATA FOR CRATE: build_script_build === (32 total usages)
=== SAVED 9 COMPLEXITY ITEMS FOR CRATE: byteorder ===
=== MANIFEST SAVED: ./test_usage_data/byteorder_manifest.json ===
=== COLLECTING USAGE DATA FOR CRATE: byteorder === (48 total usages)
   Compiling num-cmp v0.1.0
=== SAVED 110 COMPLEXITY ITEMS FOR CRATE: quote ===
=== MANIFEST SAVED: ./test_usage_data/quote_manifest.json ===
=== COLLECTING USAGE DATA FOR CRATE: quote === (424 total usages)
   Compiling iana-time-zone v0.1.63
=== SAVED 40 COMPLEXITY ITEMS FOR CRATE: anyhow ===
=== MANIFEST SAVED: ./test_usage_data/anyhow_manifest.json ===
=== COLLECTING USAGE DATA FOR CRATE: anyhow === (98 total usages)
=== SAVED 9 COMPLEXITY ITEMS FOR CRATE: iana_time_zone ===
=== MANIFEST SAVED: ./test_usage_data/iana_time_zone_manifest.json ===
=== COLLECTING USAGE DATA FOR CRATE: iana_time_zone === (127 total usages)
=== SAVED 27 COMPLEXITY ITEMS FOR CRATE: rustc_serialize ===
=== MANIFEST SAVED: ./test_usage_data/rustc_serialize_manifest.json ===
=== COLLECTING USAGE DATA FOR CRATE: rustc_serialize === (80 total usages)
=== SAVED 33 COMPLEXITY ITEMS FOR CRATE: uuid ===
=== MANIFEST SAVED: ./test_usage_data/uuid_manifest.json ===
=== COLLECTING USAGE DATA FOR CRATE: uuid === (152 total usages)
   Compiling bytecount v0.6.9
=== SAVED 83 COMPLEXITY ITEMS FOR CRATE: zerocopy ===
=== MANIFEST SAVED: ./test_usage_data/zerocopy_manifest.json ===
=== COLLECTING USAGE DATA FOR CRATE: zerocopy === (888 total usages)
   Compiling glob v0.3.3
=== SAVED 19 COMPLEXITY ITEMS FOR CRATE: bytecount ===
=== MANIFEST SAVED: ./test_usage_data/bytecount_manifest.json ===
=== COLLECTING USAGE DATA FOR CRATE: bytecount === (240 total usages)
=== MANIFEST SAVED: ./test_usage_data/num_cmp_manifest.json ===
=== COLLECTING USAGE DATA FOR CRATE: num_cmp === (12 total usages)
=== SAVED 142 COMPLEXITY ITEMS FOR CRATE: regex_syntax ===
=== MANIFEST SAVED: ./test_usage_data/regex_syntax_manifest.json ===
=== COLLECTING USAGE DATA FOR CRATE: regex_syntax === (147834 total usages)
   Compiling ppv-lite86 v0.2.21
=== SAVED 309 COMPLEXITY ITEMS FOR CRATE: futures_util ===
=== MANIFEST SAVED: ./test_usage_data/futures_util_manifest.json ===
=== COLLECTING USAGE DATA FOR CRATE: futures_util === (958 total usages)
=== SAVED 17 COMPLEXITY ITEMS FOR CRATE: glob ===
=== MANIFEST SAVED: ./test_usage_data/glob_manifest.json ===
=== COLLECTING USAGE DATA FOR CRATE: glob === (150 total usages)
   Compiling regex-automata v0.4.9
=== SAVED 91 COMPLEXITY ITEMS FOR CRATE: num_bigint ===
=== MANIFEST SAVED: ./test_usage_data/num_bigint_manifest.json ===
=== COLLECTING USAGE DATA FOR CRATE: num_bigint === (1081 total usages)
   Compiling num-rational v0.4.2
=== SAVED 25 COMPLEXITY ITEMS FOR CRATE: ppv_lite86 ===
=== MANIFEST SAVED: ./test_usage_data/ppv_lite86_manifest.json ===
=== COLLECTING USAGE DATA FOR CRATE: ppv_lite86 === (32 total usages)
   Compiling rand_chacha v0.3.1
=== SAVED 9 COMPLEXITY ITEMS FOR CRATE: num_rational ===
=== MANIFEST SAVED: ./test_usage_data/num_rational_manifest.json ===
=== COLLECTING USAGE DATA FOR CRATE: num_rational === (147 total usages)
   Compiling num v0.4.3
=== MANIFEST SAVED: ./test_usage_data/num_manifest.json ===
=== COLLECTING USAGE DATA FOR CRATE: num === (0 total usages)
   Compiling fraction v0.15.3
=== SAVED 27 COMPLEXITY ITEMS FOR CRATE: rand_chacha ===
=== MANIFEST SAVED: ./test_usage_data/rand_chacha_manifest.json ===
=== COLLECTING USAGE DATA FOR CRATE: rand_chacha === (209 total usages)
=== SAVED 136 COMPLEXITY ITEMS FOR CRATE: clap_builder ===
=== MANIFEST SAVED: ./test_usage_data/clap_builder_manifest.json ===
=== COLLECTING USAGE DATA FOR CRATE: clap_builder === (1512 total usages)
   Compiling rand v0.8.5
=== SAVED 156 COMPLEXITY ITEMS FOR CRATE: time ===
=== MANIFEST SAVED: ./test_usage_data/time_manifest.json ===
=== COLLECTING USAGE DATA FOR CRATE: time === (1074 total usages)
=== SAVED 928 COMPLEXITY ITEMS FOR CRATE: syn ===
=== MANIFEST SAVED: ./test_usage_data/syn_manifest.json ===
=== COLLECTING USAGE DATA FOR CRATE: syn === (5883 total usages)
=== SAVED 27 COMPLEXITY ITEMS FOR CRATE: fraction ===
=== MANIFEST SAVED: ./test_usage_data/fraction_manifest.json ===
=== COLLECTING USAGE DATA FOR CRATE: fraction === (586 total usages)
=== SAVED 44 COMPLEXITY ITEMS FOR CRATE: rand ===
=== MANIFEST SAVED: ./test_usage_data/rand_manifest.json ===
=== COLLECTING USAGE DATA FOR CRATE: rand === (187 total usages)
=== SAVED 427 COMPLEXITY ITEMS FOR CRATE: tokio ===
=== MANIFEST SAVED: ./test_usage_data/tokio_manifest.json ===
=== COLLECTING USAGE DATA FOR CRATE: tokio === (1098 total usages)
   Compiling synstructure v0.13.2
=== SAVED 210 COMPLEXITY ITEMS FOR CRATE: winnow ===
=== MANIFEST SAVED: ./test_usage_data/winnow_manifest.json ===
=== COLLECTING USAGE DATA FOR CRATE: winnow === (913 total usages)
=== SAVED 15 COMPLEXITY ITEMS FOR CRATE: synstructure ===
=== MANIFEST SAVED: ./test_usage_data/synstructure_manifest.json ===
=== COLLECTING USAGE DATA FOR CRATE: synstructure === (97 total usages)
   Compiling hyper v1.8.1
   Compiling tower v0.5.2
   Compiling zerofrom-derive v0.1.6
   Compiling serde_derive v1.0.219
   Compiling yoke-derive v0.8.0
   Compiling zerovec-derive v0.11.1
   Compiling displaydoc v0.2.5
   Compiling clap_derive v4.5.45
   Compiling rustc_index_macros v0.0.0 (/mnt/data1/nix/vendor/rust/cargo2nix/submodules/rust/compiler/rustc_index_macros)
=== SAVED 8 COMPLEXITY ITEMS FOR CRATE: yoke_derive ===
=== MANIFEST SAVED: ./test_usage_data/yoke_derive_manifest.json ===
=== COLLECTING USAGE DATA FOR CRATE: yoke_derive === (271 total usages)
=== SAVED 11 COMPLEXITY ITEMS FOR CRATE: zerofrom_derive ===
=== MANIFEST SAVED: ./test_usage_data/zerofrom_derive_manifest.json ===
=== COLLECTING USAGE DATA FOR CRATE: zerofrom_derive === (177 total usages)
=== SAVED 20 COMPLEXITY ITEMS FOR CRATE: displaydoc ===
=== MANIFEST SAVED: ./test_usage_data/displaydoc_manifest.json ===
=== COLLECTING USAGE DATA FOR CRATE: displaydoc === (281 total usages)
=== SAVED 234 COMPLEXITY ITEMS FOR CRATE: nom ===
=== MANIFEST SAVED: ./test_usage_data/nom_manifest.json ===
=== COLLECTING USAGE DATA FOR CRATE: nom === (1352 total usages)
=== SAVED 310 COMPLEXITY ITEMS FOR CRATE: regex_automata ===
=== MANIFEST SAVED: ./test_usage_data/regex_automata_manifest.json ===
=== COLLECTING USAGE DATA FOR CRATE: regex_automata === (2014 total usages)
=== SAVED 62 COMPLEXITY ITEMS FOR CRATE: tower ===
=== MANIFEST SAVED: ./test_usage_data/tower_manifest.json ===
=== COLLECTING USAGE DATA FOR CRATE: tower === (125 total usages)
=== SAVED 32 COMPLEXITY ITEMS FOR CRATE: zerovec_derive ===
=== MANIFEST SAVED: ./test_usage_data/zerovec_derive_manifest.json ===
=== COLLECTING USAGE DATA FOR CRATE: zerovec_derive === (1068 total usages)
=== SAVED 125 COMPLEXITY ITEMS FOR CRATE: hyper ===
=== MANIFEST SAVED: ./test_usage_data/hyper_manifest.json ===
=== COLLECTING USAGE DATA FOR CRATE: hyper === (358 total usages)
   Compiling tower-http v0.6.8
=== SAVED 3 COMPLEXITY ITEMS FOR CRATE: rustc_index_macros ===
=== MANIFEST SAVED: ./test_usage_data/rustc_index_macros_manifest.json ===
=== COLLECTING USAGE DATA FOR CRATE: rustc_index_macros === (14 total usages)
   Compiling iso8601 v0.6.3
   Compiling hyper-util v0.1.19
=== SAVED 40 COMPLEXITY ITEMS FOR CRATE: tower_http ===
=== MANIFEST SAVED: ./test_usage_data/tower_http_manifest.json ===
=== COLLECTING USAGE DATA FOR CRATE: tower_http === (84 total usages)
=== SAVED 44 COMPLEXITY ITEMS FOR CRATE: iso8601 ===
=== MANIFEST SAVED: ./test_usage_data/iso8601_manifest.json ===
=== COLLECTING USAGE DATA FOR CRATE: iso8601 === (112 total usages)
   Compiling fancy-regex v0.13.0
   Compiling regex v1.11.1
=== SAVED 737 COMPLEXITY ITEMS FOR CRATE: syn ===
=== MANIFEST SAVED: ./test_usage_data/syn_manifest.json ===
=== COLLECTING USAGE DATA FOR CRATE: syn === (5183 total usages)
=== SAVED 27 COMPLEXITY ITEMS FOR CRATE: regex ===
=== MANIFEST SAVED: ./test_usage_data/regex_manifest.json ===
=== COLLECTING USAGE DATA FOR CRATE: regex === (47 total usages)
=== SAVED 58 COMPLEXITY ITEMS FOR CRATE: fancy_regex ===
=== MANIFEST SAVED: ./test_usage_data/fancy_regex_manifest.json ===
=== COLLECTING USAGE DATA FOR CRATE: fancy_regex === (274 total usages)
   Compiling zerofrom v0.1.6
=== SAVED 60 COMPLEXITY ITEMS FOR CRATE: clap_derive ===
=== MANIFEST SAVED: ./test_usage_data/clap_derive_manifest.json ===
=== COLLECTING USAGE DATA FOR CRATE: clap_derive === (2062 total usages)
=== MANIFEST SAVED: ./test_usage_data/zerofrom_manifest.json ===
=== COLLECTING USAGE DATA FOR CRATE: zerofrom === (0 total usages)
   Compiling yoke v0.8.0
=== SAVED 5 COMPLEXITY ITEMS FOR CRATE: yoke ===
=== SAVED 178 COMPLEXITY ITEMS FOR CRATE: serde_derive ===
=== SAVED 116 COMPLEXITY ITEMS FOR CRATE: rustc_macros ===
=== MANIFEST SAVED: ./test_usage_data/yoke_manifest.json ===
=== MANIFEST SAVED: ./test_usage_data/serde_derive_manifest.json ===
=== COLLECTING USAGE DATA FOR CRATE: yoke === (11 total usages)
=== MANIFEST SAVED: ./test_usage_data/rustc_macros_manifest.json ===
=== COLLECTING USAGE DATA FOR CRATE: serde_derive === (3424 total usages)
=== COLLECTING USAGE DATA FOR CRATE: rustc_macros === (2146 total usages)
   Compiling zerovec v0.11.4
   Compiling zerotrie v0.2.2
=== SAVED 121 COMPLEXITY ITEMS FOR CRATE: hyper_util ===
=== MANIFEST SAVED: ./test_usage_data/hyper_util_manifest.json ===
=== COLLECTING USAGE DATA FOR CRATE: hyper_util === (3500 total usages)
=== SAVED 37 COMPLEXITY ITEMS FOR CRATE: zerotrie ===
=== MANIFEST SAVED: ./test_usage_data/zerotrie_manifest.json ===
=== COLLECTING USAGE DATA FOR CRATE: zerotrie === (143 total usages)
   Compiling clap v4.5.45
=== MANIFEST SAVED: ./test_usage_data/clap_manifest.json ===
=== COLLECTING USAGE DATA FOR CRATE: clap === (0 total usages)
=== SAVED 50 COMPLEXITY ITEMS FOR CRATE: zerovec ===
=== MANIFEST SAVED: ./test_usage_data/zerovec_manifest.json ===
=== COLLECTING USAGE DATA FOR CRATE: zerovec === (132 total usages)
   Compiling tinystr v0.8.1
   Compiling potential_utf v0.1.2
=== SAVED 3 COMPLEXITY ITEMS FOR CRATE: potential_utf ===
=== MANIFEST SAVED: ./test_usage_data/potential_utf_manifest.json ===
=== COLLECTING USAGE DATA FOR CRATE: potential_utf === (3 total usages)
   Compiling icu_collections v2.0.0
=== SAVED 6 COMPLEXITY ITEMS FOR CRATE: tinystr ===
=== MANIFEST SAVED: ./test_usage_data/tinystr_manifest.json ===
=== COLLECTING USAGE DATA FOR CRATE: tinystr === (7 total usages)
   Compiling icu_locale_core v2.0.0
=== SAVED 30 COMPLEXITY ITEMS FOR CRATE: rustc_index ===
=== MANIFEST SAVED: ./test_usage_data/rustc_index_manifest.json ===
=== COLLECTING USAGE DATA FOR CRATE: rustc_index === (91 total usages)
=== SAVED 25 COMPLEXITY ITEMS FOR CRATE: icu_collections ===
=== MANIFEST SAVED: ./test_usage_data/icu_collections_manifest.json ===
=== COLLECTING USAGE DATA FOR CRATE: icu_collections === (4828 total usages)
=== SAVED 42 COMPLEXITY ITEMS FOR CRATE: icu_locale_core ===
=== MANIFEST SAVED: ./test_usage_data/icu_locale_core_manifest.json ===
=== COLLECTING USAGE DATA FOR CRATE: icu_locale_core === (105 total usages)
   Compiling icu_provider v2.0.0
=== SAVED 30 COMPLEXITY ITEMS FOR CRATE: icu_provider ===
=== MANIFEST SAVED: ./test_usage_data/icu_provider_manifest.json ===
=== COLLECTING USAGE DATA FOR CRATE: icu_provider === (60 total usages)
   Compiling icu_properties v2.0.1
   Compiling icu_normalizer v2.0.0
=== SAVED 46 COMPLEXITY ITEMS FOR CRATE: icu_normalizer ===
=== MANIFEST SAVED: ./test_usage_data/icu_normalizer_manifest.json ===
=== COLLECTING USAGE DATA FOR CRATE: icu_normalizer === (289 total usages)
=== SAVED 244 COMPLEXITY ITEMS FOR CRATE: icu_properties ===
=== MANIFEST SAVED: ./test_usage_data/icu_properties_manifest.json ===
=== COLLECTING USAGE DATA FOR CRATE: icu_properties === (660 total usages)
   Compiling idna_adapter v1.2.1
=== SAVED 8 COMPLEXITY ITEMS FOR CRATE: idna_adapter ===
=== MANIFEST SAVED: ./test_usage_data/idna_adapter_manifest.json ===
=== COLLECTING USAGE DATA FOR CRATE: idna_adapter === (129 total usages)
   Compiling idna v1.0.3
=== SAVED 45 COMPLEXITY ITEMS FOR CRATE: idna ===
=== MANIFEST SAVED: ./test_usage_data/idna_manifest.json ===
=== COLLECTING USAGE DATA FOR CRATE: idna === (270 total usages)
   Compiling url v2.5.4
=== SAVED 152 COMPLEXITY ITEMS FOR CRATE: serde ===
=== MANIFEST SAVED: ./test_usage_data/serde_manifest.json ===
=== COLLECTING USAGE DATA FOR CRATE: serde === (334 total usages)
   Compiling serde_urlencoded v0.7.1
   Compiling serde_spanned v0.6.9
   Compiling toml_datetime v0.6.11
   Compiling chrono v0.4.41
=== SAVED 3 COMPLEXITY ITEMS FOR CRATE: serde_spanned ===
=== MANIFEST SAVED: ./test_usage_data/serde_spanned_manifest.json ===
=== COLLECTING USAGE DATA FOR CRATE: serde_spanned === (13 total usages)
=== SAVED 14 COMPLEXITY ITEMS FOR CRATE: toml_datetime ===
=== MANIFEST SAVED: ./test_usage_data/toml_datetime_manifest.json ===
=== COLLECTING USAGE DATA FOR CRATE: toml_datetime === (29 total usages)
   Compiling toml_edit v0.22.27
=== SAVED 18 COMPLEXITY ITEMS FOR CRATE: ahash ===
=== MANIFEST SAVED: ./test_usage_data/ahash_manifest.json ===
=== COLLECTING USAGE DATA FOR CRATE: ahash === (73 total usages)
=== SAVED 24 COMPLEXITY ITEMS FOR CRATE: serde_urlencoded ===
=== MANIFEST SAVED: ./test_usage_data/serde_urlencoded_manifest.json ===
=== COLLECTING USAGE DATA FOR CRATE: serde_urlencoded === (41 total usages)
=== SAVED 65 COMPLEXITY ITEMS FOR CRATE: url ===
=== MANIFEST SAVED: ./test_usage_data/url_manifest.json ===
=== COLLECTING USAGE DATA FOR CRATE: url === (492 total usages)
=== SAVED 107 COMPLEXITY ITEMS FOR CRATE: serde_json ===
=== MANIFEST SAVED: ./test_usage_data/serde_json_manifest.json ===
=== COLLECTING USAGE DATA FOR CRATE: serde_json === (551 total usages)
   Compiling decodeme v10.1.2 (https://github.com/rust-lang/measureme?tag=10.1.2#f9f84d1a)
   Compiling decodeme v11.0.1 (/mnt/data1/nix/vendor/rust/cargo2nix/submodules/measureme/decodeme)
   Compiling reqwest v0.12.28
   Compiling analyzeme v9.2.0 (https://github.com/rust-lang/measureme?tag=9.2.0#9f51cde2)
=== SAVED 18 COMPLEXITY ITEMS FOR CRATE: decodeme ===
=== MANIFEST SAVED: ./test_usage_data/decodeme_manifest.json ===
=== COLLECTING USAGE DATA FOR CRATE: decodeme === (83 total usages)
=== SAVED 30 COMPLEXITY ITEMS FOR CRATE: analyzeme ===
=== MANIFEST SAVED: ./test_usage_data/analyzeme_manifest.json ===
=== COLLECTING USAGE DATA FOR CRATE: analyzeme === (226 total usages)
=== SAVED 156 COMPLEXITY ITEMS FOR CRATE: chrono ===
=== MANIFEST SAVED: ./test_usage_data/chrono_manifest.json ===
=== COLLECTING USAGE DATA FOR CRATE: chrono === (5790 total usages)
=== SAVED 18 COMPLEXITY ITEMS FOR CRATE: decodeme ===
=== MANIFEST SAVED: ./test_usage_data/decodeme_manifest.json ===
=== COLLECTING USAGE DATA FOR CRATE: decodeme === (86 total usages)
   Compiling analyzeme v11.0.1 (/mnt/data1/nix/vendor/rust/cargo2nix/submodules/measureme/analyzeme)
=== SAVED 123 COMPLEXITY ITEMS FOR CRATE: reqwest ===
=== MANIFEST SAVED: ./test_usage_data/reqwest_manifest.json ===
=== COLLECTING USAGE DATA FOR CRATE: reqwest === (402 total usages)
=== SAVED 29 COMPLEXITY ITEMS FOR CRATE: analyzeme ===
=== MANIFEST SAVED: ./test_usage_data/analyzeme_manifest.json ===
=== COLLECTING USAGE DATA FOR CRATE: analyzeme === (241 total usages)
=== SAVED 183 COMPLEXITY ITEMS FOR CRATE: toml_edit ===
=== MANIFEST SAVED: ./test_usage_data/toml_edit_manifest.json ===
=== COLLECTING USAGE DATA FOR CRATE: toml_edit === (1653 total usages)
   Compiling toml v0.8.23
   Compiling jsonschema v0.18.3
=== SAVED 43 COMPLEXITY ITEMS FOR CRATE: toml ===
=== MANIFEST SAVED: ./test_usage_data/toml_manifest.json ===
=== COLLECTING USAGE DATA FOR CRATE: toml === (106 total usages)
=== SAVED 172 COMPLEXITY ITEMS FOR CRATE: jsonschema ===
=== MANIFEST SAVED: ./test_usage_data/jsonschema_manifest.json ===
=== COLLECTING USAGE DATA FOR CRATE: jsonschema === (1008 total usages)
warning: unused import: `std::path::Path`
 --> compiler/introspector-collector/src/libusagedata.rs:3:5
  |
3 | use std::path::Path;
  |     ^^^^^^^^^^^^^^^
  |
  = note: `#[warn(unused_imports)]` (part of `#[warn(unused)]`) on by default

warning: unused import: `CrateUsageData`
 --> compiler/introspector-collector/src/usage_code_map.rs:2:38
  |
2 | use crate::libusagedata::{UsageData, CrateUsageData};
  |                                      ^^^^^^^^^^^^^^

=== SAVED 6 COMPLEXITY ITEMS FOR CRATE: introspector_collector ===
=== MANIFEST SAVED: ./test_usage_data/introspector_collector_manifest.json ===
=== COLLECTING USAGE DATA FOR CRATE: introspector_collector === (92 total usages)
warning: `introspector-collector` (lib) generated 2 warnings (run `cargo fix --lib -p introspector-collector` to apply 2 suggestions)
warning: unused import: `self`
  --> compiler/introspector-collector/src/working_usage_collector.rs:14:29
   |
14 | use rustc_hir::intravisit::{self, Visitor};
   |                             ^^^^
   |
   = note: `#[warn(unused_imports)]` (part of `#[warn(unused)]`) on by default

warning: unused import: `Visitor`
   --> compiler/introspector-collector/src/working_usage_collector.rs:870:43
    |
870 |         use rustc_hir::intravisit::{self, Visitor};
    |                                           ^^^^^^^

warning: unused import: `Visitor`
  --> compiler/introspector-collector/src/working_usage_collector.rs:14:35
   |
14 | use rustc_hir::intravisit::{self, Visitor};
   |                                   ^^^^^^^

warning: unused variable: `usage`
   --> compiler/introspector-collector/src/working_usage_collector.rs:463:29
    |
463 |                         let usage = format!("{} USES {} ({:?}) [DefId: {:?}]", user_location, used_location, def_kind, used_def_id);
    |                             ^^^^^ help: if this is intentional, prefix it with an underscore: `_usage`
    |
    = note: `#[warn(unused_variables)]` (part of `#[warn(unused)]`) on by default

warning: unused variable: `variant_data`
   --> compiler/introspector-collector/src/working_usage_collector.rs:594:45
    |
594 |                 rustc_hir::ItemKind::Struct(variant_data, generics, _) => {
    |                                             ^^^^^^^^^^^^ help: if this is intentional, prefix it with an underscore: `_variant_data`

warning: unused variable: `generics`
   --> compiler/introspector-collector/src/working_usage_collector.rs:594:59
    |
594 |                 rustc_hir::ItemKind::Struct(variant_data, generics, _) => {
    |                                                           ^^^^^^^^ help: if this is intentional, prefix it with an underscore: `_generics`

warning: unused variable: `enum_def`
   --> compiler/introspector-collector/src/working_usage_collector.rs:633:43
    |
633 |                 rustc_hir::ItemKind::Enum(enum_def, generics, _) => {
    |                                           ^^^^^^^^ help: if this is intentional, prefix it with an underscore: `_enum_def`

warning: unused variable: `generics`
   --> compiler/introspector-collector/src/working_usage_collector.rs:633:53
    |
633 |                 rustc_hir::ItemKind::Enum(enum_def, generics, _) => {
    |                                                     ^^^^^^^^ help: if this is intentional, prefix it with an underscore: `_generics`

warning: unused variable: `guard`
   --> compiler/introspector-collector/src/working_usage_collector.rs:844:41
    |
844 | ...                   if let Some(guard) = &arm.guard { 
    |                                   ^^^^^ help: if this is intentional, prefix it with an underscore: `_guard`

warning: unused variable: `symbol`
   --> compiler/introspector-collector/src/working_usage_collector.rs:889:41
    |
889 | ...                   let symbol = self.tcx.item_name(def_id).to_string();
    |                           ^^^^^^ help: if this is intentional, prefix it with an underscore: `_symbol`

warning: unused variable: `symbol`
   --> compiler/introspector-collector/src/working_usage_collector.rs:922:45
    |
922 | ...                   let symbol = self.tcx.item_name(def_id).to_string();
    |                           ^^^^^^ help: if this is intentional, prefix it with an underscore: `_symbol`

warning: struct `CleanGraphData` is never constructed
  --> compiler/introspector-collector/src/working_usage_collector.rs:20:8
   |
20 | struct CleanGraphData {
   |        ^^^^^^^^^^^^^^
   |
   = note: `#[warn(dead_code)]` (part of `#[warn(unused)]`) on by default

warning: methods `collect_type_usage`, `extract_struct_fields`, and `extract_enum_variants` are never used
   --> compiler/introspector-collector/src/working_usage_collector.rs:866:8
    |
523 | impl UsageCollector {
    | ------------------- methods in this implementation
...
866 |     fn collect_type_usage<'tcx>(&mut self, tcx: TyCtxt<'tcx>) {
    |        ^^^^^^^^^^^^^^^^^^
...
945 |     fn extract_struct_fields(&self, variant_data: &rustc_hir::VariantData) -> Vec<FieldInfo> {
    |        ^^^^^^^^^^^^^^^^^^^^^
...
955 |     fn extract_enum_variants(&self, enum_def: &rustc_hir::EnumDef) -> Vec<VariantInfo> {
    |        ^^^^^^^^^^^^^^^^^^^^^

=== SAVED 17 COMPLEXITY ITEMS FOR CRATE: working_usage_collector ===
=== MANIFEST SAVED: ./test_usage_data/working_usage_collector_manifest.json ===
=== COLLECTING USAGE DATA FOR CRATE: working_usage_collector === (195 total usages)
warning: `introspector-collector` (bin "working_usage_collector") generated 13 warnings (run `cargo fix --bin "working_usage_collector"` to apply 2 suggestions)
    Finished `dev` profile [unoptimized + debuginfo] target(s) in 17.46s
=== SAVED 6 COMPLEXITY ITEMS FOR CRATE: build_script_build ===
=== MANIFEST SAVED: ./test_usage_data/build_script_build_manifest.json ===
=== COLLECTING USAGE DATA FOR CRATE: build_script_build === (119 total usages)
   Compiling unicode-ident v1.0.18
=== MANIFEST SAVED: ./test_usage_data/cfg_if_manifest.json ===
=== COLLECTING USAGE DATA FOR CRATE: cfg_if === (0 total usages)
   Compiling build_common v0.1.0 (/mnt/data1/nix/vendor/rust/cargo2nix/submodules/rust/compiler/build_common)
   Compiling libc v0.2.174
   Compiling stable_deref_trait v1.2.0
=== SAVED 84 COMPLEXITY ITEMS FOR CRATE: memchr ===
=== MANIFEST SAVED: ./test_usage_data/memchr_manifest.json ===
=== COLLECTING USAGE DATA FOR CRATE: memchr === (521 total usages)
   Compiling smallvec v1.15.1
   Compiling proc-macro-hack v0.5.20+deprecated
   Compiling shlex v1.3.0
   Compiling bitflags v2.9.3
=== MANIFEST SAVED: ./test_usage_data/equivalent_manifest.json ===
=== COLLECTING USAGE DATA FOR CRATE: equivalent === (0 total usages)
=== SAVED 16 COMPLEXITY ITEMS FOR CRATE: once_cell ===
=== MANIFEST SAVED: ./test_usage_data/once_cell_manifest.json ===
=== COLLECTING USAGE DATA FOR CRATE: once_cell === (45 total usages)
   Compiling allocator-api2 v0.2.21
   Compiling foldhash v0.1.5
=== SAVED 20 COMPLEXITY ITEMS FOR CRATE: autocfg ===
=== MANIFEST SAVED: ./test_usage_data/autocfg_manifest.json ===
=== COLLECTING USAGE DATA FOR CRATE: autocfg === (63 total usages)
   Compiling getrandom v0.3.3
   Compiling typenum v1.18.0
=== SAVED 16 COMPLEXITY ITEMS FOR CRATE: version_check ===
=== MANIFEST SAVED: ./test_usage_data/version_check_manifest.json ===
=== COLLECTING USAGE DATA FOR CRATE: version_check === (96 total usages)
=== SAVED 1 COMPLEXITY ITEMS FOR CRATE: build_script_build ===
=== MANIFEST SAVED: ./test_usage_data/build_script_build_manifest.json ===
=== COLLECTING USAGE DATA FOR CRATE: build_script_build === (5 total usages)
   Compiling generic-array v0.14.7
=== SAVED 1 COMPLEXITY ITEMS FOR CRATE: build_script_build ===
=== MANIFEST SAVED: ./test_usage_data/build_script_build_manifest.json ===
=== COLLECTING USAGE DATA FOR CRATE: build_script_build === (4 total usages)
   Compiling tracing-core v0.1.34
   Compiling log v0.4.27
   Compiling rustc-hash v2.1.1
=== SAVED 3 COMPLEXITY ITEMS FOR CRATE: scopeguard ===
=== MANIFEST SAVED: ./test_usage_data/scopeguard_manifest.json ===
=== COLLECTING USAGE DATA FOR CRATE: scopeguard === (3 total usages)
=== SAVED 4 COMPLEXITY ITEMS FOR CRATE: pin_project_lite ===
=== MANIFEST SAVED: ./test_usage_data/pin_project_lite_manifest.json ===
=== COLLECTING USAGE DATA FOR CRATE: pin_project_lite === (4 total usages)
   Compiling crossbeam-utils v0.8.21
   Compiling rustix v1.0.8
   Compiling linux-raw-sys v0.9.4
=== SAVED 16 COMPLEXITY ITEMS FOR CRATE: lock_api ===
=== MANIFEST SAVED: ./test_usage_data/lock_api_manifest.json ===
=== COLLECTING USAGE DATA FOR CRATE: lock_api === (17 total usages)
   Compiling rustc-stable-hash v0.1.2
=== MANIFEST SAVED: ./test_usage_data/stable_deref_trait_manifest.json ===
=== COLLECTING USAGE DATA FOR CRATE: stable_deref_trait === (0 total usages)
=== SAVED 2 COMPLEXITY ITEMS FOR CRATE: build_script_build ===
=== MANIFEST SAVED: ./test_usage_data/build_script_build_manifest.json ===
=== COLLECTING USAGE DATA FOR CRATE: build_script_build === (28 total usages)
=== SAVED 1 COMPLEXITY ITEMS FOR CRATE: build_script_build ===
=== SAVED 99 COMPLEXITY ITEMS FOR CRATE: aho_corasick ===
=== MANIFEST SAVED: ./test_usage_data/aho_corasick_manifest.json ===
=== COLLECTING USAGE DATA FOR CRATE: aho_corasick === (561 total usages)
=== SAVED 3 COMPLEXITY ITEMS FOR CRATE: itoa ===
=== MANIFEST SAVED: ./test_usage_data/itoa_manifest.json ===
=== COLLECTING USAGE DATA FOR CRATE: itoa === (3 total usages)
=== SAVED 1 COMPLEXITY ITEMS FOR CRATE: rustc_hash ===
=== MANIFEST SAVED: ./test_usage_data/rustc_hash_manifest.json ===
=== COLLECTING USAGE DATA FOR CRATE: rustc_hash === (3 total usages)
=== SAVED 142 COMPLEXITY ITEMS FOR CRATE: regex_syntax ===
=== MANIFEST SAVED: ./test_usage_data/regex_syntax_manifest.json ===
=== COLLECTING USAGE DATA FOR CRATE: regex_syntax === (147834 total usages)
   Compiling fastrand v2.3.0
=== MANIFEST SAVED: ./test_usage_data/build_script_build_manifest.json ===
=== COLLECTING USAGE DATA FOR CRATE: build_script_build === (2 total usages)
=== SAVED 4 COMPLEXITY ITEMS FOR CRATE: build_common ===
=== SAVED 2 COMPLEXITY ITEMS FOR CRATE: build_script_build ===
=== MANIFEST SAVED: ./test_usage_data/build_script_build_manifest.json ===
=== COLLECTING USAGE DATA FOR CRATE: build_script_build === (47 total usages)
=== MANIFEST SAVED: ./test_usage_data/build_common_manifest.json ===
=== COLLECTING USAGE DATA FOR CRATE: build_common === (25 total usages)
=== SAVED 7 COMPLEXITY ITEMS FOR CRATE: build_script_build ===
=== MANIFEST SAVED: ./test_usage_data/build_script_build_manifest.json ===
=== COLLECTING USAGE DATA FOR CRATE: build_script_build === (122 total usages)
=== SAVED 6 COMPLEXITY ITEMS FOR CRATE: build_script_build ===
=== MANIFEST SAVED: ./test_usage_data/build_script_build_manifest.json ===
=== COLLECTING USAGE DATA FOR CRATE: build_script_build === (265 total usages)
=== SAVED 5 COMPLEXITY ITEMS FOR CRATE: rustc_hash ===
=== MANIFEST SAVED: ./test_usage_data/rustc_hash_manifest.json ===
=== COLLECTING USAGE DATA FOR CRATE: rustc_hash === (56 total usages)
=== SAVED 2 COMPLEXITY ITEMS FOR CRATE: build_script_build ===
=== MANIFEST SAVED: ./test_usage_data/build_script_build_manifest.json ===
=== COLLECTING USAGE DATA FOR CRATE: build_script_build === (26 total usages)
   Compiling unicode-width v0.2.1
=== SAVED 19 COMPLEXITY ITEMS FOR CRATE: build_script_build ===
=== MANIFEST SAVED: ./test_usage_data/build_script_build_manifest.json ===
=== COLLECTING USAGE DATA FOR CRATE: build_script_build === (176 total usages)
=== SAVED 7 COMPLEXITY ITEMS FOR CRATE: rustc_stable_hash ===
=== MANIFEST SAVED: ./test_usage_data/rustc_stable_hash_manifest.json ===
=== COLLECTING USAGE DATA FOR CRATE: rustc_stable_hash === (29 total usages)
=== SAVED 13 COMPLEXITY ITEMS FOR CRATE: foldhash ===
=== MANIFEST SAVED: ./test_usage_data/foldhash_manifest.json ===
=== COLLECTING USAGE DATA FOR CRATE: foldhash === (145 total usages)
=== SAVED 11 COMPLEXITY ITEMS FOR CRATE: bitflags ===
=== MANIFEST SAVED: ./test_usage_data/bitflags_manifest.json ===
=== COLLECTING USAGE DATA FOR CRATE: bitflags === (113 total usages)
=== SAVED 15 COMPLEXITY ITEMS FOR CRATE: shlex ===
=== MANIFEST SAVED: ./test_usage_data/shlex_manifest.json ===
=== COLLECTING USAGE DATA FOR CRATE: shlex === (67 total usages)
   Compiling cc v1.2.16
=== SAVED 23 COMPLEXITY ITEMS FOR CRATE: log ===
=== MANIFEST SAVED: ./test_usage_data/log_manifest.json ===
=== COLLECTING USAGE DATA FOR CRATE: log === (88 total usages)
   Compiling rustc_macros v0.0.0 (/mnt/data1/nix/vendor/rust/cargo2nix/submodules/rust/compiler/rustc_macros)
   Compiling rustc_index v0.0.0 (/mnt/data1/nix/vendor/rust/cargo2nix/submodules/rust/compiler/rustc_index)
=== SAVED 1 COMPLEXITY ITEMS FOR CRATE: build_script_build ===
=== SAVED 10 COMPLEXITY ITEMS FOR CRATE: smallvec ===
=== MANIFEST SAVED: ./test_usage_data/smallvec_manifest.json ===
=== COLLECTING USAGE DATA FOR CRATE: smallvec === (17 total usages)
   Compiling rustc_hashes v0.0.0 (/mnt/data1/nix/vendor/rust/cargo2nix/submodules/rust/compiler/rustc_hashes)
=== SAVED 13 COMPLEXITY ITEMS FOR CRATE: thin_vec ===
=== MANIFEST SAVED: ./test_usage_data/thin_vec_manifest.json ===
=== COLLECTING USAGE DATA FOR CRATE: thin_vec === (42 total usages)
   Compiling regex-automata v0.4.9
=== MANIFEST SAVED: ./test_usage_data/build_script_build_manifest.json ===
=== COLLECTING USAGE DATA FOR CRATE: build_script_build === (11 total usages)
   Compiling cpufeatures v0.2.17
   Compiling arrayvec v0.7.6
   Compiling either v1.15.0
=== SAVED 36 COMPLEXITY ITEMS FOR CRATE: fastrand ===
=== MANIFEST SAVED: ./test_usage_data/fastrand_manifest.json ===
=== COLLECTING USAGE DATA FOR CRATE: fastrand === (68 total usages)
=== MANIFEST SAVED: ./test_usage_data/cpufeatures_manifest.json ===
=== COLLECTING USAGE DATA FOR CRATE: cpufeatures === (0 total usages)
   Compiling rustc_arena v0.0.0 (/mnt/data1/nix/vendor/rust/cargo2nix/submodules/rust/compiler/rustc_arena)
=== SAVED 4 COMPLEXITY ITEMS FOR CRATE: unicode_ident ===
=== MANIFEST SAVED: ./test_usage_data/unicode_ident_manifest.json ===
=== COLLECTING USAGE DATA FOR CRATE: unicode_ident === (20226 total usages)
=== SAVED 2 COMPLEXITY ITEMS FOR CRATE: rustc_hashes ===
=== MANIFEST SAVED: ./test_usage_data/rustc_hashes_manifest.json ===
=== COLLECTING USAGE DATA FOR CRATE: rustc_hashes === (2 total usages)
   Compiling proc-macro2 v1.0.101
   Compiling ena v0.14.3
   Compiling rustc_span v0.0.0 (/mnt/data1/nix/vendor/rust/cargo2nix/submodules/rust/compiler/rustc_span)
   Compiling elsa v1.11.2
=== SAVED 30 COMPLEXITY ITEMS FOR CRATE: allocator_api2 ===
=== MANIFEST SAVED: ./test_usage_data/allocator_api2_manifest.json ===
=== COLLECTING USAGE DATA FOR CRATE: allocator_api2 === (64 total usages)
=== SAVED 53 COMPLEXITY ITEMS FOR CRATE: tracing_core ===
=== MANIFEST SAVED: ./test_usage_data/tracing_core_manifest.json ===
=== COLLECTING USAGE DATA FOR CRATE: tracing_core === (175 total usages)
   Compiling hashbrown v0.15.5
=== SAVED 13 COMPLEXITY ITEMS FOR CRATE: arrayvec ===
=== MANIFEST SAVED: ./test_usage_data/arrayvec_manifest.json ===
=== COLLECTING USAGE DATA FOR CRATE: arrayvec === (53 total usages)
   Compiling thiserror v2.0.15
   Compiling rustc_graphviz v0.0.0 (/mnt/data1/nix/vendor/rust/cargo2nix/submodules/rust/compiler/rustc_graphviz)
=== SAVED 8 COMPLEXITY ITEMS FOR CRATE: rustc_arena ===
=== SAVED 12 COMPLEXITY ITEMS FOR CRATE: either ===
=== MANIFEST SAVED: ./test_usage_data/either_manifest.json ===
=== COLLECTING USAGE DATA FOR CRATE: either === (2 total usages)
=== MANIFEST SAVED: ./test_usage_data/rustc_arena_manifest.json ===
=== COLLECTING USAGE DATA FOR CRATE: rustc_arena === (16 total usages)
   Compiling arrayref v0.3.9
   Compiling constant_time_eq v0.3.1
=== MANIFEST SAVED: ./test_usage_data/arrayref_manifest.json ===
=== COLLECTING USAGE DATA FOR CRATE: arrayref === (0 total usages)
   Compiling type-map v0.5.1
=== SAVED 4 COMPLEXITY ITEMS FOR CRATE: build_script_build ===
=== MANIFEST SAVED: ./test_usage_data/build_script_build_manifest.json ===
=== COLLECTING USAGE DATA FOR CRATE: build_script_build === (91 total usages)
=== SAVED 18 COMPLEXITY ITEMS FOR CRATE: unicode_width ===
=== SAVED 8 COMPLEXITY ITEMS FOR CRATE: constant_time_eq ===
=== MANIFEST SAVED: ./test_usage_data/unicode_width_manifest.json ===
=== COLLECTING USAGE DATA FOR CRATE: unicode_width === (19391 total usages)
=== MANIFEST SAVED: ./test_usage_data/constant_time_eq_manifest.json ===
=== COLLECTING USAGE DATA FOR CRATE: constant_time_eq === (19 total usages)
=== SAVED 7 COMPLEXITY ITEMS FOR CRATE: rustc_graphviz ===
   Compiling scoped-tls v1.0.1
=== MANIFEST SAVED: ./test_usage_data/rustc_graphviz_manifest.json ===
=== COLLECTING USAGE DATA FOR CRATE: rustc_graphviz === (158 total usages)
=== SAVED 8 COMPLEXITY ITEMS FOR CRATE: litemap ===
=== MANIFEST SAVED: ./test_usage_data/litemap_manifest.json ===
=== COLLECTING USAGE DATA FOR CRATE: litemap === (16 total usages)
=== SAVED 16 COMPLEXITY ITEMS FOR CRATE: writeable ===
=== MANIFEST SAVED: ./test_usage_data/writeable_manifest.json ===
=== COLLECTING USAGE DATA FOR CRATE: writeable === (54 total usages)
   Compiling icu_locale_data v2.0.0
   Compiling rustc-literal-escaper v0.0.5
=== SAVED 2 COMPLEXITY ITEMS FOR CRATE: scoped_tls ===
=== MANIFEST SAVED: ./test_usage_data/scoped_tls_manifest.json ===
=== COLLECTING USAGE DATA FOR CRATE: scoped_tls === (2 total usages)
=== SAVED 10 COMPLEXITY ITEMS FOR CRATE: ena ===
=== MANIFEST SAVED: ./test_usage_data/ena_manifest.json ===
=== COLLECTING USAGE DATA FOR CRATE: ena === (12 total usages)
=== SAVED 1 COMPLEXITY ITEMS FOR CRATE: build_script_build ===
=== MANIFEST SAVED: ./test_usage_data/build_script_build_manifest.json ===
=== COLLECTING USAGE DATA FOR CRATE: build_script_build === (4 total usages)
   Compiling unicode-properties v0.1.3
=== SAVED 40 COMPLEXITY ITEMS FOR CRATE: proc_macro_hack ===
=== MANIFEST SAVED: ./test_usage_data/proc_macro_hack_manifest.json ===
=== COLLECTING USAGE DATA FOR CRATE: proc_macro_hack === (1523 total usages)
   Compiling unicode-xid v0.2.6
=== SAVED 9 COMPLEXITY ITEMS FOR CRATE: elsa ===
=== MANIFEST SAVED: ./test_usage_data/elsa_manifest.json ===
=== COLLECTING USAGE DATA FOR CRATE: elsa === (16 total usages)
=== SAVED 5 COMPLEXITY ITEMS FOR CRATE: type_map ===
=== MANIFEST SAVED: ./test_usage_data/type_map_manifest.json ===
=== COLLECTING USAGE DATA FOR CRATE: type_map === (10 total usages)
   Compiling self_cell v1.2.0
=== SAVED 89 COMPLEXITY ITEMS FOR CRATE: proc_macro2 ===
=== MANIFEST SAVED: ./test_usage_data/proc_macro2_manifest.json ===
=== COLLECTING USAGE DATA FOR CRATE: proc_macro2 === (526 total usages)
=== SAVED 1 COMPLEXITY ITEMS FOR CRATE: build_script_build ===
=== MANIFEST SAVED: ./test_usage_data/build_script_build_manifest.json ===
=== COLLECTING USAGE DATA FOR CRATE: build_script_build === (4 total usages)
=== SAVED 3 COMPLEXITY ITEMS FOR CRATE: unicode_xid ===
=== MANIFEST SAVED: ./test_usage_data/unicode_xid_manifest.json ===
=== COLLECTING USAGE DATA FOR CRATE: unicode_xid === (5946 total usages)
=== SAVED 34 COMPLEXITY ITEMS FOR CRATE: crossbeam_utils ===
=== MANIFEST SAVED: ./test_usage_data/crossbeam_utils_manifest.json ===
=== COLLECTING USAGE DATA FOR CRATE: crossbeam_utils === (124 total usages)
=== SAVED 17 COMPLEXITY ITEMS FOR CRATE: rustc_literal_escaper ===
=== MANIFEST SAVED: ./test_usage_data/rustc_literal_escaper_manifest.json ===
=== COLLECTING USAGE DATA FOR CRATE: rustc_literal_escaper === (101 total usages)
=== SAVED 11 COMPLEXITY ITEMS FOR CRATE: unicode_properties ===
=== MANIFEST SAVED: ./test_usage_data/unicode_properties_manifest.json ===
=== COLLECTING USAGE DATA FOR CRATE: unicode_properties === (2489 total usages)
=== SAVED 5 COMPLEXITY ITEMS FOR CRATE: self_cell ===
=== MANIFEST SAVED: ./test_usage_data/self_cell_manifest.json ===
=== COLLECTING USAGE DATA FOR CRATE: self_cell === (5 total usages)
   Compiling rustc_lexer v0.0.0 (/mnt/data1/nix/vendor/rust/cargo2nix/submodules/rust/compiler/rustc_lexer)
   Compiling serde v1.0.219
   Compiling quote v1.0.40
   Compiling itertools v0.12.1
=== SAVED 5 COMPLEXITY ITEMS FOR CRATE: build_script_build ===
=== MANIFEST SAVED: ./test_usage_data/build_script_build_manifest.json ===
=== COLLECTING USAGE DATA FOR CRATE: build_script_build === (115 total usages)
   Compiling crossbeam-epoch v0.9.18
=== SAVED 1 COMPLEXITY ITEMS FOR CRATE: build_script_build ===
=== MANIFEST SAVED: ./test_usage_data/build_script_build_manifest.json ===
=== COLLECTING USAGE DATA FOR CRATE: build_script_build === (4 total usages)
=== SAVED 2 COMPLEXITY ITEMS FOR CRATE: build_script_build ===
=== MANIFEST SAVED: ./test_usage_data/build_script_build_manifest.json ===
=== COLLECTING USAGE DATA FOR CRATE: build_script_build === (66 total usages)
   Compiling crc32fast v1.5.0
=== MANIFEST SAVED: ./test_usage_data/icu_locale_data_manifest.json ===
=== COLLECTING USAGE DATA FOR CRATE: icu_locale_data === (0 total usages)
=== SAVED 83 COMPLEXITY ITEMS FOR CRATE: zerocopy ===
=== MANIFEST SAVED: ./test_usage_data/zerocopy_manifest.json ===
=== COLLECTING USAGE DATA FOR CRATE: zerocopy === (888 total usages)
=== SAVED 25 COMPLEXITY ITEMS FOR CRATE: ppv_lite86 ===
=== MANIFEST SAVED: ./test_usage_data/ppv_lite86_manifest.json ===
=== COLLECTING USAGE DATA FOR CRATE: ppv_lite86 === (32 total usages)
   Compiling wasmparser v0.236.1
=== SAVED 136 COMPLEXITY ITEMS FOR CRATE: linux_raw_sys ===
=== MANIFEST SAVED: ./test_usage_data/linux_raw_sys_manifest.json ===
=== COLLECTING USAGE DATA FOR CRATE: linux_raw_sys === (7105 total usages)
   Compiling serde_json v1.0.142
   Compiling ref-cast v1.0.24
=== SAVED 2 COMPLEXITY ITEMS FOR CRATE: build_script_build ===
=== MANIFEST SAVED: ./test_usage_data/build_script_build_manifest.json ===
=== COLLECTING USAGE DATA FOR CRATE: build_script_build === (18 total usages)
=== SAVED 2 COMPLEXITY ITEMS FOR CRATE: build_script_build ===
=== MANIFEST SAVED: ./test_usage_data/build_script_build_manifest.json ===
=== COLLECTING USAGE DATA FOR CRATE: build_script_build === (27 total usages)
=== SAVED 1 COMPLEXITY ITEMS FOR CRATE: build_script_build ===
=== MANIFEST SAVED: ./test_usage_data/build_script_build_manifest.json ===
=== COLLECTING USAGE DATA FOR CRATE: build_script_build === (13 total usages)
   Compiling object v0.37.3
=== SAVED 2 COMPLEXITY ITEMS FOR CRATE: build_script_build ===
=== SAVED 110 COMPLEXITY ITEMS FOR CRATE: quote ===
=== MANIFEST SAVED: ./test_usage_data/quote_manifest.json ===
=== COLLECTING USAGE DATA FOR CRATE: quote === (424 total usages)
=== MANIFEST SAVED: ./test_usage_data/build_script_build_manifest.json ===
=== COLLECTING USAGE DATA FOR CRATE: build_script_build === (32 total usages)
=== SAVED 32 COMPLEXITY ITEMS FOR CRATE: ryu ===
=== MANIFEST SAVED: ./test_usage_data/ryu_manifest.json ===
=== COLLECTING USAGE DATA FOR CRATE: ryu === (1528 total usages)
   Compiling dyn-clone v1.0.19
   Compiling ident_case v1.0.1
=== SAVED 2 COMPLEXITY ITEMS FOR CRATE: build_script_build ===
=== MANIFEST SAVED: ./test_usage_data/build_script_build_manifest.json ===
=== COLLECTING USAGE DATA FOR CRATE: build_script_build === (27 total usages)
=== SAVED 17 COMPLEXITY ITEMS FOR CRATE: rustc_lexer ===
=== SAVED 65 COMPLEXITY ITEMS FOR CRATE: cc ===
=== MANIFEST SAVED: ./test_usage_data/cc_manifest.json ===
=== COLLECTING USAGE DATA FOR CRATE: cc === (5102 total usages)
=== MANIFEST SAVED: ./test_usage_data/rustc_lexer_manifest.json ===
=== COLLECTING USAGE DATA FOR CRATE: rustc_lexer === (38 total usages)
=== SAVED 16 COMPLEXITY ITEMS FOR CRATE: typenum ===
=== MANIFEST SAVED: ./test_usage_data/typenum_manifest.json ===
=== COLLECTING USAGE DATA FOR CRATE: typenum === (19 total usages)
   Compiling syn v2.0.106
=== SAVED 5 COMPLEXITY ITEMS FOR CRATE: dyn_clone ===
=== MANIFEST SAVED: ./test_usage_data/dyn_clone_manifest.json ===
=== COLLECTING USAGE DATA FOR CRATE: dyn_clone === (13 total usages)
=== SAVED 39 COMPLEXITY ITEMS FOR CRATE: crossbeam_epoch ===
=== MANIFEST SAVED: ./test_usage_data/crossbeam_epoch_manifest.json ===
=== COLLECTING USAGE DATA FOR CRATE: crossbeam_epoch === (64 total usages)
=== SAVED 1 COMPLEXITY ITEMS FOR CRATE: ident_case ===
=== MANIFEST SAVED: ./test_usage_data/ident_case_manifest.json ===
=== COLLECTING USAGE DATA FOR CRATE: ident_case === (1 total usages)
   Compiling strsim v0.11.1
   Compiling fnv v1.0.7
   Compiling crossbeam-deque v0.8.6
   Compiling rustc_lint_defs v0.0.0 (/mnt/data1/nix/vendor/rust/cargo2nix/submodules/rust/compiler/rustc_lint_defs)
   Compiling odht v0.3.1
=== SAVED 1 COMPLEXITY ITEMS FOR CRATE: fnv ===
=== MANIFEST SAVED: ./test_usage_data/fnv_manifest.json ===
=== COLLECTING USAGE DATA FOR CRATE: fnv === (1 total usages)
=== SAVED 14 COMPLEXITY ITEMS FOR CRATE: anstyle ===
=== MANIFEST SAVED: ./test_usage_data/anstyle_manifest.json ===
=== COLLECTING USAGE DATA FOR CRATE: anstyle === (43 total usages)
   Compiling annotate-snippets v0.11.5
=== SAVED 1 COMPLEXITY ITEMS FOR CRATE: build_script_build ===
=== MANIFEST SAVED: ./test_usage_data/build_script_build_manifest.json ===
=== COLLECTING USAGE DATA FOR CRATE: build_script_build === (4 total usages)
=== SAVED 23 COMPLEXITY ITEMS FOR CRATE: strsim ===
=== MANIFEST SAVED: ./test_usage_data/strsim_manifest.json ===
=== COLLECTING USAGE DATA FOR CRATE: strsim === (218 total usages)
   Compiling rustc_session v0.0.0 (/mnt/data1/nix/vendor/rust/cargo2nix/submodules/rust/compiler/rustc_session)
   Compiling termcolor v1.4.1
   Compiling rustc_error_codes v0.0.0 (/mnt/data1/nix/vendor/rust/cargo2nix/submodules/rust/compiler/rustc_error_codes)
=== SAVED 1 COMPLEXITY ITEMS FOR CRATE: build_script_build ===
=== MANIFEST SAVED: ./test_usage_data/build_script_build_manifest.json ===
=== COLLECTING USAGE DATA FOR CRATE: build_script_build === (4 total usages)
=== SAVED 10 COMPLEXITY ITEMS FOR CRATE: crossbeam_deque ===
=== MANIFEST SAVED: ./test_usage_data/crossbeam_deque_manifest.json ===
=== COLLECTING USAGE DATA FOR CRATE: crossbeam_deque === (31 total usages)
=== MANIFEST SAVED: ./test_usage_data/rustc_error_codes_manifest.json ===
=== COLLECTING USAGE DATA FOR CRATE: rustc_error_codes === (0 total usages)
=== SAVED 34 COMPLEXITY ITEMS FOR CRATE: odht ===
=== MANIFEST SAVED: ./test_usage_data/odht_manifest.json ===
=== COLLECTING USAGE DATA FOR CRATE: odht === (84 total usages)
   Compiling rustc_thread_pool v0.0.0 (/mnt/data1/nix/vendor/rust/cargo2nix/submodules/rust/compiler/rustc_thread_pool)
=== SAVED 10 COMPLEXITY ITEMS FOR CRATE: crc32fast ===
=== MANIFEST SAVED: ./test_usage_data/crc32fast_manifest.json ===
=== COLLECTING USAGE DATA FOR CRATE: crc32fast === (4193 total usages)
   Compiling getopts v0.2.24
   Compiling rustc_apfloat v0.2.3+llvm-462a31f5a5ab
=== SAVED 11 COMPLEXITY ITEMS FOR CRATE: smallvec ===
=== MANIFEST SAVED: ./test_usage_data/smallvec_manifest.json ===
=== COLLECTING USAGE DATA FOR CRATE: smallvec === (18 total usages)
=== SAVED 83 COMPLEXITY ITEMS FOR CRATE: hashbrown ===
=== MANIFEST SAVED: ./test_usage_data/hashbrown_manifest.json ===
=== COLLECTING USAGE DATA FOR CRATE: hashbrown === (95 total usages)
   Compiling rustc_middle v0.0.0 (/mnt/data1/nix/vendor/rust/cargo2nix/submodules/rust/compiler/rustc_middle)
   Compiling datafrog v2.0.1
   Compiling tinyvec_macros v0.1.1
   Compiling rustc_parse_format v0.0.0 (/mnt/data1/nix/vendor/rust/cargo2nix/submodules/rust/compiler/rustc_parse_format)
=== SAVED 1 COMPLEXITY ITEMS FOR CRATE: build_script_build ===
=== MANIFEST SAVED: ./test_usage_data/build_script_build_manifest.json ===
=== COLLECTING USAGE DATA FOR CRATE: build_script_build === (40 total usages)
   Compiling rustc_proc_macro v0.0.0 (/mnt/data1/nix/vendor/rust/cargo2nix/submodules/rust/compiler/rustc_proc_macro)
=== SAVED 42 COMPLEXITY ITEMS FOR CRATE: annotate_snippets ===
=== MANIFEST SAVED: ./test_usage_data/annotate_snippets_manifest.json ===
=== COLLECTING USAGE DATA FOR CRATE: annotate_snippets === (361 total usages)
   Compiling indexmap v2.10.0
=== SAVED 1 COMPLEXITY ITEMS FOR CRATE: build_script_build ===
=== MANIFEST SAVED: ./test_usage_data/tinyvec_macros_manifest.json ===
=== COLLECTING USAGE DATA FOR CRATE: tinyvec_macros === (0 total usages)
=== MANIFEST SAVED: ./test_usage_data/build_script_build_manifest.json ===
=== COLLECTING USAGE DATA FOR CRATE: build_script_build === (4 total usages)
   Compiling tinyvec v1.9.0
=== SAVED 22 COMPLEXITY ITEMS FOR CRATE: termcolor ===
=== MANIFEST SAVED: ./test_usage_data/termcolor_manifest.json ===
=== COLLECTING USAGE DATA FOR CRATE: termcolor === (28 total usages)
   Compiling static_assertions v1.1.0
=== MANIFEST SAVED: ./test_usage_data/static_assertions_manifest.json ===
=== COLLECTING USAGE DATA FOR CRATE: static_assertions === (0 total usages)
   Compiling unicode-script v0.5.7
=== SAVED 15 COMPLEXITY ITEMS FOR CRATE: getopts ===
=== MANIFEST SAVED: ./test_usage_data/getopts_manifest.json ===
=== COLLECTING USAGE DATA FOR CRATE: getopts === (88 total usages)
=== SAVED 17 COMPLEXITY ITEMS FOR CRATE: datafrog ===
=== MANIFEST SAVED: ./test_usage_data/datafrog_manifest.json ===
=== COLLECTING USAGE DATA FOR CRATE: datafrog === (115 total usages)
=== SAVED 12 COMPLEXITY ITEMS FOR CRATE: rustc_parse_format ===
=== MANIFEST SAVED: ./test_usage_data/rustc_parse_format_manifest.json ===
=== COLLECTING USAGE DATA FOR CRATE: rustc_parse_format === (12 total usages)
   Compiling polonius-engine v0.13.0
   Compiling adler2 v2.0.1
   Compiling twox-hash v1.6.3
=== SAVED 3 COMPLEXITY ITEMS FOR CRATE: adler2 ===
=== MANIFEST SAVED: ./test_usage_data/adler2_manifest.json ===
=== COLLECTING USAGE DATA FOR CRATE: adler2 === (10 total usages)
   Compiling miniz_oxide v0.8.9
=== SAVED 90 COMPLEXITY ITEMS FOR CRATE: rustc_thread_pool ===
=== MANIFEST SAVED: ./test_usage_data/rustc_thread_pool_manifest.json ===
=== COLLECTING USAGE DATA FOR CRATE: rustc_thread_pool === (308 total usages)
=== SAVED 6 COMPLEXITY ITEMS FOR CRATE: unicode_script ===
=== MANIFEST SAVED: ./test_usage_data/unicode_script_manifest.json ===
=== COLLECTING USAGE DATA FOR CRATE: unicode_script === (12015 total usages)
=== SAVED 42 COMPLEXITY ITEMS FOR CRATE: rustc_apfloat ===
=== MANIFEST SAVED: ./test_usage_data/rustc_apfloat_manifest.json ===
=== COLLECTING USAGE DATA FOR CRATE: rustc_apfloat === (222 total usages)
   Compiling rustc_metadata v0.0.0 (/mnt/data1/nix/vendor/rust/cargo2nix/submodules/rust/compiler/rustc_metadata)
   Compiling object v0.36.7
=== SAVED 53 COMPLEXITY ITEMS FOR CRATE: twox_hash ===
=== MANIFEST SAVED: ./test_usage_data/twox_hash_manifest.json ===
=== COLLECTING USAGE DATA FOR CRATE: twox_hash === (867 total usages)
   Compiling regex-syntax v0.6.29
=== SAVED 9 COMPLEXITY ITEMS FOR CRATE: generic_array ===
=== MANIFEST SAVED: ./test_usage_data/generic_array_manifest.json ===
=== COLLECTING USAGE DATA FOR CRATE: generic_array === (16 total usages)
=== SAVED 1 COMPLEXITY ITEMS FOR CRATE: build_script_build ===
=== MANIFEST SAVED: ./test_usage_data/build_script_build_manifest.json ===
=== COLLECTING USAGE DATA FOR CRATE: build_script_build === (4 total usages)
=== SAVED 2 COMPLEXITY ITEMS FOR CRATE: build_script_build ===
=== MANIFEST SAVED: ./test_usage_data/build_script_build_manifest.json ===
=== COLLECTING USAGE DATA FOR CRATE: build_script_build === (27 total usages)
   Compiling ruzstd v0.7.3
   Compiling block-buffer v0.10.4
=== SAVED 15 COMPLEXITY ITEMS FOR CRATE: polonius_engine ===
=== MANIFEST SAVED: ./test_usage_data/polonius_engine_manifest.json ===
=== COLLECTING USAGE DATA FOR CRATE: polonius_engine === (485 total usages)
=== SAVED 14 COMPLEXITY ITEMS FOR CRATE: tinyvec ===
=== MANIFEST SAVED: ./test_usage_data/tinyvec_manifest.json ===
=== COLLECTING USAGE DATA FOR CRATE: tinyvec === (18 total usages)
   Compiling crypto-common v0.1.6
=== SAVED 5 COMPLEXITY ITEMS FOR CRATE: block_buffer ===
=== MANIFEST SAVED: ./test_usage_data/block_buffer_manifest.json ===
=== COLLECTING USAGE DATA FOR CRATE: block_buffer === (9 total usages)
   Compiling rustc_const_eval v0.0.0 (/mnt/data1/nix/vendor/rust/cargo2nix/submodules/rust/compiler/rustc_const_eval)
   Compiling libloading v0.8.8
=== SAVED 1 COMPLEXITY ITEMS FOR CRATE: build_script_build ===
   Compiling unicode-normalization v0.1.24
=== MANIFEST SAVED: ./test_usage_data/build_script_build_manifest.json ===
=== COLLECTING USAGE DATA FOR CRATE: build_script_build === (4 total usages)
   Compiling overload v0.1.1
=== SAVED 1 COMPLEXITY ITEMS FOR CRATE: crypto_common ===
=== MANIFEST SAVED: ./test_usage_data/crypto_common_manifest.json ===
=== COLLECTING USAGE DATA FOR CRATE: crypto_common === (1 total usages)
=== SAVED 92 COMPLEXITY ITEMS FOR CRATE: miniz_oxide ===
=== MANIFEST SAVED: ./test_usage_data/miniz_oxide_manifest.json ===
=== COLLECTING USAGE DATA FOR CRATE: miniz_oxide === (2722 total usages)
   Compiling digest v0.10.7
=== MANIFEST SAVED: ./test_usage_data/overload_manifest.json ===
=== COLLECTING USAGE DATA FOR CRATE: overload === (0 total usages)
   Compiling cfg_aliases v0.2.1
=== SAVED 10 COMPLEXITY ITEMS FOR CRATE: libloading ===
=== MANIFEST SAVED: ./test_usage_data/libloading_manifest.json ===
=== COLLECTING USAGE DATA FOR CRATE: libloading === (48 total usages)
=== MANIFEST SAVED: ./test_usage_data/cfg_aliases_manifest.json ===
=== COLLECTING USAGE DATA FOR CRATE: cfg_aliases === (0 total usages)
   Compiling pulldown-cmark v0.11.3
   Compiling flate2 v1.1.2
=== SAVED 2 COMPLEXITY ITEMS FOR CRATE: lazy_static ===
=== MANIFEST SAVED: ./test_usage_data/lazy_static_manifest.json ===
=== COLLECTING USAGE DATA FOR CRATE: lazy_static === (1 total usages)
   Compiling sharded-slab v0.1.7
   Compiling nix v0.30.1
=== SAVED 2 COMPLEXITY ITEMS FOR CRATE: build_script_build ===
=== MANIFEST SAVED: ./test_usage_data/build_script_build_manifest.json ===
=== COLLECTING USAGE DATA FOR CRATE: build_script_build === (0 total usages)
   Compiling nu-ansi-term v0.46.0
=== SAVED 377 COMPLEXITY ITEMS FOR CRATE: libc ===
=== MANIFEST SAVED: ./test_usage_data/libc_manifest.json ===
=== COLLECTING USAGE DATA FOR CRATE: libc === (11514 total usages)
=== SAVED 8 COMPLEXITY ITEMS FOR CRATE: digest ===
=== MANIFEST SAVED: ./test_usage_data/digest_manifest.json ===
=== COLLECTING USAGE DATA FOR CRATE: digest === (8 total usages)
   Compiling sha2 v0.10.9
=== SAVED 47 COMPLEXITY ITEMS FOR CRATE: indexmap ===
=== MANIFEST SAVED: ./test_usage_data/indexmap_manifest.json ===
=== COLLECTING USAGE DATA FOR CRATE: indexmap === (94 total usages)
=== SAVED 202 COMPLEXITY ITEMS FOR CRATE: itertools ===
=== MANIFEST SAVED: ./test_usage_data/itertools_manifest.json ===
=== COLLECTING USAGE DATA FOR CRATE: itertools === (612 total usages)
   Compiling sha1 v0.10.6
=== SAVED 1 COMPLEXITY ITEMS FOR CRATE: build_script_build ===
=== MANIFEST SAVED: ./test_usage_data/build_script_build_manifest.json ===
=== COLLECTING USAGE DATA FOR CRATE: build_script_build === (433 total usages)
=== SAVED 79 COMPLEXITY ITEMS FOR CRATE: rustc_proc_macro ===
=== MANIFEST SAVED: ./test_usage_data/rustc_proc_macro_manifest.json ===
=== COLLECTING USAGE DATA FOR CRATE: rustc_proc_macro === (1978 total usages)
=== SAVED 302 COMPLEXITY ITEMS FOR CRATE: regex_automata ===
=== MANIFEST SAVED: ./test_usage_data/regex_automata_manifest.json ===
=== COLLECTING USAGE DATA FOR CRATE: regex_automata === (1904 total usages)
   Compiling rustc_serialize v0.0.0 (/mnt/data1/nix/vendor/rust/cargo2nix/submodules/rust/compiler/rustc_serialize)
=== SAVED 17 COMPLEXITY ITEMS FOR CRATE: nu_ansi_term ===
=== MANIFEST SAVED: ./test_usage_data/nu_ansi_term_manifest.json ===
=== COLLECTING USAGE DATA FOR CRATE: nu_ansi_term === (54 total usages)
=== SAVED 72 COMPLEXITY ITEMS FOR CRATE: ruzstd ===
=== MANIFEST SAVED: ./test_usage_data/ruzstd_manifest.json ===
=== COLLECTING USAGE DATA FOR CRATE: ruzstd === (639 total usages)
=== SAVED 21 COMPLEXITY ITEMS FOR CRATE: sha1 ===
=== MANIFEST SAVED: ./test_usage_data/sha1_manifest.json ===
=== COLLECTING USAGE DATA FOR CRATE: sha1 === (119 total usages)
   Compiling parking_lot_core v0.9.11
   Compiling perf-event-open-sys v3.0.0
   Compiling memmap2 v0.2.3
=== SAVED 52 COMPLEXITY ITEMS FOR CRATE: sha2 ===
=== MANIFEST SAVED: ./test_usage_data/sha2_manifest.json ===
=== COLLECTING USAGE DATA FOR CRATE: sha2 === (898 total usages)
   Compiling jobserver v0.1.33
=== SAVED 26 COMPLEXITY ITEMS FOR CRATE: getrandom ===
=== MANIFEST SAVED: ./test_usage_data/getrandom_manifest.json ===
=== COLLECTING USAGE DATA FOR CRATE: getrandom === (123 total usages)
   Compiling md-5 v0.10.6
   Compiling psm v0.1.26
=== SAVED 38 COMPLEXITY ITEMS FOR CRATE: parking_lot_core ===
=== MANIFEST SAVED: ./test_usage_data/parking_lot_core_manifest.json ===
=== COLLECTING USAGE DATA FOR CRATE: parking_lot_core === (294 total usages)
=== SAVED 2 COMPLEXITY ITEMS FOR CRATE: build_script_build ===
=== MANIFEST SAVED: ./test_usage_data/build_script_build_manifest.json ===
=== COLLECTING USAGE DATA FOR CRATE: build_script_build === (35 total usages)
=== SAVED 46 COMPLEXITY ITEMS FOR CRATE: flate2 ===
=== MANIFEST SAVED: ./test_usage_data/flate2_manifest.json ===
=== COLLECTING USAGE DATA FOR CRATE: flate2 === (130 total usages)
=== SAVED 6 COMPLEXITY ITEMS FOR CRATE: memmap2 ===
=== MANIFEST SAVED: ./test_usage_data/memmap2_manifest.json ===
=== COLLECTING USAGE DATA FOR CRATE: memmap2 === (7 total usages)
   Compiling parking_lot v0.12.4
=== SAVED 8 COMPLEXITY ITEMS FOR CRATE: md5 ===
=== MANIFEST SAVED: ./test_usage_data/md5_manifest.json ===
=== COLLECTING USAGE DATA FOR CRATE: md5 === (113 total usages)
=== SAVED 27 COMPLEXITY ITEMS FOR CRATE: perf_event_open_sys ===
=== MANIFEST SAVED: ./test_usage_data/perf_event_open_sys_manifest.json ===
=== COLLECTING USAGE DATA FOR CRATE: perf_event_open_sys === (1425 total usages)
   Compiling stacker v0.1.21
   Compiling blake3 v1.8.2
=== SAVED 20 COMPLEXITY ITEMS FOR CRATE: jobserver ===
=== MANIFEST SAVED: ./test_usage_data/jobserver_manifest.json ===
=== COLLECTING USAGE DATA FOR CRATE: jobserver === (70 total usages)
   Compiling rand_core v0.9.3
   Compiling termize v0.2.0
   Compiling regex v1.11.1
=== SAVED 1 COMPLEXITY ITEMS FOR CRATE: build_script_build ===
=== MANIFEST SAVED: ./test_usage_data/build_script_build_manifest.json ===
=== COLLECTING USAGE DATA FOR CRATE: build_script_build === (7 total usages)
=== SAVED 8 COMPLEXITY ITEMS FOR CRATE: termize ===
=== MANIFEST SAVED: ./test_usage_data/termize_manifest.json ===
=== COLLECTING USAGE DATA FOR CRATE: termize === (6 total usages)
=== SAVED 32 COMPLEXITY ITEMS FOR CRATE: build_script_build ===
=== MANIFEST SAVED: ./test_usage_data/build_script_build_manifest.json ===
=== COLLECTING USAGE DATA FOR CRATE: build_script_build === (160 total usages)
   Compiling gimli v0.31.1
=== SAVED 27 COMPLEXITY ITEMS FOR CRATE: rustc_serialize ===
=== MANIFEST SAVED: ./test_usage_data/rustc_serialize_manifest.json ===
=== COLLECTING USAGE DATA FOR CRATE: rustc_serialize === (80 total usages)
=== SAVED 17 COMPLEXITY ITEMS FOR CRATE: rand_core ===
=== MANIFEST SAVED: ./test_usage_data/rand_core_manifest.json ===
=== COLLECTING USAGE DATA FOR CRATE: rand_core === (81 total usages)
   Compiling rand_chacha v0.9.0
=== SAVED 17 COMPLEXITY ITEMS FOR CRATE: parking_lot ===
=== MANIFEST SAVED: ./test_usage_data/parking_lot_manifest.json ===
=== COLLECTING USAGE DATA FOR CRATE: parking_lot === (64 total usages)
   Compiling rand_xoshiro v0.7.0
=== SAVED 41 COMPLEXITY ITEMS FOR CRATE: sharded_slab ===
=== MANIFEST SAVED: ./test_usage_data/sharded_slab_manifest.json ===
=== COLLECTING USAGE DATA FOR CRATE: sharded_slab === (67 total usages)
   Compiling measureme v12.0.3
=== SAVED 27 COMPLEXITY ITEMS FOR CRATE: regex ===
=== MANIFEST SAVED: ./test_usage_data/regex_manifest.json ===
=== COLLECTING USAGE DATA FOR CRATE: regex === (47 total usages)
   Compiling rustc_builtin_macros v0.0.0 (/mnt/data1/nix/vendor/rust/cargo2nix/submodules/rust/compiler/rustc_builtin_macros)
   Compiling thread_local v1.1.9
   Compiling unicase v2.8.1
=== SAVED 1 COMPLEXITY ITEMS FOR CRATE: build_script_build ===
=== MANIFEST SAVED: ./test_usage_data/build_script_build_manifest.json ===
=== COLLECTING USAGE DATA FOR CRATE: build_script_build === (4 total usages)
=== SAVED 29 COMPLEXITY ITEMS FOR CRATE: rand_chacha ===
=== MANIFEST SAVED: ./test_usage_data/rand_chacha_manifest.json ===
=== COLLECTING USAGE DATA FOR CRATE: rand_chacha === (191 total usages)
   Compiling punycode v0.4.1
=== SAVED 16 COMPLEXITY ITEMS FOR CRATE: rand_xoshiro ===
=== MANIFEST SAVED: ./test_usage_data/rand_xoshiro_manifest.json ===
=== COLLECTING USAGE DATA FOR CRATE: rand_xoshiro === (150 total usages)
=== SAVED 8 COMPLEXITY ITEMS FOR CRATE: psm ===
=== MANIFEST SAVED: ./test_usage_data/psm_manifest.json ===
=== COLLECTING USAGE DATA FOR CRATE: psm === (16 total usages)
=== SAVED 16 COMPLEXITY ITEMS FOR CRATE: thread_local ===
=== MANIFEST SAVED: ./test_usage_data/thread_local_manifest.json ===
=== COLLECTING USAGE DATA FOR CRATE: thread_local === (63 total usages)
=== SAVED 7 COMPLEXITY ITEMS FOR CRATE: punycode ===
=== MANIFEST SAVED: ./test_usage_data/punycode_manifest.json ===
=== COLLECTING USAGE DATA FOR CRATE: punycode === (74 total usages)
   Compiling rand v0.9.2
=== SAVED 257 COMPLEXITY ITEMS FOR CRATE: rustix ===
=== MANIFEST SAVED: ./test_usage_data/rustix_manifest.json ===
=== COLLECTING USAGE DATA FOR CRATE: rustix === (1017 total usages)
=== SAVED 12 COMPLEXITY ITEMS FOR CRATE: stacker ===
=== MANIFEST SAVED: ./test_usage_data/stacker_manifest.json ===
=== COLLECTING USAGE DATA FOR CRATE: stacker === (43 total usages)
   Compiling leb128 v0.2.5
=== SAVED 9 COMPLEXITY ITEMS FOR CRATE: unicase ===
=== MANIFEST SAVED: ./test_usage_data/unicase_manifest.json ===
=== COLLECTING USAGE DATA FOR CRATE: unicase === (70 total usages)
   Compiling rustc-demangle v0.1.26
   Compiling pulldown-cmark-escape v0.11.0
=== SAVED 5 COMPLEXITY ITEMS FOR CRATE: leb128 ===
=== MANIFEST SAVED: ./test_usage_data/leb128_manifest.json ===
=== COLLECTING USAGE DATA FOR CRATE: leb128 === (37 total usages)
   Compiling wasm-encoder v0.219.2
   Compiling bstr v1.12.0
=== SAVED 37 COMPLEXITY ITEMS FOR CRATE: measureme ===
=== MANIFEST SAVED: ./test_usage_data/measureme_manifest.json ===
=== COLLECTING USAGE DATA FOR CRATE: measureme === (158 total usages)
   Compiling tracing-log v0.2.0
   Compiling rustc_interface v0.0.0 (/mnt/data1/nix/vendor/rust/cargo2nix/submodules/rust/compiler/rustc_interface)
   Compiling pathdiff v0.2.3
=== SAVED 7 COMPLEXITY ITEMS FOR CRATE: pulldown_cmark_escape ===
=== MANIFEST SAVED: ./test_usage_data/pulldown_cmark_escape_manifest.json ===
=== COLLECTING USAGE DATA FOR CRATE: pulldown_cmark_escape === (206 total usages)
=== SAVED 1 COMPLEXITY ITEMS FOR CRATE: pathdiff ===
=== MANIFEST SAVED: ./test_usage_data/pathdiff_manifest.json ===
=== COLLECTING USAGE DATA FOR CRATE: pathdiff === (33 total usages)
=== SAVED 1 COMPLEXITY ITEMS FOR CRATE: build_script_build ===
=== MANIFEST SAVED: ./test_usage_data/build_script_build_manifest.json ===
=== COLLECTING USAGE DATA FOR CRATE: build_script_build === (4 total usages)
   Compiling nu-ansi-term v0.50.1
=== SAVED 55 COMPLEXITY ITEMS FOR CRATE: unicode_normalization ===
=== MANIFEST SAVED: ./test_usage_data/unicode_normalization_manifest.json ===
=== COLLECTING USAGE DATA FOR CRATE: unicode_normalization === (101740 total usages)
=== SAVED 14 COMPLEXITY ITEMS FOR CRATE: tracing_log ===
=== MANIFEST SAVED: ./test_usage_data/tracing_log_manifest.json ===
=== COLLECTING USAGE DATA FOR CRATE: tracing_log === (200 total usages)
   Compiling tempfile v3.20.0
   Compiling unicode-security v0.1.2
   Compiling rustc_driver_impl v0.0.0 (/mnt/data1/nix/vendor/rust/cargo2nix/submodules/rust/compiler/rustc_driver_impl)
=== SAVED 22 COMPLEXITY ITEMS FOR CRATE: nu_ansi_term ===
=== MANIFEST SAVED: ./test_usage_data/nu_ansi_term_manifest.json ===
=== COLLECTING USAGE DATA FOR CRATE: nu_ansi_term === (68 total usages)
=== SAVED 1 COMPLEXITY ITEMS FOR CRATE: build_script_build ===
=== SAVED 19 COMPLEXITY ITEMS FOR CRATE: rustc_demangle ===
=== MANIFEST SAVED: ./test_usage_data/rustc_demangle_manifest.json ===
=== COLLECTING USAGE DATA FOR CRATE: rustc_demangle === (115 total usages)
=== MANIFEST SAVED: ./test_usage_data/build_script_build_manifest.json ===
=== COLLECTING USAGE DATA FOR CRATE: build_script_build === (4 total usages)
=== SAVED 27 COMPLEXITY ITEMS FOR CRATE: tempfile ===
=== MANIFEST SAVED: ./test_usage_data/tempfile_manifest.json ===
=== COLLECTING USAGE DATA FOR CRATE: tempfile === (170 total usages)
=== SAVED 55 COMPLEXITY ITEMS FOR CRATE: rand ===
=== MANIFEST SAVED: ./test_usage_data/rand_manifest.json ===
=== COLLECTING USAGE DATA FOR CRATE: rand === (230 total usages)
   Compiling rustc_fs_util v0.0.0 (/mnt/data1/nix/vendor/rust/cargo2nix/submodules/rust/compiler/rustc_fs_util)
   Compiling jiff v0.2.15
=== SAVED 6 COMPLEXITY ITEMS FOR CRATE: rustc_fs_util ===
=== MANIFEST SAVED: ./test_usage_data/rustc_fs_util_manifest.json ===
=== COLLECTING USAGE DATA FOR CRATE: rustc_fs_util === (18 total usages)
=== SAVED 155 COMPLEXITY ITEMS FOR CRATE: wasmparser ===
=== MANIFEST SAVED: ./test_usage_data/wasmparser_manifest.json ===
=== COLLECTING USAGE DATA FOR CRATE: wasmparser === (631 total usages)
=== SAVED 50 COMPLEXITY ITEMS FOR CRATE: blake3 ===
=== MANIFEST SAVED: ./test_usage_data/blake3_manifest.json ===
=== COLLECTING USAGE DATA FOR CRATE: blake3 === (574 total usages)
=== SAVED 86 COMPLEXITY ITEMS FOR CRATE: bstr ===
=== MANIFEST SAVED: ./test_usage_data/bstr_manifest.json ===
=== COLLECTING USAGE DATA FOR CRATE: bstr === (863 total usages)
=== SAVED 127 COMPLEXITY ITEMS FOR CRATE: pulldown_cmark ===
=== MANIFEST SAVED: ./test_usage_data/pulldown_cmark_manifest.json ===
=== COLLECTING USAGE DATA FOR CRATE: pulldown_cmark === (6621 total usages)
=== SAVED 106 COMPLEXITY ITEMS FOR CRATE: wasm_encoder ===
=== MANIFEST SAVED: ./test_usage_data/wasm_encoder_manifest.json ===
=== COLLECTING USAGE DATA FOR CRATE: wasm_encoder === (173 total usages)
=== SAVED 1115 COMPLEXITY ITEMS FOR CRATE: syn ===
=== MANIFEST SAVED: ./test_usage_data/syn_manifest.json ===
=== COLLECTING USAGE DATA FOR CRATE: syn === (6674 total usages)
=== SAVED 135 COMPLEXITY ITEMS FOR CRATE: regex_syntax ===
=== MANIFEST SAVED: ./test_usage_data/regex_syntax_manifest.json ===
=== COLLECTING USAGE DATA FOR CRATE: regex_syntax === (141613 total usages)
   Compiling regex-automata v0.1.10
=== SAVED 15 COMPLEXITY ITEMS FOR CRATE: unicode_security ===
=== MANIFEST SAVED: ./test_usage_data/unicode_security_manifest.json ===
=== COLLECTING USAGE DATA FOR CRATE: unicode_security === (74288 total usages)
   Compiling synstructure v0.13.2
   Compiling serde_derive_internals v0.29.1
   Compiling darling_core v0.20.11
=== SAVED 210 COMPLEXITY ITEMS FOR CRATE: nix ===
=== MANIFEST SAVED: ./test_usage_data/nix_manifest.json ===
=== COLLECTING USAGE DATA FOR CRATE: nix === (1070 total usages)
   Compiling ctrlc v3.4.7
=== SAVED 15 COMPLEXITY ITEMS FOR CRATE: synstructure ===
=== MANIFEST SAVED: ./test_usage_data/synstructure_manifest.json ===
=== COLLECTING USAGE DATA FOR CRATE: synstructure === (97 total usages)
=== SAVED 10 COMPLEXITY ITEMS FOR CRATE: ctrlc ===
=== MANIFEST SAVED: ./test_usage_data/ctrlc_manifest.json ===
=== COLLECTING USAGE DATA FOR CRATE: ctrlc === (66 total usages)
=== SAVED 67 COMPLEXITY ITEMS FOR CRATE: serde_derive_internals ===
=== MANIFEST SAVED: ./test_usage_data/serde_derive_internals_manifest.json ===
=== COLLECTING USAGE DATA FOR CRATE: serde_derive_internals === (616 total usages)
   Compiling displaydoc v0.2.5
   Compiling zerofrom-derive v0.1.6
   Compiling yoke-derive v0.8.0
   Compiling zerovec-derive v0.11.1
   Compiling tracing-attributes v0.1.30
   Compiling rustc_index_macros v0.0.0 (/mnt/data1/nix/vendor/rust/cargo2nix/submodules/rust/compiler/rustc_index_macros)
   Compiling thiserror-impl v2.0.15
   Compiling derive-where v1.6.0
   Compiling serde_derive v1.0.219
   Compiling ref-cast-impl v1.0.24
   Compiling rustc_type_ir_macros v0.0.0 (/mnt/data1/nix/vendor/rust/cargo2nix/submodules/rust/compiler/rustc_type_ir_macros)
   Compiling rustc_driver v0.0.0 (/mnt/data1/nix/vendor/rust/cargo2nix/submodules/rust/compiler/rustc_driver)
warning: unused variable: `trace_exit`
  --> compiler/rustc_driver/function_wrapper.rs:24:13
   |
24 |         let trace_exit: Stmt = parse_quote! {
   |             ^^^^^^^^^^ help: if this is intentional, prefix it with an underscore: `_trace_exit`
   |
   = note: `#[warn(unused_variables)]` (part of `#[warn(unused)]`) on by default

warning: unused variable: `block`
  --> compiler/rustc_driver/function_wrapper.rs:29:21
   |
29 |         if let Some(block) = &mut node.block.stmts.first_mut() {
   |                     ^^^^^ help: if this is intentional, prefix it with an underscore: `_block`

=== SAVED 3 COMPLEXITY ITEMS FOR CRATE: build_script_build ===
=== MANIFEST SAVED: ./test_usage_data/build_script_build_manifest.json ===
=== COLLECTING USAGE DATA FOR CRATE: build_script_build === (35 total usages)
=== SAVED 9 COMPLEXITY ITEMS FOR CRATE: rustc_type_ir_macros ===
=== SAVED 11 COMPLEXITY ITEMS FOR CRATE: zerofrom_derive ===
=== MANIFEST SAVED: ./test_usage_data/zerofrom_derive_manifest.json ===
=== COLLECTING USAGE DATA FOR CRATE: zerofrom_derive === (177 total usages)
=== MANIFEST SAVED: ./test_usage_data/rustc_type_ir_macros_manifest.json ===
=== COLLECTING USAGE DATA FOR CRATE: rustc_type_ir_macros === (210 total usages)
=== SAVED 60 COMPLEXITY ITEMS FOR CRATE: regex_automata ===
=== MANIFEST SAVED: ./test_usage_data/regex_automata_manifest.json ===
=== COLLECTING USAGE DATA FOR CRATE: regex_automata === (130 total usages)
=== SAVED 8 COMPLEXITY ITEMS FOR CRATE: yoke_derive ===
=== MANIFEST SAVED: ./test_usage_data/yoke_derive_manifest.json ===
=== COLLECTING USAGE DATA FOR CRATE: yoke_derive === (271 total usages)
=== SAVED 20 COMPLEXITY ITEMS FOR CRATE: displaydoc ===
=== MANIFEST SAVED: ./test_usage_data/displaydoc_manifest.json ===
=== COLLECTING USAGE DATA FOR CRATE: displaydoc === (281 total usages)
=== SAVED 14 COMPLEXITY ITEMS FOR CRATE: ref_cast_impl ===
=== MANIFEST SAVED: ./test_usage_data/ref_cast_impl_manifest.json ===
=== COLLECTING USAGE DATA FOR CRATE: ref_cast_impl === (439 total usages)
=== SAVED 3 COMPLEXITY ITEMS FOR CRATE: rustc_index_macros ===
=== MANIFEST SAVED: ./test_usage_data/rustc_index_macros_manifest.json ===
=== COLLECTING USAGE DATA FOR CRATE: rustc_index_macros === (14 total usages)
=== SAVED 38 COMPLEXITY ITEMS FOR CRATE: tracing_attributes ===
=== MANIFEST SAVED: ./test_usage_data/tracing_attributes_manifest.json ===
=== COLLECTING USAGE DATA FOR CRATE: tracing_attributes === (454 total usages)
=== SAVED 54 COMPLEXITY ITEMS FOR CRATE: thiserror_impl ===
=== MANIFEST SAVED: ./test_usage_data/thiserror_impl_manifest.json ===
=== COLLECTING USAGE DATA FOR CRATE: thiserror_impl === (1650 total usages)
=== SAVED 292 COMPLEXITY ITEMS FOR CRATE: gimli ===
=== MANIFEST SAVED: ./test_usage_data/gimli_manifest.json ===
=== COLLECTING USAGE DATA FOR CRATE: gimli === (4654 total usages)
=== SAVED 53 COMPLEXITY ITEMS FOR CRATE: derive_where ===
=== MANIFEST SAVED: ./test_usage_data/derive_where_manifest.json ===
=== COLLECTING USAGE DATA FOR CRATE: derive_where === (465 total usages)
=== SAVED 32 COMPLEXITY ITEMS FOR CRATE: zerovec_derive ===
=== SAVED 79 COMPLEXITY ITEMS FOR CRATE: darling_core ===
=== MANIFEST SAVED: ./test_usage_data/zerovec_derive_manifest.json ===
   Compiling schemars_derive v1.0.4
=== COLLECTING USAGE DATA FOR CRATE: zerovec_derive === (1068 total usages)
=== MANIFEST SAVED: ./test_usage_data/darling_core_manifest.json ===
=== COLLECTING USAGE DATA FOR CRATE: darling_core === (154 total usages)
warning: `rustc_driver` (build script) generated 2 warnings
   Compiling matchers v0.1.0
   Compiling tinystr v0.8.1
   Compiling zerotrie v0.2.2
=== SAVED 2 COMPLEXITY ITEMS FOR CRATE: matchers ===
=== MANIFEST SAVED: ./test_usage_data/matchers_manifest.json ===
=== COLLECTING USAGE DATA FOR CRATE: matchers === (2 total usages)
=== SAVED 4 COMPLEXITY ITEMS FOR CRATE: ref_cast ===
=== MANIFEST SAVED: ./test_usage_data/ref_cast_manifest.json ===
=== COLLECTING USAGE DATA FOR CRATE: ref_cast === (11 total usages)
=== SAVED 6 COMPLEXITY ITEMS FOR CRATE: tinystr ===
=== MANIFEST SAVED: ./test_usage_data/tinystr_manifest.json ===
=== COLLECTING USAGE DATA FOR CRATE: tinystr === (7 total usages)
   Compiling unic-langid-impl v0.9.6
=== SAVED 116 COMPLEXITY ITEMS FOR CRATE: rustc_macros ===
=== MANIFEST SAVED: ./test_usage_data/rustc_macros_manifest.json ===
=== COLLECTING USAGE DATA FOR CRATE: rustc_macros === (2146 total usages)
=== SAVED 14 COMPLEXITY ITEMS FOR CRATE: unic_langid_impl ===
=== MANIFEST SAVED: ./test_usage_data/unic_langid_impl_manifest.json ===
=== COLLECTING USAGE DATA FOR CRATE: unic_langid_impl === (103 total usages)
=== SAVED 249 COMPLEXITY ITEMS FOR CRATE: jiff ===
=== MANIFEST SAVED: ./test_usage_data/jiff_manifest.json ===
=== COLLECTING USAGE DATA FOR CRATE: jiff === (5762 total usages)
=== SAVED 72 COMPLEXITY ITEMS FOR CRATE: schemars_derive ===
=== MANIFEST SAVED: ./test_usage_data/schemars_derive_manifest.json ===
=== COLLECTING USAGE DATA FOR CRATE: schemars_derive === (1296 total usages)
   Compiling unic-langid-macros-impl v0.9.6
=== SAVED 47 COMPLEXITY ITEMS FOR CRATE: zerotrie ===
=== MANIFEST SAVED: ./test_usage_data/zerotrie_manifest.json ===
=== COLLECTING USAGE DATA FOR CRATE: zerotrie === (236 total usages)
=== SAVED 1 COMPLEXITY ITEMS FOR CRATE: thiserror ===
=== MANIFEST SAVED: ./test_usage_data/thiserror_manifest.json ===
=== COLLECTING USAGE DATA FOR CRATE: thiserror === (1 total usages)
   Compiling fluent-syntax v0.12.0
   Compiling tracing v0.1.41
=== SAVED 463 COMPLEXITY ITEMS FOR CRATE: object ===
=== MANIFEST SAVED: ./test_usage_data/object_manifest.json ===
=== COLLECTING USAGE DATA FOR CRATE: object === (9376 total usages)
=== SAVED 16 COMPLEXITY ITEMS FOR CRATE: unic_langid_macros_impl ===
=== MANIFEST SAVED: ./test_usage_data/unic_langid_macros_impl_manifest.json ===
=== COLLECTING USAGE DATA FOR CRATE: unic_langid_macros_impl === (508 total usages)
   Compiling darling_macro v0.20.11
   Compiling zerofrom v0.1.6
=== SAVED 7 COMPLEXITY ITEMS FOR CRATE: darling_macro ===
=== MANIFEST SAVED: ./test_usage_data/darling_macro_manifest.json ===
=== COLLECTING USAGE DATA FOR CRATE: darling_macro === (157 total usages)
=== SAVED 20 COMPLEXITY ITEMS FOR CRATE: tracing ===
=== MANIFEST SAVED: ./test_usage_data/tracing_manifest.json ===
=== COLLECTING USAGE DATA FOR CRATE: tracing === (40 total usages)
=== MANIFEST SAVED: ./test_usage_data/zerofrom_manifest.json ===
=== COLLECTING USAGE DATA FOR CRATE: zerofrom === (0 total usages)
   Compiling yoke v0.8.0
   Compiling tracing-subscriber v0.3.18
=== SAVED 5 COMPLEXITY ITEMS FOR CRATE: yoke ===
=== MANIFEST SAVED: ./test_usage_data/yoke_manifest.json ===
=== COLLECTING USAGE DATA FOR CRATE: yoke === (11 total usages)
   Compiling zerovec v0.11.4
=== SAVED 178 COMPLEXITY ITEMS FOR CRATE: serde_derive ===
=== MANIFEST SAVED: ./test_usage_data/serde_derive_manifest.json ===
=== COLLECTING USAGE DATA FOR CRATE: serde_derive === (3424 total usages)
=== SAVED 38 COMPLEXITY ITEMS FOR CRATE: fluent_syntax ===
=== MANIFEST SAVED: ./test_usage_data/fluent_syntax_manifest.json ===
=== COLLECTING USAGE DATA FOR CRATE: fluent_syntax === (76 total usages)
   Compiling thorin-dwp v0.9.0
   Compiling unic-langid-macros v0.9.6
=== SAVED 5 COMPLEXITY ITEMS FOR CRATE: unic_langid_macros ===
=== MANIFEST SAVED: ./test_usage_data/unic_langid_macros_manifest.json ===
=== COLLECTING USAGE DATA FOR CRATE: unic_langid_macros === (5 total usages)
   Compiling unic-langid v0.9.6
=== MANIFEST SAVED: ./test_usage_data/unic_langid_manifest.json ===
=== COLLECTING USAGE DATA FOR CRATE: unic_langid === (0 total usages)
   Compiling intl-memoizer v0.5.3
   Compiling fluent-langneg v0.13.0
   Compiling intl_pluralrules v7.0.2
=== SAVED 2 COMPLEXITY ITEMS FOR CRATE: intl_memoizer ===
=== MANIFEST SAVED: ./test_usage_data/intl_memoizer_manifest.json ===
=== COLLECTING USAGE DATA FOR CRATE: intl_memoizer === (3 total usages)
=== SAVED 6 COMPLEXITY ITEMS FOR CRATE: fluent_langneg ===
=== MANIFEST SAVED: ./test_usage_data/fluent_langneg_manifest.json ===
=== COLLECTING USAGE DATA FOR CRATE: fluent_langneg === (104 total usages)
   Compiling darling v0.20.11
=== MANIFEST SAVED: ./test_usage_data/darling_manifest.json ===
=== COLLECTING USAGE DATA FOR CRATE: darling === (0 total usages)
   Compiling derive_setters v0.1.8
=== SAVED 4 COMPLEXITY ITEMS FOR CRATE: intl_pluralrules ===
=== MANIFEST SAVED: ./test_usage_data/intl_pluralrules_manifest.json ===
=== COLLECTING USAGE DATA FOR CRATE: intl_pluralrules === (5159 total usages)
   Compiling fluent-bundle v0.16.0
=== SAVED 23 COMPLEXITY ITEMS FOR CRATE: thorin ===
=== MANIFEST SAVED: ./test_usage_data/thorin_manifest.json ===
=== COLLECTING USAGE DATA FOR CRATE: thorin === (3922 total usages)
=== SAVED 13 COMPLEXITY ITEMS FOR CRATE: derive_setters ===
=== MANIFEST SAVED: ./test_usage_data/derive_setters_manifest.json ===
=== COLLECTING USAGE DATA FOR CRATE: derive_setters === (191 total usages)
=== SAVED 21 COMPLEXITY ITEMS FOR CRATE: fluent_bundle ===
=== MANIFEST SAVED: ./test_usage_data/fluent_bundle_manifest.json ===
=== COLLECTING USAGE DATA FOR CRATE: fluent_bundle === (24 total usages)
=== SAVED 50 COMPLEXITY ITEMS FOR CRATE: zerovec ===
=== MANIFEST SAVED: ./test_usage_data/zerovec_manifest.json ===
=== COLLECTING USAGE DATA FOR CRATE: zerovec === (132 total usages)
   Compiling potential_utf v0.1.2
=== SAVED 3 COMPLEXITY ITEMS FOR CRATE: potential_utf ===
=== MANIFEST SAVED: ./test_usage_data/potential_utf_manifest.json ===
=== COLLECTING USAGE DATA FOR CRATE: potential_utf === (3 total usages)
=== SAVED 121 COMPLEXITY ITEMS FOR CRATE: tracing_subscriber ===
=== MANIFEST SAVED: ./test_usage_data/tracing_subscriber_manifest.json ===
=== COLLECTING USAGE DATA FOR CRATE: tracing_subscriber === (282 total usages)
   Compiling icu_collections v2.0.0
=== SAVED 30 COMPLEXITY ITEMS FOR CRATE: rustc_index ===
=== MANIFEST SAVED: ./test_usage_data/rustc_index_manifest.json ===
=== COLLECTING USAGE DATA FOR CRATE: rustc_index === (91 total usages)
   Compiling rustc_fluent_macro v0.0.0 (/mnt/data1/nix/vendor/rust/cargo2nix/submodules/rust/compiler/rustc_fluent_macro)
   Compiling rustc_data_structures v0.0.0 (/mnt/data1/nix/vendor/rust/cargo2nix/submodules/rust/compiler/rustc_data_structures)
=== SAVED 6 COMPLEXITY ITEMS FOR CRATE: tinystr ===
=== MANIFEST SAVED: ./test_usage_data/tinystr_manifest.json ===
=== COLLECTING USAGE DATA FOR CRATE: tinystr === (7 total usages)
   Compiling icu_locale_core v2.0.0
=== SAVED 6 COMPLEXITY ITEMS FOR CRATE: rustc_fluent_macro ===
=== MANIFEST SAVED: ./test_usage_data/rustc_fluent_macro_manifest.json ===
=== COLLECTING USAGE DATA FOR CRATE: rustc_fluent_macro === (288 total usages)
=== SAVED 14 COMPLEXITY ITEMS FOR CRATE: unic_langid_impl ===
=== MANIFEST SAVED: ./test_usage_data/unic_langid_impl_manifest.json ===
=== COLLECTING USAGE DATA FOR CRATE: unic_langid_impl === (103 total usages)
   Compiling tracing-tree v0.3.1
=== SAVED 5 COMPLEXITY ITEMS FOR CRATE: unic_langid_macros ===
=== MANIFEST SAVED: ./test_usage_data/unic_langid_macros_manifest.json ===
=== COLLECTING USAGE DATA FOR CRATE: unic_langid_macros === (5 total usages)
=== MANIFEST SAVED: ./test_usage_data/unic_langid_manifest.json ===
=== COLLECTING USAGE DATA FOR CRATE: unic_langid === (0 total usages)
=== SAVED 25 COMPLEXITY ITEMS FOR CRATE: icu_collections ===
=== MANIFEST SAVED: ./test_usage_data/icu_collections_manifest.json ===
=== COLLECTING USAGE DATA FOR CRATE: icu_collections === (4828 total usages)
=== SAVED 6 COMPLEXITY ITEMS FOR CRATE: fluent_langneg ===
=== MANIFEST SAVED: ./test_usage_data/fluent_langneg_manifest.json ===
=== COLLECTING USAGE DATA FOR CRATE: fluent_langneg === (104 total usages)
=== SAVED 2 COMPLEXITY ITEMS FOR CRATE: intl_memoizer ===
=== MANIFEST SAVED: ./test_usage_data/intl_memoizer_manifest.json ===
=== COLLECTING USAGE DATA FOR CRATE: intl_memoizer === (3 total usages)
=== SAVED 14 COMPLEXITY ITEMS FOR CRATE: tracing_tree ===
=== MANIFEST SAVED: ./test_usage_data/tracing_tree_manifest.json ===
=== COLLECTING USAGE DATA FOR CRATE: tracing_tree === (175 total usages)
   Compiling rustc_log v0.0.0 (/mnt/data1/nix/vendor/rust/cargo2nix/submodules/rust/compiler/rustc_log)
=== SAVED 7 COMPLEXITY ITEMS FOR CRATE: rustc_log ===
=== MANIFEST SAVED: ./test_usage_data/rustc_log_manifest.json ===
=== COLLECTING USAGE DATA FOR CRATE: rustc_log === (42 total usages)
=== SAVED 4 COMPLEXITY ITEMS FOR CRATE: intl_pluralrules ===
=== MANIFEST SAVED: ./test_usage_data/intl_pluralrules_manifest.json ===
=== COLLECTING USAGE DATA FOR CRATE: intl_pluralrules === (5159 total usages)
=== SAVED 61 COMPLEXITY ITEMS FOR CRATE: icu_locale_core ===
=== MANIFEST SAVED: ./test_usage_data/icu_locale_core_manifest.json ===
=== COLLECTING USAGE DATA FOR CRATE: icu_locale_core === (164 total usages)
=== SAVED 21 COMPLEXITY ITEMS FOR CRATE: fluent_bundle ===
=== MANIFEST SAVED: ./test_usage_data/fluent_bundle_manifest.json ===
=== COLLECTING USAGE DATA FOR CRATE: fluent_bundle === (24 total usages)
   Compiling icu_provider v2.0.0
=== SAVED 38 COMPLEXITY ITEMS FOR CRATE: icu_provider ===
=== MANIFEST SAVED: ./test_usage_data/icu_provider_manifest.json ===
=== COLLECTING USAGE DATA FOR CRATE: icu_provider === (88 total usages)
   Compiling icu_list v2.0.0
   Compiling icu_locale v2.0.0
=== SAVED 15 COMPLEXITY ITEMS FOR CRATE: icu_list ===
=== MANIFEST SAVED: ./test_usage_data/icu_list_manifest.json ===
=== COLLECTING USAGE DATA FOR CRATE: icu_list === (23 total usages)
=== SAVED 181 COMPLEXITY ITEMS FOR CRATE: rustc_data_structures ===
=== MANIFEST SAVED: ./test_usage_data/rustc_data_structures_manifest.json ===
=== COLLECTING USAGE DATA FOR CRATE: rustc_data_structures === (1938 total usages)
=== SAVED 504 COMPLEXITY ITEMS FOR CRATE: object ===
=== MANIFEST SAVED: ./test_usage_data/object_manifest.json ===
=== COLLECTING USAGE DATA FOR CRATE: object === (9496 total usages)
   Compiling ar_archive_writer v0.5.1
=== SAVED 152 COMPLEXITY ITEMS FOR CRATE: serde ===
=== MANIFEST SAVED: ./test_usage_data/serde_manifest.json ===
=== COLLECTING USAGE DATA FOR CRATE: serde === (334 total usages)
=== SAVED 63 COMPLEXITY ITEMS FOR CRATE: ar_archive_writer ===
=== MANIFEST SAVED: ./test_usage_data/ar_archive_writer_manifest.json ===
=== COLLECTING USAGE DATA FOR CRATE: ar_archive_writer === (1316 total usages)
   Compiling serde_path_to_error v0.1.17
   Compiling gsgdt v0.1.2
=== SAVED 19 COMPLEXITY ITEMS FOR CRATE: serde_path_to_error ===
=== MANIFEST SAVED: ./test_usage_data/serde_path_to_error_manifest.json ===
=== COLLECTING USAGE DATA FOR CRATE: serde_path_to_error === (26 total usages)
=== SAVED 21 COMPLEXITY ITEMS FOR CRATE: gsgdt ===
=== MANIFEST SAVED: ./test_usage_data/gsgdt_manifest.json ===
=== COLLECTING USAGE DATA FOR CRATE: gsgdt === (281 total usages)
=== SAVED 42 COMPLEXITY ITEMS FOR CRATE: icu_locale ===
=== MANIFEST SAVED: ./test_usage_data/icu_locale_manifest.json ===
=== COLLECTING USAGE DATA FOR CRATE: icu_locale === (49752 total usages)
   Compiling rustc_baked_icu_data v0.0.0 (/mnt/data1/nix/vendor/rust/cargo2nix/submodules/rust/compiler/rustc_baked_icu_data)
=== SAVED 2 COMPLEXITY ITEMS FOR CRATE: rustc_baked_icu_data ===
=== MANIFEST SAVED: ./test_usage_data/rustc_baked_icu_data_manifest.json ===
=== COLLECTING USAGE DATA FOR CRATE: rustc_baked_icu_data === (829 total usages)
=== SAVED 107 COMPLEXITY ITEMS FOR CRATE: serde_json ===
=== MANIFEST SAVED: ./test_usage_data/serde_json_manifest.json ===
=== COLLECTING USAGE DATA FOR CRATE: serde_json === (551 total usages)
   Compiling schemars v1.0.4
=== SAVED 133 COMPLEXITY ITEMS FOR CRATE: rustc_span ===
=== MANIFEST SAVED: ./test_usage_data/rustc_span_manifest.json ===
=== COLLECTING USAGE DATA FOR CRATE: rustc_span === (14914 total usages)
   Compiling rustc_ast_ir v0.0.0 (/mnt/data1/nix/vendor/rust/cargo2nix/submodules/rust/compiler/rustc_ast_ir)
   Compiling rustc_hir_id v0.0.0 (/mnt/data1/nix/vendor/rust/cargo2nix/submodules/rust/compiler/rustc_hir_id)
=== SAVED 3 COMPLEXITY ITEMS FOR CRATE: rustc_hir_id ===
=== MANIFEST SAVED: ./test_usage_data/rustc_hir_id_manifest.json ===
=== COLLECTING USAGE DATA FOR CRATE: rustc_hir_id === (12 total usages)
=== SAVED 6 COMPLEXITY ITEMS FOR CRATE: rustc_ast_ir ===
=== MANIFEST SAVED: ./test_usage_data/rustc_ast_ir_manifest.json ===
=== COLLECTING USAGE DATA FOR CRATE: rustc_ast_ir === (24 total usages)
   Compiling rustc_ast v0.0.0 (/mnt/data1/nix/vendor/rust/cargo2nix/submodules/rust/compiler/rustc_ast)
=== SAVED 61 COMPLEXITY ITEMS FOR CRATE: schemars ===
=== MANIFEST SAVED: ./test_usage_data/schemars_manifest.json ===
=== COLLECTING USAGE DATA FOR CRATE: schemars === (444 total usages)
=== SAVED 348 COMPLEXITY ITEMS FOR CRATE: rustc_ast ===
=== MANIFEST SAVED: ./test_usage_data/rustc_ast_manifest.json ===
=== COLLECTING USAGE DATA FOR CRATE: rustc_ast === (1796 total usages)
   Compiling rustc_ast_pretty v0.0.0 (/mnt/data1/nix/vendor/rust/cargo2nix/submodules/rust/compiler/rustc_ast_pretty)
=== SAVED 51 COMPLEXITY ITEMS FOR CRATE: rustc_ast_pretty ===
=== MANIFEST SAVED: ./test_usage_data/rustc_ast_pretty_manifest.json ===
=== COLLECTING USAGE DATA FOR CRATE: rustc_ast_pretty === (292 total usages)
   Compiling rustc_error_messages v0.0.0 (/mnt/data1/nix/vendor/rust/cargo2nix/submodules/rust/compiler/rustc_error_messages)
=== SAVED 16 COMPLEXITY ITEMS FOR CRATE: rustc_error_messages ===
=== MANIFEST SAVED: ./test_usage_data/rustc_error_messages_manifest.json ===
=== COLLECTING USAGE DATA FOR CRATE: rustc_error_messages === (933 total usages)
   Compiling rustc_abi v0.0.0 (/mnt/data1/nix/vendor/rust/cargo2nix/submodules/rust/compiler/rustc_abi)
   Compiling rustc_type_ir v0.0.0 (/mnt/data1/nix/vendor/rust/cargo2nix/submodules/rust/compiler/rustc_type_ir)
=== SAVED 16 COMPLEXITY ITEMS FOR CRATE: rustc_lint_defs ===
=== MANIFEST SAVED: ./test_usage_data/rustc_lint_defs_manifest.json ===
=== COLLECTING USAGE DATA FOR CRATE: rustc_lint_defs === (2250 total usages)
=== SAVED 53 COMPLEXITY ITEMS FOR CRATE: rustc_abi ===
=== MANIFEST SAVED: ./test_usage_data/rustc_abi_manifest.json ===
=== COLLECTING USAGE DATA FOR CRATE: rustc_abi === (988 total usages)
   Compiling rustc_target v0.0.0 (/mnt/data1/nix/vendor/rust/cargo2nix/submodules/rust/compiler/rustc_target)
   Compiling rustc_errors v0.0.0 (/mnt/data1/nix/vendor/rust/cargo2nix/submodules/rust/compiler/rustc_errors)
=== SAVED 169 COMPLEXITY ITEMS FOR CRATE: rustc_type_ir ===
=== MANIFEST SAVED: ./test_usage_data/rustc_type_ir_manifest.json ===
=== COLLECTING USAGE DATA FOR CRATE: rustc_type_ir === (3309 total usages)
   Compiling rustc_next_trait_solver v0.0.0 (/mnt/data1/nix/vendor/rust/cargo2nix/submodules/rust/compiler/rustc_next_trait_solver)
=== SAVED 196 COMPLEXITY ITEMS FOR CRATE: rustc_target ===
=== MANIFEST SAVED: ./test_usage_data/rustc_target_manifest.json ===
=== COLLECTING USAGE DATA FOR CRATE: rustc_target === (12172 total usages)
=== SAVED 133 COMPLEXITY ITEMS FOR CRATE: rustc_errors ===
=== MANIFEST SAVED: ./test_usage_data/rustc_errors_manifest.json ===
=== COLLECTING USAGE DATA FOR CRATE: rustc_errors === (6656 total usages)
   Compiling rustc_hir v0.0.0 (/mnt/data1/nix/vendor/rust/cargo2nix/submodules/rust/compiler/rustc_hir)
=== SAVED 67 COMPLEXITY ITEMS FOR CRATE: rustc_next_trait_solver ===
=== MANIFEST SAVED: ./test_usage_data/rustc_next_trait_solver_manifest.json ===
=== COLLECTING USAGE DATA FOR CRATE: rustc_next_trait_solver === (5661 total usages)
=== SAVED 264 COMPLEXITY ITEMS FOR CRATE: rustc_hir ===
=== MANIFEST SAVED: ./test_usage_data/rustc_hir_manifest.json ===
=== COLLECTING USAGE DATA FOR CRATE: rustc_hir === (1602 total usages)
   Compiling rustc_feature v0.0.0 (/mnt/data1/nix/vendor/rust/cargo2nix/submodules/rust/compiler/rustc_feature)
   Compiling rustc_hir_pretty v0.0.0 (/mnt/data1/nix/vendor/rust/cargo2nix/submodules/rust/compiler/rustc_hir_pretty)
=== SAVED 16 COMPLEXITY ITEMS FOR CRATE: rustc_hir_pretty ===
=== MANIFEST SAVED: ./test_usage_data/rustc_hir_pretty_manifest.json ===
=== COLLECTING USAGE DATA FOR CRATE: rustc_hir_pretty === (28 total usages)
=== SAVED 25 COMPLEXITY ITEMS FOR CRATE: rustc_feature ===
=== MANIFEST SAVED: ./test_usage_data/rustc_feature_manifest.json ===
=== COLLECTING USAGE DATA FOR CRATE: rustc_feature === (13429 total usages)
=== SAVED 598 COMPLEXITY ITEMS FOR CRATE: rustc_session ===
=== MANIFEST SAVED: ./test_usage_data/rustc_session_manifest.json ===
=== COLLECTING USAGE DATA FOR CRATE: rustc_session === (4456 total usages)
   Compiling rustc_query_system v0.0.0 (/mnt/data1/nix/vendor/rust/cargo2nix/submodules/rust/compiler/rustc_query_system)
   Compiling rustc_parse v0.0.0 (/mnt/data1/nix/vendor/rust/cargo2nix/submodules/rust/compiler/rustc_parse)
=== SAVED 95 COMPLEXITY ITEMS FOR CRATE: rustc_query_system ===
=== MANIFEST SAVED: ./test_usage_data/rustc_query_system_manifest.json ===
=== COLLECTING USAGE DATA FOR CRATE: rustc_query_system === (2092 total usages)
=== SAVED 423 COMPLEXITY ITEMS FOR CRATE: rustc_parse ===
=== MANIFEST SAVED: ./test_usage_data/rustc_parse_manifest.json ===
=== COLLECTING USAGE DATA FOR CRATE: rustc_parse === (8196 total usages)
   Compiling rustc_attr_parsing v0.0.0 (/mnt/data1/nix/vendor/rust/cargo2nix/submodules/rust/compiler/rustc_attr_parsing)
=== SAVED 228 COMPLEXITY ITEMS FOR CRATE: rustc_attr_parsing ===
=== MANIFEST SAVED: ./test_usage_data/rustc_attr_parsing_manifest.json ===
=== COLLECTING USAGE DATA FOR CRATE: rustc_attr_parsing === (6612 total usages)
   Compiling rustc_ast_passes v0.0.0 (/mnt/data1/nix/vendor/rust/cargo2nix/submodules/rust/compiler/rustc_ast_passes)
=== SAVED 97 COMPLEXITY ITEMS FOR CRATE: rustc_ast_passes ===
=== MANIFEST SAVED: ./test_usage_data/rustc_ast_passes_manifest.json ===
=== COLLECTING USAGE DATA FOR CRATE: rustc_ast_passes === (1738 total usages)
   Compiling rustc_expand v0.0.0 (/mnt/data1/nix/vendor/rust/cargo2nix/submodules/rust/compiler/rustc_expand)
=== SAVED 235 COMPLEXITY ITEMS FOR CRATE: rustc_expand ===
=== MANIFEST SAVED: ./test_usage_data/rustc_expand_manifest.json ===
=== COLLECTING USAGE DATA FOR CRATE: rustc_expand === (3802 total usages)
=== SAVED 325 COMPLEXITY ITEMS FOR CRATE: rustc_builtin_macros ===
=== MANIFEST SAVED: ./test_usage_data/rustc_builtin_macros_manifest.json ===
=== COLLECTING USAGE DATA FOR CRATE: rustc_builtin_macros === (5652 total usages)
=== SAVED 1020 COMPLEXITY ITEMS FOR CRATE: rustc_middle ===
=== MANIFEST SAVED: ./test_usage_data/rustc_middle_manifest.json ===
=== COLLECTING USAGE DATA FOR CRATE: rustc_middle === (24480 total usages)
   Compiling rustc_infer v0.0.0 (/mnt/data1/nix/vendor/rust/cargo2nix/submodules/rust/compiler/rustc_infer)
   Compiling rustc_transmute v0.0.0 (/mnt/data1/nix/vendor/rust/cargo2nix/submodules/rust/compiler/rustc_transmute)
   Compiling rustc_mir_dataflow v0.0.0 (/mnt/data1/nix/vendor/rust/cargo2nix/submodules/rust/compiler/rustc_mir_dataflow)
   Compiling rustc_incremental v0.0.0 (/mnt/data1/nix/vendor/rust/cargo2nix/submodules/rust/compiler/rustc_incremental)
   Compiling rustc_pattern_analysis v0.0.0 (/mnt/data1/nix/vendor/rust/cargo2nix/submodules/rust/compiler/rustc_pattern_analysis)
   Compiling rustc_symbol_mangling v0.0.0 (/mnt/data1/nix/vendor/rust/cargo2nix/submodules/rust/compiler/rustc_symbol_mangling)
   Compiling rustc_ast_lowering v0.0.0 (/mnt/data1/nix/vendor/rust/cargo2nix/submodules/rust/compiler/rustc_ast_lowering)
   Compiling rustc_query_impl v0.0.0 (/mnt/data1/nix/vendor/rust/cargo2nix/submodules/rust/compiler/rustc_query_impl)
   Compiling rustc_public_bridge v0.0.0 (/mnt/data1/nix/vendor/rust/cargo2nix/submodules/rust/compiler/rustc_public_bridge)
   Compiling rustc_monomorphize v0.0.0 (/mnt/data1/nix/vendor/rust/cargo2nix/submodules/rust/compiler/rustc_monomorphize)
=== SAVED 11 COMPLEXITY ITEMS FOR CRATE: rustc_public_bridge ===
=== MANIFEST SAVED: ./test_usage_data/rustc_public_bridge_manifest.json ===
=== COLLECTING USAGE DATA FOR CRATE: rustc_public_bridge === (92 total usages)
=== SAVED 25 COMPLEXITY ITEMS FOR CRATE: rustc_transmute ===
=== MANIFEST SAVED: ./test_usage_data/rustc_transmute_manifest.json ===
=== COLLECTING USAGE DATA FOR CRATE: rustc_transmute === (729 total usages)
=== SAVED 23 COMPLEXITY ITEMS FOR CRATE: rustc_symbol_mangling ===
=== MANIFEST SAVED: ./test_usage_data/rustc_symbol_mangling_manifest.json ===
=== COLLECTING USAGE DATA FOR CRATE: rustc_symbol_mangling === (478 total usages)
   Compiling rustc_public v0.1.0-preview (/mnt/data1/nix/vendor/rust/cargo2nix/submodules/rust/compiler/rustc_public)
=== SAVED 109 COMPLEXITY ITEMS FOR CRATE: rustc_incremental ===
=== MANIFEST SAVED: ./test_usage_data/rustc_incremental_manifest.json ===
=== COLLECTING USAGE DATA FOR CRATE: rustc_incremental === (5935 total usages)
=== SAVED 74 COMPLEXITY ITEMS FOR CRATE: rustc_monomorphize ===
=== MANIFEST SAVED: ./test_usage_data/rustc_monomorphize_manifest.json ===
=== COLLECTING USAGE DATA FOR CRATE: rustc_monomorphize === (3849 total usages)
=== SAVED 64 COMPLEXITY ITEMS FOR CRATE: rustc_pattern_analysis ===
=== MANIFEST SAVED: ./test_usage_data/rustc_pattern_analysis_manifest.json ===
=== COLLECTING USAGE DATA FOR CRATE: rustc_pattern_analysis === (1469 total usages)
=== SAVED 107 COMPLEXITY ITEMS FOR CRATE: rustc_mir_dataflow ===
=== MANIFEST SAVED: ./test_usage_data/rustc_mir_dataflow_manifest.json ===
=== COLLECTING USAGE DATA FOR CRATE: rustc_mir_dataflow === (3001 total usages)
=== SAVED 86 COMPLEXITY ITEMS FOR CRATE: rustc_ast_lowering ===
=== MANIFEST SAVED: ./test_usage_data/rustc_ast_lowering_manifest.json ===
=== COLLECTING USAGE DATA FOR CRATE: rustc_ast_lowering === (4246 total usages)
=== SAVED 113 COMPLEXITY ITEMS FOR CRATE: rustc_infer ===
=== MANIFEST SAVED: ./test_usage_data/rustc_infer_manifest.json ===
=== COLLECTING USAGE DATA FOR CRATE: rustc_infer === (9876 total usages)
   Compiling rustc_trait_selection v0.0.0 (/mnt/data1/nix/vendor/rust/cargo2nix/submodules/rust/compiler/rustc_trait_selection)
=== SAVED 219 COMPLEXITY ITEMS FOR CRATE: rustc_public ===
=== MANIFEST SAVED: ./test_usage_data/rustc_public_manifest.json ===
=== COLLECTING USAGE DATA FOR CRATE: rustc_public === (1148 total usages)
=== SAVED 272 COMPLEXITY ITEMS FOR CRATE: rustc_metadata ===
=== MANIFEST SAVED: ./test_usage_data/rustc_metadata_manifest.json ===
=== COLLECTING USAGE DATA FOR CRATE: rustc_metadata === (8159 total usages)
   Compiling rustc_resolve v0.0.0 (/mnt/data1/nix/vendor/rust/cargo2nix/submodules/rust/compiler/rustc_resolve)
=== SAVED 279 COMPLEXITY ITEMS FOR CRATE: rustc_resolve ===
=== MANIFEST SAVED: ./test_usage_data/rustc_resolve_manifest.json ===
=== COLLECTING USAGE DATA FOR CRATE: rustc_resolve === (9152 total usages)
=== SAVED 437 COMPLEXITY ITEMS FOR CRATE: rustc_trait_selection ===
=== MANIFEST SAVED: ./test_usage_data/rustc_trait_selection_manifest.json ===
=== COLLECTING USAGE DATA FOR CRATE: rustc_trait_selection === (35921 total usages)
=== SAVED 350 COMPLEXITY ITEMS FOR CRATE: rustc_query_impl ===
=== MANIFEST SAVED: ./test_usage_data/rustc_query_impl_manifest.json ===
=== COLLECTING USAGE DATA FOR CRATE: rustc_query_impl === (101339 total usages)
   Compiling rustc_lint v0.0.0 (/mnt/data1/nix/vendor/rust/cargo2nix/submodules/rust/compiler/rustc_lint)
   Compiling rustc_ty_utils v0.0.0 (/mnt/data1/nix/vendor/rust/cargo2nix/submodules/rust/compiler/rustc_ty_utils)
   Compiling rustc_traits v0.0.0 (/mnt/data1/nix/vendor/rust/cargo2nix/submodules/rust/compiler/rustc_traits)
=== SAVED 22 COMPLEXITY ITEMS FOR CRATE: rustc_traits ===
=== MANIFEST SAVED: ./test_usage_data/rustc_traits_manifest.json ===
=== COLLECTING USAGE DATA FOR CRATE: rustc_traits === (1104 total usages)
=== SAVED 98 COMPLEXITY ITEMS FOR CRATE: rustc_ty_utils ===
=== MANIFEST SAVED: ./test_usage_data/rustc_ty_utils_manifest.json ===
=== COLLECTING USAGE DATA FOR CRATE: rustc_ty_utils === (7504 total usages)
=== SAVED 561 COMPLEXITY ITEMS FOR CRATE: rustc_lint ===
=== MANIFEST SAVED: ./test_usage_data/rustc_lint_manifest.json ===
=== COLLECTING USAGE DATA FOR CRATE: rustc_lint === (11120 total usages)
=== SAVED 187 COMPLEXITY ITEMS FOR CRATE: rustc_const_eval ===
=== MANIFEST SAVED: ./test_usage_data/rustc_const_eval_manifest.json ===
=== COLLECTING USAGE DATA FOR CRATE: rustc_const_eval === (13378 total usages)
   Compiling rustc_privacy v0.0.0 (/mnt/data1/nix/vendor/rust/cargo2nix/submodules/rust/compiler/rustc_privacy)
=== SAVED 24 COMPLEXITY ITEMS FOR CRATE: rustc_privacy ===
=== MANIFEST SAVED: ./test_usage_data/rustc_privacy_manifest.json ===
=== COLLECTING USAGE DATA FOR CRATE: rustc_privacy === (308 total usages)
   Compiling rustc_hir_analysis v0.0.0 (/mnt/data1/nix/vendor/rust/cargo2nix/submodules/rust/compiler/rustc_hir_analysis)
   Compiling rustc_mir_build v0.0.0 (/mnt/data1/nix/vendor/rust/cargo2nix/submodules/rust/compiler/rustc_mir_build)
=== SAVED 550 COMPLEXITY ITEMS FOR CRATE: rustc_hir_analysis ===
=== MANIFEST SAVED: ./test_usage_data/rustc_hir_analysis_manifest.json ===
=== COLLECTING USAGE DATA FOR CRATE: rustc_hir_analysis === (32046 total usages)
=== SAVED 235 COMPLEXITY ITEMS FOR CRATE: rustc_mir_build ===
=== MANIFEST SAVED: ./test_usage_data/rustc_mir_build_manifest.json ===
=== COLLECTING USAGE DATA FOR CRATE: rustc_mir_build === (11086 total usages)
   Compiling rustc_passes v0.0.0 (/mnt/data1/nix/vendor/rust/cargo2nix/submodules/rust/compiler/rustc_passes)
   Compiling rustc_mir_transform v0.0.0 (/mnt/data1/nix/vendor/rust/cargo2nix/submodules/rust/compiler/rustc_mir_transform)
=== SAVED 275 COMPLEXITY ITEMS FOR CRATE: rustc_passes ===
=== MANIFEST SAVED: ./test_usage_data/rustc_passes_manifest.json ===
=== COLLECTING USAGE DATA FOR CRATE: rustc_passes === (4634 total usages)
   Compiling rustc_hir_typeck v0.0.0 (/mnt/data1/nix/vendor/rust/cargo2nix/submodules/rust/compiler/rustc_hir_typeck)
=== SAVED 436 COMPLEXITY ITEMS FOR CRATE: rustc_mir_transform ===
=== MANIFEST SAVED: ./test_usage_data/rustc_mir_transform_manifest.json ===
=== COLLECTING USAGE DATA FOR CRATE: rustc_mir_transform === (27856 total usages)
   Compiling rustc_borrowck v0.0.0 (/mnt/data1/nix/vendor/rust/cargo2nix/submodules/rust/compiler/rustc_borrowck)
   Compiling rustc_codegen_ssa v0.0.0 (/mnt/data1/nix/vendor/rust/cargo2nix/submodules/rust/compiler/rustc_codegen_ssa)
=== SAVED 269 COMPLEXITY ITEMS FOR CRATE: rustc_hir_typeck ===
=== MANIFEST SAVED: ./test_usage_data/rustc_hir_typeck_manifest.json ===
=== COLLECTING USAGE DATA FOR CRATE: rustc_hir_typeck === (24706 total usages)
=== SAVED 297 COMPLEXITY ITEMS FOR CRATE: rustc_borrowck ===
=== MANIFEST SAVED: ./test_usage_data/rustc_borrowck_manifest.json ===
=== COLLECTING USAGE DATA FOR CRATE: rustc_borrowck === (33162 total usages)
=== SAVED 457 COMPLEXITY ITEMS FOR CRATE: rustc_codegen_ssa ===
=== MANIFEST SAVED: ./test_usage_data/rustc_codegen_ssa_manifest.json ===
=== COLLECTING USAGE DATA FOR CRATE: rustc_codegen_ssa === (14773 total usages)
=== SAVED 72 COMPLEXITY ITEMS FOR CRATE: rustc_interface ===
=== MANIFEST SAVED: ./test_usage_data/rustc_interface_manifest.json ===
=== COLLECTING USAGE DATA FOR CRATE: rustc_interface === (2448 total usages)
=== SAVED 77 COMPLEXITY ITEMS FOR CRATE: rustc_driver_impl ===
=== MANIFEST SAVED: ./test_usage_data/rustc_driver_impl_manifest.json ===
=== COLLECTING USAGE DATA FOR CRATE: rustc_driver_impl === (2040 total usages)
=== MANIFEST SAVED: ./test_usage_data/rustc_driver_manifest.json ===
=== COLLECTING USAGE DATA FOR CRATE: rustc_driver === (0 total usages)
